sample_path,sample_sha256,expected_source_class,generator,split,family_id,logit,score_generated,prediction,threshold,model_version,weight_sha256,device
real/real_img_00006.png,f8466a14e7a37729fff8d238332a4f3faff5b76525dd9b6d3f2406008c1cf45e,original,,calibration,western-blot-00006,-1.7914975881576538,0.14288921654224396,original,0.5,detector-sam-vit-b-lora-r8-all-img512-51265aec,51265aecd96858feeead19cc47f9bd3dc0af3fa7d793582482a9287a153c3e25,cpu
real/real_img_00008.png,f60f24f61e1a9be2793f9785d4c396411c9c9cae07963a28aa22e413793754a6,original,,calibration,western-blot-00008,-1.446480393409729,0.19054383039474487,original,0.5,detector-sam-vit-b-lora-r8-all-img512-51265aec,51265aecd96858feeead19cc47f9bd3dc0af3fa7d793582482a9287a153c3e25,cpu
real/real_img_00010.png,059c0ae0f91f41700f32cda9a91a7295daa99b0e1747a759f1c56a79e3cbf065,original,,calibration,western-blot-00010,-1.1435598134994507,0.24166737496852875,original,0.5,detector-sam-vit-b-lora-r8-all-img512-51265aec,51265aecd96858feeead19cc47f9bd3dc0af3fa7d793582482a9287a153c3e25,cpu
real/real_img_00026.png,39d20783d51970e73d5ab9393cddc92f04dd5bf3057ec23beb9c43248f1aaa1c,original,,calibration,western-blot-00026,-1.329761028289795,0.20919889211654663,original,0.5,detector-sam-vit-b-lora-r8-all-img512-51265aec,51265aecd96858feeead19cc47f9bd3dc0af3fa7d793582482a9287a153c3e25,cpu
real/real_img_00049.png,5cf06abff44cde54a2f58e79e7c1ce9639d6399d22da374ebe375d138b96f477,original,,calibration,western-blot-00049,-1.0491958856582642,0.2593795359134674,original,0.5,detector-sam-vit-b-lora-r8-all-img512-51265aec,51265aecd96858feeead19cc47f9bd3dc0af3fa7d793582482a9287a153c3e25,cpu
real/real_img_00054.png,3a9d5ded5672dee5c34bbc3f329c0f2475584397002f5a63a901edc96054ff16,original,,calibration,western-blot-00054,-2.0541329383850098,0.11363543570041656,original,0.5,detector-sam-vit-b-lora-r8-all-img512-51265aec,51265aecd96858feeead19cc47f9bd3dc0af3fa7d793582482a9287a153c3e25,cpu
real/real_img_00109.png,a9e4dd61500a298a0a3fcf39dcde8d9964d0b8d5fcb4274ee26a27043c120bd0,original,,calibration,western-blot-00109,-2.393742084503174,0.08365114033222198,original,0.5,detector-sam-vit-b-lora-r8-all-img512-51265aec,51265aecd96858feeead19cc47f9bd3dc0af3fa7d793582482a9287a153c3e25,cpu
real/real_img_00111.png,08cdd2f64590e5deb14eab4f1866893fbc13d03ec139f95ddccbb342378fc226,original,,calibration,western-blot-00111,-2.45255184173584,0.07925213873386383,original,0.5,detector-sam-vit-b-lora-r8-all-img512-51265aec,51265aecd96858feeead19cc47f9bd3dc0af3fa7d793582482a9287a153c3e25,cpu
real/real_img_00139.png,a9b734ab1cf57aefb0ed48194b8a3142776ff22cb4caba8bdadf05d86675bf67,original,,calibration,western-blot-00139,-3.1430118083953857,0.04136751592159271,original,0.5,detector-sam-vit-b-lora-r8-all-img512-51265aec,51265aecd96858feeead19cc47f9bd3dc0af3fa7d793582482a9287a153c3e25,cpu
real/real_img_00162.png,1fbdb0ab3237ec61071d6c6b9069982438504d8533b2794b116398213108ed76,original,,calibration,western-blot-00162,-1.195369839668274,0.23229990899562836,original,0.5,detector-sam-vit-b-lora-r8-all-img512-51265aec,51265aecd96858feeead19cc47f9bd3dc0af3fa7d793582482a9287a153c3e25,cpu
real/real_img_00193.png,aed750d7123e9e8740500bdf5b9740389518565002b06e479da4aa7df0b55f5c,original,,calibration,western-blot-00193,-3.1634373664855957,0.04056506231427193,original,0.5,detector-sam-vit-b-lora-r8-all-img512-51265aec,51265aecd96858feeead19cc47f9bd3dc0af3fa7d793582482a9287a153c3e25,cpu
real/real_img_00204.png,0ac3bb123d0018085fac11c5fc89e7b5719294aa1c74ef773ad4a52d79964fc5,original,,calibration,western-blot-00204,-1.7168217897415161,0.1522809863090515,original,0.5,detector-sam-vit-b-lora-r8-all-img512-51265aec,51265aecd96858feeead19cc47f9bd3dc0af3fa7d793582482a9287a153c3e25,cpu
real/real_img_00208.png,293224f4ca989a74cda1a17ff275e1a51d9d3c1b120e9a89f1a20db0a0a6bd8d,original,,calibration,western-blot-00208,-2.2294538021087646,0.09713652729988098,original,0.5,detector-sam-vit-b-lora-r8-all-img512-51265aec,51265aecd96858feeead19cc47f9bd3dc0af3fa7d793582482a9287a153c3e25,cpu
real/real_img_00237.png,d2b7f450c1d2355014e61b848e17757e581b25d747c5c1aed2e770f0e6aaa4d6,original,,calibration,western-blot-00237,-2.826777458190918,0.05589420720934868,original,0.5,detector-sam-vit-b-lora-r8-all-img512-51265aec,51265aecd96858feeead19cc47f9bd3dc0af3fa7d793582482a9287a153c3e25,cpu
real/real_img_00258.png,c7b62c0b1f2f4ec613c79b1ee3c534c543fc4c77b755a65cd733888df66dfb87,original,,calibration,western-blot-00258,-5.674732208251953,0.00341985234990716,original,0.5,detector-sam-vit-b-lora-r8-all-img512-51265aec,51265aecd96858feeead19cc47f9bd3dc0af3fa7d793582482a9287a153c3e25,cpu
real/real_img_00277.png,6988199cf8d0b119fb7209b69dcd82b3ed704f98efa2e9a302763a85d3979ff1,original,,calibration,western-blot-00277,-2.2910914421081543,0.09186346083879471,original,0.5,detector-sam-vit-b-lora-r8-all-img512-51265aec,51265aecd96858feeead19cc47f9bd3dc0af3fa7d793582482a9287a153c3e25,cpu
real/real_img_00309.png,4ed4d557eb628d93a1f6a4f647edee6b851a4e43a4df6334e9140f7250a63e98,original,,calibration,western-blot-00309,-1.9636082649230957,0.12307707965373993,original,0.5,detector-sam-vit-b-lora-r8-all-img512-51265aec,51265aecd96858feeead19cc47f9bd3dc0af3fa7d793582482a9287a153c3e25,cpu
real/real_img_00311.png,afe5dde34e42a51b889d285f3c3df8221519164a125622ebcca146486723adad,original,,calibration,western-blot-00311,-8.172417640686035,0.0002822549140546471,original,0.5,detector-sam-vit-b-lora-r8-all-img512-51265aec,51265aecd96858feeead19cc47f9bd3dc0af3fa7d793582482a9287a153c3e25,cpu
real/real_img_00331.png,6cd7dbfede5a25229b9b819bd6902da25f3c9ee9667654e863a8b1754a99563c,original,,calibration,western-blot-00331,-6.4428510665893555,0.0015893317759037018,original,0.5,detector-sam-vit-b-lora-r8-all-img512-51265aec,51265aecd96858feeead19cc47f9bd3dc0af3fa7d793582482a9287a153c3e25,cpu
real/real_img_00348.png,88d0e7747ab8b6e3981eaca820289920e952570ea60e85ca1711a2142a2c2083,original,,calibration,western-blot-00348,-7.956754207611084,0.00035016555921174586,original,0.5,detector-sam-vit-b-lora-r8-all-img512-51265aec,51265aecd96858feeead19cc47f9bd3dc0af3fa7d793582482a9287a153c3e25,cpu
real/real_img_00402.png,984206eab7a40486c9f4bd2995df54de6ebcff7e6551a110b6cc593dfe9abfdb,original,,calibration,western-blot-00402,-0.6224544048309326,0.34922343492507935,original,0.5,detector-sam-vit-b-lora-r8-all-img512-51265aec,51265aecd96858feeead19cc47f9bd3dc0af3fa7d793582482a9287a153c3e25,cpu
real/real_img_00403.png,f9877241ffb56ba8ee269deb92059b68cf2df5f65d7e04071fd381d6962d3468,original,,calibration,western-blot-00403,-0.5731961131095886,0.36049965023994446,original,0.5,detector-sam-vit-b-lora-r8-all-img512-51265aec,51265aecd96858feeead19cc47f9bd3dc0af3fa7d793582482a9287a153c3e25,cpu
real/real_img_00405.png,dd694c041ddb5b981b1afbd171ea694e676f16a2381581b372d4daff5c8c8eab,original,,calibration,western-blot-00405,1.1645338535308838,0.7621555328369141,generated,0.5,detector-sam-vit-b-lora-r8-all-img512-51265aec,51265aecd96858feeead19cc47f9bd3dc0af3fa7d793582482a9287a153c3e25,cpu
real/real_img_00408.png,c6aafaaedfeb4f6cdaaa193f10071a0237771ae2a405d36ab65cb6f35c54a263,original,,calibration,western-blot-00408,-0.02072768099606037,0.49481824040412903,original,0.5,detector-sam-vit-b-lora-r8-all-img512-51265aec,51265aecd96858feeead19cc47f9bd3dc0af3fa7d793582482a9287a153c3e25,cpu
real/real_img_00410.png,29a1aef3d8cc1a4bb2d077875d5196e09293b788df82db4dc80fadc9746f60c8,original,,calibration,western-blot-00410,-0.09712520241737366,0.4757377803325653,original,0.5,detector-sam-vit-b-lora-r8-all-img512-51265aec,51265aecd96858feeead19cc47f9bd3dc0af3fa7d793582482a9287a153c3e25,cpu
real/real_img_00418.png,153d22682e3db8a862fbe891bd18e84aea72a6c6f9d4dd1248c12b806431090e,original,,calibration,western-blot-00418,0.26920434832572937,0.5668975710868835,generated,0.5,detector-sam-vit-b-lora-r8-all-img512-51265aec,51265aecd96858feeead19cc47f9bd3dc0af3fa7d793582482a9287a153c3e25,cpu
real/real_img_00436.png,53b1ae927185a231c014974979c913472432cbf9b9686a216f20301c61db804e,original,,calibration,western-blot-00436,0.7287307977676392,0.6745266914367676,generated,0.5,detector-sam-vit-b-lora-r8-all-img512-51265aec,51265aecd96858feeead19cc47f9bd3dc0af3fa7d793582482a9287a153c3e25,cpu
real/real_img_00440.png,b43370a66de878842c0dd36c8e9303a944055a207e733867d67c67fa149adeef,original,,calibration,western-blot-00440,-0.8848164081573486,0.2921806871891022,original,0.5,detector-sam-vit-b-lora-r8-all-img512-51265aec,51265aecd96858feeead19cc47f9bd3dc0af3fa7d793582482a9287a153c3e25,cpu
real/real_img_00448.png,e1efebb86c052db4af36ebd2ee68c710faeafc07500215e278e41bd1ef9ec800,original,,calibration,western-blot-00448,0.9414481520652771,0.7193920612335205,generated,0.5,detector-sam-vit-b-lora-r8-all-img512-51265aec,51265aecd96858feeead19cc47f9bd3dc0af3fa7d793582482a9287a153c3e25,cpu
real/real_img_00464.png,d82f5577b9b88d3cbf81f19cb03e556b63e52f5931beb184c32d16ec6d60dd36,original,,calibration,western-blot-00464,-0.005053085740655661,0.498736709356308,original,0.5,detector-sam-vit-b-lora-r8-all-img512-51265aec,51265aecd96858feeead19cc47f9bd3dc0af3fa7d793582482a9287a153c3e25,cpu
real/real_img_00476.png,fe1e845e21aa6f6993f07b136b639aae23f3b512218e1356cf5839bebca32524,original,,calibration,western-blot-00476,0.3948300778865814,0.5974448919296265,generated,0.5,detector-sam-vit-b-lora-r8-all-img512-51265aec,51265aecd96858feeead19cc47f9bd3dc0af3fa7d793582482a9287a153c3e25,cpu
real/real_img_00509.png,cc9ef93a6e842181d52b57e90b7199b5aa724442594ceb0b833b86c197815bc9,original,,calibration,western-blot-00509,0.139539435505867,0.5348283648490906,generated,0.5,detector-sam-vit-b-lora-r8-all-img512-51265aec,51265aecd96858feeead19cc47f9bd3dc0af3fa7d793582482a9287a153c3e25,cpu
real/real_img_00514.png,9b8fe22d099cbfaa66d2e0bfaf104d2b4e44062e9241570e19dc18234b75f003,original,,calibration,western-blot-00514,-0.21229210495948792,0.4471254050731659,original,0.5,detector-sam-vit-b-lora-r8-all-img512-51265aec,51265aecd96858feeead19cc47f9bd3dc0af3fa7d793582482a9287a153c3e25,cpu
real/real_img_00530.png,105df9491b6088252b3369811b566f9785644cdc3e094988dee1659219115a37,original,,calibration,western-blot-00530,-0.8525349497795105,0.29890134930610657,original,0.5,detector-sam-vit-b-lora-r8-all-img512-51265aec,51265aecd96858feeead19cc47f9bd3dc0af3fa7d793582482a9287a153c3e25,cpu
real/real_img_00531.png,d9290419fc492d847e21a03a0d3da811c8592e4c632cd0e17fd7549a76bad2ba,original,,calibration,western-blot-00531,-1.4014039039611816,0.19759343564510345,original,0.5,detector-sam-vit-b-lora-r8-all-img512-51265aec,51265aecd96858feeead19cc47f9bd3dc0af3fa7d793582482a9287a153c3e25,cpu
real/real_img_00547.png,0b254907bcb88384960d34d8c96b1e1bbbc607581f6c47eb7652059f10d53d9f,original,,calibration,western-blot-00547,-1.6175543069839478,0.16554243862628937,original,0.5,detector-sam-vit-b-lora-r8-all-img512-51265aec,51265aecd96858feeead19cc47f9bd3dc0af3fa7d793582482a9287a153c3e25,cpu
real/real_img_00560.png,9983fb37f573b334ad8dc896273335c4479c112214dc5a2726b04c76cb005d80,original,,calibration,western-blot-00560,-1.1370097398757935,0.2428697943687439,original,0.5,detector-sam-vit-b-lora-r8-all-img512-51265aec,51265aecd96858feeead19cc47f9bd3dc0af3fa7d793582482a9287a153c3e25,cpu
real/real_img_00561.png,65d1f6067c4ed5a410b19f0d0ef8a79ab9ac46699b7a25b1ea644b936c381c29,original,,calibration,western-blot-00561,-0.09063488245010376,0.47735679149627686,original,0.5,detector-sam-vit-b-lora-r8-all-img512-51265aec,51265aecd96858feeead19cc47f9bd3dc0af3fa7d793582482a9287a153c3e25,cpu
real/real_img_00564.png,2c8c665ae04fc83043cbe0158eca94763cabcf0dfa8f8ea9fc7db1d3a8a3eaa1,original,,calibration,western-blot-00564,-0.828507661819458,0.3039607107639313,original,0.5,detector-sam-vit-b-lora-r8-all-img512-51265aec,51265aecd96858feeead19cc47f9bd3dc0af3fa7d793582482a9287a153c3e25,cpu
real/real_img_00567.png,95db4af09905ebe8729ed2cf71c2cb442a3058f9c2dc180a7db7fa91223658e7,original,,calibration,western-blot-00567,-1.0078387260437012,0.2674030363559723,original,0.5,detector-sam-vit-b-lora-r8-all-img512-51265aec,51265aecd96858feeead19cc47f9bd3dc0af3fa7d793582482a9287a153c3e25,cpu
real/real_img_00595.png,2a3601a55b41f0a5bbb2d512bd7b48776d79089f861879906a3a9a0ae2522161,original,,calibration,western-blot-00595,-1.0274990797042847,0.26356926560401917,original,0.5,detector-sam-vit-b-lora-r8-all-img512-51265aec,51265aecd96858feeead19cc47f9bd3dc0af3fa7d793582482a9287a153c3e25,cpu
real/real_img_00605.png,077636774342dd73dcd2f3623faf068967694d3680b626aae30f04f8bb097bd8,original,,calibration,western-blot-00605,-1.734998106956482,0.14994938671588898,original,0.5,detector-sam-vit-b-lora-r8-all-img512-51265aec,51265aecd96858feeead19cc47f9bd3dc0af3fa7d793582482a9287a153c3e25,cpu
real/real_img_00626.png,d096b0f2e89ebc36d3c08e8348c91e95a7a87b5bfc9e4b307ee84ed8b540abda,original,,calibration,western-blot-00626,-1.101152777671814,0.24952395260334015,original,0.5,detector-sam-vit-b-lora-r8-all-img512-51265aec,51265aecd96858feeead19cc47f9bd3dc0af3fa7d793582482a9287a153c3e25,cpu
real/real_img_00627.png,42afe58ab53f01163945de977947a3b9cdb17c600653db460d746eaeaf6cbb11,original,,calibration,western-blot-00627,-0.9501891136169434,0.27884677052497864,original,0.5,detector-sam-vit-b-lora-r8-all-img512-51265aec,51265aecd96858feeead19cc47f9bd3dc0af3fa7d793582482a9287a153c3e25,cpu
real/real_img_00642.png,6b19b2cb5c6a5524fb7346bde136182fb865f744439102f858ac8c76dc3c0629,original,,calibration,western-blot-00642,-1.354799747467041,0.20508678257465363,original,0.5,detector-sam-vit-b-lora-r8-all-img512-51265aec,51265aecd96858feeead19cc47f9bd3dc0af3fa7d793582482a9287a153c3e25,cpu
real/real_img_00649.png,89133334b1792d86ffb4992760de8107e025811e26c8d6e108fc08ac7d8c6d28,original,,calibration,western-blot-00649,-1.6041868925094604,0.16739726066589355,original,0.5,detector-sam-vit-b-lora-r8-all-img512-51265aec,51265aecd96858feeead19cc47f9bd3dc0af3fa7d793582482a9287a153c3e25,cpu
real/real_img_00650.png,4cb634848cc3f099d4cf3fa20a4b632ed516d604eaa4bf3aa1d6c1e6f298809e,original,,calibration,western-blot-00650,-3.019698143005371,0.04654386639595032,original,0.5,detector-sam-vit-b-lora-r8-all-img512-51265aec,51265aecd96858feeead19cc47f9bd3dc0af3fa7d793582482a9287a153c3e25,cpu
real/real_img_00657.png,a8b0647a50461ec963f4b229917ccac06d1bd385869829cef9855d43664045eb,original,,calibration,western-blot-00657,-2.9805779457092285,0.04831105098128319,original,0.5,detector-sam-vit-b-lora-r8-all-img512-51265aec,51265aecd96858feeead19cc47f9bd3dc0af3fa7d793582482a9287a153c3e25,cpu
real/real_img_00658.png,9b5f577d052d7409a355e37b35bb8932a1d750b62431d8f4f5686eb3b03ce0d4,original,,calibration,western-blot-00658,-4.088228225708008,0.016492359340190887,original,0.5,detector-sam-vit-b-lora-r8-all-img512-51265aec,51265aecd96858feeead19cc47f9bd3dc0af3fa7d793582482a9287a153c3e25,cpu
real/real_img_00660.png,0cf753948d5f8b59bc2305c79e80730518025b1cac932aeee5b6a9d9927707ef,original,,calibration,western-blot-00660,-2.4786200523376465,0.07737065106630325,original,0.5,detector-sam-vit-b-lora-r8-all-img512-51265aec,51265aecd96858feeead19cc47f9bd3dc0af3fa7d793582482a9287a153c3e25,cpu
real/real_img_00668.png,97c55fe21dce031d4f78b8496be8d03d1069d7852e65512e4b63f3594d31e90f,original,,calibration,western-blot-00668,-2.838456153869629,0.05528111010789871,original,0.5,detector-sam-vit-b-lora-r8-all-img512-51265aec,51265aecd96858feeead19cc47f9bd3dc0af3fa7d793582482a9287a153c3e25,cpu
real/real_img_00684.png,725b2c86a86804094ba7cc1b6102e984956aa1543ba9c81b8492494f2f3e3c57,original,,calibration,western-blot-00684,-2.6102662086486816,0.06848061829805374,original,0.5,detector-sam-vit-b-lora-r8-all-img512-51265aec,51265aecd96858feeead19cc47f9bd3dc0af3fa7d793582482a9287a153c3e25,cpu
real/real_img_00699.png,c615634bb552079ccd285ecfad19352350e36da2eb2f0d14b4e676f0ddf20b8f,original,,calibration,western-blot-00699,-2.576777219772339,0.07064803689718246,original,0.5,detector-sam-vit-b-lora-r8-all-img512-51265aec,51265aecd96858feeead19cc47f9bd3dc0af3fa7d793582482a9287a153c3e25,cpu
real/real_img_00705.png,d3c91618be45e5a9c85ec3f213c2f1943cdc23ffcc6f37598a6d186f29cfcac2,original,,calibration,western-blot-00705,-1.9326242208480835,0.12646040320396423,original,0.5,detector-sam-vit-b-lora-r8-all-img512-51265aec,51265aecd96858feeead19cc47f9bd3dc0af3fa7d793582482a9287a153c3e25,cpu
real/real_img_00716.png,2bbd08219ddbc31cd0eefdd1305d07ab6482cec7ef0850d6b5dee42c8233586b,original,,calibration,western-blot-00716,-0.9697331786155701,0.27493369579315186,original,0.5,detector-sam-vit-b-lora-r8-all-img512-51265aec,51265aecd96858feeead19cc47f9bd3dc0af3fa7d793582482a9287a153c3e25,cpu
real/real_img_00719.png,0eb8ec4f3ac964a64a122ba2211ae1b6abd63049807e00e39ffad0f723fe8c6d,original,,calibration,western-blot-00719,-2.1451711654663086,0.1047833189368248,original,0.5,detector-sam-vit-b-lora-r8-all-img512-51265aec,51265aecd96858feeead19cc47f9bd3dc0af3fa7d793582482a9287a153c3e25,cpu
real/real_img_00721.png,1574d39cde9caacbfe1d48048f7a6ca181808b71937896a80377f01ea6d5ef63,original,,calibration,western-blot-00721,-2.7467737197875977,0.06026911363005638,original,0.5,detector-sam-vit-b-lora-r8-all-img512-51265aec,51265aecd96858feeead19cc47f9bd3dc0af3fa7d793582482a9287a153c3e25,cpu
real/real_img_00752.png,aaa209e89a81dc1ca22cdfd1274d8acd3e46f4cbf4dfb5596cee8197b496cac2,original,,calibration,western-blot-00752,-2.168822765350342,0.10258536785840988,original,0.5,detector-sam-vit-b-lora-r8-all-img512-51265aec,51265aecd96858feeead19cc47f9bd3dc0af3fa7d793582482a9287a153c3e25,cpu
real/real_img_00758.png,f8a82889d5c73932472707e9006281e5b3b0420168f32db72ff6ec2ace60e204,original,,calibration,western-blot-00758,-0.8448984026908875,0.3005041182041168,original,0.5,detector-sam-vit-b-lora-r8-all-img512-51265aec,51265aecd96858feeead19cc47f9bd3dc0af3fa7d793582482a9287a153c3e25,cpu
real/real_img_00761.png,6046d3c598b9575db6e369ea593f171131c0af7ccf81d31faf20422abb73c775,original,,calibration,western-blot-00761,-1.7051719427108765,0.15379098057746887,original,0.5,detector-sam-vit-b-lora-r8-all-img512-51265aec,51265aecd96858feeead19cc47f9bd3dc0af3fa7d793582482a9287a153c3e25,cpu
real/real_img_00783.png,acbf2a67ff18e4718af337b3241fb549b773abcebb12c1161e2b38a28445bb0e,original,,calibration,western-blot-00783,-1.7441747188568115,0.14878344535827637,original,0.5,detector-sam-vit-b-lora-r8-all-img512-51265aec,51265aecd96858feeead19cc47f9bd3dc0af3fa7d793582482a9287a153c3e25,cpu
real/real_img_00797.png,f1b544b2eb760406b3beb8fddbd405bc6a49048a4328c8fb36ac1e8f2506a732,original,,calibration,western-blot-00797,-1.2890129089355469,0.21601994335651398,original,0.5,detector-sam-vit-b-lora-r8-all-img512-51265aec,51265aecd96858feeead19cc47f9bd3dc0af3fa7d793582482a9287a153c3e25,cpu
real/real_img_00915.png,b017a3678d7be6ead7ed0793de4cc76549b0e8d5caa69633caec59c15bab8daa,original,,calibration,western-blot-00915,-1.364227294921875,0.20355410873889923,original,0.5,detector-sam-vit-b-lora-r8-all-img512-51265aec,51265aecd96858feeead19cc47f9bd3dc0af3fa7d793582482a9287a153c3e25,cpu
real/real_img_00916.png,4c08fc9f9231e0a0dba8295d079b2fb8016e7af7909ab64373f930a01afa4d27,original,,calibration,western-blot-00916,-1.6412770748138428,0.16229136288166046,original,0.5,detector-sam-vit-b-lora-r8-all-img512-51265aec,51265aecd96858feeead19cc47f9bd3dc0af3fa7d793582482a9287a153c3e25,cpu
real/real_img_00920.png,760a4133255fa736c9de9ba9451e00ec267884924e50cb8710e95d7a6d0ccf06,original,,calibration,western-blot-00920,-1.8687673807144165,0.1336844116449356,original,0.5,detector-sam-vit-b-lora-r8-all-img512-51265aec,51265aecd96858feeead19cc47f9bd3dc0af3fa7d793582482a9287a153c3e25,cpu
real/real_img_00929.png,12b1658b15f9a5ed07ad767bd9b23163e6279f0db9ccb8831d9b65ac8de2685f,original,,calibration,western-blot-00929,-1.66216242313385,0.15947192907333374,original,0.5,detector-sam-vit-b-lora-r8-all-img512-51265aec,51265aecd96858feeead19cc47f9bd3dc0af3fa7d793582482a9287a153c3e25,cpu
real/real_img_00933.png,a5430eafb1c1dc76cbd8cc8bdb9bc9e23eb7d1dc61468dee3b5dfc0486d02c7b,original,,calibration,western-blot-00933,-2.0574283599853516,0.11330392956733704,original,0.5,detector-sam-vit-b-lora-r8-all-img512-51265aec,51265aecd96858feeead19cc47f9bd3dc0af3fa7d793582482a9287a153c3e25,cpu
real/real_img_00937.png,0597fed2d6e0db7a15a69a2c9581a83914b6e5490e1107e4c5bbd63cbf46f751,original,,calibration,western-blot-00937,-1.8955028057098389,0.13061831891536713,original,0.5,detector-sam-vit-b-lora-r8-all-img512-51265aec,51265aecd96858feeead19cc47f9bd3dc0af3fa7d793582482a9287a153c3e25,cpu
real/real_img_00938.png,d2f9ff115206c366033f6462926e0ffd05ffb7d18c15e60f1b165c9f19a90c8d,original,,calibration,western-blot-00938,-0.8860875368118286,0.2919178605079651,original,0.5,detector-sam-vit-b-lora-r8-all-img512-51265aec,51265aecd96858feeead19cc47f9bd3dc0af3fa7d793582482a9287a153c3e25,cpu
real/real_img_00941.png,c8ff2dadb901c85bd328a3d8289bcde7ea1885164255c9e3e4e367b8f70bb296,original,,calibration,western-blot-00941,-1.4957715272903442,0.1830570250749588,original,0.5,detector-sam-vit-b-lora-r8-all-img512-51265aec,51265aecd96858feeead19cc47f9bd3dc0af3fa7d793582482a9287a153c3e25,cpu
real/real_img_00943.png,b28e22e3138f4d82c50bc64548fe6ede0e34fb96bf6152c862e2a0a555fa722e,original,,calibration,western-blot-00943,-1.514752745628357,0.18023550510406494,original,0.5,detector-sam-vit-b-lora-r8-all-img512-51265aec,51265aecd96858feeead19cc47f9bd3dc0af3fa7d793582482a9287a153c3e25,cpu
real/real_img_00951.png,47322de779fa6fd84b777cd356edcf2a37f27942df986c199cb22db87eede1b6,original,,calibration,western-blot-00951,-0.5477335453033447,0.3663904070854187,original,0.5,detector-sam-vit-b-lora-r8-all-img512-51265aec,51265aecd96858feeead19cc47f9bd3dc0af3fa7d793582482a9287a153c3e25,cpu
real/real_img_00958.png,44d987a3d7ee745d005fb943008541a4dfcbabcbdee78fdcffd1e4d96ae45a83,original,,calibration,western-blot-00958,-1.1298338174819946,0.2441917508840561,original,0.5,detector-sam-vit-b-lora-r8-all-img512-51265aec,51265aecd96858feeead19cc47f9bd3dc0af3fa7d793582482a9287a153c3e25,cpu
real/real_img_00961.png,a007ba0369e88aae794a9bbb7363f4f9649aad9a4630993b432690d0020271d6,original,,calibration,western-blot-00961,-1.224623441696167,0.22712382674217224,original,0.5,detector-sam-vit-b-lora-r8-all-img512-51265aec,51265aecd96858feeead19cc47f9bd3dc0af3fa7d793582482a9287a153c3e25,cpu
real/real_img_00965.png,097255386ee934f12c577418db38a257eda08feba6c5ee85eb6d764a7c4a786c,original,,calibration,western-blot-00965,-1.221304178237915,0.22770701348781586,original,0.5,detector-sam-vit-b-lora-r8-all-img512-51265aec,51265aecd96858feeead19cc47f9bd3dc0af3fa7d793582482a9287a153c3e25,cpu
real/real_img_00966.png,4d3b93544dd6eaa63a6adc50edfb3454745ad1b131281d5945fa5b1414de5517,original,,calibration,western-blot-00966,-1.3666527271270752,0.20316118001937866,original,0.5,detector-sam-vit-b-lora-r8-all-img512-51265aec,51265aecd96858feeead19cc47f9bd3dc0af3fa7d793582482a9287a153c3e25,cpu
real/real_img_00979.png,e45c43e66b8e48ad7dff7151d75b89b53b1b6bcc6dc6e53590ac9c1d8b87e2f7,original,,calibration,western-blot-00979,-0.9987291097640991,0.26919135451316833,original,0.5,detector-sam-vit-b-lora-r8-all-img512-51265aec,51265aecd96858feeead19cc47f9bd3dc0af3fa7d793582482a9287a153c3e25,cpu
real/real_img_01030.png,b0e8315b09ffe4dd05287607db6f4927baece6ec9f12b240c28fe0b134730712,original,,calibration,western-blot-01030,-2.9441041946411133,0.050015904009342194,original,0.5,detector-sam-vit-b-lora-r8-all-img512-51265aec,51265aecd96858feeead19cc47f9bd3dc0af3fa7d793582482a9287a153c3e25,cpu
real/real_img_01040.png,1cf1e65bc511787485dda6cbb7c2f0138af87ce480849ebfef704da8e2999150,original,,calibration,western-blot-01040,-5.381654262542725,0.004579140339046717,original,0.5,detector-sam-vit-b-lora-r8-all-img512-51265aec,51265aecd96858feeead19cc47f9bd3dc0af3fa7d793582482a9287a153c3e25,cpu
real/real_img_01055.png,c0c9f154162bbd420c5f29453adaba325f9b8f44e7c5e0ba556d1773cf12989b,original,,calibration,western-blot-01055,-5.869561672210693,0.0028161576483398676,original,0.5,detector-sam-vit-b-lora-r8-all-img512-51265aec,51265aecd96858feeead19cc47f9bd3dc0af3fa7d793582482a9287a153c3e25,cpu
real/real_img_01061.png,9fa73423f1e39c7bb9f14aa736556eb2de0dbb29f7f78f315e90eea956fd3c09,original,,calibration,western-blot-01061,-5.191363334655762,0.0055336239747703075,original,0.5,detector-sam-vit-b-lora-r8-all-img512-51265aec,51265aecd96858feeead19cc47f9bd3dc0af3fa7d793582482a9287a153c3e25,cpu
real/real_img_01069.png,d1c03fd2dafab47b08d6be19519157094864eeca78f0a151092079e218cc9ee8,original,,calibration,western-blot-01069,-6.806085109710693,0.001105794101022184,original,0.5,detector-sam-vit-b-lora-r8-all-img512-51265aec,51265aecd96858feeead19cc47f9bd3dc0af3fa7d793582482a9287a153c3e25,cpu
real/real_img_01080.png,21b955d17f12027fa6ec3f2d0025ca54ac8c3d8feb8d68bfbb0c9f5a39181158,original,,calibration,western-blot-01080,-7.782001972198486,0.00041700221481733024,original,0.5,detector-sam-vit-b-lora-r8-all-img512-51265aec,51265aecd96858feeead19cc47f9bd3dc0af3fa7d793582482a9287a153c3e25,cpu
real/real_img_01081.png,2671ed5083dfd4921ba97664b13e15dcd52174b033172afd16cdd7020638bda1,original,,calibration,western-blot-01081,-4.846915245056152,0.007791380863636732,original,0.5,detector-sam-vit-b-lora-r8-all-img512-51265aec,51265aecd96858feeead19cc47f9bd3dc0af3fa7d793582482a9287a153c3e25,cpu
real/real_img_01083.png,5ccea6340a00ff956233b8f3bf2725c284410748cde83927c12e56c668efacf0,original,,calibration,western-blot-01083,-8.600663185119629,0.00018394988728687167,original,0.5,detector-sam-vit-b-lora-r8-all-img512-51265aec,51265aecd96858feeead19cc47f9bd3dc0af3fa7d793582482a9287a153c3e25,cpu
real/real_img_01091.png,2c00c47e28163f979994c3d632d73944c987812c1278d95dd03d789ad663f11a,original,,calibration,western-blot-01091,-7.139299392700195,0.0007926788530312479,original,0.5,detector-sam-vit-b-lora-r8-all-img512-51265aec,51265aecd96858feeead19cc47f9bd3dc0af3fa7d793582482a9287a153c3e25,cpu
real/real_img_01096.png,3bafb400457fbd32ba11d2361d86325e98c4dc7f949726c276e01c08cc5e9a73,original,,calibration,western-blot-01096,-5.760012149810791,0.0031411752570420504,original,0.5,detector-sam-vit-b-lora-r8-all-img512-51265aec,51265aecd96858feeead19cc47f9bd3dc0af3fa7d793582482a9287a153c3e25,cpu
real/real_img_01105.png,b37dd7e6d8a2ee5c12a3551db3c06384d1fc16d09c7ff209e4d7128c013bd4ef,original,,calibration,western-blot-01105,-2.790820598602295,0.05782223120331764,original,0.5,detector-sam-vit-b-lora-r8-all-img512-51265aec,51265aecd96858feeead19cc47f9bd3dc0af3fa7d793582482a9287a153c3e25,cpu
real/real_img_01109.png,f311cc96b9c754d53f038f9e01e07b292d528834d46728f8c5c99625de064f30,original,,calibration,western-blot-01109,-8.346492767333984,0.00023717079602647573,original,0.5,detector-sam-vit-b-lora-r8-all-img512-51265aec,51265aecd96858feeead19cc47f9bd3dc0af3fa7d793582482a9287a153c3e25,cpu
real/real_img_01114.png,bfb1f1142bb1f5b42a736c4cfcba6730c5e3666562d7eab5c362d540f83658cd,original,,calibration,western-blot-01114,-10.188467979431152,3.7600035284413025e-05,original,0.5,detector-sam-vit-b-lora-r8-all-img512-51265aec,51265aecd96858feeead19cc47f9bd3dc0af3fa7d793582482a9287a153c3e25,cpu
real/real_img_01129.png,668563e6e5f661a5544030601a451f8740751a9ed0a21280e53f609f53d6e956,original,,calibration,western-blot-01129,-9.635507583618164,6.536177534144372e-05,original,0.5,detector-sam-vit-b-lora-r8-all-img512-51265aec,51265aecd96858feeead19cc47f9bd3dc0af3fa7d793582482a9287a153c3e25,cpu
real/real_img_01136.png,d20224eabcba9bf0927d2f00fe392694a2ebb546266bc26df5845eef0aa6c68f,original,,calibration,western-blot-01136,-6.264211654663086,0.0018995979335159063,original,0.5,detector-sam-vit-b-lora-r8-all-img512-51265aec,51265aecd96858feeead19cc47f9bd3dc0af3fa7d793582482a9287a153c3e25,cpu
real/real_img_01155.png,68dae21f3ce0a01c8206bc65dacabb307ddd3970eb0b0f5c09c4e52ffe0f56df,original,,calibration,western-blot-01155,1.5106143951416016,0.8191522359848022,generated,0.5,detector-sam-vit-b-lora-r8-all-img512-51265aec,51265aecd96858feeead19cc47f9bd3dc0af3fa7d793582482a9287a153c3e25,cpu
real/real_img_01164.png,f3805651d971fc4400bc5bb8ed52783f766f30668596523c4572706bfbdc3feb,original,,calibration,western-blot-01164,-0.1845971643924713,0.45398128032684326,original,0.5,detector-sam-vit-b-lora-r8-all-img512-51265aec,51265aecd96858feeead19cc47f9bd3dc0af3fa7d793582482a9287a153c3e25,cpu
real/real_img_01173.png,fa30242fd9df260f39ea5b250a4a778e3a18754f25fc4beeea6a53d4ae42cae7,original,,calibration,western-blot-01173,-0.6452949047088623,0.3440505862236023,original,0.5,detector-sam-vit-b-lora-r8-all-img512-51265aec,51265aecd96858feeead19cc47f9bd3dc0af3fa7d793582482a9287a153c3e25,cpu
real/real_img_01180.png,315c22b46a580188b9582758a3a80d8f12fd6fdb120f033f9b4675cbc9c73bf8,original,,calibration,western-blot-01180,-0.7063380479812622,0.33040851354599,original,0.5,detector-sam-vit-b-lora-r8-all-img512-51265aec,51265aecd96858feeead19cc47f9bd3dc0af3fa7d793582482a9287a153c3e25,cpu
real/real_img_01182.png,984939c1d42d3ea62f80314fe6130d62612c92dd2ed4455826921cb839786232,original,,calibration,western-blot-01182,0.7727936506271362,0.6841248869895935,generated,0.5,detector-sam-vit-b-lora-r8-all-img512-51265aec,51265aecd96858feeead19cc47f9bd3dc0af3fa7d793582482a9287a153c3e25,cpu
real/real_img_01202.png,8b23b573f1d453523a40fa825a8ad1255e1028b91780604fa7f5db90205b275c,original,,calibration,western-blot-01202,-1.636231780052185,0.16297845542430878,original,0.5,detector-sam-vit-b-lora-r8-all-img512-51265aec,51265aecd96858feeead19cc47f9bd3dc0af3fa7d793582482a9287a153c3e25,cpu
real/real_img_01203.png,0dabae7cac9bcbb058802431bcea7a81632eb17610a02754f71c9a2592e728a8,original,,calibration,western-blot-01203,-5.790433406829834,0.003047342412173748,original,0.5,detector-sam-vit-b-lora-r8-all-img512-51265aec,51265aecd96858feeead19cc47f9bd3dc0af3fa7d793582482a9287a153c3e25,cpu
real/real_img_01235.png,714bed85fc4da881b056529982ed2fb5af40e6f22695f95d020a08a6d8fe3acb,original,,calibration,western-blot-01235,-3.4282455444335938,0.03142428770661354,original,0.5,detector-sam-vit-b-lora-r8-all-img512-51265aec,51265aecd96858feeead19cc47f9bd3dc0af3fa7d793582482a9287a153c3e25,cpu
real/real_img_01257.png,6d4bed8d4c4a34fe5d0e0183ef2f8cf6bc271312500e7f22c324ecd49da8eb14,original,,calibration,western-blot-01257,0.48447054624557495,0.6188029646873474,generated,0.5,detector-sam-vit-b-lora-r8-all-img512-51265aec,51265aecd96858feeead19cc47f9bd3dc0af3fa7d793582482a9287a153c3e25,cpu
real/real_img_01261.png,bbe01237da67f7f2b267e3c246ae8b2e6a4f4d93e25d09d54ec216d85901c061,original,,calibration,western-blot-01261,-1.0179955959320068,0.26541802287101746,original,0.5,detector-sam-vit-b-lora-r8-all-img512-51265aec,51265aecd96858feeead19cc47f9bd3dc0af3fa7d793582482a9287a153c3e25,cpu
real/real_img_01298.png,0335b88d32ebf38c0807cc2bab25e8f008ad16915760a5fe1c21b30679389e13,original,,calibration,western-blot-01298,-1.2772635221481323,0.2180163860321045,original,0.5,detector-sam-vit-b-lora-r8-all-img512-51265aec,51265aecd96858feeead19cc47f9bd3dc0af3fa7d793582482a9287a153c3e25,cpu
real/real_img_01308.png,e97d841d8702b232027e8d0fb9403a778b0e0ca945c03a83a598e6662336bfb9,original,,calibration,western-blot-01308,-1.2622838020324707,0.22058099508285522,original,0.5,detector-sam-vit-b-lora-r8-all-img512-51265aec,51265aecd96858feeead19cc47f9bd3dc0af3fa7d793582482a9287a153c3e25,cpu
real/real_img_01310.png,5aa6981d5c3553699d30c1f2cd076ca878eac6356bc8185be1781163fb2307b1,original,,calibration,western-blot-01310,-1.7314913272857666,0.150396928191185,original,0.5,detector-sam-vit-b-lora-r8-all-img512-51265aec,51265aecd96858feeead19cc47f9bd3dc0af3fa7d793582482a9287a153c3e25,cpu
real/real_img_01317.png,58e157de5fa5bb3032ff71aa12ef4b7a232a59d241a266f4f6ccb08471f2a257,original,,calibration,western-blot-01317,-1.5038100481033325,0.18185795843601227,original,0.5,detector-sam-vit-b-lora-r8-all-img512-51265aec,51265aecd96858feeead19cc47f9bd3dc0af3fa7d793582482a9287a153c3e25,cpu
real/real_img_01320.png,85ad431aaab4583333660a201ef88c2d39c24efb5c5360cdac8daee943df6e03,original,,calibration,western-blot-01320,-0.7023221254348755,0.3312975764274597,original,0.5,detector-sam-vit-b-lora-r8-all-img512-51265aec,51265aecd96858feeead19cc47f9bd3dc0af3fa7d793582482a9287a153c3e25,cpu
real/real_img_01327.png,81676c445bb498b99cfb4440644a15a99cf0a5b69853f4d0d39d50f876e107fa,original,,calibration,western-blot-01327,-1.6365636587142944,0.16293318569660187,original,0.5,detector-sam-vit-b-lora-r8-all-img512-51265aec,51265aecd96858feeead19cc47f9bd3dc0af3fa7d793582482a9287a153c3e25,cpu
real/real_img_01332.png,d897129f608076b2200ac950cc61a24f11160c5333aacd55d3a7ea372da9a33a,original,,calibration,western-blot-01332,-1.0708786249160767,0.25523602962493896,original,0.5,detector-sam-vit-b-lora-r8-all-img512-51265aec,51265aecd96858feeead19cc47f9bd3dc0af3fa7d793582482a9287a153c3e25,cpu
real/real_img_01333.png,c3b731956190896d49f806fe600ee1dd293456f8aa3e6890334cb53327828894,original,,calibration,western-blot-01333,-1.7104650735855103,0.15310341119766235,original,0.5,detector-sam-vit-b-lora-r8-all-img512-51265aec,51265aecd96858feeead19cc47f9bd3dc0af3fa7d793582482a9287a153c3e25,cpu
real/real_img_01338.png,a0a19a56ae5cea8e282f93ca409d8b3c074f884f013ab21895132bfd333b4361,original,,calibration,western-blot-01338,-1.5408047437667847,0.17641831934452057,original,0.5,detector-sam-vit-b-lora-r8-all-img512-51265aec,51265aecd96858feeead19cc47f9bd3dc0af3fa7d793582482a9287a153c3e25,cpu
real/real_img_01373.png,2bf14886ededba3c30963437991bc7ba9284a475b1e957d9a74bce3a22f963b1,original,,calibration,western-blot-01373,-1.1253814697265625,0.24501442909240723,original,0.5,detector-sam-vit-b-lora-r8-all-img512-51265aec,51265aecd96858feeead19cc47f9bd3dc0af3fa7d793582482a9287a153c3e25,cpu
real/real_img_01383.png,ef8165293bfe27800fe1bf6e5e4b8f7c4887c79255c09c0933001c8bf010b9b4,original,,calibration,western-blot-01383,-1.2162506580352783,0.22859694063663483,original,0.5,detector-sam-vit-b-lora-r8-all-img512-51265aec,51265aecd96858feeead19cc47f9bd3dc0af3fa7d793582482a9287a153c3e25,cpu
real/real_img_01389.png,13f4870292e8459a1ed64c9b1599082be89e804c67b41c6382614a5725f0d30f,original,,calibration,western-blot-01389,-1.5269614458084106,0.1784386932849884,original,0.5,detector-sam-vit-b-lora-r8-all-img512-51265aec,51265aecd96858feeead19cc47f9bd3dc0af3fa7d793582482a9287a153c3e25,cpu
real/real_img_01390.png,deb69f55207e1849623c9960b9e2fde68b6d15eea7bf233ef1057e481c8d6ab7,original,,calibration,western-blot-01390,-1.6661481857299805,0.15893840789794922,original,0.5,detector-sam-vit-b-lora-r8-all-img512-51265aec,51265aecd96858feeead19cc47f9bd3dc0af3fa7d793582482a9287a153c3e25,cpu
real/real_img_01392.png,5ded822fc2ec4c777bc1919623b6471880cd9a6184fb45d7a67a8397547700a5,original,,calibration,western-blot-01392,-1.7191741466522217,0.1519775688648224,original,0.5,detector-sam-vit-b-lora-r8-all-img512-51265aec,51265aecd96858feeead19cc47f9bd3dc0af3fa7d793582482a9287a153c3e25,cpu
real/real_img_01397.png,b9880c2f4230842319e19a16fc9050902ef56618197ae7a187d170f6636ba7ae,original,,calibration,western-blot-01397,-1.542184829711914,0.17621788382530212,original,0.5,detector-sam-vit-b-lora-r8-all-img512-51265aec,51265aecd96858feeead19cc47f9bd3dc0af3fa7d793582482a9287a153c3e25,cpu
real/real_img_01399.png,c86f91dc7071ab96c38b01cf95dada65cbb8664bede65c537f25463f15dccaea,original,,calibration,western-blot-01399,-1.8228840827941895,0.13908816874027252,original,0.5,detector-sam-vit-b-lora-r8-all-img512-51265aec,51265aecd96858feeead19cc47f9bd3dc0af3fa7d793582482a9287a153c3e25,cpu
real/real_img_01400.png,0f1003b42a439b5e224d9c5a680bcef56b00a26dc9d8bf1a113dc6cb55a1c3fe,original,,calibration,western-blot-01400,-2.443006992340088,0.0799514427781105,original,0.5,detector-sam-vit-b-lora-r8-all-img512-51265aec,51265aecd96858feeead19cc47f9bd3dc0af3fa7d793582482a9287a153c3e25,cpu
real/real_img_01411.png,44ec86c87c8157c11b7e3301d0dc42322c6ca506bc5e8a6ce53efca6f0aac2a9,original,,calibration,western-blot-01411,-2.798677921295166,0.057395659387111664,original,0.5,detector-sam-vit-b-lora-r8-all-img512-51265aec,51265aecd96858feeead19cc47f9bd3dc0af3fa7d793582482a9287a153c3e25,cpu
real/real_img_01413.png,65881ecbbfba8f0bf9aecfd5879016dd29c72726a84d5c2a394fc99636cded11,original,,calibration,western-blot-01413,-3.306824207305908,0.035337820649147034,original,0.5,detector-sam-vit-b-lora-r8-all-img512-51265aec,51265aecd96858feeead19cc47f9bd3dc0af3fa7d793582482a9287a153c3e25,cpu
real/real_img_01415.png,6821674eaad11752a350d63e7b63927ffbdbc2cb758a216da10860075acb3b89,original,,calibration,western-blot-01415,-2.251370668411255,0.09523129463195801,original,0.5,detector-sam-vit-b-lora-r8-all-img512-51265aec,51265aecd96858feeead19cc47f9bd3dc0af3fa7d793582482a9287a153c3e25,cpu
real/real_img_01421.png,154bba06bc9d0664efe755218b171e3f5cf94853aeccabd8a33f838be3493fd1,original,,calibration,western-blot-01421,-3.365955114364624,0.03337655961513519,original,0.5,detector-sam-vit-b-lora-r8-all-img512-51265aec,51265aecd96858feeead19cc47f9bd3dc0af3fa7d793582482a9287a153c3e25,cpu
real/real_img_01422.png,fe2b9969cc03a518fca149caa87bcf402222985441f5a20b2b810c40ce34955d,original,,calibration,western-blot-01422,-2.7346322536468506,0.06096045300364494,original,0.5,detector-sam-vit-b-lora-r8-all-img512-51265aec,51265aecd96858feeead19cc47f9bd3dc0af3fa7d793582482a9287a153c3e25,cpu
real/real_img_01427.png,3f60f67219d3ea8bfe64fd6134423f7cbdd4b995b409f9a1c4ef7bae693396bf,original,,calibration,western-blot-01427,-2.7401037216186523,0.06064799800515175,original,0.5,detector-sam-vit-b-lora-r8-all-img512-51265aec,51265aecd96858feeead19cc47f9bd3dc0af3fa7d793582482a9287a153c3e25,cpu
real/real_img_01429.png,a169015268a0406f61a7ff4a322e143694366b0440208b587cc43c233148d79a,original,,calibration,western-blot-01429,-2.282953977584839,0.09254457801580429,original,0.5,detector-sam-vit-b-lora-r8-all-img512-51265aec,51265aecd96858feeead19cc47f9bd3dc0af3fa7d793582482a9287a153c3e25,cpu
real/real_img_01434.png,0e8ee19d6a8bb84cb41b60c9bb4e4b3789b5cf4be9ac48b83fb2b3edee6b1cf6,original,,calibration,western-blot-01434,-2.859147071838379,0.05421041324734688,original,0.5,detector-sam-vit-b-lora-r8-all-img512-51265aec,51265aecd96858feeead19cc47f9bd3dc0af3fa7d793582482a9287a153c3e25,cpu
real/real_img_01435.png,b146a9a5ada73f36cce813a3301e7fa4e5802f03c1c6f7ccfcc7e95031662131,original,,calibration,western-blot-01435,-2.7395548820495605,0.06067926809191704,original,0.5,detector-sam-vit-b-lora-r8-all-img512-51265aec,51265aecd96858feeead19cc47f9bd3dc0af3fa7d793582482a9287a153c3e25,cpu
real/real_img_01445.png,4fdb55b2e398c38135474031549a30ea8b1260cf999377083aa4dbb805cfc968,original,,calibration,western-blot-01445,-2.355598211288452,0.08662182837724686,original,0.5,detector-sam-vit-b-lora-r8-all-img512-51265aec,51265aecd96858feeead19cc47f9bd3dc0af3fa7d793582482a9287a153c3e25,cpu
real/real_img_01450.png,3c773549741955d6161de5496b0d5648bbd9e8172fc3686137dcfbe5561e8d2d,original,,calibration,western-blot-01450,-2.9429454803466797,0.05007098615169525,original,0.5,detector-sam-vit-b-lora-r8-all-img512-51265aec,51265aecd96858feeead19cc47f9bd3dc0af3fa7d793582482a9287a153c3e25,cpu
real/real_img_01477.png,253a506a70b5a2bbc83a3920a366c3d6310dfdbc8bea8def0831780c171cd86c,original,,calibration,western-blot-01477,-2.220486879348755,0.09792578965425491,original,0.5,detector-sam-vit-b-lora-r8-all-img512-51265aec,51265aecd96858feeead19cc47f9bd3dc0af3fa7d793582482a9287a153c3e25,cpu
real/real_img_01481.png,3af6dff34afa417d240e5cfb5489887c15072ac340932260aa4e6e29d97d5b74,original,,calibration,western-blot-01481,-2.468778610229492,0.07807610929012299,original,0.5,detector-sam-vit-b-lora-r8-all-img512-51265aec,51265aecd96858feeead19cc47f9bd3dc0af3fa7d793582482a9287a153c3e25,cpu
real/real_img_01501.png,0cc049a5bdf3bb451094fc4f09ab0f72a1ae041f0721ec39a15b928081397056,original,,calibration,western-blot-01501,-2.288712739944458,0.0920620933175087,original,0.5,detector-sam-vit-b-lora-r8-all-img512-51265aec,51265aecd96858feeead19cc47f9bd3dc0af3fa7d793582482a9287a153c3e25,cpu
real/real_img_01504.png,cfe73c81755f31322b0811c0071f36150421128f39854892eb0f50ef30a10953,original,,calibration,western-blot-01504,-2.998891592025757,0.04747597500681877,original,0.5,detector-sam-vit-b-lora-r8-all-img512-51265aec,51265aecd96858feeead19cc47f9bd3dc0af3fa7d793582482a9287a153c3e25,cpu
real/real_img_01550.png,c7d77eaadf6bbf55622dc6e18a9648291f130e84729b65185f44504f5318ace6,original,,calibration,western-blot-01550,-2.4123477935791016,0.08223595470190048,original,0.5,detector-sam-vit-b-lora-r8-all-img512-51265aec,51265aecd96858feeead19cc47f9bd3dc0af3fa7d793582482a9287a153c3e25,cpu
real/real_img_01568.png,e4ce6b576dd4fee397e8f3e07abdfeb914b1e5e5f2ccf6849b07aa33d23c137f,original,,calibration,western-blot-01568,-3.751708507537842,0.02293904684484005,original,0.5,detector-sam-vit-b-lora-r8-all-img512-51265aec,51265aecd96858feeead19cc47f9bd3dc0af3fa7d793582482a9287a153c3e25,cpu
real/real_img_01570.png,bb3507e6afbfda32e8f207f319492d8de5bd38c97943eea23da525f9f121b987,original,,calibration,western-blot-01570,-3.308976650238037,0.0352645181119442,original,0.5,detector-sam-vit-b-lora-r8-all-img512-51265aec,51265aecd96858feeead19cc47f9bd3dc0af3fa7d793582482a9287a153c3e25,cpu
real/real_img_01604.png,ca7e5f17459e875a3a08ce3101fa0f5a35d2a8503a9942989866c99fc8224835,original,,calibration,western-blot-01604,-2.590832471847534,0.06973076611757278,original,0.5,detector-sam-vit-b-lora-r8-all-img512-51265aec,51265aecd96858feeead19cc47f9bd3dc0af3fa7d793582482a9287a153c3e25,cpu
real/real_img_01612.png,b051538731c7865e6ab813c0bf2fb5a6dd9cd45f8dfa601468a4fe159d3cbaf2,original,,calibration,western-blot-01612,-1.9514497518539429,0.12439535558223724,original,0.5,detector-sam-vit-b-lora-r8-all-img512-51265aec,51265aecd96858feeead19cc47f9bd3dc0af3fa7d793582482a9287a153c3e25,cpu
real/real_img_01628.png,998642aed8959179b7e7878072b1de15facbd86e2f5aed3408ba684040c7272e,original,,calibration,western-blot-01628,-2.4208829402923584,0.0815940722823143,original,0.5,detector-sam-vit-b-lora-r8-all-img512-51265aec,51265aecd96858feeead19cc47f9bd3dc0af3fa7d793582482a9287a153c3e25,cpu
real/real_img_01630.png,1d2e37cc02eeaea2766ea5e68d13614e06225bcba15c1a4f6f716cf16d27cf3a,original,,calibration,western-blot-01630,-1.6104928255081177,0.16652020812034607,original,0.5,detector-sam-vit-b-lora-r8-all-img512-51265aec,51265aecd96858feeead19cc47f9bd3dc0af3fa7d793582482a9287a153c3e25,cpu
real/real_img_01632.png,a8bb61329728de0758a6d4d9c8ba7ba2279ad2e1862e72f6af288c0028284480,original,,calibration,western-blot-01632,-3.0220000743865967,0.04644181951880455,original,0.5,detector-sam-vit-b-lora-r8-all-img512-51265aec,51265aecd96858feeead19cc47f9bd3dc0af3fa7d793582482a9287a153c3e25,cpu
real/real_img_01655.png,d6809bc42310c34637a729517ea57bc0346f4672f9aa53097df2884820f28579,original,,calibration,western-blot-01655,-1.4492360353469849,0.1901191622018814,original,0.5,detector-sam-vit-b-lora-r8-all-img512-51265aec,51265aecd96858feeead19cc47f9bd3dc0af3fa7d793582482a9287a153c3e25,cpu
real/real_img_01666.png,49fe6f0047804b8a3794b07c64908ebc74e082116906e9ab2857a33669c39cdf,original,,calibration,western-blot-01666,-2.0435373783111572,0.11470702290534973,original,0.5,detector-sam-vit-b-lora-r8-all-img512-51265aec,51265aecd96858feeead19cc47f9bd3dc0af3fa7d793582482a9287a153c3e25,cpu
real/real_img_01680.png,5f9248964f53f9b7761467ffaf6ca7586bdbcb1018d78429e66f610856ca89a5,original,,calibration,western-blot-01680,-2.0783512592315674,0.11121883988380432,original,0.5,detector-sam-vit-b-lora-r8-all-img512-51265aec,51265aecd96858feeead19cc47f9bd3dc0af3fa7d793582482a9287a153c3e25,cpu
real/real_img_01685.png,806a39bbd92fb2d5ff8c820677cb51416618c46efe894590de11f3e8c695695c,original,,calibration,western-blot-01685,-1.2813632488250732,0.21731825172901154,original,0.5,detector-sam-vit-b-lora-r8-all-img512-51265aec,51265aecd96858feeead19cc47f9bd3dc0af3fa7d793582482a9287a153c3e25,cpu
real/real_img_01695.png,0f28ef8711763f52d42c602c6b7c14f2b0545bf78c254e22c36d9ef7bd639a80,original,,calibration,western-blot-01695,-2.0061817169189453,0.11855541169643402,original,0.5,detector-sam-vit-b-lora-r8-all-img512-51265aec,51265aecd96858feeead19cc47f9bd3dc0af3fa7d793582482a9287a153c3e25,cpu
real/real_img_01718.png,600dec1e19739f4fe60c4e131c5b9e8ebfb704aa3d6cd032c5fc6d0df134d230,original,,calibration,western-blot-01718,-1.3676953315734863,0.20299245417118073,original,0.5,detector-sam-vit-b-lora-r8-all-img512-51265aec,51265aecd96858feeead19cc47f9bd3dc0af3fa7d793582482a9287a153c3e25,cpu
real/real_img_01719.png,99ec9cdabd07f68034dc4b3542c27ea2d4a93269d5d698403b4d02a28a8c73cb,original,,calibration,western-blot-01719,-1.1001683473587036,0.24970833957195282,original,0.5,detector-sam-vit-b-lora-r8-all-img512-51265aec,51265aecd96858feeead19cc47f9bd3dc0af3fa7d793582482a9287a153c3e25,cpu
real/real_img_01722.png,a2a6d26917e4f71e2b8270cd2a536ca5cb76b0ce91d9293c8377cb5f9eb3a83f,original,,calibration,western-blot-01722,-0.48398587107658386,0.3813113570213318,original,0.5,detector-sam-vit-b-lora-r8-all-img512-51265aec,51265aecd96858feeead19cc47f9bd3dc0af3fa7d793582482a9287a153c3e25,cpu
real/real_img_01738.png,5f892e08a733b25efad9bf185347ebec766ed20fe3216f5035a17b3606b1f57a,original,,calibration,western-blot-01738,-0.37364593148231506,0.4076603353023529,original,0.5,detector-sam-vit-b-lora-r8-all-img512-51265aec,51265aecd96858feeead19cc47f9bd3dc0af3fa7d793582482a9287a153c3e25,cpu
real/real_img_01740.png,cbb79e3135ea35fac406c1f3fbfae2a8dff82fac0f95c7e6b4d7dc9a4f764d55,original,,calibration,western-blot-01740,-1.1455202102661133,0.2413083016872406,original,0.5,detector-sam-vit-b-lora-r8-all-img512-51265aec,51265aecd96858feeead19cc47f9bd3dc0af3fa7d793582482a9287a153c3e25,cpu
real/real_img_01745.png,a23296560fab48be798d5f27a73bf090b4705b49692055cbd616784063854599,original,,calibration,western-blot-01745,-0.8210781812667847,0.30553483963012695,original,0.5,detector-sam-vit-b-lora-r8-all-img512-51265aec,51265aecd96858feeead19cc47f9bd3dc0af3fa7d793582482a9287a153c3e25,cpu
real/real_img_01771.png,4223427b96dc71a3df2786d61c04e8d79696c9f9df8b55cd350dfb6896f8809a,original,,calibration,western-blot-01771,-2.4460251331329346,0.07972971349954605,original,0.5,detector-sam-vit-b-lora-r8-all-img512-51265aec,51265aecd96858feeead19cc47f9bd3dc0af3fa7d793582482a9287a153c3e25,cpu
real/real_img_01788.png,ef3acc822d8f34cf493e1647fd5f31f9121f503b0aacaf0a3bb88400312f630f,original,,calibration,western-blot-01788,-2.7126965522766113,0.06222829967737198,original,0.5,detector-sam-vit-b-lora-r8-all-img512-51265aec,51265aecd96858feeead19cc47f9bd3dc0af3fa7d793582482a9287a153c3e25,cpu
real/real_img_01792.png,9bacf9e459dc396c23993b68f45a4931081ac923d7de238f42c8e3f86924d658,original,,calibration,western-blot-01792,-3.2591896057128906,0.03699807450175285,original,0.5,detector-sam-vit-b-lora-r8-all-img512-51265aec,51265aecd96858feeead19cc47f9bd3dc0af3fa7d793582482a9287a153c3e25,cpu
real/real_img_01793.png,f7075d58930ff3fe94c23b88961271219b29454d1a2adbd8e7e9e638ac0b9f01,original,,calibration,western-blot-01793,-3.320174217224121,0.03488554060459137,original,0.5,detector-sam-vit-b-lora-r8-all-img512-51265aec,51265aecd96858feeead19cc47f9bd3dc0af3fa7d793582482a9287a153c3e25,cpu
real/real_img_01794.png,e6b48b4494d906833e9bfc24c524c3ba9da53bb4d273717f6f6d40bf4f5005ce,original,,calibration,western-blot-01794,-2.456601619720459,0.07895711809396744,original,0.5,detector-sam-vit-b-lora-r8-all-img512-51265aec,51265aecd96858feeead19cc47f9bd3dc0af3fa7d793582482a9287a153c3e25,cpu
real/real_img_01804.png,f28005d3fc39563d67f52817d27c836d41720a6d14a50e369a89db967b12f5a2,original,,calibration,western-blot-01804,-1.024824619293213,0.2640886902809143,original,0.5,detector-sam-vit-b-lora-r8-all-img512-51265aec,51265aecd96858feeead19cc47f9bd3dc0af3fa7d793582482a9287a153c3e25,cpu
real/real_img_01823.png,389d73337e63351803df251577cf5445be8dc1a874ccd4e29774c9bc7ee60817,original,,calibration,western-blot-01823,-1.0811678171157837,0.25328508019447327,original,0.5,detector-sam-vit-b-lora-r8-all-img512-51265aec,51265aecd96858feeead19cc47f9bd3dc0af3fa7d793582482a9287a153c3e25,cpu
real/real_img_01826.png,01930c09b644dc81d1ba2747b921bfb22443cbc02eff0570182defaf3ead66a1,original,,calibration,western-blot-01826,-1.0626102685928345,0.2568109333515167,original,0.5,detector-sam-vit-b-lora-r8-all-img512-51265aec,51265aecd96858feeead19cc47f9bd3dc0af3fa7d793582482a9287a153c3e25,cpu
real/real_img_01843.png,79bc755954a879bc7997fcb99ea55eba50c69a539ae73aa5a8be39d8972b6bc6,original,,calibration,western-blot-01843,-2.8365421295166016,0.05538115277886391,original,0.5,detector-sam-vit-b-lora-r8-all-img512-51265aec,51265aecd96858feeead19cc47f9bd3dc0af3fa7d793582482a9287a153c3e25,cpu
real/real_img_01869.png,9a2787cc7f5cb39e9e2b5126fe75cd78b2b095feaf6f3f5d3211a84e29d74e1a,original,,calibration,western-blot-01869,-2.3202998638153076,0.08945562690496445,original,0.5,detector-sam-vit-b-lora-r8-all-img512-51265aec,51265aecd96858feeead19cc47f9bd3dc0af3fa7d793582482a9287a153c3e25,cpu
real/real_img_01876.png,ee6ef49e2f468899e3484344966c1a4963934b00ea1e1fddaa0b6af3dfbed8b7,original,,calibration,western-blot-01876,-2.0308237075805664,0.11600441485643387,original,0.5,detector-sam-vit-b-lora-r8-all-img512-51265aec,51265aecd96858feeead19cc47f9bd3dc0af3fa7d793582482a9287a153c3e25,cpu
real/real_img_01909.png,197202cee1db18ad0f158cb40c6bce25041627c0c46f6362ba175423c4913156,original,,calibration,western-blot-01909,-2.600649356842041,0.069096639752388,original,0.5,detector-sam-vit-b-lora-r8-all-img512-51265aec,51265aecd96858feeead19cc47f9bd3dc0af3fa7d793582482a9287a153c3e25,cpu
real/real_img_01916.png,e6dc227312eeda6d352bc875be07423985305a75dc5b1e331b3eff865342d847,original,,calibration,western-blot-01916,-2.8071305751800537,0.05694006383419037,original,0.5,detector-sam-vit-b-lora-r8-all-img512-51265aec,51265aecd96858feeead19cc47f9bd3dc0af3fa7d793582482a9287a153c3e25,cpu
real/real_img_01936.png,750adde1fdf57f75c5fd296771a7d1d4c58033d0b6b7cbc95023e72b026b375a,original,,calibration,western-blot-01936,-2.7792983055114746,0.058453164994716644,original,0.5,detector-sam-vit-b-lora-r8-all-img512-51265aec,51265aecd96858feeead19cc47f9bd3dc0af3fa7d793582482a9287a153c3e25,cpu
real/real_img_01942.png,8c593298b2f859414b88a6c56af220647109f157289e729ee760583a60ebef60,original,,calibration,western-blot-01942,-2.7851147651672363,0.058133866637945175,original,0.5,detector-sam-vit-b-lora-r8-all-img512-51265aec,51265aecd96858feeead19cc47f9bd3dc0af3fa7d793582482a9287a153c3e25,cpu
real/real_img_01966.png,bc09fa0651348b01cecc21ecd583b3cdbfe909dbb229759311257147aca90fd8,original,,calibration,western-blot-01966,-2.8713607788085938,0.05358760058879852,original,0.5,detector-sam-vit-b-lora-r8-all-img512-51265aec,51265aecd96858feeead19cc47f9bd3dc0af3fa7d793582482a9287a153c3e25,cpu
real/real_img_01990.png,4a4287847489dbf66c4baede1ac4bfff41d4a3dadc28a7710c7d4f4d1f378f14,original,,calibration,western-blot-01990,-3.16298246383667,0.040582768619060516,original,0.5,detector-sam-vit-b-lora-r8-all-img512-51265aec,51265aecd96858feeead19cc47f9bd3dc0af3fa7d793582482a9287a153c3e25,cpu
real/real_img_01999.png,96d4943f86e8184fadb4c01d674ed1bbabd678b81396df9d8bef6c21ce4070dc,original,,calibration,western-blot-01999,-3.3204267024993896,0.03487704321742058,original,0.5,detector-sam-vit-b-lora-r8-all-img512-51265aec,51265aecd96858feeead19cc47f9bd3dc0af3fa7d793582482a9287a153c3e25,cpu
real/real_img_02005.png,a05c4bf67df8e037efb05eaa05a1be7098171b6f026eba5697dc02c6f2b4bcaa,original,,calibration,western-blot-02005,-2.039135217666626,0.11515481024980545,original,0.5,detector-sam-vit-b-lora-r8-all-img512-51265aec,51265aecd96858feeead19cc47f9bd3dc0af3fa7d793582482a9287a153c3e25,cpu
real/real_img_02015.png,da414587283c666ba2b4e8f828363559ac64695b15cc0e89a6f7e76fc91e0592,original,,calibration,western-blot-02015,-1.0521279573440552,0.2588166892528534,original,0.5,detector-sam-vit-b-lora-r8-all-img512-51265aec,51265aecd96858feeead19cc47f9bd3dc0af3fa7d793582482a9287a153c3e25,cpu
real/real_img_02021.png,145a09d4980506a15af853ef4fa55f62b9de61b79f76c41b6557aacc8202e9d8,original,,calibration,western-blot-02021,-1.6555792093276978,0.1603563278913498,original,0.5,detector-sam-vit-b-lora-r8-all-img512-51265aec,51265aecd96858feeead19cc47f9bd3dc0af3fa7d793582482a9287a153c3e25,cpu
real/real_img_02026.png,1b0a9a5a8ff173efb62179a3a07fea65ec0ef4fb8e9e9aae1ce7e45cb3beb559,original,,calibration,western-blot-02026,-1.1902484893798828,0.23321449756622314,original,0.5,detector-sam-vit-b-lora-r8-all-img512-51265aec,51265aecd96858feeead19cc47f9bd3dc0af3fa7d793582482a9287a153c3e25,cpu
real/real_img_02041.png,67a42508604433e583637c9138ac5952a7af145fe19ac38558b7763f5726ecf1,original,,calibration,western-blot-02041,-1.892375111579895,0.1309739053249359,original,0.5,detector-sam-vit-b-lora-r8-all-img512-51265aec,51265aecd96858feeead19cc47f9bd3dc0af3fa7d793582482a9287a153c3e25,cpu
real/real_img_02043.png,37cfd47621181ffc401ebc37d314c448f8c658f2f858f9d5f5039b61a4b9cffc,original,,calibration,western-blot-02043,-0.5229741334915161,0.3721570372581482,original,0.5,detector-sam-vit-b-lora-r8-all-img512-51265aec,51265aecd96858feeead19cc47f9bd3dc0af3fa7d793582482a9287a153c3e25,cpu
real/real_img_02045.png,568d5be507339665e72c44400395bb189695e17350d056ce8f9d75d431d1f825,original,,calibration,western-blot-02045,-1.6772284507751465,0.15746282041072845,original,0.5,detector-sam-vit-b-lora-r8-all-img512-51265aec,51265aecd96858feeead19cc47f9bd3dc0af3fa7d793582482a9287a153c3e25,cpu
real/real_img_02046.png,cbc40c012b1e6953bff6c92d6412b644e2750a6beee2408855dadaaefe1fbfcf,original,,calibration,western-blot-02046,-1.554957389831543,0.17437142133712769,original,0.5,detector-sam-vit-b-lora-r8-all-img512-51265aec,51265aecd96858feeead19cc47f9bd3dc0af3fa7d793582482a9287a153c3e25,cpu
real/real_img_02161.png,94cfa5a660c4987dcd52d4203d813f20d8acaf4a6c8d28b26b58d3f4a52ad85e,original,,calibration,western-blot-02161,-4.522799968719482,0.01074193511158228,original,0.5,detector-sam-vit-b-lora-r8-all-img512-51265aec,51265aecd96858feeead19cc47f9bd3dc0af3fa7d793582482a9287a153c3e25,cpu
real/real_img_02162.png,5e8621f914b760689d60c997a7da4d357c648f6b693b89580d8911522671a4a3,original,,calibration,western-blot-02162,-12.288827896118164,4.602860826707911e-06,original,0.5,detector-sam-vit-b-lora-r8-all-img512-51265aec,51265aecd96858feeead19cc47f9bd3dc0af3fa7d793582482a9287a153c3e25,cpu
real/real_img_02171.png,faa086ea20f3cbd2f4bb76f7128c1cb927b1fd26eab9657f3188a1363db4ae0c,original,,calibration,western-blot-02171,-7.840048789978027,0.0003934949345421046,original,0.5,detector-sam-vit-b-lora-r8-all-img512-51265aec,51265aecd96858feeead19cc47f9bd3dc0af3fa7d793582482a9287a153c3e25,cpu
real/real_img_02180.png,8f16f69e06dc6700914f720714de1b139e93bdb3e8221b86a347e0a5185ff1fe,original,,calibration,western-blot-02180,-2.7038369178771973,0.06274732947349548,original,0.5,detector-sam-vit-b-lora-r8-all-img512-51265aec,51265aecd96858feeead19cc47f9bd3dc0af3fa7d793582482a9287a153c3e25,cpu
real/real_img_02213.png,aa9f2d6e5d3c00ca766fce93bc564effa932cc048588146e256c370ebc279714,original,,calibration,western-blot-02213,-9.666553497314453,6.336386286420748e-05,original,0.5,detector-sam-vit-b-lora-r8-all-img512-51265aec,51265aecd96858feeead19cc47f9bd3dc0af3fa7d793582482a9287a153c3e25,cpu
real/real_img_02232.png,1951d07e6cc247cbf7ba42eaf3fe7822cd1c39baa66302176716f5e2c7c0a4c5,original,,calibration,western-blot-02232,-4.870147228240967,0.00761382095515728,original,0.5,detector-sam-vit-b-lora-r8-all-img512-51265aec,51265aecd96858feeead19cc47f9bd3dc0af3fa7d793582482a9287a153c3e25,cpu
real/real_img_02272.png,60cd62dd87bb5f06b82a3a29cc49528e1e437124a35ed3de735836a5f59bcb2f,original,,calibration,western-blot-02272,-6.869661808013916,0.0010377502767369151,original,0.5,detector-sam-vit-b-lora-r8-all-img512-51265aec,51265aecd96858feeead19cc47f9bd3dc0af3fa7d793582482a9287a153c3e25,cpu
real/real_img_02293.png,b1350ffd0528eb77e52c05bd005053206e0b3debbbde081f51ea5b3dfe8f7cd2,original,,calibration,western-blot-02293,-9.006946563720703,0.00012254048488102853,original,0.5,detector-sam-vit-b-lora-r8-all-img512-51265aec,51265aecd96858feeead19cc47f9bd3dc0af3fa7d793582482a9287a153c3e25,cpu
real/real_img_02322.png,643094aaffc7606a2bb667f482f591a15266a4818a24e0a829284cfcaaecd9fe,original,,calibration,western-blot-02322,-4.720749855041504,0.008829834870994091,original,0.5,detector-sam-vit-b-lora-r8-all-img512-51265aec,51265aecd96858feeead19cc47f9bd3dc0af3fa7d793582482a9287a153c3e25,cpu
real/real_img_02327.png,4e8a972aee081d9cff83714f27367b94cd42f8a1aa9dce9df1481abe2bb0b517,original,,calibration,western-blot-02327,-3.7939982414245605,0.022010093554854393,original,0.5,detector-sam-vit-b-lora-r8-all-img512-51265aec,51265aecd96858feeead19cc47f9bd3dc0af3fa7d793582482a9287a153c3e25,cpu
real/real_img_02333.png,d881c105026b2b63b1f971474a976414a07138dde550decfc203d7a5514a8fd6,original,,calibration,western-blot-02333,-3.722984790802002,0.023591727018356323,original,0.5,detector-sam-vit-b-lora-r8-all-img512-51265aec,51265aecd96858feeead19cc47f9bd3dc0af3fa7d793582482a9287a153c3e25,cpu
real/real_img_02342.png,1578df7ee6a4ee2bebf18886776c0349dd9279d3e43a22ee2e906d193edeb495,original,,calibration,western-blot-02342,-3.7040469646453857,0.024031920358538628,original,0.5,detector-sam-vit-b-lora-r8-all-img512-51265aec,51265aecd96858feeead19cc47f9bd3dc0af3fa7d793582482a9287a153c3e25,cpu
real/real_img_02363.png,1cbcd191c4f6fdbb8f7589049c5187566fabbef0524ce8a687df181f8e588f2d,original,,calibration,western-blot-02363,-7.969073295593262,0.0003458798164501786,original,0.5,detector-sam-vit-b-lora-r8-all-img512-51265aec,51265aecd96858feeead19cc47f9bd3dc0af3fa7d793582482a9287a153c3e25,cpu
real/real_img_02380.png,df5ed28d1cc5ea5fb53ced6e9b211ddaa7166418ae474406ed97307d9b6f0164,original,,calibration,western-blot-02380,-7.8943257331848145,0.00037271424662321806,original,0.5,detector-sam-vit-b-lora-r8-all-img512-51265aec,51265aecd96858feeead19cc47f9bd3dc0af3fa7d793582482a9287a153c3e25,cpu
real/real_img_02410.png,f2598f74bea3abc38671b45e028f29e936cf8397856351f251122173cc4cbae7,original,,calibration,western-blot-02410,-6.336444854736328,0.0017674562986940145,original,0.5,detector-sam-vit-b-lora-r8-all-img512-51265aec,51265aecd96858feeead19cc47f9bd3dc0af3fa7d793582482a9287a153c3e25,cpu
real/real_img_02432.png,d119dc3c9a07ad49277c132a72e8233b2257eb5239611354c249c3ddce15cbbd,original,,calibration,western-blot-02432,-5.886878967285156,0.002767943311482668,original,0.5,detector-sam-vit-b-lora-r8-all-img512-51265aec,51265aecd96858feeead19cc47f9bd3dc0af3fa7d793582482a9287a153c3e25,cpu
real/real_img_02433.png,5e399074e44565fc4e1abecce174eb542cab0bc21075976b95ebbd1dae10bc40,original,,calibration,western-blot-02433,-8.805639266967773,0.0001498629862908274,original,0.5,detector-sam-vit-b-lora-r8-all-img512-51265aec,51265aecd96858feeead19cc47f9bd3dc0af3fa7d793582482a9287a153c3e25,cpu
real/real_img_02437.png,1cb119b37dbfa9c9eabec45a092001d74683fd4128a73931d920827fc9629018,original,,calibration,western-blot-02437,-4.400528430938721,0.012122105807065964,original,0.5,detector-sam-vit-b-lora-r8-all-img512-51265aec,51265aecd96858feeead19cc47f9bd3dc0af3fa7d793582482a9287a153c3e25,cpu
real/real_img_02439.png,cf6b98a85f46ee123bc1f1869a1f109f05af1678bf9d452195a2c628f62a4c2c,original,,calibration,western-blot-02439,-6.242410659790039,0.0019413845147937536,original,0.5,detector-sam-vit-b-lora-r8-all-img512-51265aec,51265aecd96858feeead19cc47f9bd3dc0af3fa7d793582482a9287a153c3e25,cpu
real/real_img_02461.png,8e68edd77e147b8a12b8f54ed4ba6e5e1f3b1f1661e20a9566533bdffff0b96f,original,,calibration,western-blot-02461,-2.299128532409668,0.09119515866041183,original,0.5,detector-sam-vit-b-lora-r8-all-img512-51265aec,51265aecd96858feeead19cc47f9bd3dc0af3fa7d793582482a9287a153c3e25,cpu
real/real_img_02479.png,1d2265893bbfaf2039b8960651be806b8e68d03c164d9f189c1ada863677fcf0,original,,calibration,western-blot-02479,-3.916563034057617,0.01952075958251953,original,0.5,detector-sam-vit-b-lora-r8-all-img512-51265aec,51265aecd96858feeead19cc47f9bd3dc0af3fa7d793582482a9287a153c3e25,cpu
real/real_img_02541.png,fe3ca8e2012ee0c0123bcfde06cb642fd6c7123f6741edfc8ecc601110602cfa,original,,calibration,western-blot-02541,-13.697097778320312,1.125707399296516e-06,original,0.5,detector-sam-vit-b-lora-r8-all-img512-51265aec,51265aecd96858feeead19cc47f9bd3dc0af3fa7d793582482a9287a153c3e25,cpu
real/real_img_02548.png,1456144da7d085d5282be6c33d1e9218b7c4e7e3f262ab055f8505c8e4ab85bc,original,,calibration,western-blot-02548,-11.265035629272461,1.2813023204216734e-05,original,0.5,detector-sam-vit-b-lora-r8-all-img512-51265aec,51265aecd96858feeead19cc47f9bd3dc0af3fa7d793582482a9287a153c3e25,cpu
real/real_img_02565.png,a66efec2564a21ecd9be7c19e078147f51964324f72850da2eb7cb81eb87783e,original,,calibration,western-blot-02565,-12.312606811523438,4.49470144303632e-06,original,0.5,detector-sam-vit-b-lora-r8-all-img512-51265aec,51265aecd96858feeead19cc47f9bd3dc0af3fa7d793582482a9287a153c3e25,cpu
real/real_img_02569.png,e031752de5a534212afd7b67f34f376fa93460450f3703f036f36846b7540e44,original,,calibration,western-blot-02569,-10.436258316040039,2.9347957024583593e-05,original,0.5,detector-sam-vit-b-lora-r8-all-img512-51265aec,51265aecd96858feeead19cc47f9bd3dc0af3fa7d793582482a9287a153c3e25,cpu
real/real_img_02570.png,b89eda587312eeeb2747b3ab32b3636ae96cdbc2eecdcbc13fac32ece6b3a557,original,,calibration,western-blot-02570,-3.321023941040039,0.034856945276260376,original,0.5,detector-sam-vit-b-lora-r8-all-img512-51265aec,51265aecd96858feeead19cc47f9bd3dc0af3fa7d793582482a9287a153c3e25,cpu
real/real_img_02580.png,ae503d3f237ef1bc5ed2d1c5a4d19d8c674fd36b8446fbc7b242c0fae04ce6df,original,,calibration,western-blot-02580,-10.929014205932617,1.793005685613025e-05,original,0.5,detector-sam-vit-b-lora-r8-all-img512-51265aec,51265aecd96858feeead19cc47f9bd3dc0af3fa7d793582482a9287a153c3e25,cpu
real/real_img_02594.png,926af9a485060fe7dd022e4b6db01b71b5a295200a615d562fc1755c3dfc16ec,original,,calibration,western-blot-02594,-10.612473487854004,2.4606544684502296e-05,original,0.5,detector-sam-vit-b-lora-r8-all-img512-51265aec,51265aecd96858feeead19cc47f9bd3dc0af3fa7d793582482a9287a153c3e25,cpu
real/real_img_02605.png,885d0cbc91974d617c1c7b5e170af78b46e91e7d862e1cbd250c17f655027a25,original,,calibration,western-blot-02605,-7.775463104248047,0.00041973672341555357,original,0.5,detector-sam-vit-b-lora-r8-all-img512-51265aec,51265aecd96858feeead19cc47f9bd3dc0af3fa7d793582482a9287a153c3e25,cpu
real/real_img_02606.png,a10b37cd7ed71645f90f2009b3c1cf91dc7f7afff27b5508b1b330fd376f783c,original,,calibration,western-blot-02606,-14.640289306640625,4.383317673273268e-07,original,0.5,detector-sam-vit-b-lora-r8-all-img512-51265aec,51265aecd96858feeead19cc47f9bd3dc0af3fa7d793582482a9287a153c3e25,cpu
real/real_img_02608.png,94511bc1b4cc8273b698c8eb5cb2bca0b61e5c79bcb92584faf2c3b825dd9fb9,original,,calibration,western-blot-02608,-17.2851619720459,3.1127878941106246e-08,original,0.5,detector-sam-vit-b-lora-r8-all-img512-51265aec,51265aecd96858feeead19cc47f9bd3dc0af3fa7d793582482a9287a153c3e25,cpu
real/real_img_02613.png,6d1e9f4ed1d68e3a36e81ea484213791d35a087b620f411f20d51b57b97c4769,original,,calibration,western-blot-02613,-14.485896110534668,5.115110752740293e-07,original,0.5,detector-sam-vit-b-lora-r8-all-img512-51265aec,51265aecd96858feeead19cc47f9bd3dc0af3fa7d793582482a9287a153c3e25,cpu
real/real_img_02615.png,0819ef2fa8ba94ee5c9317db1183a8084d6a7dc774140f67b8d99619e75b8582,original,,calibration,western-blot-02615,-11.892547607421875,6.841151844128035e-06,original,0.5,detector-sam-vit-b-lora-r8-all-img512-51265aec,51265aecd96858feeead19cc47f9bd3dc0af3fa7d793582482a9287a153c3e25,cpu
real/real_img_02618.png,6dff8d7674083b7361b92ff459485e1624ad78e2bd7f6ef6c331e9140ffe9f4c,original,,calibration,western-blot-02618,-13.45026683807373,1.4408630022444413e-06,original,0.5,detector-sam-vit-b-lora-r8-all-img512-51265aec,51265aecd96858feeead19cc47f9bd3dc0af3fa7d793582482a9287a153c3e25,cpu
real/real_img_02621.png,67988fd1c28f514d625077e7a5af5e04457444a1fe5852502d7fe7754fb0b218,original,,calibration,western-blot-02621,-9.310924530029297,9.04227199498564e-05,original,0.5,detector-sam-vit-b-lora-r8-all-img512-51265aec,51265aecd96858feeead19cc47f9bd3dc0af3fa7d793582482a9287a153c3e25,cpu
real/real_img_02623.png,115b4f64a472a881ac009bb801d9036fe9fc2347456c5789a9cd554170015d83,original,,calibration,western-blot-02623,-8.390750885009766,0.00022690529294777662,original,0.5,detector-sam-vit-b-lora-r8-all-img512-51265aec,51265aecd96858feeead19cc47f9bd3dc0af3fa7d793582482a9287a153c3e25,cpu
real/real_img_02664.png,19b23869a485c415672a576b5dd23627d8a26af67dff47cd3fd5c18954995f91,original,,calibration,western-blot-02664,-1.3567219972610474,0.20477358996868134,original,0.5,detector-sam-vit-b-lora-r8-all-img512-51265aec,51265aecd96858feeead19cc47f9bd3dc0af3fa7d793582482a9287a153c3e25,cpu
real/real_img_02684.png,ba8fbb9a050ee3f95b924595d2285207a391e4f8d641171983f7da7f39ac0ba0,original,,calibration,western-blot-02684,-6.061574935913086,0.0023253075778484344,original,0.5,detector-sam-vit-b-lora-r8-all-img512-51265aec,51265aecd96858feeead19cc47f9bd3dc0af3fa7d793582482a9287a153c3e25,cpu
real/real_img_02689.png,7c31fd9fe1a200ad8bebe45fc7d324b8fba8e9c8b74311bbbfebca21a3bfd0ec,original,,calibration,western-blot-02689,-1.4732862710952759,0.18644362688064575,original,0.5,detector-sam-vit-b-lora-r8-all-img512-51265aec,51265aecd96858feeead19cc47f9bd3dc0af3fa7d793582482a9287a153c3e25,cpu
real/real_img_02699.png,e031a5df78e0ca0943ab5144c38b320b9a17be6a5937ca3058fa8bb789df0957,original,,calibration,western-blot-02699,-4.121475696563721,0.015961654484272003,original,0.5,detector-sam-vit-b-lora-r8-all-img512-51265aec,51265aecd96858feeead19cc47f9bd3dc0af3fa7d793582482a9287a153c3e25,cpu
real/real_img_02741.png,b82d1f6e36b3fc164ff30f4a162538c4c238fe7bba7edb25036660818ad539e8,original,,calibration,western-blot-02741,-1.6303188800811768,0.16378667950630188,original,0.5,detector-sam-vit-b-lora-r8-all-img512-51265aec,51265aecd96858feeead19cc47f9bd3dc0af3fa7d793582482a9287a153c3e25,cpu
real/real_img_02757.png,ba233282a9625b17740eb9f2caa006d751284e08f734057344244dc84d9035b4,original,,calibration,western-blot-02757,-1.3436946868896484,0.2069031447172165,original,0.5,detector-sam-vit-b-lora-r8-all-img512-51265aec,51265aecd96858feeead19cc47f9bd3dc0af3fa7d793582482a9287a153c3e25,cpu
real/real_img_02772.png,38e7d625695d152e61d8d21f3d134fd933d225c6f4238e8f464daf266bce70a9,original,,calibration,western-blot-02772,-1.748971700668335,0.14817693829536438,original,0.5,detector-sam-vit-b-lora-r8-all-img512-51265aec,51265aecd96858feeead19cc47f9bd3dc0af3fa7d793582482a9287a153c3e25,cpu
real/real_img_02783.png,f72adf6adfcd699f4bccb6d0956cec15ac6272f80613b11b1d97fa5cc4a848f9,original,,calibration,western-blot-02783,-1.7649915218353271,0.14616629481315613,original,0.5,detector-sam-vit-b-lora-r8-all-img512-51265aec,51265aecd96858feeead19cc47f9bd3dc0af3fa7d793582482a9287a153c3e25,cpu
real/real_img_02801.png,15d57ca1de878c0a2bba65b936889b0bdf0da78da29be7967b89cad969179415,original,,calibration,western-blot-02801,-2.553133487701416,0.07221625745296478,original,0.5,detector-sam-vit-b-lora-r8-all-img512-51265aec,51265aecd96858feeead19cc47f9bd3dc0af3fa7d793582482a9287a153c3e25,cpu
real/real_img_02802.png,a07002d6ab427a9dccc58fe18185a4677e122b9488249be5156465e22bc59220,original,,calibration,western-blot-02802,-2.2788071632385254,0.09289342164993286,original,0.5,detector-sam-vit-b-lora-r8-all-img512-51265aec,51265aecd96858feeead19cc47f9bd3dc0af3fa7d793582482a9287a153c3e25,cpu
real/real_img_02833.png,8d161ad64f1c4aab3c68ac0824ba691ac9a475033fd2108be413c745e8caef79,original,,calibration,western-blot-02833,-1.4972606897354126,0.1828344464302063,original,0.5,detector-sam-vit-b-lora-r8-all-img512-51265aec,51265aecd96858feeead19cc47f9bd3dc0af3fa7d793582482a9287a153c3e25,cpu
real/real_img_02872.png,06e42f0f53bfb63b9155e3ba01efb2d072af4d950967538e84029e7ebc1832e1,original,,calibration,western-blot-02872,-2.8719654083251953,0.05355693772435188,original,0.5,detector-sam-vit-b-lora-r8-all-img512-51265aec,51265aecd96858feeead19cc47f9bd3dc0af3fa7d793582482a9287a153c3e25,cpu
real/real_img_02885.png,0709d6dbc14e91464ecf1d5bcc5b63fc9fc93de0b8058b5692b7d299df13d69c,original,,calibration,western-blot-02885,-1.7787997722625732,0.14445139467716217,original,0.5,detector-sam-vit-b-lora-r8-all-img512-51265aec,51265aecd96858feeead19cc47f9bd3dc0af3fa7d793582482a9287a153c3e25,cpu
real/real_img_02889.png,819f7f21cc1b6f8e138734dda9467a57433ab62dd18fdd1040e918ae55f59435,original,,calibration,western-blot-02889,-2.5058939456939697,0.07544602453708649,original,0.5,detector-sam-vit-b-lora-r8-all-img512-51265aec,51265aecd96858feeead19cc47f9bd3dc0af3fa7d793582482a9287a153c3e25,cpu
real/real_img_02893.png,9e9e4e7abd5dc8c53471b7207369d24b39e4b5bff0a9ab2e58b8db60404ec679,original,,calibration,western-blot-02893,-2.349482536315918,0.08710691332817078,original,0.5,detector-sam-vit-b-lora-r8-all-img512-51265aec,51265aecd96858feeead19cc47f9bd3dc0af3fa7d793582482a9287a153c3e25,cpu
real/real_img_02898.png,7e0c52a755be39d6c241d683f65b7b409fc288b073a956b057044f10fbb2963f,original,,calibration,western-blot-02898,-3.8479292392730713,0.020878635346889496,original,0.5,detector-sam-vit-b-lora-r8-all-img512-51265aec,51265aecd96858feeead19cc47f9bd3dc0af3fa7d793582482a9287a153c3e25,cpu
real/real_img_02914.png,8991ab75dce371d7df42f91c9513a9e012e097ed2c3e16bc282ab1ef4c4d1696,original,,calibration,western-blot-02914,-2.7133560180664062,0.06218982860445976,original,0.5,detector-sam-vit-b-lora-r8-all-img512-51265aec,51265aecd96858feeead19cc47f9bd3dc0af3fa7d793582482a9287a153c3e25,cpu
real/real_img_02931.png,55c29f4d020c595653ce44e7d729d351338ccf7ab795ae963c4cdfb58b61ad72,original,,calibration,western-blot-02931,-3.238734722137451,0.037733808159828186,original,0.5,detector-sam-vit-b-lora-r8-all-img512-51265aec,51265aecd96858feeead19cc47f9bd3dc0af3fa7d793582482a9287a153c3e25,cpu
real/real_img_02932.png,dd7d9a9f3d4c0492ca76215773c43ca78bd6e73e7a067f82ce91765992c714d8,original,,calibration,western-blot-02932,-2.611173152923584,0.06842278689146042,original,0.5,detector-sam-vit-b-lora-r8-all-img512-51265aec,51265aecd96858feeead19cc47f9bd3dc0af3fa7d793582482a9287a153c3e25,cpu
real/real_img_02954.png,ff8556bb60a7da7f02b65cfba154e2714d1b83c2dcdba2736aeacfe34721ff12,original,,calibration,western-blot-02954,-1.0047321319580078,0.26801204681396484,original,0.5,detector-sam-vit-b-lora-r8-all-img512-51265aec,51265aecd96858feeead19cc47f9bd3dc0af3fa7d793582482a9287a153c3e25,cpu
real/real_img_02971.png,074ff3bf11374c685ff7eb5f0b379d6f7bfdbfadeb066179f6cba94bcdcb3c7e,original,,calibration,western-blot-02971,-1.917343258857727,0.12815812230110168,original,0.5,detector-sam-vit-b-lora-r8-all-img512-51265aec,51265aecd96858feeead19cc47f9bd3dc0af3fa7d793582482a9287a153c3e25,cpu
real/real_img_02972.png,15fd2d658cf1116a2553b80f857432d26e0a5baab954bab51ef93b18e74904b0,original,,calibration,western-blot-02972,-1.8382734060287476,0.13725562393665314,original,0.5,detector-sam-vit-b-lora-r8-all-img512-51265aec,51265aecd96858feeead19cc47f9bd3dc0af3fa7d793582482a9287a153c3e25,cpu
real/real_img_02989.png,d09f3be76c847dd6148007a898052667b3dcb56f30c0f8c60dbbab1202ed2205,original,,calibration,western-blot-02989,-2.047150135040283,0.11434066295623779,original,0.5,detector-sam-vit-b-lora-r8-all-img512-51265aec,51265aecd96858feeead19cc47f9bd3dc0af3fa7d793582482a9287a153c3e25,cpu
real/real_img_03008.png,fa22ccdd4a795c3c42efc71ec8d7046c950d4643d98247cc002e3f38d6034d58,original,,calibration,western-blot-03008,-2.838273525238037,0.05529065057635307,original,0.5,detector-sam-vit-b-lora-r8-all-img512-51265aec,51265aecd96858feeead19cc47f9bd3dc0af3fa7d793582482a9287a153c3e25,cpu
real/real_img_03061.png,fa16b69468ca8b64797f687f8d119cfc31ffa9621781d77fcf68624446ea3d85,original,,calibration,western-blot-03061,-3.6924946308135986,0.02430436760187149,original,0.5,detector-sam-vit-b-lora-r8-all-img512-51265aec,51265aecd96858feeead19cc47f9bd3dc0af3fa7d793582482a9287a153c3e25,cpu
real/real_img_03071.png,ffc4561ae8098df7571dbc3ed77beb9d8b8c33bd3eb83ba666211a8e7d9e1a11,original,,calibration,western-blot-03071,-1.7378690242767334,0.1495838165283203,original,0.5,detector-sam-vit-b-lora-r8-all-img512-51265aec,51265aecd96858feeead19cc47f9bd3dc0af3fa7d793582482a9287a153c3e25,cpu
real/real_img_03101.png,545766b20005b2c1a1d2592cc17b019b913066f422037d8e41d9fa04f6b5c537,original,,calibration,western-blot-03101,-1.5432244539260864,0.1760670244693756,original,0.5,detector-sam-vit-b-lora-r8-all-img512-51265aec,51265aecd96858feeead19cc47f9bd3dc0af3fa7d793582482a9287a153c3e25,cpu
real/real_img_03111.png,36e32d23d534837734afd194b21ebc9a3cee5f31379834b16cfa07e17da15796,original,,calibration,western-blot-03111,-2.168992042541504,0.10256978124380112,original,0.5,detector-sam-vit-b-lora-r8-all-img512-51265aec,51265aecd96858feeead19cc47f9bd3dc0af3fa7d793582482a9287a153c3e25,cpu
real/real_img_03139.png,ceeee6a5ca10a01a567b1d212c0b1fb475140b1d3838baf1c67fce5a5e9a6478,original,,calibration,western-blot-03139,-1.6339668035507202,0.1632876843214035,original,0.5,detector-sam-vit-b-lora-r8-all-img512-51265aec,51265aecd96858feeead19cc47f9bd3dc0af3fa7d793582482a9287a153c3e25,cpu
real/real_img_03143.png,8838a4b0934fe52281783404041200a6850a68a79538d53fc64ac216344d95b1,original,,calibration,western-blot-03143,-1.1929595470428467,0.23273003101348877,original,0.5,detector-sam-vit-b-lora-r8-all-img512-51265aec,51265aecd96858feeead19cc47f9bd3dc0af3fa7d793582482a9287a153c3e25,cpu
real/real_img_03144.png,291386ffd061380a53c5f71fd76f99ea0cec9c91647d83a1f0584676c5316a46,original,,calibration,western-blot-03144,-2.4528629779815674,0.079229436814785,original,0.5,detector-sam-vit-b-lora-r8-all-img512-51265aec,51265aecd96858feeead19cc47f9bd3dc0af3fa7d793582482a9287a153c3e25,cpu
real/real_img_03153.png,9cfade6fb0641f0c8a1a16285a6b79526da7d4c7d8c0d183caf9e130190825ef,original,,calibration,western-blot-03153,-2.127944231033325,0.10641030967235565,original,0.5,detector-sam-vit-b-lora-r8-all-img512-51265aec,51265aecd96858feeead19cc47f9bd3dc0af3fa7d793582482a9287a153c3e25,cpu
real/real_img_03184.png,99aada7036eff8ff1be975a333a3c47114f44a6fffce620d5f3b6cd57ee4a03b,original,,calibration,western-blot-03184,-2.436633825302124,0.08042149990797043,original,0.5,detector-sam-vit-b-lora-r8-all-img512-51265aec,51265aecd96858feeead19cc47f9bd3dc0af3fa7d793582482a9287a153c3e25,cpu
real/real_img_03187.png,fc18c4e65c405e81726b6fbdf5842a733c5e6883c092b529c1e0e2c24cfb1059,original,,calibration,western-blot-03187,-3.2583961486816406,0.03702635318040848,original,0.5,detector-sam-vit-b-lora-r8-all-img512-51265aec,51265aecd96858feeead19cc47f9bd3dc0af3fa7d793582482a9287a153c3e25,cpu
real/real_img_03199.png,1b50ba0951d85bcdeae173570981e63ec5931614eec328d54923159bc6fc39dd,original,,calibration,western-blot-03199,-1.836925745010376,0.13741528987884521,original,0.5,detector-sam-vit-b-lora-r8-all-img512-51265aec,51265aecd96858feeead19cc47f9bd3dc0af3fa7d793582482a9287a153c3e25,cpu
real/real_img_03208.png,cdafde6284a945e01f60a2f8f5f92eefa8ed142e816a417164989efe308b3982,original,,calibration,western-blot-03208,-2.1893515586853027,0.10071080178022385,original,0.5,detector-sam-vit-b-lora-r8-all-img512-51265aec,51265aecd96858feeead19cc47f9bd3dc0af3fa7d793582482a9287a153c3e25,cpu
real/real_img_03217.png,37ef7e85d354e3294cf9ec92ba50853a397917d7315111288ccfe62090db0b7f,original,,calibration,western-blot-03217,-3.3141841888427734,0.03508777916431427,original,0.5,detector-sam-vit-b-lora-r8-all-img512-51265aec,51265aecd96858feeead19cc47f9bd3dc0af3fa7d793582482a9287a153c3e25,cpu
real/real_img_03219.png,5b4e59d2aca00f82eab3826295c633c87484f4413c981542058b4adf3c9807a8,original,,calibration,western-blot-03219,-3.291144371032715,0.03587624058127403,original,0.5,detector-sam-vit-b-lora-r8-all-img512-51265aec,51265aecd96858feeead19cc47f9bd3dc0af3fa7d793582482a9287a153c3e25,cpu
real/real_img_03227.png,60caef30f6b98f4e901042f0dcf7c8e97ce613cc95be2efa1bc1a8c668cea6b7,original,,calibration,western-blot-03227,-1.9987244606018066,0.11933691799640656,original,0.5,detector-sam-vit-b-lora-r8-all-img512-51265aec,51265aecd96858feeead19cc47f9bd3dc0af3fa7d793582482a9287a153c3e25,cpu
real/real_img_03317.png,cdc5650f05e6bbb05e308b90be1c5a97eae3db52a8753c550066ae758547a332,original,,calibration,western-blot-03317,-2.362636089324951,0.08606661856174469,original,0.5,detector-sam-vit-b-lora-r8-all-img512-51265aec,51265aecd96858feeead19cc47f9bd3dc0af3fa7d793582482a9287a153c3e25,cpu
real/real_img_03322.png,17fb63a5734166173e29011e14464620fad0c0722243a8a596fb01c8dcfd0438,original,,calibration,western-blot-03322,-1.949118971824646,0.12464946508407593,original,0.5,detector-sam-vit-b-lora-r8-all-img512-51265aec,51265aecd96858feeead19cc47f9bd3dc0af3fa7d793582482a9287a153c3e25,cpu
real/real_img_03331.png,3c290a169a0785a238596cdff2b9f2691a0bdc2f9c7dbd8434e3a2d462f4e497,original,,calibration,western-blot-03331,-1.197263240814209,0.2319624423980713,original,0.5,detector-sam-vit-b-lora-r8-all-img512-51265aec,51265aecd96858feeead19cc47f9bd3dc0af3fa7d793582482a9287a153c3e25,cpu
real/real_img_03332.png,94cd3d80872ffc49b0cb779736157483740b56d1a3c0b4a53c357cb99a0aca79,original,,calibration,western-blot-03332,-1.5127614736557007,0.1805299073457718,original,0.5,detector-sam-vit-b-lora-r8-all-img512-51265aec,51265aecd96858feeead19cc47f9bd3dc0af3fa7d793582482a9287a153c3e25,cpu
real/real_img_03342.png,7dccbe85dd14e1a3d211ae43f89bfdf6776431c59017cc0f1dc0ca8ef796cec4,original,,calibration,western-blot-03342,-2.000217914581299,0.11918003857135773,original,0.5,detector-sam-vit-b-lora-r8-all-img512-51265aec,51265aecd96858feeead19cc47f9bd3dc0af3fa7d793582482a9287a153c3e25,cpu
real/real_img_03348.png,d404cd2dae864143e8ec315c8d2c966d03d5bd00690d274afd64d7afbe69a61d,original,,calibration,western-blot-03348,-0.37012094259262085,0.40851178765296936,original,0.5,detector-sam-vit-b-lora-r8-all-img512-51265aec,51265aecd96858feeead19cc47f9bd3dc0af3fa7d793582482a9287a153c3e25,cpu
real/real_img_03384.png,6267923f9ac0f5853056dce3693b746c8b08b32d525d0e640d94077b27c9395b,original,,calibration,western-blot-03384,-2.278641700744629,0.0929073616862297,original,0.5,detector-sam-vit-b-lora-r8-all-img512-51265aec,51265aecd96858feeead19cc47f9bd3dc0af3fa7d793582482a9287a153c3e25,cpu
real/real_img_03427.png,36c895f002f5c34af59a859c3b7f4037a50ee2003235f85b425ebf399f7e1d40,original,,calibration,western-blot-03427,-2.2060763835906982,0.09920614957809448,original,0.5,detector-sam-vit-b-lora-r8-all-img512-51265aec,51265aecd96858feeead19cc47f9bd3dc0af3fa7d793582482a9287a153c3e25,cpu
real/real_img_03451.png,7b7805f6dba0709efa3d3c00453241285196672fe08bb681c7defb3c4b54f41c,original,,calibration,western-blot-03451,-2.25089955329895,0.09527190029621124,original,0.5,detector-sam-vit-b-lora-r8-all-img512-51265aec,51265aecd96858feeead19cc47f9bd3dc0af3fa7d793582482a9287a153c3e25,cpu
real/real_img_03464.png,7402743514330f09c793a5565f6abb500c308270eab7d750f1edb2c6680fd3f3,original,,calibration,western-blot-03464,-3.7126150131225586,0.023831777274608612,original,0.5,detector-sam-vit-b-lora-r8-all-img512-51265aec,51265aecd96858feeead19cc47f9bd3dc0af3fa7d793582482a9287a153c3e25,cpu
real/real_img_03477.png,326f1abbb9fc07057edb784d1eb160c3f6b78628b249251e2f24d72cb5b07ad2,original,,calibration,western-blot-03477,-3.1303529739379883,0.04187244549393654,original,0.5,detector-sam-vit-b-lora-r8-all-img512-51265aec,51265aecd96858feeead19cc47f9bd3dc0af3fa7d793582482a9287a153c3e25,cpu
real/real_img_03480.png,42eb0448dfa6f7c415fd4a87ffd07b4e31f703ca0fb73a3c52fdca54a425e257,original,,calibration,western-blot-03480,-2.193077564239502,0.10037384927272797,original,0.5,detector-sam-vit-b-lora-r8-all-img512-51265aec,51265aecd96858feeead19cc47f9bd3dc0af3fa7d793582482a9287a153c3e25,cpu
real/real_img_03500.png,76f315c2e63a997752c6bd42128e90a19a09a5cc94c3905a69e69e12542b2e2c,original,,calibration,western-blot-03500,-2.3169453144073486,0.08972924947738647,original,0.5,detector-sam-vit-b-lora-r8-all-img512-51265aec,51265aecd96858feeead19cc47f9bd3dc0af3fa7d793582482a9287a153c3e25,cpu
real/real_img_03518.png,bc78543df3430248733d2a2f3ba69516040183f18fa7c4f366fb3186cba6effc,original,,calibration,western-blot-03518,-1.4123526811599731,0.1958632469177246,original,0.5,detector-sam-vit-b-lora-r8-all-img512-51265aec,51265aecd96858feeead19cc47f9bd3dc0af3fa7d793582482a9287a153c3e25,cpu
real/real_img_03520.png,4e52a4de34c811593e9678764954b8263c4536a9194414d92e6327ea288a274d,original,,calibration,western-blot-03520,-1.3973441123962402,0.19823789596557617,original,0.5,detector-sam-vit-b-lora-r8-all-img512-51265aec,51265aecd96858feeead19cc47f9bd3dc0af3fa7d793582482a9287a153c3e25,cpu
real/real_img_03525.png,533a280c2ada9b30c200a356ae7a23ae35773d0498c7a2d811bd2f3893d04978,original,,calibration,western-blot-03525,-1.4166346788406372,0.1951897144317627,original,0.5,detector-sam-vit-b-lora-r8-all-img512-51265aec,51265aecd96858feeead19cc47f9bd3dc0af3fa7d793582482a9287a153c3e25,cpu
real/real_img_03526.png,56cabbe91b82b36e8127f24e3092cd69e0b7f3ce6455a5857ba584b0c97883fd,original,,calibration,western-blot-03526,-1.404567837715149,0.19709226489067078,original,0.5,detector-sam-vit-b-lora-r8-all-img512-51265aec,51265aecd96858feeead19cc47f9bd3dc0af3fa7d793582482a9287a153c3e25,cpu
real/real_img_03560.png,9e3d8fbbedf4f0db0a31e0464a24d634ae49e8a78dc41503e4b5364c5a019b4a,original,,calibration,western-blot-03560,-1.8431075811386108,0.13668417930603027,original,0.5,detector-sam-vit-b-lora-r8-all-img512-51265aec,51265aecd96858feeead19cc47f9bd3dc0af3fa7d793582482a9287a153c3e25,cpu
real/real_img_03571.png,edc7b677d0301a0de4bb43f306c84810902241b4a23e13b8519089f82c00ebdc,original,,calibration,western-blot-03571,-1.592532753944397,0.16902786493301392,original,0.5,detector-sam-vit-b-lora-r8-all-img512-51265aec,51265aecd96858feeead19cc47f9bd3dc0af3fa7d793582482a9287a153c3e25,cpu
real/real_img_03592.png,06ccd9a929c2fbc609d32c704e5af7013c89767733e896b1ae18829ae3a52f77,original,,calibration,western-blot-03592,-1.871264934539795,0.13339543342590332,original,0.5,detector-sam-vit-b-lora-r8-all-img512-51265aec,51265aecd96858feeead19cc47f9bd3dc0af3fa7d793582482a9287a153c3e25,cpu
real/real_img_03593.png,e85112537cb36711d796d45d4773412d4b947a6727df4c1de40c9b038055f27e,original,,calibration,western-blot-03593,-1.594521164894104,0.16874875128269196,original,0.5,detector-sam-vit-b-lora-r8-all-img512-51265aec,51265aecd96858feeead19cc47f9bd3dc0af3fa7d793582482a9287a153c3e25,cpu
real/real_img_03596.png,28db69f7106e9fca525ce0174570892d10e9aadd6fe424a9e0bd796b6b314f45,original,,calibration,western-blot-03596,-1.3988431692123413,0.1979997456073761,original,0.5,detector-sam-vit-b-lora-r8-all-img512-51265aec,51265aecd96858feeead19cc47f9bd3dc0af3fa7d793582482a9287a153c3e25,cpu
real/real_img_03597.png,1ef4bb9e5bbadf60f0498a1ce7aa9c9b305c129e8a2672431d2525548d564a49,original,,calibration,western-blot-03597,-2.6604881286621094,0.06534551084041595,original,0.5,detector-sam-vit-b-lora-r8-all-img512-51265aec,51265aecd96858feeead19cc47f9bd3dc0af3fa7d793582482a9287a153c3e25,cpu
real/real_img_03613.png,b627c29e922440ba1caac5cf95ac60c11bf787314cd5ed967fab3341550733d8,original,,calibration,western-blot-03613,-1.7916616201400757,0.14286912977695465,original,0.5,detector-sam-vit-b-lora-r8-all-img512-51265aec,51265aecd96858feeead19cc47f9bd3dc0af3fa7d793582482a9287a153c3e25,cpu
real/real_img_03617.png,07d6eae36fa9b7b89f8327d7f4e89671bf5cbca81af270c52c273b1fdaeafa61,original,,calibration,western-blot-03617,-1.6492998600006104,0.16120359301567078,original,0.5,detector-sam-vit-b-lora-r8-all-img512-51265aec,51265aecd96858feeead19cc47f9bd3dc0af3fa7d793582482a9287a153c3e25,cpu
real/real_img_03631.png,6411a1e23fb07213155f02191e91d2cec8764add1df328f55e72e99c683fa7a4,original,,calibration,western-blot-03631,-1.3239599466323853,0.21016021072864532,original,0.5,detector-sam-vit-b-lora-r8-all-img512-51265aec,51265aecd96858feeead19cc47f9bd3dc0af3fa7d793582482a9287a153c3e25,cpu
real/real_img_03667.png,c7d143b11cc847930952d13d21f1b193f1f3a2d995896d07d29290d2ebb58761,original,,calibration,western-blot-03667,-1.2479091882705688,0.22306226193904877,original,0.5,detector-sam-vit-b-lora-r8-all-img512-51265aec,51265aecd96858feeead19cc47f9bd3dc0af3fa7d793582482a9287a153c3e25,cpu
real/real_img_03745.png,cef7855ffe22fa186a3c9d95e813ba2ef150b19060dbc6fad89a1d2a5a7b3081,original,,calibration,western-blot-03745,-1.9895179271697998,0.12030787765979767,original,0.5,detector-sam-vit-b-lora-r8-all-img512-51265aec,51265aecd96858feeead19cc47f9bd3dc0af3fa7d793582482a9287a153c3e25,cpu
real/real_img_03756.png,762f4d166e8ea878d8aaed408bbed2f653e2a2320e7deda3aca1cdb65584ead2,original,,calibration,western-blot-03756,-1.9503965377807617,0.12451013177633286,original,0.5,detector-sam-vit-b-lora-r8-all-img512-51265aec,51265aecd96858feeead19cc47f9bd3dc0af3fa7d793582482a9287a153c3e25,cpu
real/real_img_03777.png,1c3259f3f5f98a9e8bdd05d0ca3da87281fa95dbf521141f393e557039db2934,original,,calibration,western-blot-03777,-1.4269388914108276,0.19357608258724213,original,0.5,detector-sam-vit-b-lora-r8-all-img512-51265aec,51265aecd96858feeead19cc47f9bd3dc0af3fa7d793582482a9287a153c3e25,cpu
real/real_img_03779.png,2361e73c594789e24017255d9bb8135e6460021a22525b9d2369f18a7ba2972d,original,,calibration,western-blot-03779,-2.2050299644470215,0.09929970651865005,original,0.5,detector-sam-vit-b-lora-r8-all-img512-51265aec,51265aecd96858feeead19cc47f9bd3dc0af3fa7d793582482a9287a153c3e25,cpu
real/real_img_03782.png,c22bc2d4ed4770a4aa94d2c1c8e475951abb20e11235513d8573c8523e99ad10,original,,calibration,western-blot-03782,-1.2873018980026245,0.21630984544754028,original,0.5,detector-sam-vit-b-lora-r8-all-img512-51265aec,51265aecd96858feeead19cc47f9bd3dc0af3fa7d793582482a9287a153c3e25,cpu
real/real_img_03793.png,f1f27844ddac3a7119bdd4bec368ba6da7c1e5876363dbfbd62af33a32f2ea97,original,,calibration,western-blot-03793,-2.1489124298095703,0.10443289577960968,original,0.5,detector-sam-vit-b-lora-r8-all-img512-51265aec,51265aecd96858feeead19cc47f9bd3dc0af3fa7d793582482a9287a153c3e25,cpu
real/real_img_03794.png,661b0a6e23b9aae6e2a2aa01ec62d40ef46a57b6d1139cf21afee6724a4be8af,original,,calibration,western-blot-03794,-1.9220112562179565,0.12763744592666626,original,0.5,detector-sam-vit-b-lora-r8-all-img512-51265aec,51265aecd96858feeead19cc47f9bd3dc0af3fa7d793582482a9287a153c3e25,cpu
real/real_img_03852.png,1e29319e799338568b8528e5a10a7eae4feaafdce1d2490dfe899deaeae158c8,original,,calibration,western-blot-03852,-2.1928210258483887,0.1003970205783844,original,0.5,detector-sam-vit-b-lora-r8-all-img512-51265aec,51265aecd96858feeead19cc47f9bd3dc0af3fa7d793582482a9287a153c3e25,cpu
real/real_img_03863.png,05f6f4b4060d7c778d28d369b6e823ceb778f07f4b811fefe74ab5b722b83cb9,original,,calibration,western-blot-03863,-2.376033306121826,0.08501862734556198,original,0.5,detector-sam-vit-b-lora-r8-all-img512-51265aec,51265aecd96858feeead19cc47f9bd3dc0af3fa7d793582482a9287a153c3e25,cpu
real/real_img_03869.png,6df7dffb5876269575b1be45bec0b126dc743baf083c73a3d0ba22a2ddf841fd,original,,calibration,western-blot-03869,-1.1629770994186401,0.238126739859581,original,0.5,detector-sam-vit-b-lora-r8-all-img512-51265aec,51265aecd96858feeead19cc47f9bd3dc0af3fa7d793582482a9287a153c3e25,cpu
real/real_img_03883.png,57b46dde0cede5fdcfb1a0e66fb34b85f159a5909f48ccb4acb41da43889e474,original,,calibration,western-blot-03883,-1.313538908958435,0.21189525723457336,original,0.5,detector-sam-vit-b-lora-r8-all-img512-51265aec,51265aecd96858feeead19cc47f9bd3dc0af3fa7d793582482a9287a153c3e25,cpu
real/real_img_03889.png,5ee28eab630fb18aea59fd89e319c53db3d73b510aae9f34b087b8bb31a16974,original,,calibration,western-blot-03889,-2.172428846359253,0.10225386172533035,original,0.5,detector-sam-vit-b-lora-r8-all-img512-51265aec,51265aecd96858feeead19cc47f9bd3dc0af3fa7d793582482a9287a153c3e25,cpu
real/real_img_03896.png,49c6f6b0af6c074affe8a8de05afd6edd84706653d428a40cc5190b52dda0f5d,original,,calibration,western-blot-03896,-1.4387849569320679,0.19173358380794525,original,0.5,detector-sam-vit-b-lora-r8-all-img512-51265aec,51265aecd96858feeead19cc47f9bd3dc0af3fa7d793582482a9287a153c3e25,cpu
real/real_img_03903.png,59893cfb8fb9ff42dbf1aba7dbf5f751acb557daac64975a84005464778aaed6,original,,calibration,western-blot-03903,-2.0701708793640137,0.112030029296875,original,0.5,detector-sam-vit-b-lora-r8-all-img512-51265aec,51265aecd96858feeead19cc47f9bd3dc0af3fa7d793582482a9287a153c3e25,cpu
real/real_img_03904.png,09afbebe580713ed4d6146f4502ffb58e17759deb57e619f700bb5613b6fde7b,original,,calibration,western-blot-03904,-2.474381923675537,0.07767373323440552,original,0.5,detector-sam-vit-b-lora-r8-all-img512-51265aec,51265aecd96858feeead19cc47f9bd3dc0af3fa7d793582482a9287a153c3e25,cpu
real/real_img_03908.png,2514fac203e0892be1dcd83bbb364993e67dbacad4dfa1c34074fee76e4ca9a1,original,,calibration,western-blot-03908,-2.694643259048462,0.06329018622636795,original,0.5,detector-sam-vit-b-lora-r8-all-img512-51265aec,51265aecd96858feeead19cc47f9bd3dc0af3fa7d793582482a9287a153c3e25,cpu
real/real_img_03909.png,c0ea6cc74e7330caefa8defbf58bd296852ae8d83258133b857514bb4c0ffab7,original,,calibration,western-blot-03909,-1.7150847911834717,0.15250536799430847,original,0.5,detector-sam-vit-b-lora-r8-all-img512-51265aec,51265aecd96858feeead19cc47f9bd3dc0af3fa7d793582482a9287a153c3e25,cpu
real/real_img_03916.png,49555f88044bee178816c72dfe81ef11bb3a43137eebb84570a9c01605129054,original,,calibration,western-blot-03916,-2.85410737991333,0.05446938797831535,original,0.5,detector-sam-vit-b-lora-r8-all-img512-51265aec,51265aecd96858feeead19cc47f9bd3dc0af3fa7d793582482a9287a153c3e25,cpu
real/real_img_03921.png,ed7f1514d3f033ebe218170369cc17be0f784ad2c0652e908dba236f0b69be16,original,,calibration,western-blot-03921,-2.2637836933135986,0.09416712820529938,original,0.5,detector-sam-vit-b-lora-r8-all-img512-51265aec,51265aecd96858feeead19cc47f9bd3dc0af3fa7d793582482a9287a153c3e25,cpu
real/real_img_03932.png,dc8b7a7407292737707cbb5152f8e2b33a16292c8b0f7a5a931f0d43efed4400,original,,calibration,western-blot-03932,-2.356095790863037,0.08658246695995331,original,0.5,detector-sam-vit-b-lora-r8-all-img512-51265aec,51265aecd96858feeead19cc47f9bd3dc0af3fa7d793582482a9287a153c3e25,cpu
real/real_img_03938.png,49942098957f067f381d25533e8373378fca93b21eff92a64b842f5b57728cf5,original,,calibration,western-blot-03938,-2.203505277633667,0.09943614900112152,original,0.5,detector-sam-vit-b-lora-r8-all-img512-51265aec,51265aecd96858feeead19cc47f9bd3dc0af3fa7d793582482a9287a153c3e25,cpu
real/real_img_03967.png,619eae8e3d51822bf437850828ff392bd25b1d30787fd1b0deaaa38643c680b5,original,,calibration,western-blot-03967,-2.800992965698242,0.05727054178714752,original,0.5,detector-sam-vit-b-lora-r8-all-img512-51265aec,51265aecd96858feeead19cc47f9bd3dc0af3fa7d793582482a9287a153c3e25,cpu
real/real_img_03969.png,90c03af09800b3e7700bbe22977480a654765fe1b21736530e8584a9774487ca,original,,calibration,western-blot-03969,-2.622837543487549,0.06768301874399185,original,0.5,detector-sam-vit-b-lora-r8-all-img512-51265aec,51265aecd96858feeead19cc47f9bd3dc0af3fa7d793582482a9287a153c3e25,cpu
real/real_img_03993.png,51f2f1ee14761b3503069aeb700e988ec38b2839e8aee5674183b0f3a01becd1,original,,calibration,western-blot-03993,-2.7383246421813965,0.06074943020939827,original,0.5,detector-sam-vit-b-lora-r8-all-img512-51265aec,51265aecd96858feeead19cc47f9bd3dc0af3fa7d793582482a9287a153c3e25,cpu
real/real_img_03994.png,67b59b98c06765b389972e7ae2f5f8eae45efb50fba6bbc65b6c910af5d9dbcd,original,,calibration,western-blot-03994,-2.5032413005828857,0.0756312683224678,original,0.5,detector-sam-vit-b-lora-r8-all-img512-51265aec,51265aecd96858feeead19cc47f9bd3dc0af3fa7d793582482a9287a153c3e25,cpu
real/real_img_03995.png,6135faf4cdd8c7e594b1e6c5b73e956e9e4b43fb6efbbda81c13bbf3f440c555,original,,calibration,western-blot-03995,-1.9438258409500122,0.125228151679039,original,0.5,detector-sam-vit-b-lora-r8-all-img512-51265aec,51265aecd96858feeead19cc47f9bd3dc0af3fa7d793582482a9287a153c3e25,cpu
real/real_img_03996.png,42a83c7776097216db7b7eb851d800c4b7dc9a0bee1915277a1fa9be40b9391a,original,,calibration,western-blot-03996,-2.3609843254089355,0.08619663119316101,original,0.5,detector-sam-vit-b-lora-r8-all-img512-51265aec,51265aecd96858feeead19cc47f9bd3dc0af3fa7d793582482a9287a153c3e25,cpu
real/real_img_04005.png,6e3ceca5cb3153dd136db48e57f36f3146c3d14f28a21a064f411d2ceec72b5e,original,,calibration,western-blot-04005,-1.7033014297485352,0.1540345698595047,original,0.5,detector-sam-vit-b-lora-r8-all-img512-51265aec,51265aecd96858feeead19cc47f9bd3dc0af3fa7d793582482a9287a153c3e25,cpu
real/real_img_04017.png,9c1b8e33baa2923d6b42100adec785b5aaaa348636df69036c6ba617ec3bdfa2,original,,calibration,western-blot-04017,-1.694501280784607,0.155184805393219,original,0.5,detector-sam-vit-b-lora-r8-all-img512-51265aec,51265aecd96858feeead19cc47f9bd3dc0af3fa7d793582482a9287a153c3e25,cpu
real/real_img_04023.png,a3df0e766d43e8cfa82607b2fd527ed1285edcc65eb6ec94a6daec8eb44e185d,original,,calibration,western-blot-04023,-2.333103656768799,0.08841818571090698,original,0.5,detector-sam-vit-b-lora-r8-all-img512-51265aec,51265aecd96858feeead19cc47f9bd3dc0af3fa7d793582482a9287a153c3e25,cpu
real/real_img_04031.png,8c023d7d09d65d6435442a92a0f7d0cc038a6ae68b737f67135bb64a0f6065f9,original,,calibration,western-blot-04031,-1.5681321620941162,0.17248283326625824,original,0.5,detector-sam-vit-b-lora-r8-all-img512-51265aec,51265aecd96858feeead19cc47f9bd3dc0af3fa7d793582482a9287a153c3e25,cpu
real/real_img_04036.png,2363a3ad88d1f4d913ab8f6745ed446259d839d3c3bf15fc98a078e226e0cd06,original,,calibration,western-blot-04036,-2.211075782775879,0.09876027703285217,original,0.5,detector-sam-vit-b-lora-r8-all-img512-51265aec,51265aecd96858feeead19cc47f9bd3dc0af3fa7d793582482a9287a153c3e25,cpu
real/real_img_04046.png,e42b300fa69feea35b14c7c31790bc4647fc168b8f362254bab2fd436f2a2466,original,,calibration,western-blot-04046,-1.4588578939437866,0.18864206969738007,original,0.5,detector-sam-vit-b-lora-r8-all-img512-51265aec,51265aecd96858feeead19cc47f9bd3dc0af3fa7d793582482a9287a153c3e25,cpu
real/real_img_04051.png,8d2f1528609c55334791339d250cf52c3e962f8e39a4e2dbee86ac9d166e922e,original,,calibration,western-blot-04051,-2.306955575942993,0.09054853767156601,original,0.5,detector-sam-vit-b-lora-r8-all-img512-51265aec,51265aecd96858feeead19cc47f9bd3dc0af3fa7d793582482a9287a153c3e25,cpu
real/real_img_04052.png,121ed86027dc49e2438ec0f14787503c5be33e444bc3826cd7c252c041765d00,original,,calibration,western-blot-04052,-2.79949951171875,0.05735122784972191,original,0.5,detector-sam-vit-b-lora-r8-all-img512-51265aec,51265aecd96858feeead19cc47f9bd3dc0af3fa7d793582482a9287a153c3e25,cpu
real/real_img_04063.png,a101443b735279f6150fe839e931a1938e271c0e4f37cec1a80f88ad378a431f,original,,calibration,western-blot-04063,-4.301970958709717,0.01336091011762619,original,0.5,detector-sam-vit-b-lora-r8-all-img512-51265aec,51265aecd96858feeead19cc47f9bd3dc0af3fa7d793582482a9287a153c3e25,cpu
real/real_img_04071.png,a34b585f611ec67e385ca7990bb5dec582bc4f9a730471bbaa27e6cf8ab46f92,original,,calibration,western-blot-04071,-1.3412046432495117,0.20731203258037567,original,0.5,detector-sam-vit-b-lora-r8-all-img512-51265aec,51265aecd96858feeead19cc47f9bd3dc0af3fa7d793582482a9287a153c3e25,cpu
real/real_img_04073.png,73825fefadbb41466e95bf5b4a1f2bb8cf6fc40756950197f5c0567c50e5da8f,original,,calibration,western-blot-04073,-4.886058330535889,0.007494536228477955,original,0.5,detector-sam-vit-b-lora-r8-all-img512-51265aec,51265aecd96858feeead19cc47f9bd3dc0af3fa7d793582482a9287a153c3e25,cpu
real/real_img_04119.png,7b5d16da93f2afde1ceca65d65fe526f5bc8c22be5edfcce55861a10f8deb5d6,original,,calibration,western-blot-04119,-6.035196304321289,0.0023873138707131147,original,0.5,detector-sam-vit-b-lora-r8-all-img512-51265aec,51265aecd96858feeead19cc47f9bd3dc0af3fa7d793582482a9287a153c3e25,cpu
real/real_img_04135.png,f91060dee525ed0ea1e3416371acd6b24280e2371c8685980623562d27a2b494,original,,calibration,western-blot-04135,-8.691056251525879,0.00016805414634291083,original,0.5,detector-sam-vit-b-lora-r8-all-img512-51265aec,51265aecd96858feeead19cc47f9bd3dc0af3fa7d793582482a9287a153c3e25,cpu
real/real_img_04142.png,1f853f7f1773c3c39469e0da87a41b63caab73c89af47846042273fdc256dfc2,original,,calibration,western-blot-04142,-3.143404960632324,0.04135192930698395,original,0.5,detector-sam-vit-b-lora-r8-all-img512-51265aec,51265aecd96858feeead19cc47f9bd3dc0af3fa7d793582482a9287a153c3e25,cpu
real/real_img_04167.png,009f77f08b5b3ad0327e36fc83a2c6e571ca55248d05cbb2112231eb0534e5f5,original,,calibration,western-blot-04167,-2.2091779708862305,0.09892933070659637,original,0.5,detector-sam-vit-b-lora-r8-all-img512-51265aec,51265aecd96858feeead19cc47f9bd3dc0af3fa7d793582482a9287a153c3e25,cpu
real/real_img_04171.png,85defae74c9c694aded1ffa18774bdae7d632dc7ef0ed7c60254264eed554dda,original,,calibration,western-blot-04171,-0.5627884268760681,0.36290252208709717,original,0.5,detector-sam-vit-b-lora-r8-all-img512-51265aec,51265aecd96858feeead19cc47f9bd3dc0af3fa7d793582482a9287a153c3e25,cpu
real/real_img_04181.png,4851d6af11613b9d5ea77ecd1e302c4f6db39b28300e51231f12aaa9a2261723,original,,calibration,western-blot-04181,-1.4406973123550415,0.19143739342689514,original,0.5,detector-sam-vit-b-lora-r8-all-img512-51265aec,51265aecd96858feeead19cc47f9bd3dc0af3fa7d793582482a9287a153c3e25,cpu
real/real_img_04187.png,6c7731f656e3ebf79105cc60fbfcf47f4ef109e82002493ec01fae98d9c5ee24,original,,calibration,western-blot-04187,-2.942683219909668,0.0500834621489048,original,0.5,detector-sam-vit-b-lora-r8-all-img512-51265aec,51265aecd96858feeead19cc47f9bd3dc0af3fa7d793582482a9287a153c3e25,cpu
real/real_img_04202.png,a14bbce3323144491d4a3820443c21d18955eae6e83c6ebec111b33ebc18afb9,original,,calibration,western-blot-04202,-3.63694167137146,0.025657132267951965,original,0.5,detector-sam-vit-b-lora-r8-all-img512-51265aec,51265aecd96858feeead19cc47f9bd3dc0af3fa7d793582482a9287a153c3e25,cpu
real/real_img_04209.png,8d6575f8c7152f28023c0b3846a38f458d73526be90a81db8901caddabe59fb1,original,,calibration,western-blot-04209,-2.5785458087921143,0.07053200155496597,original,0.5,detector-sam-vit-b-lora-r8-all-img512-51265aec,51265aecd96858feeead19cc47f9bd3dc0af3fa7d793582482a9287a153c3e25,cpu
real/real_img_04213.png,288f2a9a13b8648c368466c28a75fdce74c63b58754edb90a0f79f1a3d9c4c3a,original,,calibration,western-blot-04213,-2.479340076446533,0.07731926441192627,original,0.5,detector-sam-vit-b-lora-r8-all-img512-51265aec,51265aecd96858feeead19cc47f9bd3dc0af3fa7d793582482a9287a153c3e25,cpu
real/real_img_04216.png,09b27b9c650f763f0effea6e0feea654741ef112923e3c229428ed69dfe5cab8,original,,calibration,western-blot-04216,-2.6700706481933594,0.06476268917322159,original,0.5,detector-sam-vit-b-lora-r8-all-img512-51265aec,51265aecd96858feeead19cc47f9bd3dc0af3fa7d793582482a9287a153c3e25,cpu
real/real_img_04244.png,6684fc5cac16867b7af6ed263b0fcc0ef3892ee39d553ea444d8a139c06c01f4,original,,calibration,western-blot-04244,-4.069775581359863,0.016794353723526,original,0.5,detector-sam-vit-b-lora-r8-all-img512-51265aec,51265aecd96858feeead19cc47f9bd3dc0af3fa7d793582482a9287a153c3e25,cpu
real/real_img_04260.png,43fe673d2917eaff6e590142428fcd2714d80d7befd4f6771c25b1714cdf81fc,original,,calibration,western-blot-04260,-1.1059019565582275,0.2486356794834137,original,0.5,detector-sam-vit-b-lora-r8-all-img512-51265aec,51265aecd96858feeead19cc47f9bd3dc0af3fa7d793582482a9287a153c3e25,cpu
real/real_img_04265.png,cad5a8ed7f8092ec85a0b15ec111f7d228c7c01f05e5cf3418a96cef0f8dc700,original,,calibration,western-blot-04265,-2.764787197113037,0.059256941080093384,original,0.5,detector-sam-vit-b-lora-r8-all-img512-51265aec,51265aecd96858feeead19cc47f9bd3dc0af3fa7d793582482a9287a153c3e25,cpu
real/real_img_04278.png,a8973e1712fbc8b32ed310586c2d7f581334e9b9a9376c31134495c4b99c1a64,original,,calibration,western-blot-04278,-0.5050451755523682,0.37635576725006104,original,0.5,detector-sam-vit-b-lora-r8-all-img512-51265aec,51265aecd96858feeead19cc47f9bd3dc0af3fa7d793582482a9287a153c3e25,cpu
real/real_img_04288.png,f64efbb0a01ca9b1b71238953507b6efd9e9b6561a73285307245c9e34e0e982,original,,calibration,western-blot-04288,-0.7214309573173523,0.3270779550075531,original,0.5,detector-sam-vit-b-lora-r8-all-img512-51265aec,51265aecd96858feeead19cc47f9bd3dc0af3fa7d793582482a9287a153c3e25,cpu
real/real_img_04292.png,f0b269a61b7bde3acd60dc394f3f97aca269839739af5e36f7ffb5e20de33a48,original,,calibration,western-blot-04292,-1.461887240409851,0.18817885220050812,original,0.5,detector-sam-vit-b-lora-r8-all-img512-51265aec,51265aecd96858feeead19cc47f9bd3dc0af3fa7d793582482a9287a153c3e25,cpu
real/real_img_04300.png,2e44bdd092c2cb3575a9a0ae3085bf4ecc2273823df7e7e90a6d44dec2e25118,original,,calibration,western-blot-04300,-1.521956205368042,0.17917363345623016,original,0.5,detector-sam-vit-b-lora-r8-all-img512-51265aec,51265aecd96858feeead19cc47f9bd3dc0af3fa7d793582482a9287a153c3e25,cpu
real/real_img_04307.png,882b00c26d71e51a08b99468fbaeb2904c7ac5ba308aae438f8e2a998afbe13d,original,,calibration,western-blot-04307,-3.261744976043701,0.0369071364402771,original,0.5,detector-sam-vit-b-lora-r8-all-img512-51265aec,51265aecd96858feeead19cc47f9bd3dc0af3fa7d793582482a9287a153c3e25,cpu
real/real_img_04309.png,ecd598e7b1a16e1dae44b8e0004a64024f1bacc24745223c680eea53ad7dd2c5,original,,calibration,western-blot-04309,-1.4565987586975098,0.1889880895614624,original,0.5,detector-sam-vit-b-lora-r8-all-img512-51265aec,51265aecd96858feeead19cc47f9bd3dc0af3fa7d793582482a9287a153c3e25,cpu
real/real_img_04315.png,a9cad7413dc0cb8bea711e2087c2d31902ad5ab94cb295323882efed0b595499,original,,calibration,western-blot-04315,-1.041337490081787,0.26089200377464294,original,0.5,detector-sam-vit-b-lora-r8-all-img512-51265aec,51265aecd96858feeead19cc47f9bd3dc0af3fa7d793582482a9287a153c3e25,cpu
real/real_img_04317.png,9d6c9eb8d68b3ea75f41ea9f99cbb1bd68fa16404087df8c6cc0ccd046e91910,original,,calibration,western-blot-04317,-1.4802165031433105,0.18539471924304962,original,0.5,detector-sam-vit-b-lora-r8-all-img512-51265aec,51265aecd96858feeead19cc47f9bd3dc0af3fa7d793582482a9287a153c3e25,cpu
real/real_img_04324.png,c7f7cf22bc8c146febcb516565db199caf974cb5f61b76eeb75e5b30c4fe85ce,original,,calibration,western-blot-04324,-1.9171305894851685,0.12818188965320587,original,0.5,detector-sam-vit-b-lora-r8-all-img512-51265aec,51265aecd96858feeead19cc47f9bd3dc0af3fa7d793582482a9287a153c3e25,cpu
real/real_img_04329.png,75aaf50e42914c3cc4f10334e8ca5649b33c81bef28972f3307af6eb16eb64ce,original,,calibration,western-blot-04329,-0.7420923113822937,0.3225467801094055,original,0.5,detector-sam-vit-b-lora-r8-all-img512-51265aec,51265aecd96858feeead19cc47f9bd3dc0af3fa7d793582482a9287a153c3e25,cpu
real/real_img_04360.png,88f38dd5bed40d4e17154ed6427f32f19f19754c06f03b24800ca2a9a6717988,original,,calibration,western-blot-04360,-4.776556968688965,0.008354569785296917,original,0.5,detector-sam-vit-b-lora-r8-all-img512-51265aec,51265aecd96858feeead19cc47f9bd3dc0af3fa7d793582482a9287a153c3e25,cpu
real/real_img_04372.png,f9f57716c1ad0989049c3021b057bbe7af04b968b9eae74843e614b57942db4f,original,,calibration,western-blot-04372,-1.933513879776001,0.1263621598482132,original,0.5,detector-sam-vit-b-lora-r8-all-img512-51265aec,51265aecd96858feeead19cc47f9bd3dc0af3fa7d793582482a9287a153c3e25,cpu
real/real_img_04376.png,b7102c382ad4718c9c8c445077a8c0e2a9bbced75e76bcea1415ca579359dab7,original,,calibration,western-blot-04376,-5.633131980895996,0.0035646017640829086,original,0.5,detector-sam-vit-b-lora-r8-all-img512-51265aec,51265aecd96858feeead19cc47f9bd3dc0af3fa7d793582482a9287a153c3e25,cpu
real/real_img_04377.png,7980674f970bf8f3776aa87ca33a0e81d4b98cd89534312623b1c23eacbcdc63,original,,calibration,western-blot-04377,-5.015536308288574,0.006590352393686771,original,0.5,detector-sam-vit-b-lora-r8-all-img512-51265aec,51265aecd96858feeead19cc47f9bd3dc0af3fa7d793582482a9287a153c3e25,cpu
real/real_img_04395.png,0e20b5389d0283db626bfea067f39c303620e98cefa9469f905d344476961f1b,original,,calibration,western-blot-04395,-1.7332230806350708,0.1501757800579071,original,0.5,detector-sam-vit-b-lora-r8-all-img512-51265aec,51265aecd96858feeead19cc47f9bd3dc0af3fa7d793582482a9287a153c3e25,cpu
real/real_img_04400.png,caaa8c2748db1128d82ec6751f31ed6c449833e904fce87f5bbed204982b701e,original,,calibration,western-blot-04400,0.028839098289608955,0.507209300994873,generated,0.5,detector-sam-vit-b-lora-r8-all-img512-51265aec,51265aecd96858feeead19cc47f9bd3dc0af3fa7d793582482a9287a153c3e25,cpu
real/real_img_04401.png,b556c2ced019bd712693ffd6ce7dbee640a1ffe09f307608206a6b3e9ae4d596,original,,calibration,western-blot-04401,-1.3929721117019653,0.1989337056875229,original,0.5,detector-sam-vit-b-lora-r8-all-img512-51265aec,51265aecd96858feeead19cc47f9bd3dc0af3fa7d793582482a9287a153c3e25,cpu
real/real_img_04423.png,38317dc858f59862d4dce4db03c46c4166a67fa339bed81493e8d870fcf071b1,original,,calibration,western-blot-04423,-0.8156338930130005,0.3066912591457367,original,0.5,detector-sam-vit-b-lora-r8-all-img512-51265aec,51265aecd96858feeead19cc47f9bd3dc0af3fa7d793582482a9287a153c3e25,cpu
real/real_img_04433.png,8438f0d8b7734bb9ea0bf0cdb376a38d9351dbc10f7a187e3bf8b1e2cd78fd42,original,,calibration,western-blot-04433,-0.5900205969810486,0.3566301167011261,original,0.5,detector-sam-vit-b-lora-r8-all-img512-51265aec,51265aecd96858feeead19cc47f9bd3dc0af3fa7d793582482a9287a153c3e25,cpu
real/real_img_04434.png,5934b27aef465f34a0efdb3b236827b479e91faff47a6443cf3c2c9ef3cf7c57,original,,calibration,western-blot-04434,0.9761407971382141,0.7263417840003967,generated,0.5,detector-sam-vit-b-lora-r8-all-img512-51265aec,51265aecd96858feeead19cc47f9bd3dc0af3fa7d793582482a9287a153c3e25,cpu
real/real_img_04456.png,d61ea426779f4b8a2b11f850d7c2d772e8744f8aaddd2a836329da8485180e95,original,,calibration,western-blot-04456,-2.5733485221862793,0.07087348401546478,original,0.5,detector-sam-vit-b-lora-r8-all-img512-51265aec,51265aecd96858feeead19cc47f9bd3dc0af3fa7d793582482a9287a153c3e25,cpu
real/real_img_04462.png,5b5174fe3ece7fc6d9fc681320c2445d3deedb7495b93f3c6cded8236ea092a9,original,,calibration,western-blot-04462,-2.401632308959961,0.08304830640554428,original,0.5,detector-sam-vit-b-lora-r8-all-img512-51265aec,51265aecd96858feeead19cc47f9bd3dc0af3fa7d793582482a9287a153c3e25,cpu
real/real_img_04475.png,b9ad868ea189bde33f32415d8e20a71c9c6bc537767ae12f03471925d7bfb90d,original,,calibration,western-blot-04475,-0.927801787853241,0.28337088227272034,original,0.5,detector-sam-vit-b-lora-r8-all-img512-51265aec,51265aecd96858feeead19cc47f9bd3dc0af3fa7d793582482a9287a153c3e25,cpu
real/real_img_04477.png,b714140cc867f4bca91aac6fc7a107b4b69c36d849636f7e55580d74cae3ee64,original,,calibration,western-blot-04477,-4.450109481811523,0.011542502790689468,original,0.5,detector-sam-vit-b-lora-r8-all-img512-51265aec,51265aecd96858feeead19cc47f9bd3dc0af3fa7d793582482a9287a153c3e25,cpu
real/real_img_04496.png,48ea2fe83de113588acb268ca68ebbd7f524ce54496fe4f7b7f6efa0c1531631,original,,calibration,western-blot-04496,-1.867010474205017,0.13388802111148834,original,0.5,detector-sam-vit-b-lora-r8-all-img512-51265aec,51265aecd96858feeead19cc47f9bd3dc0af3fa7d793582482a9287a153c3e25,cpu
real/real_img_04508.png,d0486470b4811fdb0986354a55afa820276691d87621162ee3d5fca8d47ea783,original,,calibration,western-blot-04508,-2.20552921295166,0.09925505518913269,original,0.5,detector-sam-vit-b-lora-r8-all-img512-51265aec,51265aecd96858feeead19cc47f9bd3dc0af3fa7d793582482a9287a153c3e25,cpu
real/real_img_04513.png,fb04366fa3c114be9f67348b9ee864e0e2557a83e9d2d88d65e3d0065534f021,original,,calibration,western-blot-04513,-4.469991683959961,0.011317851021885872,original,0.5,detector-sam-vit-b-lora-r8-all-img512-51265aec,51265aecd96858feeead19cc47f9bd3dc0af3fa7d793582482a9287a153c3e25,cpu
real/real_img_04516.png,b7c4db93fced917ffb6722706b0252da1d70ac55c99e70dd663ff1ef3f450f2b,original,,calibration,western-blot-04516,-0.9713453054428101,0.2746124267578125,original,0.5,detector-sam-vit-b-lora-r8-all-img512-51265aec,51265aecd96858feeead19cc47f9bd3dc0af3fa7d793582482a9287a153c3e25,cpu
real/real_img_04517.png,16ca75cea43be24baad3c74bfc78eef9c42c5e681ec99c5a60896b3251d33676,original,,calibration,western-blot-04517,-4.857974052429199,0.007706352509558201,original,0.5,detector-sam-vit-b-lora-r8-all-img512-51265aec,51265aecd96858feeead19cc47f9bd3dc0af3fa7d793582482a9287a153c3e25,cpu
real/real_img_04519.png,dbea773494ed7ab8d72d2bf5c4655f188f0e63e164d0c4277cf9a88f9a94e9b5,original,,calibration,western-blot-04519,-1.6987124681472778,0.15463349223136902,original,0.5,detector-sam-vit-b-lora-r8-all-img512-51265aec,51265aecd96858feeead19cc47f9bd3dc0af3fa7d793582482a9287a153c3e25,cpu
real/real_img_04534.png,e14a56bed1667182a5330f4a4f8b7fb6c0e06bdf4780fe591e795a408932f835,original,,calibration,western-blot-04534,-3.963442802429199,0.018643416464328766,original,0.5,detector-sam-vit-b-lora-r8-all-img512-51265aec,51265aecd96858feeead19cc47f9bd3dc0af3fa7d793582482a9287a153c3e25,cpu
real/real_img_04539.png,a64d05c295d489f19fe33fab49f49abacdcf50fc58d2364427b26da3a6cb80c0,original,,calibration,western-blot-04539,-1.8133134841918945,0.14023813605308533,original,0.5,detector-sam-vit-b-lora-r8-all-img512-51265aec,51265aecd96858feeead19cc47f9bd3dc0af3fa7d793582482a9287a153c3e25,cpu
real/real_img_04546.png,557e1a0f2f4c2e19a0643f6e978eddc638db643b4728b39d23a3a7dbc51079df,original,,calibration,western-blot-04546,-0.9698682427406311,0.27490678429603577,original,0.5,detector-sam-vit-b-lora-r8-all-img512-51265aec,51265aecd96858feeead19cc47f9bd3dc0af3fa7d793582482a9287a153c3e25,cpu
real/real_img_04570.png,71d2190e796535d8a30a3647c05050b9acae6f392c1b8f7a47a24b0949b187c7,original,,calibration,western-blot-04570,-4.141947269439697,0.015643274411559105,original,0.5,detector-sam-vit-b-lora-r8-all-img512-51265aec,51265aecd96858feeead19cc47f9bd3dc0af3fa7d793582482a9287a153c3e25,cpu
real/real_img_04575.png,b1e4d9642fee213d38b6caa038aeebb4217321e3295966db139750fa53372232,original,,calibration,western-blot-04575,-2.0490267276763916,0.1141507625579834,original,0.5,detector-sam-vit-b-lora-r8-all-img512-51265aec,51265aecd96858feeead19cc47f9bd3dc0af3fa7d793582482a9287a153c3e25,cpu
real/real_img_04584.png,3948776a528352b3a8f40d1db4491dcc912d886a2d97f8d162fdebd8bbee7edf,original,,calibration,western-blot-04584,-2.8764517307281494,0.05332999303936958,original,0.5,detector-sam-vit-b-lora-r8-all-img512-51265aec,51265aecd96858feeead19cc47f9bd3dc0af3fa7d793582482a9287a153c3e25,cpu
real/real_img_04595.png,3d61b63416c7cda9fd70e1539c244d4c53d70dc377f15834cba5768b88fc6e85,original,,calibration,western-blot-04595,-2.5863304138183594,0.07002336531877518,original,0.5,detector-sam-vit-b-lora-r8-all-img512-51265aec,51265aecd96858feeead19cc47f9bd3dc0af3fa7d793582482a9287a153c3e25,cpu
real/real_img_04608.png,9a99c508ad3ce0b9676feb6400fecf9ef34d03a821c04d968341a58b175d6c01,original,,calibration,western-blot-04608,-0.744357705116272,0.3220519721508026,original,0.5,detector-sam-vit-b-lora-r8-all-img512-51265aec,51265aecd96858feeead19cc47f9bd3dc0af3fa7d793582482a9287a153c3e25,cpu
real/real_img_04613.png,8ac97564b0d5f33c6cf3b496ef7c721acbfeb40729f43d22e9aa050c2f04cba3,original,,calibration,western-blot-04613,-1.0384663343429565,0.2614460289478302,original,0.5,detector-sam-vit-b-lora-r8-all-img512-51265aec,51265aecd96858feeead19cc47f9bd3dc0af3fa7d793582482a9287a153c3e25,cpu
real/real_img_04616.png,c6728efd80d86bbcfc5e4feb6ea5bde97b52e714fa35664b63d7161bc49570bb,original,,calibration,western-blot-04616,-1.7018632888793945,0.1542220562696457,original,0.5,detector-sam-vit-b-lora-r8-all-img512-51265aec,51265aecd96858feeead19cc47f9bd3dc0af3fa7d793582482a9287a153c3e25,cpu
real/real_img_04648.png,15ec2f0c74d419920cbea982d5346195dc3b91aa7ae4fec6011656fa24583608,original,,calibration,western-blot-04648,-0.18033254146575928,0.4550386369228363,original,0.5,detector-sam-vit-b-lora-r8-all-img512-51265aec,51265aecd96858feeead19cc47f9bd3dc0af3fa7d793582482a9287a153c3e25,cpu
real/real_img_04655.png,cdeb4353a8020bc9094b2615293296418175253efbb1164aedaf85e129078bf0,original,,calibration,western-blot-04655,0.21849559247493744,0.5544075965881348,generated,0.5,detector-sam-vit-b-lora-r8-all-img512-51265aec,51265aecd96858feeead19cc47f9bd3dc0af3fa7d793582482a9287a153c3e25,cpu
real/real_img_04665.png,92f84721557b5744e31955b4c1291aac22d12c155ab5ed13bbcae21ad71dcb55,original,,calibration,western-blot-04665,-0.4972116947174072,0.3781961500644684,original,0.5,detector-sam-vit-b-lora-r8-all-img512-51265aec,51265aecd96858feeead19cc47f9bd3dc0af3fa7d793582482a9287a153c3e25,cpu
real/real_img_04679.png,8b05572f6be58db8e676535b377d1697d8eeb1cb919af5dbd647256234f8cbdd,original,,calibration,western-blot-04679,-0.1907229721546173,0.452463299036026,original,0.5,detector-sam-vit-b-lora-r8-all-img512-51265aec,51265aecd96858feeead19cc47f9bd3dc0af3fa7d793582482a9287a153c3e25,cpu
real/real_img_04698.png,fb51d0ec01cbc8fd14d895a60293eb818b12b97b48a8c47a25b4eefdd4ab334b,original,,calibration,western-blot-04698,-1.4865388870239258,0.18444178998470306,original,0.5,detector-sam-vit-b-lora-r8-all-img512-51265aec,51265aecd96858feeead19cc47f9bd3dc0af3fa7d793582482a9287a153c3e25,cpu
real/real_img_04708.png,21ff706656650cc283335f9129a11293c9d98bbd29a0d5f720b15bb584984b9a,original,,calibration,western-blot-04708,-0.9111205339431763,0.28677061200141907,original,0.5,detector-sam-vit-b-lora-r8-all-img512-51265aec,51265aecd96858feeead19cc47f9bd3dc0af3fa7d793582482a9287a153c3e25,cpu
real/real_img_04709.png,aff48e64aa1a97a118236f9d00159c53b7345487a6579d9d2276b5fefddd29ec,original,,calibration,western-blot-04709,-3.2418642044067383,0.037620335817337036,original,0.5,detector-sam-vit-b-lora-r8-all-img512-51265aec,51265aecd96858feeead19cc47f9bd3dc0af3fa7d793582482a9287a153c3e25,cpu
real/real_img_04726.png,e7ed818a241a40fe66d8d8d858a47b692867f82437023153fed04eab20e48133,original,,calibration,western-blot-04726,-1.058594822883606,0.2575780749320984,original,0.5,detector-sam-vit-b-lora-r8-all-img512-51265aec,51265aecd96858feeead19cc47f9bd3dc0af3fa7d793582482a9287a153c3e25,cpu
real/real_img_04727.png,121b7ee819b578e0d7a2a04f9d6aa2aedeab59990463598b7dc5147a89784e1d,original,,calibration,western-blot-04727,-1.0163880586624146,0.2657315731048584,original,0.5,detector-sam-vit-b-lora-r8-all-img512-51265aec,51265aecd96858feeead19cc47f9bd3dc0af3fa7d793582482a9287a153c3e25,cpu
real/real_img_04728.png,b210c2900d2900d8f5066fe307f5302b403df27bba03f9c7b78dc10feb295c87,original,,calibration,western-blot-04728,-2.6192398071289062,0.06791039556264877,original,0.5,detector-sam-vit-b-lora-r8-all-img512-51265aec,51265aecd96858feeead19cc47f9bd3dc0af3fa7d793582482a9287a153c3e25,cpu
real/real_img_04743.png,5522dba9b12e06854e2b19845df81ebcde3d6e6760efb0fc56aab510a9467e9c,original,,calibration,western-blot-04743,-1.984935998916626,0.12079364061355591,original,0.5,detector-sam-vit-b-lora-r8-all-img512-51265aec,51265aecd96858feeead19cc47f9bd3dc0af3fa7d793582482a9287a153c3e25,cpu
real/real_img_04760.png,92063d78e7bddb2dd4832baf5098e8402ca1896f794baf01553ff81925b4f9f7,original,,calibration,western-blot-04760,-1.4042391777038574,0.1971442699432373,original,0.5,detector-sam-vit-b-lora-r8-all-img512-51265aec,51265aecd96858feeead19cc47f9bd3dc0af3fa7d793582482a9287a153c3e25,cpu
real/real_img_04762.png,0c5a77cb359c6a3253c75ea4e2cbcdfd6d4a7fb033be2229b070ced85e83855c,original,,calibration,western-blot-04762,-2.5399601459503174,0.0731038749217987,original,0.5,detector-sam-vit-b-lora-r8-all-img512-51265aec,51265aecd96858feeead19cc47f9bd3dc0af3fa7d793582482a9287a153c3e25,cpu
real/real_img_04782.png,6f6eadee1544a18d57693f52648cbea46c4f5cd36550c13a9b69f07538123bec,original,,calibration,western-blot-04782,-1.588140845298767,0.16964563727378845,original,0.5,detector-sam-vit-b-lora-r8-all-img512-51265aec,51265aecd96858feeead19cc47f9bd3dc0af3fa7d793582482a9287a153c3e25,cpu
real/real_img_04791.png,e24f38ff959d0724cef5255f8d509c9701e1ba435f0591f5eb678d08116ebf60,original,,calibration,western-blot-04791,-1.5391027927398682,0.17666573822498322,original,0.5,detector-sam-vit-b-lora-r8-all-img512-51265aec,51265aecd96858feeead19cc47f9bd3dc0af3fa7d793582482a9287a153c3e25,cpu
real/real_img_04806.png,2088b0aa4b32af022ae59cbd37c2352b88435e9497455514b85dc991f8ac4cfa,original,,calibration,western-blot-04806,-5.288556098937988,0.0050236801616847515,original,0.5,detector-sam-vit-b-lora-r8-all-img512-51265aec,51265aecd96858feeead19cc47f9bd3dc0af3fa7d793582482a9287a153c3e25,cpu
real/real_img_04809.png,c5e78fa6f1a3060bb7f981b3ab70830734d0cc9ed11ecfb067ab0fe590449f35,original,,calibration,western-blot-04809,-3.3191184997558594,0.034921105951070786,original,0.5,detector-sam-vit-b-lora-r8-all-img512-51265aec,51265aecd96858feeead19cc47f9bd3dc0af3fa7d793582482a9287a153c3e25,cpu
real/real_img_04810.png,12730e5c4ee5b2d3302cf5701b724e418587c32501adb19d423f45e5889b6ccc,original,,calibration,western-blot-04810,-4.308970928192139,0.013268948532640934,original,0.5,detector-sam-vit-b-lora-r8-all-img512-51265aec,51265aecd96858feeead19cc47f9bd3dc0af3fa7d793582482a9287a153c3e25,cpu
real/real_img_04820.png,891089b1d2985a4d9441c1cd4ae72bc72f87033f5c8377824fbf15d0268b2a2e,original,,calibration,western-blot-04820,-3.6848506927490234,0.024486294016242027,original,0.5,detector-sam-vit-b-lora-r8-all-img512-51265aec,51265aecd96858feeead19cc47f9bd3dc0af3fa7d793582482a9287a153c3e25,cpu
real/real_img_04831.png,debe92f46f5360c6e41f3c47d67eb9441210531a437c2065c72bff0a19f0e024,original,,calibration,western-blot-04831,-5.291227340698242,0.005010346416383982,original,0.5,detector-sam-vit-b-lora-r8-all-img512-51265aec,51265aecd96858feeead19cc47f9bd3dc0af3fa7d793582482a9287a153c3e25,cpu
real/real_img_04837.png,4a8609f609426f938ef38eb50929c4bef078714ae5b1335065887be76279ae8c,original,,calibration,western-blot-04837,-2.6980247497558594,0.0630900114774704,original,0.5,detector-sam-vit-b-lora-r8-all-img512-51265aec,51265aecd96858feeead19cc47f9bd3dc0af3fa7d793582482a9287a153c3e25,cpu
real/real_img_04847.png,ab51b9e1b2874298f16a4a036c357a1ccb84ae78a174ce541eaef7732be57be7,original,,calibration,western-blot-04847,-2.622504711151123,0.06770402193069458,original,0.5,detector-sam-vit-b-lora-r8-all-img512-51265aec,51265aecd96858feeead19cc47f9bd3dc0af3fa7d793582482a9287a153c3e25,cpu
real/real_img_04859.png,8c7f795a11446aba3442071ae297ebd180e82fe8ea36cb104b9f14b8a78ff1f9,original,,calibration,western-blot-04859,-2.184324264526367,0.10116703808307648,original,0.5,detector-sam-vit-b-lora-r8-all-img512-51265aec,51265aecd96858feeead19cc47f9bd3dc0af3fa7d793582482a9287a153c3e25,cpu
real/real_img_04861.png,52ce6364b4adf22f208e1d390d00f1e07b57af525fb0ff227e8524d2266c0464,original,,calibration,western-blot-04861,-1.4803484678268433,0.18537478148937225,original,0.5,detector-sam-vit-b-lora-r8-all-img512-51265aec,51265aecd96858feeead19cc47f9bd3dc0af3fa7d793582482a9287a153c3e25,cpu
real/real_img_04866.png,ddbd390beb22622ea4679060a111ece9227cacd6f71f2ebeea9c867f8965d594,original,,calibration,western-blot-04866,-2.662536144256592,0.06522054225206375,original,0.5,detector-sam-vit-b-lora-r8-all-img512-51265aec,51265aecd96858feeead19cc47f9bd3dc0af3fa7d793582482a9287a153c3e25,cpu
real/real_img_04867.png,d63e3449512b7826fc4f6fa9a0511c84d8ae8090d63a89ba01f609325c9bf943,original,,calibration,western-blot-04867,-0.6299780607223511,0.3475154936313629,original,0.5,detector-sam-vit-b-lora-r8-all-img512-51265aec,51265aecd96858feeead19cc47f9bd3dc0af3fa7d793582482a9287a153c3e25,cpu
real/real_img_04871.png,b526f47afad419850fbb2868ec7d3e61b87c8bdf1b9d11aa2c8d9295906e643e,original,,calibration,western-blot-04871,-2.0328712463378906,0.11579462140798569,original,0.5,detector-sam-vit-b-lora-r8-all-img512-51265aec,51265aecd96858feeead19cc47f9bd3dc0af3fa7d793582482a9287a153c3e25,cpu
real/real_img_04879.png,bb68808933541503b16aa2579ac5ec297b4ed164e4c6d29d13e11578e93a622f,original,,calibration,western-blot-04879,-3.8684754371643066,0.020462723448872566,original,0.5,detector-sam-vit-b-lora-r8-all-img512-51265aec,51265aecd96858feeead19cc47f9bd3dc0af3fa7d793582482a9287a153c3e25,cpu
real/real_img_04900.png,160520a0571c81e049b7d69f424a1641016a558cdc645a94f4c2046653898321,original,,calibration,western-blot-04900,-3.43253231048584,0.0312940739095211,original,0.5,detector-sam-vit-b-lora-r8-all-img512-51265aec,51265aecd96858feeead19cc47f9bd3dc0af3fa7d793582482a9287a153c3e25,cpu
real/real_img_04936.png,08ade427c0fe4a477ffda7a6208b5bc1d29ce018e72cac7fd3edb1aa0a2b3d2f,original,,calibration,western-blot-04936,-3.727797269821167,0.02348112314939499,original,0.5,detector-sam-vit-b-lora-r8-all-img512-51265aec,51265aecd96858feeead19cc47f9bd3dc0af3fa7d793582482a9287a153c3e25,cpu
real/real_img_04942.png,e3a1bbd096f3e0197f6128538eefe6094e14b450e1fb59a2b63ce182d2662465,original,,calibration,western-blot-04942,-0.8563770055770874,0.29809683561325073,original,0.5,detector-sam-vit-b-lora-r8-all-img512-51265aec,51265aecd96858feeead19cc47f9bd3dc0af3fa7d793582482a9287a153c3e25,cpu
real/real_img_04953.png,d8ef0df0cdc74f339568e920a06518577392938bc7890c53136e45b0aa63a22c,original,,calibration,western-blot-04953,-2.416491746902466,0.08192373067140579,original,0.5,detector-sam-vit-b-lora-r8-all-img512-51265aec,51265aecd96858feeead19cc47f9bd3dc0af3fa7d793582482a9287a153c3e25,cpu
real/real_img_04974.png,e56942e1e8cd877868463f4f1b8451a02cbffcea68cac45d3d2ec77ba1f7a892,original,,calibration,western-blot-04974,-1.1930272579193115,0.23271794617176056,original,0.5,detector-sam-vit-b-lora-r8-all-img512-51265aec,51265aecd96858feeead19cc47f9bd3dc0af3fa7d793582482a9287a153c3e25,cpu
real/real_img_04998.png,bd61fc38390302a9ac5e2506aaba7b775c310b8dbf38852f720b71399e00977e,original,,calibration,western-blot-04998,-1.974341630935669,0.12192331999540329,original,0.5,detector-sam-vit-b-lora-r8-all-img512-51265aec,51265aecd96858feeead19cc47f9bd3dc0af3fa7d793582482a9287a153c3e25,cpu
real/real_img_04999.png,126abf110defe2e669d758729478d56dc70c0e448cc6d834f211e7bc448c6af7,original,,calibration,western-blot-04999,-1.268090844154358,0.21958424150943756,original,0.5,detector-sam-vit-b-lora-r8-all-img512-51265aec,51265aecd96858feeead19cc47f9bd3dc0af3fa7d793582482a9287a153c3e25,cpu
real/real_img_05008.png,bb9bcb9f7e77861a84a59eaa302c1a00142064d88bedb1bda22c43a5f3633748,original,,calibration,western-blot-05008,-3.428905487060547,0.03140420839190483,original,0.5,detector-sam-vit-b-lora-r8-all-img512-51265aec,51265aecd96858feeead19cc47f9bd3dc0af3fa7d793582482a9287a153c3e25,cpu
real/real_img_05022.png,91167b86af4a4224e6eaafd42bca5ab99c4501bde416322112121e47dd843c2e,original,,calibration,western-blot-05022,-4.242220878601074,0.014171899296343327,original,0.5,detector-sam-vit-b-lora-r8-all-img512-51265aec,51265aecd96858feeead19cc47f9bd3dc0af3fa7d793582482a9287a153c3e25,cpu
real/real_img_05028.png,753b7e22a5d018d744d4891252daac58d2dc368ded6233cb9468d10e7d6d2f38,original,,calibration,western-blot-05028,-1.7753227949142456,0.14488163590431213,original,0.5,detector-sam-vit-b-lora-r8-all-img512-51265aec,51265aecd96858feeead19cc47f9bd3dc0af3fa7d793582482a9287a153c3e25,cpu
real/real_img_05029.png,7573e03373ae55e9647084a81b3742a8a699e93e43945d92b5ea4d68c15a4dba,original,,calibration,western-blot-05029,-4.067879676818848,0.016825687140226364,original,0.5,detector-sam-vit-b-lora-r8-all-img512-51265aec,51265aecd96858feeead19cc47f9bd3dc0af3fa7d793582482a9287a153c3e25,cpu
real/real_img_05032.png,945b2ab089834c1c3a4cb90b68f306dd5631c7a8ba406ffdb7347b10ecb06f97,original,,calibration,western-blot-05032,-0.8877191543579102,0.2915807366371155,original,0.5,detector-sam-vit-b-lora-r8-all-img512-51265aec,51265aecd96858feeead19cc47f9bd3dc0af3fa7d793582482a9287a153c3e25,cpu
real/real_img_05052.png,fe6df7b5cbbaac74f984752acaa453caaa013fb609f88ee097ded7461e0d05e5,original,,calibration,western-blot-05052,-1.4939991235733032,0.1833222359418869,original,0.5,detector-sam-vit-b-lora-r8-all-img512-51265aec,51265aecd96858feeead19cc47f9bd3dc0af3fa7d793582482a9287a153c3e25,cpu
real/real_img_05063.png,eae5ac1bcefbbb431a512b58dd2c05ac87f11986216cfa0b833bbe3e70819f0f,original,,calibration,western-blot-05063,-3.1360597610473633,0.04164408892393112,original,0.5,detector-sam-vit-b-lora-r8-all-img512-51265aec,51265aecd96858feeead19cc47f9bd3dc0af3fa7d793582482a9287a153c3e25,cpu
real/real_img_05069.png,a545f48fc7152aab3aa472b5872291817667f74c21506f7fe9d98f53ebe78347,original,,calibration,western-blot-05069,-2.1401500701904297,0.10525525361299515,original,0.5,detector-sam-vit-b-lora-r8-all-img512-51265aec,51265aecd96858feeead19cc47f9bd3dc0af3fa7d793582482a9287a153c3e25,cpu
real/real_img_05076.png,365d1ef49997966fe11c0ac7f21a4200fb1ada754a07e20f08634b71a9f9736d,original,,calibration,western-blot-05076,-4.796030521392822,0.00819477066397667,original,0.5,detector-sam-vit-b-lora-r8-all-img512-51265aec,51265aecd96858feeead19cc47f9bd3dc0af3fa7d793582482a9287a153c3e25,cpu
real/real_img_05094.png,72dfe8f27be902bab65d647ae91b3859d8d5ef9507c78e437339a1f998e60fcd,original,,calibration,western-blot-05094,-5.5803327560424805,0.003757141064852476,original,0.5,detector-sam-vit-b-lora-r8-all-img512-51265aec,51265aecd96858feeead19cc47f9bd3dc0af3fa7d793582482a9287a153c3e25,cpu
real/real_img_05097.png,a96a7ba57bb1325063bd1bde075c80fdc72131ba4fe58482a962507c8ba3259c,original,,calibration,western-blot-05097,-3.664548873901367,0.02497594803571701,original,0.5,detector-sam-vit-b-lora-r8-all-img512-51265aec,51265aecd96858feeead19cc47f9bd3dc0af3fa7d793582482a9287a153c3e25,cpu
real/real_img_05104.png,8940b6428dd40d4db7566527433b54d04a157c6e46cab9167dd04c16c7d3ab6a,original,,calibration,western-blot-05104,-1.802291989326477,0.14157229661941528,original,0.5,detector-sam-vit-b-lora-r8-all-img512-51265aec,51265aecd96858feeead19cc47f9bd3dc0af3fa7d793582482a9287a153c3e25,cpu
real/real_img_05105.png,f382c9bbc881c14e5d991c267fbadbb65340f4413be2c7c7fc8a975ec251dd47,original,,calibration,western-blot-05105,-1.6921159029006958,0.15549778938293457,original,0.5,detector-sam-vit-b-lora-r8-all-img512-51265aec,51265aecd96858feeead19cc47f9bd3dc0af3fa7d793582482a9287a153c3e25,cpu
real/real_img_05110.png,4549eb2e091963d506dd811eeac358ad304bc82added9111d03d2d0e0e821de1,original,,calibration,western-blot-05110,-2.4439988136291504,0.07987851649522781,original,0.5,detector-sam-vit-b-lora-r8-all-img512-51265aec,51265aecd96858feeead19cc47f9bd3dc0af3fa7d793582482a9287a153c3e25,cpu
real/real_img_05113.png,b8ccfd7f9759845dc33e04e52632a7131221b36e019d823a227d8d945548b468,original,,calibration,western-blot-05113,-2.2656612396240234,0.09400709718465805,original,0.5,detector-sam-vit-b-lora-r8-all-img512-51265aec,51265aecd96858feeead19cc47f9bd3dc0af3fa7d793582482a9287a153c3e25,cpu
real/real_img_05129.png,fc326864f915793bfd2c2f6a73fad3cde780855ebbad4dd0ad32b6aab7d93b3a,original,,calibration,western-blot-05129,-1.6481326818466187,0.1613614857196808,original,0.5,detector-sam-vit-b-lora-r8-all-img512-51265aec,51265aecd96858feeead19cc47f9bd3dc0af3fa7d793582482a9287a153c3e25,cpu
real/real_img_05146.png,f9815b2eb76ad15f6700507ea64338369ca20e5a76cafa90a45ae444558211d2,original,,calibration,western-blot-05146,0.06435829401016235,0.5160840153694153,generated,0.5,detector-sam-vit-b-lora-r8-all-img512-51265aec,51265aecd96858feeead19cc47f9bd3dc0af3fa7d793582482a9287a153c3e25,cpu
real/real_img_05173.png,65884a5d6db0256a4d190734afbbf2c6a36108df1ae23ab86e51d74cb913387a,original,,calibration,western-blot-05173,-4.078055381774902,0.016658179461956024,original,0.5,detector-sam-vit-b-lora-r8-all-img512-51265aec,51265aecd96858feeead19cc47f9bd3dc0af3fa7d793582482a9287a153c3e25,cpu
real/real_img_05175.png,feb044535ba4ad0660252c9563f7ae94f3c5506bebab258351f30508eb347431,original,,calibration,western-blot-05175,-2.855746030807495,0.05438505858182907,original,0.5,detector-sam-vit-b-lora-r8-all-img512-51265aec,51265aecd96858feeead19cc47f9bd3dc0af3fa7d793582482a9287a153c3e25,cpu
real/real_img_05214.png,d5312110b3fbbf9fbd97a9fda7fd815fa15ce52db2a6f75d223d256511f1e028,original,,calibration,western-blot-05214,-1.296798586845398,0.21470430493354797,original,0.5,detector-sam-vit-b-lora-r8-all-img512-51265aec,51265aecd96858feeead19cc47f9bd3dc0af3fa7d793582482a9287a153c3e25,cpu
real/real_img_05219.png,a72a06cdcb3df210571d2ad6ebe64a7041b77365330d159f04d61f8ebc188fc7,original,,calibration,western-blot-05219,-2.113966464996338,0.10774674266576767,original,0.5,detector-sam-vit-b-lora-r8-all-img512-51265aec,51265aecd96858feeead19cc47f9bd3dc0af3fa7d793582482a9287a153c3e25,cpu
real/real_img_05226.png,423dba5abc788c98377d8a9de057cd71eb8f966ea4296d633b8d669a126df411,original,,calibration,western-blot-05226,-2.626521110534668,0.06745094805955887,original,0.5,detector-sam-vit-b-lora-r8-all-img512-51265aec,51265aecd96858feeead19cc47f9bd3dc0af3fa7d793582482a9287a153c3e25,cpu
real/real_img_05240.png,013450b626bf84554ffcc5e23edc4e7d167cd71cf134e4c0c9c25ed1c6f4efe3,original,,calibration,western-blot-05240,-1.281166434288025,0.21735171973705292,original,0.5,detector-sam-vit-b-lora-r8-all-img512-51265aec,51265aecd96858feeead19cc47f9bd3dc0af3fa7d793582482a9287a153c3e25,cpu
real/real_img_05247.png,56e36d6f0b804fcaa5c8b4a9fa45fa912b98fc3bc2e5a85c893c5ee68beefe6d,original,,calibration,western-blot-05247,-0.5917144417762756,0.3562415838241577,original,0.5,detector-sam-vit-b-lora-r8-all-img512-51265aec,51265aecd96858feeead19cc47f9bd3dc0af3fa7d793582482a9287a153c3e25,cpu
real/real_img_05248.png,6479874b3307bc57dbf951db06a049b61f473ce1f57f2d1a1b58f1e76b1f7f6d,original,,calibration,western-blot-05248,-0.1424100548028946,0.46445751190185547,original,0.5,detector-sam-vit-b-lora-r8-all-img512-51265aec,51265aecd96858feeead19cc47f9bd3dc0af3fa7d793582482a9287a153c3e25,cpu
real/real_img_05249.png,3ed92551044dbeb22af961a336de26cb7e71e963804372d1211b42950a938fa7,original,,calibration,western-blot-05249,-1.2795844078063965,0.21762098371982574,original,0.5,detector-sam-vit-b-lora-r8-all-img512-51265aec,51265aecd96858feeead19cc47f9bd3dc0af3fa7d793582482a9287a153c3e25,cpu
real/real_img_05260.png,d1c8ae2f3b9b21e04f4d7fb590e479745660d002e1221c2d61d128e2bbcbb3c5,original,,calibration,western-blot-05260,-1.580772042274475,0.17068617045879364,original,0.5,detector-sam-vit-b-lora-r8-all-img512-51265aec,51265aecd96858feeead19cc47f9bd3dc0af3fa7d793582482a9287a153c3e25,cpu
real/real_img_05261.png,d5a5d00111a3191c402fb380b9bf573b5b523d45c3620cc92465c3491b09e045,original,,calibration,western-blot-05261,-1.3310588598251343,0.20898425579071045,original,0.5,detector-sam-vit-b-lora-r8-all-img512-51265aec,51265aecd96858feeead19cc47f9bd3dc0af3fa7d793582482a9287a153c3e25,cpu
real/real_img_05267.png,d0f0fedd3d7e843d7dd7915cdb4024d7b5878d0c733fa75c2ca71a03b15972b4,original,,calibration,western-blot-05267,-2.268714427947998,0.09374737739562988,original,0.5,detector-sam-vit-b-lora-r8-all-img512-51265aec,51265aecd96858feeead19cc47f9bd3dc0af3fa7d793582482a9287a153c3e25,cpu
real/real_img_05270.png,7e363f3ddd294d51bfbec22f30378940d21f43b1d73495d12da87285a8f13b81,original,,calibration,western-blot-05270,-2.008450508117676,0.11831852048635483,original,0.5,detector-sam-vit-b-lora-r8-all-img512-51265aec,51265aecd96858feeead19cc47f9bd3dc0af3fa7d793582482a9287a153c3e25,cpu
real/real_img_05292.png,3d8ae55438e14dc924bc9e78e117c495a9026352a4e16e4f280c0bb9b408b9df,original,,calibration,western-blot-05292,-4.20316219329834,0.01472807489335537,original,0.5,detector-sam-vit-b-lora-r8-all-img512-51265aec,51265aecd96858feeead19cc47f9bd3dc0af3fa7d793582482a9287a153c3e25,cpu
real/real_img_05294.png,d7de76419ec287eab9532bfc581f3197549919a4e4301cd8abea12d45f4ef576,original,,calibration,western-blot-05294,-4.361048698425293,0.012604102492332458,original,0.5,detector-sam-vit-b-lora-r8-all-img512-51265aec,51265aecd96858feeead19cc47f9bd3dc0af3fa7d793582482a9287a153c3e25,cpu
real/real_img_05296.png,515b5e5e6be8c0d8822942d687900c36eb1782743b0537339d3935bf4f80e599,original,,calibration,western-blot-05296,-4.475507736206055,0.011256293393671513,original,0.5,detector-sam-vit-b-lora-r8-all-img512-51265aec,51265aecd96858feeead19cc47f9bd3dc0af3fa7d793582482a9287a153c3e25,cpu
real/real_img_05298.png,7278ce5e85a3e0af11b0facc8f8fc8c1958956ca94dbfd84a34519a20f5bc431,original,,calibration,western-blot-05298,-1.3695725202560425,0.20268890261650085,original,0.5,detector-sam-vit-b-lora-r8-all-img512-51265aec,51265aecd96858feeead19cc47f9bd3dc0af3fa7d793582482a9287a153c3e25,cpu
real/real_img_05299.png,c42b5452acfa7b911c69ee5c77cbf57362c97da02276e8654d8a77565c8879d2,original,,calibration,western-blot-05299,-2.3425238132476807,0.08766185492277145,original,0.5,detector-sam-vit-b-lora-r8-all-img512-51265aec,51265aecd96858feeead19cc47f9bd3dc0af3fa7d793582482a9287a153c3e25,cpu
real/real_img_05326.png,5f5894cc632502d2d4bc1f2ac25e5b14f65cda93b91d0319f2b85fad7f68d163,original,,calibration,western-blot-05326,-2.308901309967041,0.09038843959569931,original,0.5,detector-sam-vit-b-lora-r8-all-img512-51265aec,51265aecd96858feeead19cc47f9bd3dc0af3fa7d793582482a9287a153c3e25,cpu
real/real_img_05327.png,411de4d56b8281cad54528558cf7e7190e332a29721d60a139731760516b3865,original,,calibration,western-blot-05327,-2.805290699005127,0.05703894421458244,original,0.5,detector-sam-vit-b-lora-r8-all-img512-51265aec,51265aecd96858feeead19cc47f9bd3dc0af3fa7d793582482a9287a153c3e25,cpu
real/real_img_05331.png,eacf548ee238e663fc7cc2f0fc4be6e65d50aec586865083ccfa19a10ef164f2,original,,calibration,western-blot-05331,-0.7928773164749146,0.31155118346214294,original,0.5,detector-sam-vit-b-lora-r8-all-img512-51265aec,51265aecd96858feeead19cc47f9bd3dc0af3fa7d793582482a9287a153c3e25,cpu
real/real_img_05395.png,af97a395bf682da95f23077e39d3e87c812186a8e2900e253eb42f496f2be6a8,original,,calibration,western-blot-05395,-5.103881359100342,0.00603646831586957,original,0.5,detector-sam-vit-b-lora-r8-all-img512-51265aec,51265aecd96858feeead19cc47f9bd3dc0af3fa7d793582482a9287a153c3e25,cpu
real/real_img_05419.png,4820c6ca967cdbbade2559db035d25ea776a65d171b83f636d1755ceb3a27e54,original,,calibration,western-blot-05419,-0.7251558899879456,0.3262586295604706,original,0.5,detector-sam-vit-b-lora-r8-all-img512-51265aec,51265aecd96858feeead19cc47f9bd3dc0af3fa7d793582482a9287a153c3e25,cpu
real/real_img_05431.png,da2eddcd9dfe9c55a658d32cb04762ac7002ed9f9b773fb8fb1965fd4b3e138b,original,,calibration,western-blot-05431,-0.6702157258987427,0.33844852447509766,original,0.5,detector-sam-vit-b-lora-r8-all-img512-51265aec,51265aecd96858feeead19cc47f9bd3dc0af3fa7d793582482a9287a153c3e25,cpu
real/real_img_05458.png,7e61ffa40c0908d7e7c8bfc6667fff36899b9e86e846d124a019879d98f380c5,original,,calibration,western-blot-05458,-2.5159783363342285,0.07474560290575027,original,0.5,detector-sam-vit-b-lora-r8-all-img512-51265aec,51265aecd96858feeead19cc47f9bd3dc0af3fa7d793582482a9287a153c3e25,cpu
real/real_img_05481.png,28858bd71379a37a2f7a9183f9b47d73ec863b14aa36ba813fdfb518299fe2a0,original,,calibration,western-blot-05481,-2.0729238986968994,0.11175645887851715,original,0.5,detector-sam-vit-b-lora-r8-all-img512-51265aec,51265aecd96858feeead19cc47f9bd3dc0af3fa7d793582482a9287a153c3e25,cpu
real/real_img_05485.png,7e336776ad2dbce7d17435867a3e8cb673d3c9badad55d91ab4dec6cf5426a93,original,,calibration,western-blot-05485,-2.1475021839141846,0.1045648604631424,original,0.5,detector-sam-vit-b-lora-r8-all-img512-51265aec,51265aecd96858feeead19cc47f9bd3dc0af3fa7d793582482a9287a153c3e25,cpu
real/real_img_05491.png,5a7c5c267d49fbc6960bc105ee85e7ac8e33b722c3cfe6bf1156808c71b1f495,original,,calibration,western-blot-05491,-1.255730390548706,0.221709743142128,original,0.5,detector-sam-vit-b-lora-r8-all-img512-51265aec,51265aecd96858feeead19cc47f9bd3dc0af3fa7d793582482a9287a153c3e25,cpu
real/real_img_05498.png,806678fdb1fa8550dc53bb46eba863178cf8fa20b66e9364501881cdfd4a62ea,original,,calibration,western-blot-05498,-1.751460313796997,0.14786310493946075,original,0.5,detector-sam-vit-b-lora-r8-all-img512-51265aec,51265aecd96858feeead19cc47f9bd3dc0af3fa7d793582482a9287a153c3e25,cpu
real/real_img_05517.png,0ba2a6c8de1702113b2c0117b9505661641763c587b686ef8b88d3667f9eab4e,original,,calibration,western-blot-05517,-3.6723668575286865,0.024786267429590225,original,0.5,detector-sam-vit-b-lora-r8-all-img512-51265aec,51265aecd96858feeead19cc47f9bd3dc0af3fa7d793582482a9287a153c3e25,cpu
real/real_img_05528.png,a1d6192125c222bfb0b44a96d077e8d6d9d294533fdc40f1610a877c71775e2f,original,,calibration,western-blot-05528,-1.861746907234192,0.13449956476688385,original,0.5,detector-sam-vit-b-lora-r8-all-img512-51265aec,51265aecd96858feeead19cc47f9bd3dc0af3fa7d793582482a9287a153c3e25,cpu
real/real_img_05544.png,3684f65e9f2996dc713402848e49a8144e50a43f76548a0b752186a9707f61b7,original,,calibration,western-blot-05544,-2.2748348712921143,0.09322868287563324,original,0.5,detector-sam-vit-b-lora-r8-all-img512-51265aec,51265aecd96858feeead19cc47f9bd3dc0af3fa7d793582482a9287a153c3e25,cpu
real/real_img_05553.png,cd9351f7f0fdd1b6f577a667e5ac2b151c12c4131717cbfd67ff279c86a067cf,original,,calibration,western-blot-05553,-3.1062755584716797,0.042849134653806686,original,0.5,detector-sam-vit-b-lora-r8-all-img512-51265aec,51265aecd96858feeead19cc47f9bd3dc0af3fa7d793582482a9287a153c3e25,cpu
real/real_img_05556.png,b0842e04c16af1e42d5eec845235d4886fe298dba8fe39f5037efcc79ecc06bc,original,,calibration,western-blot-05556,-2.3910231590270996,0.08385979384183884,original,0.5,detector-sam-vit-b-lora-r8-all-img512-51265aec,51265aecd96858feeead19cc47f9bd3dc0af3fa7d793582482a9287a153c3e25,cpu
real/real_img_05563.png,1956345a43dfbf590ab661181f140590d6ec4abe3d3f4295e29f105feefdb718,original,,calibration,western-blot-05563,-3.1168646812438965,0.04241693764925003,original,0.5,detector-sam-vit-b-lora-r8-all-img512-51265aec,51265aecd96858feeead19cc47f9bd3dc0af3fa7d793582482a9287a153c3e25,cpu
real/real_img_05569.png,96375b198df4f6655421dfa4d5823a53397c63539ce7836a1b0d5e68e966f9a3,original,,calibration,western-blot-05569,-3.0921263694763184,0.04343320429325104,original,0.5,detector-sam-vit-b-lora-r8-all-img512-51265aec,51265aecd96858feeead19cc47f9bd3dc0af3fa7d793582482a9287a153c3e25,cpu
real/real_img_05597.png,eb80ed4307de37bf9f728934dc599f1965661d5ad1d22615a926efdedeb92557,original,,calibration,western-blot-05597,-2.8458361625671387,0.05489695072174072,original,0.5,detector-sam-vit-b-lora-r8-all-img512-51265aec,51265aecd96858feeead19cc47f9bd3dc0af3fa7d793582482a9287a153c3e25,cpu
real/real_img_05615.png,fb4586809649554d70d35c8af2db1513564f4e1074ae88b3fd90313bdc787400,original,,calibration,western-blot-05615,-1.9538909196853638,0.12412970513105392,original,0.5,detector-sam-vit-b-lora-r8-all-img512-51265aec,51265aecd96858feeead19cc47f9bd3dc0af3fa7d793582482a9287a153c3e25,cpu
real/real_img_05622.png,e6c3114fcc255bc92b403eeef56598269860aa3a988204c8e57ba35592413774,original,,calibration,western-blot-05622,-1.4168897867202759,0.19514961540699005,original,0.5,detector-sam-vit-b-lora-r8-all-img512-51265aec,51265aecd96858feeead19cc47f9bd3dc0af3fa7d793582482a9287a153c3e25,cpu
real/real_img_05627.png,068775b4ffcf8c27a40ef626798c090d183b1132974892f8d2e34f8df6194f68,original,,calibration,western-blot-05627,-1.8672243356704712,0.13386321067810059,original,0.5,detector-sam-vit-b-lora-r8-all-img512-51265aec,51265aecd96858feeead19cc47f9bd3dc0af3fa7d793582482a9287a153c3e25,cpu
real/real_img_05632.png,0f13a62e59c796c95f134e282541717d340d49911b9cc496bae22691c48532d8,original,,calibration,western-blot-05632,-1.337480902671814,0.20792463421821594,original,0.5,detector-sam-vit-b-lora-r8-all-img512-51265aec,51265aecd96858feeead19cc47f9bd3dc0af3fa7d793582482a9287a153c3e25,cpu
real/real_img_05646.png,8b5f11ff409d20b6165b84551c64ced68ed6c7913886fa29f6cce7d5c8a3fc89,original,,calibration,western-blot-05646,-2.0897042751312256,0.11010155081748962,original,0.5,detector-sam-vit-b-lora-r8-all-img512-51265aec,51265aecd96858feeead19cc47f9bd3dc0af3fa7d793582482a9287a153c3e25,cpu
real/real_img_05648.png,5222267aba806e2b2c1248692d1347fee152c8c60a44c1dc3de52418aebf1fd8,original,,calibration,western-blot-05648,-2.377300500869751,0.08492010831832886,original,0.5,detector-sam-vit-b-lora-r8-all-img512-51265aec,51265aecd96858feeead19cc47f9bd3dc0af3fa7d793582482a9287a153c3e25,cpu
real/real_img_05649.png,2d9fb0d2b33a668f001e420225adc9b67f9e2fda876a5e8bbd405d17e08349f2,original,,calibration,western-blot-05649,-2.073232412338257,0.1117258369922638,original,0.5,detector-sam-vit-b-lora-r8-all-img512-51265aec,51265aecd96858feeead19cc47f9bd3dc0af3fa7d793582482a9287a153c3e25,cpu
real/real_img_05652.png,c8ff6947339dd697b359d2201e6ad55d4a3e15b60dd0af016ef45d7127144ca9,original,,calibration,western-blot-05652,-3.9722237586975098,0.018483439460396767,original,0.5,detector-sam-vit-b-lora-r8-all-img512-51265aec,51265aecd96858feeead19cc47f9bd3dc0af3fa7d793582482a9287a153c3e25,cpu
real/real_img_05664.png,8ed01503df64717afde07b8617418f904b5e73aee5dfa28bac2e56e1289a14c2,original,,calibration,western-blot-05664,-3.6204943656921387,0.026071520522236824,original,0.5,detector-sam-vit-b-lora-r8-all-img512-51265aec,51265aecd96858feeead19cc47f9bd3dc0af3fa7d793582482a9287a153c3e25,cpu
real/real_img_05685.png,990642b531daf177c323e1f25aec06713f97a84d24333f731e1725064f515930,original,,calibration,western-blot-05685,-2.207092523574829,0.09911537915468216,original,0.5,detector-sam-vit-b-lora-r8-all-img512-51265aec,51265aecd96858feeead19cc47f9bd3dc0af3fa7d793582482a9287a153c3e25,cpu
real/real_img_05696.png,d8e8174af720c336bd6c5e127d27fbc7c4a9435265f9a5507a9785e2bbd7d0e4,original,,calibration,western-blot-05696,-3.823673963546753,0.021380282938480377,original,0.5,detector-sam-vit-b-lora-r8-all-img512-51265aec,51265aecd96858feeead19cc47f9bd3dc0af3fa7d793582482a9287a153c3e25,cpu
real/real_img_05713.png,9e117f21b24b6c64ace9bbbb35419eec6b46988d045611d3002f7d4fc1e7206b,original,,calibration,western-blot-05713,-1.1473314762115479,0.24097684025764465,original,0.5,detector-sam-vit-b-lora-r8-all-img512-51265aec,51265aecd96858feeead19cc47f9bd3dc0af3fa7d793582482a9287a153c3e25,cpu
real/real_img_05716.png,308bc766af96b7919cb96ce51a083ea6b620bc5f9eb7ccaab6bea930b3256e78,original,,calibration,western-blot-05716,-2.0466220378875732,0.11439415067434311,original,0.5,detector-sam-vit-b-lora-r8-all-img512-51265aec,51265aecd96858feeead19cc47f9bd3dc0af3fa7d793582482a9287a153c3e25,cpu
real/real_img_05723.png,40ca0c6fe9c40fd41a08fc322abf0e9302fa7f7cc92d115a3a4fc2f2f52ce070,original,,calibration,western-blot-05723,-1.3938060998916626,0.19880083203315735,original,0.5,detector-sam-vit-b-lora-r8-all-img512-51265aec,51265aecd96858feeead19cc47f9bd3dc0af3fa7d793582482a9287a153c3e25,cpu
real/real_img_05728.png,8dd4ba7f96178dab75b442de7de0ea1102d04bc686484fdb72d574aa2d4a720d,original,,calibration,western-blot-05728,-1.6812994480133057,0.15692347288131714,original,0.5,detector-sam-vit-b-lora-r8-all-img512-51265aec,51265aecd96858feeead19cc47f9bd3dc0af3fa7d793582482a9287a153c3e25,cpu
real/real_img_05735.png,aa3f7a4dbd30626f4fd1da1c05c15a9a56872c2495a6fbbe8887212d1b64a785,original,,calibration,western-blot-05735,-1.3691461086273193,0.2027578502893448,original,0.5,detector-sam-vit-b-lora-r8-all-img512-51265aec,51265aecd96858feeead19cc47f9bd3dc0af3fa7d793582482a9287a153c3e25,cpu
real/real_img_05785.png,27994851cd54c285379418bb5b4bc64604045837d1425aa05e96dc1f6adfa158,original,,calibration,western-blot-05785,-3.379854202270508,0.03293103724718094,original,0.5,detector-sam-vit-b-lora-r8-all-img512-51265aec,51265aecd96858feeead19cc47f9bd3dc0af3fa7d793582482a9287a153c3e25,cpu
real/real_img_05793.png,30285b7208f589314c28eaa8f3bd947181da319be1d814b9b5fc9b21c979480f,original,,calibration,western-blot-05793,-1.2047150135040283,0.23063750565052032,original,0.5,detector-sam-vit-b-lora-r8-all-img512-51265aec,51265aecd96858feeead19cc47f9bd3dc0af3fa7d793582482a9287a153c3e25,cpu
real/real_img_05801.png,3f8b8ef35f3412df2dd6db342a74bc5a068423d987e54c7bb1f5e8b4425e2a5c,original,,calibration,western-blot-05801,-2.0766499042510986,0.11138713359832764,original,0.5,detector-sam-vit-b-lora-r8-all-img512-51265aec,51265aecd96858feeead19cc47f9bd3dc0af3fa7d793582482a9287a153c3e25,cpu
real/real_img_05844.png,eef8569b640590a8ff656ebe9c1f794d25bcc3cc443296fcac40986a9d682380,original,,calibration,western-blot-05844,-2.325619697570801,0.08902326226234436,original,0.5,detector-sam-vit-b-lora-r8-all-img512-51265aec,51265aecd96858feeead19cc47f9bd3dc0af3fa7d793582482a9287a153c3e25,cpu
real/real_img_05858.png,d2df76e7e4d8bd7365805756fa7e442e752b61646eb8fc6ee0caed8778fcb5c2,original,,calibration,western-blot-05858,-3.537710428237915,0.02825809083878994,original,0.5,detector-sam-vit-b-lora-r8-all-img512-51265aec,51265aecd96858feeead19cc47f9bd3dc0af3fa7d793582482a9287a153c3e25,cpu
real/real_img_05861.png,5b394c7d922b596d44a6bd8b39875ba8baa1e2c9c687d44f1811d05cd5419166,original,,calibration,western-blot-05861,-1.7623590230941772,0.14649513363838196,original,0.5,detector-sam-vit-b-lora-r8-all-img512-51265aec,51265aecd96858feeead19cc47f9bd3dc0af3fa7d793582482a9287a153c3e25,cpu
real/real_img_05879.png,0bf9290739e91bb65692d40597c7194b022b823b792512af6912a59db98c6500,original,,calibration,western-blot-05879,-4.116126537322998,0.016045890748500824,original,0.5,detector-sam-vit-b-lora-r8-all-img512-51265aec,51265aecd96858feeead19cc47f9bd3dc0af3fa7d793582482a9287a153c3e25,cpu
real/real_img_05884.png,c0a65ac5568cdb1d8631bbb982b9b3c327c541b41fd9beeda73a65c7a46567c2,original,,calibration,western-blot-05884,-2.370587110519409,0.08544325083494186,original,0.5,detector-sam-vit-b-lora-r8-all-img512-51265aec,51265aecd96858feeead19cc47f9bd3dc0af3fa7d793582482a9287a153c3e25,cpu
real/real_img_05886.png,ac7deacca95f568ad542b45bb32af8f9141459482783c84339410244dfd2a713,original,,calibration,western-blot-05886,-3.893336296081543,0.019970307126641273,original,0.5,detector-sam-vit-b-lora-r8-all-img512-51265aec,51265aecd96858feeead19cc47f9bd3dc0af3fa7d793582482a9287a153c3e25,cpu
real/real_img_05894.png,d8b467cb8e4a9e44dd18ff73972bd4f04b6ed5e13238e6674a898487ea402131,original,,calibration,western-blot-05894,-3.787076711654663,0.022159578278660774,original,0.5,detector-sam-vit-b-lora-r8-all-img512-51265aec,51265aecd96858feeead19cc47f9bd3dc0af3fa7d793582482a9287a153c3e25,cpu
real/real_img_05899.png,7410f58da8f6d11602adf8a5f38f3029eb3e5d4d0e0f3eeb66f8593501a5d77c,original,,calibration,western-blot-05899,-1.8354982137680054,0.13758458197116852,original,0.5,detector-sam-vit-b-lora-r8-all-img512-51265aec,51265aecd96858feeead19cc47f9bd3dc0af3fa7d793582482a9287a153c3e25,cpu
real/real_img_05927.png,18ad121e4682a3e672997e139cfb08f0ce77f061d844ac84d344ff7b69f53c77,original,,calibration,western-blot-05927,-6.371732711791992,0.001706278882920742,original,0.5,detector-sam-vit-b-lora-r8-all-img512-51265aec,51265aecd96858feeead19cc47f9bd3dc0af3fa7d793582482a9287a153c3e25,cpu
real/real_img_05934.png,cb925eb06e0ff8fdcaae9cecedee38550af769412099810d5ee876cfe0d5f59e,original,,calibration,western-blot-05934,-4.680396556854248,0.009190093725919724,original,0.5,detector-sam-vit-b-lora-r8-all-img512-51265aec,51265aecd96858feeead19cc47f9bd3dc0af3fa7d793582482a9287a153c3e25,cpu
real/real_img_05944.png,9ca67635adf9b6332ed557fb45d121081a4cc904766d38a9091cd5b6f8277eed,original,,calibration,western-blot-05944,-2.375739574432373,0.08504147827625275,original,0.5,detector-sam-vit-b-lora-r8-all-img512-51265aec,51265aecd96858feeead19cc47f9bd3dc0af3fa7d793582482a9287a153c3e25,cpu
real/real_img_05949.png,f909dc2d11d9c57238dd979a9f038fafda6f510f9228bfe7e0a05904eeba97ae,original,,calibration,western-blot-05949,-2.9441423416137695,0.05001408979296684,original,0.5,detector-sam-vit-b-lora-r8-all-img512-51265aec,51265aecd96858feeead19cc47f9bd3dc0af3fa7d793582482a9287a153c3e25,cpu
real/real_img_05953.png,3d9d7374e8b67c33782ff57fd74d323d92739a59e399305e811fe42317747680,original,,calibration,western-blot-05953,-0.8655370473861694,0.2961837947368622,original,0.5,detector-sam-vit-b-lora-r8-all-img512-51265aec,51265aecd96858feeead19cc47f9bd3dc0af3fa7d793582482a9287a153c3e25,cpu
real/real_img_05956.png,9e58adbcacf2844c385ab6c6c4d9861435df563c8759a1eef35866dc6fe6ddd3,original,,calibration,western-blot-05956,-3.414124011993408,0.0318569578230381,original,0.5,detector-sam-vit-b-lora-r8-all-img512-51265aec,51265aecd96858feeead19cc47f9bd3dc0af3fa7d793582482a9287a153c3e25,cpu
real/real_img_05961.png,9b11aab90813a9018c182160c33f48a1671e808ca1123431c83ac7e8ca2d8c4d,original,,calibration,western-blot-05961,-1.7422901391983032,0.14902226626873016,original,0.5,detector-sam-vit-b-lora-r8-all-img512-51265aec,51265aecd96858feeead19cc47f9bd3dc0af3fa7d793582482a9287a153c3e25,cpu
real/real_img_05965.png,3f52d931ac1bf67ea8d70416b3370f6c9ca64ae51a64662d6860bcc4b63874bd,original,,calibration,western-blot-05965,-0.58894282579422,0.3568774461746216,original,0.5,detector-sam-vit-b-lora-r8-all-img512-51265aec,51265aecd96858feeead19cc47f9bd3dc0af3fa7d793582482a9287a153c3e25,cpu
real/real_img_05967.png,735feb42c3c312dbb734c85a0e4923d1ea6d827c11aa12a67e36355ac0b165cd,original,,calibration,western-blot-05967,-1.8893678188323975,0.13131657242774963,original,0.5,detector-sam-vit-b-lora-r8-all-img512-51265aec,51265aecd96858feeead19cc47f9bd3dc0af3fa7d793582482a9287a153c3e25,cpu
real/real_img_05968.png,aeafeb674d32ef7db3927c0693cc8888ba937d47f6e3caa70fd7cfc69d961090,original,,calibration,western-blot-05968,-1.3921011686325073,0.19907252490520477,original,0.5,detector-sam-vit-b-lora-r8-all-img512-51265aec,51265aecd96858feeead19cc47f9bd3dc0af3fa7d793582482a9287a153c3e25,cpu
real/real_img_05998.png,02b457bd1a63250db96fdd34909effb83aede5e4e0cae86079bbde37d44cf922,original,,calibration,western-blot-05998,-2.182933807373047,0.10129354894161224,original,0.5,detector-sam-vit-b-lora-r8-all-img512-51265aec,51265aecd96858feeead19cc47f9bd3dc0af3fa7d793582482a9287a153c3e25,cpu
synth/cyclegan/cyclegan_img_00006.png,ea19f090e59669e529393fbaec808ea3b6c38a92c9232ed815c684cf7f3b08c5,generated,cyclegan,calibration,western-blot-00006,-0.2885589599609375,0.42835667729377747,original,0.5,detector-sam-vit-b-lora-r8-all-img512-51265aec,51265aecd96858feeead19cc47f9bd3dc0af3fa7d793582482a9287a153c3e25,cpu
synth/cyclegan/cyclegan_img_00008.png,36818781c112ba59dca8063b137c7e75a1073741bd75668566aa0d2df13806c1,generated,cyclegan,calibration,western-blot-00008,14.081076622009277,0.9999992847442627,generated,0.5,detector-sam-vit-b-lora-r8-all-img512-51265aec,51265aecd96858feeead19cc47f9bd3dc0af3fa7d793582482a9287a153c3e25,cpu
synth/cyclegan/cyclegan_img_00010.png,3cb47d900be3daaa21e85946636ec428bc33c55b23a2a378c1c1cc92dd5072a3,generated,cyclegan,calibration,western-blot-00010,14.410238265991211,0.9999994039535522,generated,0.5,detector-sam-vit-b-lora-r8-all-img512-51265aec,51265aecd96858feeead19cc47f9bd3dc0af3fa7d793582482a9287a153c3e25,cpu
synth/cyclegan/cyclegan_img_00026.png,5d4902e43f5e76d289a31221db4f87a39b81312ad8c92ebceb5da060c380547a,generated,cyclegan,calibration,western-blot-00026,10.954292297363281,0.999982476234436,generated,0.5,detector-sam-vit-b-lora-r8-all-img512-51265aec,51265aecd96858feeead19cc47f9bd3dc0af3fa7d793582482a9287a153c3e25,cpu
synth/cyclegan/cyclegan_img_00049.png,b85e6e47387b1b6e18dc795ceeb8a002e351ff88da49f613ce7104299b94aacc,generated,cyclegan,calibration,western-blot-00049,14.90258502960205,0.9999996423721313,generated,0.5,detector-sam-vit-b-lora-r8-all-img512-51265aec,51265aecd96858feeead19cc47f9bd3dc0af3fa7d793582482a9287a153c3e25,cpu
synth/cyclegan/cyclegan_img_00054.png,1617bee30bb48dfa2a052a6cda8843385801f5570af81e0e3aab178ef3c1d0b8,generated,cyclegan,calibration,western-blot-00054,5.367841720581055,0.9953574538230896,generated,0.5,detector-sam-vit-b-lora-r8-all-img512-51265aec,51265aecd96858feeead19cc47f9bd3dc0af3fa7d793582482a9287a153c3e25,cpu
synth/cyclegan/cyclegan_img_00109.png,09d74b8938171c08f8fc1eec87217c42f8f953c82cd28d2f1038d0079d13a5d9,generated,cyclegan,calibration,western-blot-00109,0.5110652446746826,0.6250561475753784,generated,0.5,detector-sam-vit-b-lora-r8-all-img512-51265aec,51265aecd96858feeead19cc47f9bd3dc0af3fa7d793582482a9287a153c3e25,cpu
synth/cyclegan/cyclegan_img_00111.png,1d1cffdb4f958460344b079e17940c70b45684a58ad5078bdcdbb9c4db55289b,generated,cyclegan,calibration,western-blot-00111,2.2057437896728516,0.9007641077041626,generated,0.5,detector-sam-vit-b-lora-r8-all-img512-51265aec,51265aecd96858feeead19cc47f9bd3dc0af3fa7d793582482a9287a153c3e25,cpu
synth/cyclegan/cyclegan_img_00139.png,8479e50029223f558e0402ea13a49346c01dce9fdfdf5a45dc8d32003c1ddfce,generated,cyclegan,calibration,western-blot-00139,15.051639556884766,0.9999997615814209,generated,0.5,detector-sam-vit-b-lora-r8-all-img512-51265aec,51265aecd96858feeead19cc47f9bd3dc0af3fa7d793582482a9287a153c3e25,cpu
synth/cyclegan/cyclegan_img_00162.png,47432d3747956085a58d7fd9ed44ebd7f4155e5e306fddbee4a01cb1d3a3feb8,generated,cyclegan,calibration,western-blot-00162,9.873584747314453,0.9999485015869141,generated,0.5,detector-sam-vit-b-lora-r8-all-img512-51265aec,51265aecd96858feeead19cc47f9bd3dc0af3fa7d793582482a9287a153c3e25,cpu
synth/cyclegan/cyclegan_img_00193.png,85c1dec03416e909d42d6b072c31836557e9b25de63f397d19daf02666b64e74,generated,cyclegan,calibration,western-blot-00193,1.102299690246582,0.750690758228302,generated,0.5,detector-sam-vit-b-lora-r8-all-img512-51265aec,51265aecd96858feeead19cc47f9bd3dc0af3fa7d793582482a9287a153c3e25,cpu
synth/cyclegan/cyclegan_img_00204.png,112f06c2f59a3293c8025963a2ce6346bca79534971cc5c3c1118c11d1aaea46,generated,cyclegan,calibration,western-blot-00204,2.5667660236358643,0.9286918640136719,generated,0.5,detector-sam-vit-b-lora-r8-all-img512-51265aec,51265aecd96858feeead19cc47f9bd3dc0af3fa7d793582482a9287a153c3e25,cpu
synth/cyclegan/cyclegan_img_00208.png,45d9d72c77ae2e5a7153fc66e961c7d011db13df6c47ae4b0b426556ce020bf9,generated,cyclegan,calibration,western-blot-00208,1.57036554813385,0.8278356790542603,generated,0.5,detector-sam-vit-b-lora-r8-all-img512-51265aec,51265aecd96858feeead19cc47f9bd3dc0af3fa7d793582482a9287a153c3e25,cpu
synth/cyclegan/cyclegan_img_00237.png,2e19c0e8fedec0d7a773fadb032b5b80e0f20b1201d5722aa86d2e330fba092d,generated,cyclegan,calibration,western-blot-00237,0.8414212465286255,0.698764443397522,generated,0.5,detector-sam-vit-b-lora-r8-all-img512-51265aec,51265aecd96858feeead19cc47f9bd3dc0af3fa7d793582482a9287a153c3e25,cpu
synth/cyclegan/cyclegan_img_00258.png,30a427d24fde563bce39c0dce22f59e53fe3e9c0f702bc57fc2e1afea0152f4c,generated,cyclegan,calibration,western-blot-00258,7.75439453125,0.9995713829994202,generated,0.5,detector-sam-vit-b-lora-r8-all-img512-51265aec,51265aecd96858feeead19cc47f9bd3dc0af3fa7d793582482a9287a153c3e25,cpu
synth/cyclegan/cyclegan_img_00277.png,2d4430ebcdb592e885b03540016cd62f2f64d57e3ec5b009b5261359b56bbfd8,generated,cyclegan,calibration,western-blot-00277,6.87555456161499,0.9989683628082275,generated,0.5,detector-sam-vit-b-lora-r8-all-img512-51265aec,51265aecd96858feeead19cc47f9bd3dc0af3fa7d793582482a9287a153c3e25,cpu
synth/cyclegan/cyclegan_img_00309.png,8471d8736de2e54788cdaa91c82b1a87f8e8054fd4a56187b587e17261f448f2,generated,cyclegan,calibration,western-blot-00309,4.056187629699707,0.9829797744750977,generated,0.5,detector-sam-vit-b-lora-r8-all-img512-51265aec,51265aecd96858feeead19cc47f9bd3dc0af3fa7d793582482a9287a153c3e25,cpu
synth/cyclegan/cyclegan_img_00311.png,021f6e5e2818266eeadc43be324442215eb5d1ece9fc4bda8117729b5e767eca,generated,cyclegan,calibration,western-blot-00311,0.7342915534973145,0.6757463216781616,generated,0.5,detector-sam-vit-b-lora-r8-all-img512-51265aec,51265aecd96858feeead19cc47f9bd3dc0af3fa7d793582482a9287a153c3e25,cpu
synth/cyclegan/cyclegan_img_00331.png,2c5c622087b51d858255bd9fc3737cb25748e910fda80d39ce713dc70e02759e,generated,cyclegan,calibration,western-blot-00331,2.7933220863342285,0.9423138499259949,generated,0.5,detector-sam-vit-b-lora-r8-all-img512-51265aec,51265aecd96858feeead19cc47f9bd3dc0af3fa7d793582482a9287a153c3e25,cpu
synth/cyclegan/cyclegan_img_00348.png,d03ea1cccdf7e71e08f06293fcb218bd31581166545a4032d63eb944bd639ea4,generated,cyclegan,calibration,western-blot-00348,1.8951951265335083,0.8693466782569885,generated,0.5,detector-sam-vit-b-lora-r8-all-img512-51265aec,51265aecd96858feeead19cc47f9bd3dc0af3fa7d793582482a9287a153c3e25,cpu
synth/cyclegan/cyclegan_img_00402.png,4980fa33052650d4643307f8ca786d57ba7449c6156b9b437dd1c19099c60433,generated,cyclegan,calibration,western-blot-00402,12.890281677246094,0.9999974966049194,generated,0.5,detector-sam-vit-b-lora-r8-all-img512-51265aec,51265aecd96858feeead19cc47f9bd3dc0af3fa7d793582482a9287a153c3e25,cpu
synth/cyclegan/cyclegan_img_00403.png,c0c183f2c8a08859b52e783c1211e86c054fa129aaf4ac8d1f32471173530bd3,generated,cyclegan,calibration,western-blot-00403,3.4965054988861084,0.9705881476402283,generated,0.5,detector-sam-vit-b-lora-r8-all-img512-51265aec,51265aecd96858feeead19cc47f9bd3dc0af3fa7d793582482a9287a153c3e25,cpu
synth/cyclegan/cyclegan_img_00405.png,c1d9349a58f4b1d6572359f48ca5287c4177205b6f02c38005d44b42f347322f,generated,cyclegan,calibration,western-blot-00405,5.788662433624268,0.9969472289085388,generated,0.5,detector-sam-vit-b-lora-r8-all-img512-51265aec,51265aecd96858feeead19cc47f9bd3dc0af3fa7d793582482a9287a153c3e25,cpu
synth/cyclegan/cyclegan_img_00408.png,f5454819b1fbc4ae4736bc89768fe73c43a002b81204e218d155975988dedd84,generated,cyclegan,calibration,western-blot-00408,1.4314825534820557,0.8071321845054626,generated,0.5,detector-sam-vit-b-lora-r8-all-img512-51265aec,51265aecd96858feeead19cc47f9bd3dc0af3fa7d793582482a9287a153c3e25,cpu
synth/cyclegan/cyclegan_img_00410.png,e44bb0fa8fa29df8b4ef731a9a4932a7b76501ccd31a74496679b052d50ce9c3,generated,cyclegan,calibration,western-blot-00410,17.153894424438477,1.0,generated,0.5,detector-sam-vit-b-lora-r8-all-img512-51265aec,51265aecd96858feeead19cc47f9bd3dc0af3fa7d793582482a9287a153c3e25,cpu
synth/cyclegan/cyclegan_img_00418.png,d19786b2aa0af9359070974edf24bd7111e90cf8de26252e1e9f4bdf6cac2111,generated,cyclegan,calibration,western-blot-00418,12.149213790893555,0.9999947547912598,generated,0.5,detector-sam-vit-b-lora-r8-all-img512-51265aec,51265aecd96858feeead19cc47f9bd3dc0af3fa7d793582482a9287a153c3e25,cpu
synth/cyclegan/cyclegan_img_00436.png,49e0fca88685f110b8cb0a2847c44dd57be0f17c984096799b462c75a2cc7454,generated,cyclegan,calibration,western-blot-00436,16.22142219543457,0.9999998807907104,generated,0.5,detector-sam-vit-b-lora-r8-all-img512-51265aec,51265aecd96858feeead19cc47f9bd3dc0af3fa7d793582482a9287a153c3e25,cpu
synth/cyclegan/cyclegan_img_00440.png,0d0334f3ef9eaeeae1d9c7339a1104f968ee41c459fcc44d239b5efcc05e18f8,generated,cyclegan,calibration,western-blot-00440,0.7270511388778687,0.6741578578948975,generated,0.5,detector-sam-vit-b-lora-r8-all-img512-51265aec,51265aecd96858feeead19cc47f9bd3dc0af3fa7d793582482a9287a153c3e25,cpu
synth/cyclegan/cyclegan_img_00448.png,9ce22baeb5e61bbd71b9723cfbca4d0df40ca858c7c5035760b4602f899bebb9,generated,cyclegan,calibration,western-blot-00448,7.7047224044799805,0.9995494484901428,generated,0.5,detector-sam-vit-b-lora-r8-all-img512-51265aec,51265aecd96858feeead19cc47f9bd3dc0af3fa7d793582482a9287a153c3e25,cpu
synth/cyclegan/cyclegan_img_00464.png,aa4562013c074438fdec6bc3aacca0363a99d84579604e7f3b6b8378dbc1c74b,generated,cyclegan,calibration,western-blot-00464,0.16501057147979736,0.5411592721939087,generated,0.5,detector-sam-vit-b-lora-r8-all-img512-51265aec,51265aecd96858feeead19cc47f9bd3dc0af3fa7d793582482a9287a153c3e25,cpu
synth/cyclegan/cyclegan_img_00476.png,3973a03368fa929d736ed57fd6868d057133db287083bd86492c96f065282649,generated,cyclegan,calibration,western-blot-00476,3.200045108795166,0.9608359336853027,generated,0.5,detector-sam-vit-b-lora-r8-all-img512-51265aec,51265aecd96858feeead19cc47f9bd3dc0af3fa7d793582482a9287a153c3e25,cpu
synth/cyclegan/cyclegan_img_00509.png,cc299e92613ebed46f3ec9294a0aef2ea164aa25765ae69ffb55de6eb549a9df,generated,cyclegan,calibration,western-blot-00509,11.32499885559082,0.9999879598617554,generated,0.5,detector-sam-vit-b-lora-r8-all-img512-51265aec,51265aecd96858feeead19cc47f9bd3dc0af3fa7d793582482a9287a153c3e25,cpu
synth/cyclegan/cyclegan_img_00514.png,1853e5ee3099f6ed1b2be514499ecb4c5266ace13c0d6892a0a468bcfa6b7074,generated,cyclegan,calibration,western-blot-00514,3.8874354362487793,0.9799139499664307,generated,0.5,detector-sam-vit-b-lora-r8-all-img512-51265aec,51265aecd96858feeead19cc47f9bd3dc0af3fa7d793582482a9287a153c3e25,cpu
synth/cyclegan/cyclegan_img_00530.png,9a7d03ab1e8b182905c7ec1392a5ed220f96b80c08df8f153af7c4ae2044675f,generated,cyclegan,calibration,western-blot-00530,3.1030805110931396,0.9570196270942688,generated,0.5,detector-sam-vit-b-lora-r8-all-img512-51265aec,51265aecd96858feeead19cc47f9bd3dc0af3fa7d793582482a9287a153c3e25,cpu
synth/cyclegan/cyclegan_img_00531.png,aaa6b39c79f096ea8064c08f424dbe570ac9f5a42095ef6748ae894807509a81,generated,cyclegan,calibration,western-blot-00531,5.252555847167969,0.9947931170463562,generated,0.5,detector-sam-vit-b-lora-r8-all-img512-51265aec,51265aecd96858feeead19cc47f9bd3dc0af3fa7d793582482a9287a153c3e25,cpu
synth/cyclegan/cyclegan_img_00547.png,bb7c065b1bc597531fe013d90ebd8f090375819d4f32e913b7f578885e1b7f22,generated,cyclegan,calibration,western-blot-00547,10.768287658691406,0.9999788999557495,generated,0.5,detector-sam-vit-b-lora-r8-all-img512-51265aec,51265aecd96858feeead19cc47f9bd3dc0af3fa7d793582482a9287a153c3e25,cpu
synth/cyclegan/cyclegan_img_00560.png,43c5df015f5a312f19da8ab225f1b528d33fbf097728433c547c9fbfa61035e8,generated,cyclegan,calibration,western-blot-00560,6.978858947753906,0.9990695118904114,generated,0.5,detector-sam-vit-b-lora-r8-all-img512-51265aec,51265aecd96858feeead19cc47f9bd3dc0af3fa7d793582482a9287a153c3e25,cpu
synth/cyclegan/cyclegan_img_00561.png,2b70a92eeb5f9383edabf686632b141e3936bde8a2ba074c4c16af2df4937472,generated,cyclegan,calibration,western-blot-00561,1.4300694465637207,0.8069121837615967,generated,0.5,detector-sam-vit-b-lora-r8-all-img512-51265aec,51265aecd96858feeead19cc47f9bd3dc0af3fa7d793582482a9287a153c3e25,cpu
synth/cyclegan/cyclegan_img_00564.png,ccf4e6b838173500810a2f33884ac2df9999bf337ab2e3bd8b246b6883b69be4,generated,cyclegan,calibration,western-blot-00564,14.248936653137207,0.9999994039535522,generated,0.5,detector-sam-vit-b-lora-r8-all-img512-51265aec,51265aecd96858feeead19cc47f9bd3dc0af3fa7d793582482a9287a153c3e25,cpu
synth/cyclegan/cyclegan_img_00567.png,e9fb2c169e9a4cdf0a9d9afe0cc7674f40b47a6b388296446c771d8011fd444d,generated,cyclegan,calibration,western-blot-00567,3.3086652755737305,0.9647248983383179,generated,0.5,detector-sam-vit-b-lora-r8-all-img512-51265aec,51265aecd96858feeead19cc47f9bd3dc0af3fa7d793582482a9287a153c3e25,cpu
synth/cyclegan/cyclegan_img_00595.png,b0a55c619eddf0bdf3efe0bf443821b6091c09caa8af62536dc478d31e041c8b,generated,cyclegan,calibration,western-blot-00595,0.7415963411331177,0.677344799041748,generated,0.5,detector-sam-vit-b-lora-r8-all-img512-51265aec,51265aecd96858feeead19cc47f9bd3dc0af3fa7d793582482a9287a153c3e25,cpu
synth/cyclegan/cyclegan_img_00605.png,c7b2b00930f673031de68023244257b3ae12aa7c74e2190712e07f8168ccf9b0,generated,cyclegan,calibration,western-blot-00605,13.083169937133789,0.9999979734420776,generated,0.5,detector-sam-vit-b-lora-r8-all-img512-51265aec,51265aecd96858feeead19cc47f9bd3dc0af3fa7d793582482a9287a153c3e25,cpu
synth/cyclegan/cyclegan_img_00626.png,72dee0f07afa79ee57295f7c07554c75b3deed6e308bd29452b83f9e1c9e171b,generated,cyclegan,calibration,western-blot-00626,6.43023681640625,0.9983905553817749,generated,0.5,detector-sam-vit-b-lora-r8-all-img512-51265aec,51265aecd96858feeead19cc47f9bd3dc0af3fa7d793582482a9287a153c3e25,cpu
synth/cyclegan/cyclegan_img_00627.png,ab788c3688f26f93284c7205c719fd7227ff69d05e831d620f2cbb6af2eb73d0,generated,cyclegan,calibration,western-blot-00627,13.78603458404541,0.999998927116394,generated,0.5,detector-sam-vit-b-lora-r8-all-img512-51265aec,51265aecd96858feeead19cc47f9bd3dc0af3fa7d793582482a9287a153c3e25,cpu
synth/cyclegan/cyclegan_img_00642.png,3553a9dda6357c6b7bd73246e31cafce776e1a2bfcd58ff07c20e6b224f713ff,generated,cyclegan,calibration,western-blot-00642,6.352972030639648,0.9982615113258362,generated,0.5,detector-sam-vit-b-lora-r8-all-img512-51265aec,51265aecd96858feeead19cc47f9bd3dc0af3fa7d793582482a9287a153c3e25,cpu
synth/cyclegan/cyclegan_img_00649.png,4e9ff6647b28800313752b9bcf0986537f4e9e49a6460c9c67e4015c42c6ee22,generated,cyclegan,calibration,western-blot-00649,14.172454833984375,0.9999992847442627,generated,0.5,detector-sam-vit-b-lora-r8-all-img512-51265aec,51265aecd96858feeead19cc47f9bd3dc0af3fa7d793582482a9287a153c3e25,cpu
synth/cyclegan/cyclegan_img_00650.png,3af2c36484b0bea5632bf96367cbc5449ac1735bf275e7ac07129d39b13e8887,generated,cyclegan,calibration,western-blot-00650,7.261775493621826,0.9992985725402832,generated,0.5,detector-sam-vit-b-lora-r8-all-img512-51265aec,51265aecd96858feeead19cc47f9bd3dc0af3fa7d793582482a9287a153c3e25,cpu
synth/cyclegan/cyclegan_img_00657.png,88424703b11a1a64fd133107654e19050118a3900e4a8bb2fcaf88ca5415115d,generated,cyclegan,calibration,western-blot-00657,4.503650665283203,0.9890527129173279,generated,0.5,detector-sam-vit-b-lora-r8-all-img512-51265aec,51265aecd96858feeead19cc47f9bd3dc0af3fa7d793582482a9287a153c3e25,cpu
synth/cyclegan/cyclegan_img_00658.png,cbe3400ffcde0a9d09197a5a9ab27cddcd32e4690cba044badf285b4314e08dd,generated,cyclegan,calibration,western-blot-00658,1.8827893733978271,0.8679311871528625,generated,0.5,detector-sam-vit-b-lora-r8-all-img512-51265aec,51265aecd96858feeead19cc47f9bd3dc0af3fa7d793582482a9287a153c3e25,cpu
synth/cyclegan/cyclegan_img_00660.png,e260dbc5fa5538d4a934340f1773a1d160c7fced34c6458ce376ae59cfd9b8c1,generated,cyclegan,calibration,western-blot-00660,13.577791213989258,0.9999986886978149,generated,0.5,detector-sam-vit-b-lora-r8-all-img512-51265aec,51265aecd96858feeead19cc47f9bd3dc0af3fa7d793582482a9287a153c3e25,cpu
synth/cyclegan/cyclegan_img_00668.png,dd488274a6cc08ebac5217ba2c023dd4d4be3daae07133eac57cc8ce0a667d60,generated,cyclegan,calibration,western-blot-00668,9.575878143310547,0.9999306201934814,generated,0.5,detector-sam-vit-b-lora-r8-all-img512-51265aec,51265aecd96858feeead19cc47f9bd3dc0af3fa7d793582482a9287a153c3e25,cpu
synth/cyclegan/cyclegan_img_00684.png,3b550fb31dab3586cce3b26f78dcc4a96e20a91aaf879846ab8722cfd25a0c65,generated,cyclegan,calibration,western-blot-00684,13.075767517089844,0.9999978542327881,generated,0.5,detector-sam-vit-b-lora-r8-all-img512-51265aec,51265aecd96858feeead19cc47f9bd3dc0af3fa7d793582482a9287a153c3e25,cpu
synth/cyclegan/cyclegan_img_00699.png,d7281bc7b2b1fcf216b0d4fea1bb548d87319ad857309a461b5031da0a4a936b,generated,cyclegan,calibration,western-blot-00699,11.22520637512207,0.9999866485595703,generated,0.5,detector-sam-vit-b-lora-r8-all-img512-51265aec,51265aecd96858feeead19cc47f9bd3dc0af3fa7d793582482a9287a153c3e25,cpu
synth/cyclegan/cyclegan_img_00705.png,7379dcd3982456e69bf600d986fd8445dbf308b40f4ff5772cc3782d777d6311,generated,cyclegan,calibration,western-blot-00705,1.9861630201339722,0.8793365955352783,generated,0.5,detector-sam-vit-b-lora-r8-all-img512-51265aec,51265aecd96858feeead19cc47f9bd3dc0af3fa7d793582482a9287a153c3e25,cpu
synth/cyclegan/cyclegan_img_00716.png,b449d471d71b416f9f6758a1215735760826ea7bd6133d1f1a8e31cf1e49c02e,generated,cyclegan,calibration,western-blot-00716,1.703023076057434,0.8459291458129883,generated,0.5,detector-sam-vit-b-lora-r8-all-img512-51265aec,51265aecd96858feeead19cc47f9bd3dc0af3fa7d793582482a9287a153c3e25,cpu
synth/cyclegan/cyclegan_img_00719.png,1e44dad456c4a3e36e05080395b5141a2b244476f85f4768c315dd1f8669e081,generated,cyclegan,calibration,western-blot-00719,-0.37727615237236023,0.4067840278148651,original,0.5,detector-sam-vit-b-lora-r8-all-img512-51265aec,51265aecd96858feeead19cc47f9bd3dc0af3fa7d793582482a9287a153c3e25,cpu
synth/cyclegan/cyclegan_img_00721.png,aa712c480bd8c806a3719b4de6bafb9b30e8b905a7276b0428ad7c51c9a0bcb0,generated,cyclegan,calibration,western-blot-00721,7.356997013092041,0.9993622899055481,generated,0.5,detector-sam-vit-b-lora-r8-all-img512-51265aec,51265aecd96858feeead19cc47f9bd3dc0af3fa7d793582482a9287a153c3e25,cpu
synth/cyclegan/cyclegan_img_00752.png,6dcccf360eb20f0cc22418370421ba8f97cd56b4e130586aa8503246814f9fb6,generated,cyclegan,calibration,western-blot-00752,0.5822750926017761,0.6415907740592957,generated,0.5,detector-sam-vit-b-lora-r8-all-img512-51265aec,51265aecd96858feeead19cc47f9bd3dc0af3fa7d793582482a9287a153c3e25,cpu
synth/cyclegan/cyclegan_img_00758.png,8b0af53435a539fb8e6b7dd63de15190e1405b8727db82687bf3b8ad981364e8,generated,cyclegan,calibration,western-blot-00758,14.398224830627441,0.9999994039535522,generated,0.5,detector-sam-vit-b-lora-r8-all-img512-51265aec,51265aecd96858feeead19cc47f9bd3dc0af3fa7d793582482a9287a153c3e25,cpu
synth/cyclegan/cyclegan_img_00761.png,dc5b2f30291757daf78f12460e4b14ad639cde52e452035a78e588b496835b25,generated,cyclegan,calibration,western-blot-00761,14.70245361328125,0.9999996423721313,generated,0.5,detector-sam-vit-b-lora-r8-all-img512-51265aec,51265aecd96858feeead19cc47f9bd3dc0af3fa7d793582482a9287a153c3e25,cpu
synth/cyclegan/cyclegan_img_00783.png,34b12c7b5de46e7ff73485529d72c4760daa55fbfad9207b9aed251402e3a203,generated,cyclegan,calibration,western-blot-00783,0.04963821545243263,0.5124070048332214,generated,0.5,detector-sam-vit-b-lora-r8-all-img512-51265aec,51265aecd96858feeead19cc47f9bd3dc0af3fa7d793582482a9287a153c3e25,cpu
synth/cyclegan/cyclegan_img_00797.png,e1ff9f16aadf33fa21a8bdfe0dd8eb3061e003bda255b0d526889c30619633f2,generated,cyclegan,calibration,western-blot-00797,1.2473276853561401,0.7768368721008301,generated,0.5,detector-sam-vit-b-lora-r8-all-img512-51265aec,51265aecd96858feeead19cc47f9bd3dc0af3fa7d793582482a9287a153c3e25,cpu
synth/cyclegan/cyclegan_img_00915.png,279d9b70ac03cab4dcc7cf5ba799af9b27b3c430ea932376e9af90d7a61ef67b,generated,cyclegan,calibration,western-blot-00915,9.910083770751953,0.9999502897262573,generated,0.5,detector-sam-vit-b-lora-r8-all-img512-51265aec,51265aecd96858feeead19cc47f9bd3dc0af3fa7d793582482a9287a153c3e25,cpu
synth/cyclegan/cyclegan_img_00916.png,c211d8c4aa0cabf323511f8dc954842d597d4084965d5009adec3df1b75b1827,generated,cyclegan,calibration,western-blot-00916,8.102935791015625,0.9996974468231201,generated,0.5,detector-sam-vit-b-lora-r8-all-img512-51265aec,51265aecd96858feeead19cc47f9bd3dc0af3fa7d793582482a9287a153c3e25,cpu
synth/cyclegan/cyclegan_img_00920.png,9275eceff84648685d38cffb04a3dd68cf53b1c7766021b4a1438ee2cef57d53,generated,cyclegan,calibration,western-blot-00920,12.813081741333008,0.9999972581863403,generated,0.5,detector-sam-vit-b-lora-r8-all-img512-51265aec,51265aecd96858feeead19cc47f9bd3dc0af3fa7d793582482a9287a153c3e25,cpu
synth/cyclegan/cyclegan_img_00929.png,e4abc63a751be49e4cff9463c0b01c30e5ff55dec09a825ab4c0102219d173b2,generated,cyclegan,calibration,western-blot-00929,1.0156100988388062,0.7341166138648987,generated,0.5,detector-sam-vit-b-lora-r8-all-img512-51265aec,51265aecd96858feeead19cc47f9bd3dc0af3fa7d793582482a9287a153c3e25,cpu
synth/cyclegan/cyclegan_img_00933.png,ebd62fc5cb4e2d9f4b5186fae64f078ad5e42f91f04df19b557f69c73a041205,generated,cyclegan,calibration,western-blot-00933,13.166343688964844,0.9999980926513672,generated,0.5,detector-sam-vit-b-lora-r8-all-img512-51265aec,51265aecd96858feeead19cc47f9bd3dc0af3fa7d793582482a9287a153c3e25,cpu
synth/cyclegan/cyclegan_img_00937.png,8abf6e4d7e0116461348431d0bb397c1b07f3d70d4e6e9cdbea877db82351c6e,generated,cyclegan,calibration,western-blot-00937,2.3421692848205566,0.9123097658157349,generated,0.5,detector-sam-vit-b-lora-r8-all-img512-51265aec,51265aecd96858feeead19cc47f9bd3dc0af3fa7d793582482a9287a153c3e25,cpu
synth/cyclegan/cyclegan_img_00938.png,d1fef3bd6655a75f5c4d01dc3675dfde151a97048bdcca94b80980e331ad3b80,generated,cyclegan,calibration,western-blot-00938,3.4238040447235107,0.9684402346611023,generated,0.5,detector-sam-vit-b-lora-r8-all-img512-51265aec,51265aecd96858feeead19cc47f9bd3dc0af3fa7d793582482a9287a153c3e25,cpu
synth/cyclegan/cyclegan_img_00941.png,c674251ed36399490897cea18064f5c8a55ad6aadaf63ce6c38978a957ccb739,generated,cyclegan,calibration,western-blot-00941,3.1369333267211914,0.9583907127380371,generated,0.5,detector-sam-vit-b-lora-r8-all-img512-51265aec,51265aecd96858feeead19cc47f9bd3dc0af3fa7d793582482a9287a153c3e25,cpu
synth/cyclegan/cyclegan_img_00943.png,055e344d6319ba512c26dae02de1960f1551d46dd7959e5d721be6b85b0a1bfc,generated,cyclegan,calibration,western-blot-00943,1.746131420135498,0.8514641523361206,generated,0.5,detector-sam-vit-b-lora-r8-all-img512-51265aec,51265aecd96858feeead19cc47f9bd3dc0af3fa7d793582482a9287a153c3e25,cpu
synth/cyclegan/cyclegan_img_00951.png,818f586b5674d0eec763db180ade7eabb831b9bf43f10bb88e9e411cf56b5ccc,generated,cyclegan,calibration,western-blot-00951,-0.41528791189193726,0.39764487743377686,original,0.5,detector-sam-vit-b-lora-r8-all-img512-51265aec,51265aecd96858feeead19cc47f9bd3dc0af3fa7d793582482a9287a153c3e25,cpu
synth/cyclegan/cyclegan_img_00958.png,7f469b0d8b42a273624e152b052f313c28bc32c3b99f85cf8f49a947df66e097,generated,cyclegan,calibration,western-blot-00958,14.132902145385742,0.9999992847442627,generated,0.5,detector-sam-vit-b-lora-r8-all-img512-51265aec,51265aecd96858feeead19cc47f9bd3dc0af3fa7d793582482a9287a153c3e25,cpu
synth/cyclegan/cyclegan_img_00961.png,1d6cb0fff51eb1d928a5a3dffd665371c4051d093e64533dd8d5e1f7219995a5,generated,cyclegan,calibration,western-blot-00961,14.60099983215332,0.9999995231628418,generated,0.5,detector-sam-vit-b-lora-r8-all-img512-51265aec,51265aecd96858feeead19cc47f9bd3dc0af3fa7d793582482a9287a153c3e25,cpu
synth/cyclegan/cyclegan_img_00965.png,5e746485a051cdd27cff3d7369de7423e1c3fdd4601c930de82041c501dc3fa1,generated,cyclegan,calibration,western-blot-00965,1.7051903009414673,0.8462114334106445,generated,0.5,detector-sam-vit-b-lora-r8-all-img512-51265aec,51265aecd96858feeead19cc47f9bd3dc0af3fa7d793582482a9287a153c3e25,cpu
synth/cyclegan/cyclegan_img_00966.png,b79df21f13c8572f988a050f38ea837e58e730c765b889df17990c1b16b50c92,generated,cyclegan,calibration,western-blot-00966,7.094523906707764,0.9991711378097534,generated,0.5,detector-sam-vit-b-lora-r8-all-img512-51265aec,51265aecd96858feeead19cc47f9bd3dc0af3fa7d793582482a9287a153c3e25,cpu
synth/cyclegan/cyclegan_img_00979.png,c90b2cb5f00f31983b86dbb9bbb4211840e24a12f1a92f51d214e2b105aaec9c,generated,cyclegan,calibration,western-blot-00979,12.661650657653809,0.9999967813491821,generated,0.5,detector-sam-vit-b-lora-r8-all-img512-51265aec,51265aecd96858feeead19cc47f9bd3dc0af3fa7d793582482a9287a153c3e25,cpu
synth/cyclegan/cyclegan_img_01030.png,859d871959893eef69d9bba58c938db01216d8b694dab329c32eb263254659ab,generated,cyclegan,calibration,western-blot-01030,10.766891479492188,0.9999788999557495,generated,0.5,detector-sam-vit-b-lora-r8-all-img512-51265aec,51265aecd96858feeead19cc47f9bd3dc0af3fa7d793582482a9287a153c3e25,cpu
synth/cyclegan/cyclegan_img_01040.png,a005bbbafa6fb5d2455461fe1a95386d941f12e2b8116a1ffa93c1d126debb21,generated,cyclegan,calibration,western-blot-01040,9.712444305419922,0.9999394416809082,generated,0.5,detector-sam-vit-b-lora-r8-all-img512-51265aec,51265aecd96858feeead19cc47f9bd3dc0af3fa7d793582482a9287a153c3e25,cpu
synth/cyclegan/cyclegan_img_01055.png,8128700ad897be7cb180c250d16fbf2178e31daf6e4584931ba135fe5b5b96fc,generated,cyclegan,calibration,western-blot-01055,-0.406547874212265,0.39974015951156616,original,0.5,detector-sam-vit-b-lora-r8-all-img512-51265aec,51265aecd96858feeead19cc47f9bd3dc0af3fa7d793582482a9287a153c3e25,cpu
synth/cyclegan/cyclegan_img_01061.png,875d008284ac44048a609b8e09d70a921fa9e9aba729a1a968ed8446effc5a9d,generated,cyclegan,calibration,western-blot-01061,1.3781887292861938,0.7986999154090881,generated,0.5,detector-sam-vit-b-lora-r8-all-img512-51265aec,51265aecd96858feeead19cc47f9bd3dc0af3fa7d793582482a9287a153c3e25,cpu
synth/cyclegan/cyclegan_img_01069.png,d3b01716ca409de93cec9bad74a681f773f8afa7712159bcddd18cfe2ce0f957,generated,cyclegan,calibration,western-blot-01069,1.3590508699417114,0.7956054210662842,generated,0.5,detector-sam-vit-b-lora-r8-all-img512-51265aec,51265aecd96858feeead19cc47f9bd3dc0af3fa7d793582482a9287a153c3e25,cpu
synth/cyclegan/cyclegan_img_01080.png,e77c592222659106e98d31e38d8836dab34956e840726a02267f3e04dd969183,generated,cyclegan,calibration,western-blot-01080,1.0593141317367554,0.7425594329833984,generated,0.5,detector-sam-vit-b-lora-r8-all-img512-51265aec,51265aecd96858feeead19cc47f9bd3dc0af3fa7d793582482a9287a153c3e25,cpu
synth/cyclegan/cyclegan_img_01081.png,4c24f997f6b6df75b2e528de3acfac6f9fdd5b695e595243e8c24a5bdefb1c96,generated,cyclegan,calibration,western-blot-01081,1.2879379987716675,0.7837979793548584,generated,0.5,detector-sam-vit-b-lora-r8-all-img512-51265aec,51265aecd96858feeead19cc47f9bd3dc0af3fa7d793582482a9287a153c3e25,cpu
synth/cyclegan/cyclegan_img_01083.png,a57c80d5b1d7aa56b294c58c2e03a6668618aca4b6c165c326c03185066a5b3e,generated,cyclegan,calibration,western-blot-01083,0.19876249134540558,0.549527645111084,generated,0.5,detector-sam-vit-b-lora-r8-all-img512-51265aec,51265aecd96858feeead19cc47f9bd3dc0af3fa7d793582482a9287a153c3e25,cpu
synth/cyclegan/cyclegan_img_01091.png,b35f22229d21a84a2b4aa6839759a60503cb811e6025efaf9d0cab9e4f27cefb,generated,cyclegan,calibration,western-blot-01091,1.3576849699020386,0.7953831553459167,generated,0.5,detector-sam-vit-b-lora-r8-all-img512-51265aec,51265aecd96858feeead19cc47f9bd3dc0af3fa7d793582482a9287a153c3e25,cpu
synth/cyclegan/cyclegan_img_01096.png,87d1ad686ffcfa68d893141068aa3dd42c09c800c67e71688bc6271a81816cb9,generated,cyclegan,calibration,western-blot-01096,-0.11027314513921738,0.4724596440792084,original,0.5,detector-sam-vit-b-lora-r8-all-img512-51265aec,51265aecd96858feeead19cc47f9bd3dc0af3fa7d793582482a9287a153c3e25,cpu
synth/cyclegan/cyclegan_img_01105.png,f156c7d3f729e0c3c37b77545b2da51b37c0e07ac02b402e0e0c345c7c265763,generated,cyclegan,calibration,western-blot-01105,3.7181546688079834,0.9762967228889465,generated,0.5,detector-sam-vit-b-lora-r8-all-img512-51265aec,51265aecd96858feeead19cc47f9bd3dc0af3fa7d793582482a9287a153c3e25,cpu
synth/cyclegan/cyclegan_img_01109.png,5bac089d2067e530d4fa55e83c250d085e85d266edcec5c8a693b270b8f54fc6,generated,cyclegan,calibration,western-blot-01109,3.6808245182037354,0.9754173755645752,generated,0.5,detector-sam-vit-b-lora-r8-all-img512-51265aec,51265aecd96858feeead19cc47f9bd3dc0af3fa7d793582482a9287a153c3e25,cpu
synth/cyclegan/cyclegan_img_01114.png,0fedc8f29a58c3fddfb55d4f0c3bec1d3b54bc6831cc38934aab139c30ede217,generated,cyclegan,calibration,western-blot-01114,4.718027114868164,0.9911462664604187,generated,0.5,detector-sam-vit-b-lora-r8-all-img512-51265aec,51265aecd96858feeead19cc47f9bd3dc0af3fa7d793582482a9287a153c3e25,cpu
synth/cyclegan/cyclegan_img_01129.png,9d24741c53541880b2b3189016a31024f359408dd152798697c418ff3524fa78,generated,cyclegan,calibration,western-blot-01129,12.646391868591309,0.9999967813491821,generated,0.5,detector-sam-vit-b-lora-r8-all-img512-51265aec,51265aecd96858feeead19cc47f9bd3dc0af3fa7d793582482a9287a153c3e25,cpu
synth/cyclegan/cyclegan_img_01136.png,896cd2b347cb077d244b124cc5be5da5da8abe2997fdf3e5a7562accef71c733,generated,cyclegan,calibration,western-blot-01136,-0.10597652196884155,0.4735306203365326,original,0.5,detector-sam-vit-b-lora-r8-all-img512-51265aec,51265aecd96858feeead19cc47f9bd3dc0af3fa7d793582482a9287a153c3e25,cpu
synth/cyclegan/cyclegan_img_01155.png,b165f21dc97fa37b76ee14b4ff4e169d961e508466eab918448d557a8ad7eecf,generated,cyclegan,calibration,western-blot-01155,-0.18314434587955475,0.45434144139289856,original,0.5,detector-sam-vit-b-lora-r8-all-img512-51265aec,51265aecd96858feeead19cc47f9bd3dc0af3fa7d793582482a9287a153c3e25,cpu
synth/cyclegan/cyclegan_img_01164.png,d20e1df0decc0336c55cf0425d6f688d949d3c1c1e9dbfd65a0203473e3eb401,generated,cyclegan,calibration,western-blot-01164,6.196889877319336,0.9979683756828308,generated,0.5,detector-sam-vit-b-lora-r8-all-img512-51265aec,51265aecd96858feeead19cc47f9bd3dc0af3fa7d793582482a9287a153c3e25,cpu
synth/cyclegan/cyclegan_img_01173.png,f3658539c56b48e8004e2a65b58ae693cb4514a909d84e74f36740d2eb2fb603,generated,cyclegan,calibration,western-blot-01173,5.95184850692749,0.9974057078361511,generated,0.5,detector-sam-vit-b-lora-r8-all-img512-51265aec,51265aecd96858feeead19cc47f9bd3dc0af3fa7d793582482a9287a153c3e25,cpu
synth/cyclegan/cyclegan_img_01180.png,928a09cd27eb704985065c51a9aacb0345d3969d89e7be870dcd3585b17ecd9a,generated,cyclegan,calibration,western-blot-01180,2.2951135635375977,0.9084715247154236,generated,0.5,detector-sam-vit-b-lora-r8-all-img512-51265aec,51265aecd96858feeead19cc47f9bd3dc0af3fa7d793582482a9287a153c3e25,cpu
synth/cyclegan/cyclegan_img_01182.png,ef7c83959c914acc90c72170a1046682fae989bc914265dc48c699515446b5de,generated,cyclegan,calibration,western-blot-01182,6.272613525390625,0.9981162548065186,generated,0.5,detector-sam-vit-b-lora-r8-all-img512-51265aec,51265aecd96858feeead19cc47f9bd3dc0af3fa7d793582482a9287a153c3e25,cpu
synth/cyclegan/cyclegan_img_01202.png,e1f06ec5a78795039d811b6b7e1050417cde0a0da7a4a15618b268ea7e4caa47,generated,cyclegan,calibration,western-blot-01202,0.506226122379303,0.6239213943481445,generated,0.5,detector-sam-vit-b-lora-r8-all-img512-51265aec,51265aecd96858feeead19cc47f9bd3dc0af3fa7d793582482a9287a153c3e25,cpu
synth/cyclegan/cyclegan_img_01203.png,d4081b1dcff0ae24140984aa15f714bf993d10a0df1895fa61b6cdfc7b9d9dbd,generated,cyclegan,calibration,western-blot-01203,0.6535970568656921,0.6578205823898315,generated,0.5,detector-sam-vit-b-lora-r8-all-img512-51265aec,51265aecd96858feeead19cc47f9bd3dc0af3fa7d793582482a9287a153c3e25,cpu
synth/cyclegan/cyclegan_img_01235.png,10ff81320f8e4633de19983e7da77f3f6bc298e171a494acdbc4ddce97c9d529,generated,cyclegan,calibration,western-blot-01235,3.370081663131714,0.966756284236908,generated,0.5,detector-sam-vit-b-lora-r8-all-img512-51265aec,51265aecd96858feeead19cc47f9bd3dc0af3fa7d793582482a9287a153c3e25,cpu
synth/cyclegan/cyclegan_img_01257.png,aa7fe779e3c2cdf793f81874a942128c610d4f31d3cc5f1e0db59b3ce330429c,generated,cyclegan,calibration,western-blot-01257,5.089051246643066,0.9938739538192749,generated,0.5,detector-sam-vit-b-lora-r8-all-img512-51265aec,51265aecd96858feeead19cc47f9bd3dc0af3fa7d793582482a9287a153c3e25,cpu
synth/cyclegan/cyclegan_img_01261.png,ac730d922c74fd2d2f502915d7a2c7e7b2747e63b68f169e16a4e7ee5854e008,generated,cyclegan,calibration,western-blot-01261,2.2689666748046875,0.9062740802764893,generated,0.5,detector-sam-vit-b-lora-r8-all-img512-51265aec,51265aecd96858feeead19cc47f9bd3dc0af3fa7d793582482a9287a153c3e25,cpu
synth/cyclegan/cyclegan_img_01298.png,3e0885d5d1a5ad1971e824121a152cbca9587e3fa4aa80dd003d654cc0698bbe,generated,cyclegan,calibration,western-blot-01298,0.8512343764305115,0.7008260488510132,generated,0.5,detector-sam-vit-b-lora-r8-all-img512-51265aec,51265aecd96858feeead19cc47f9bd3dc0af3fa7d793582482a9287a153c3e25,cpu
synth/cyclegan/cyclegan_img_01308.png,a125b3c7bfc1b9d494c1a5b842ee2d0ad5e02a578efe21dcf48ced2fc4498c16,generated,cyclegan,calibration,western-blot-01308,15.426397323608398,0.9999997615814209,generated,0.5,detector-sam-vit-b-lora-r8-all-img512-51265aec,51265aecd96858feeead19cc47f9bd3dc0af3fa7d793582482a9287a153c3e25,cpu
synth/cyclegan/cyclegan_img_01310.png,45f39573eda5366cb69e407a0c688a411edf09f691207d96e2659fd2a62a2f1a,generated,cyclegan,calibration,western-blot-01310,15.727228164672852,0.9999998807907104,generated,0.5,detector-sam-vit-b-lora-r8-all-img512-51265aec,51265aecd96858feeead19cc47f9bd3dc0af3fa7d793582482a9287a153c3e25,cpu
synth/cyclegan/cyclegan_img_01317.png,992ff225bebeb0f7756c67648c9f0972b70210d59545d2f6a0a3eb11075905a3,generated,cyclegan,calibration,western-blot-01317,3.093486785888672,0.9566231966018677,generated,0.5,detector-sam-vit-b-lora-r8-all-img512-51265aec,51265aecd96858feeead19cc47f9bd3dc0af3fa7d793582482a9287a153c3e25,cpu
synth/cyclegan/cyclegan_img_01320.png,42b6116fab674500121cefd015a2d37857b8a19f30087cc8acad5d26f83d87e7,generated,cyclegan,calibration,western-blot-01320,4.020060062408447,0.9823647141456604,generated,0.5,detector-sam-vit-b-lora-r8-all-img512-51265aec,51265aecd96858feeead19cc47f9bd3dc0af3fa7d793582482a9287a153c3e25,cpu
synth/cyclegan/cyclegan_img_01327.png,48e05642955b26e63170d1ff2ef55bc23bb5cdca18fffedd70ad4099a34d96dc,generated,cyclegan,calibration,western-blot-01327,2.1761958599090576,0.8980914354324341,generated,0.5,detector-sam-vit-b-lora-r8-all-img512-51265aec,51265aecd96858feeead19cc47f9bd3dc0af3fa7d793582482a9287a153c3e25,cpu
synth/cyclegan/cyclegan_img_01332.png,5ac178b542481e9fedf9a25de8e404c6e925db5aca0a22e525ac20e1b4596cf7,generated,cyclegan,calibration,western-blot-01332,1.8439849615097046,0.8634192943572998,generated,0.5,detector-sam-vit-b-lora-r8-all-img512-51265aec,51265aecd96858feeead19cc47f9bd3dc0af3fa7d793582482a9287a153c3e25,cpu
synth/cyclegan/cyclegan_img_01333.png,c54c130443dd231447b823bec26c803421649dabbb7d7d73acc97be3a3f55dee,generated,cyclegan,calibration,western-blot-01333,13.241625785827637,0.9999982118606567,generated,0.5,detector-sam-vit-b-lora-r8-all-img512-51265aec,51265aecd96858feeead19cc47f9bd3dc0af3fa7d793582482a9287a153c3e25,cpu
synth/cyclegan/cyclegan_img_01338.png,bf25d058a71f1cf23a654d09f2c999d047c9ddaccef1bf33fb39450e7fc8f8b6,generated,cyclegan,calibration,western-blot-01338,0.6077025532722473,0.6474165320396423,generated,0.5,detector-sam-vit-b-lora-r8-all-img512-51265aec,51265aecd96858feeead19cc47f9bd3dc0af3fa7d793582482a9287a153c3e25,cpu
synth/cyclegan/cyclegan_img_01373.png,4e0b243c60d929fdbd7e4904f66fd82231addb3d823360a4ab74c454fb6f21a5,generated,cyclegan,calibration,western-blot-01373,0.1672581136226654,0.5417172908782959,generated,0.5,detector-sam-vit-b-lora-r8-all-img512-51265aec,51265aecd96858feeead19cc47f9bd3dc0af3fa7d793582482a9287a153c3e25,cpu
synth/cyclegan/cyclegan_img_01383.png,c54fc5fd8ca96ed865a1da3708097939a8b6dc5f4970a8d5d46a69212510504e,generated,cyclegan,calibration,western-blot-01383,0.8144081830978394,0.6930480599403381,generated,0.5,detector-sam-vit-b-lora-r8-all-img512-51265aec,51265aecd96858feeead19cc47f9bd3dc0af3fa7d793582482a9287a153c3e25,cpu
synth/cyclegan/cyclegan_img_01389.png,0d0616960ac8c9eb279ec9bc5fc855a8ef5e90b2756697222b079987069815ba,generated,cyclegan,calibration,western-blot-01389,-0.39887526631355286,0.40158262848854065,original,0.5,detector-sam-vit-b-lora-r8-all-img512-51265aec,51265aecd96858feeead19cc47f9bd3dc0af3fa7d793582482a9287a153c3e25,cpu
synth/cyclegan/cyclegan_img_01390.png,d1c5da48a613fcc12ad3cd7a0ad91386da0ce8d19dc6a73f7b502187a8270a02,generated,cyclegan,calibration,western-blot-01390,14.199902534484863,0.9999992847442627,generated,0.5,detector-sam-vit-b-lora-r8-all-img512-51265aec,51265aecd96858feeead19cc47f9bd3dc0af3fa7d793582482a9287a153c3e25,cpu
synth/cyclegan/cyclegan_img_01392.png,f46c7f69d9283ccafcc30f278fe7c4e94b4e216b41749c12641afd7ccdca388c,generated,cyclegan,calibration,western-blot-01392,-0.13098713755607605,0.4672999382019043,original,0.5,detector-sam-vit-b-lora-r8-all-img512-51265aec,51265aecd96858feeead19cc47f9bd3dc0af3fa7d793582482a9287a153c3e25,cpu
synth/cyclegan/cyclegan_img_01397.png,11b6103eace1dcebdb7514ca98050844aaec2446a4f409bad4e73cfdf4279eb8,generated,cyclegan,calibration,western-blot-01397,14.792665481567383,0.9999996423721313,generated,0.5,detector-sam-vit-b-lora-r8-all-img512-51265aec,51265aecd96858feeead19cc47f9bd3dc0af3fa7d793582482a9287a153c3e25,cpu
synth/cyclegan/cyclegan_img_01399.png,1275eb2a2ec001da4d2c3a0f6f77e450fc70ba7ce8644ae05d3929dc61c4806c,generated,cyclegan,calibration,western-blot-01399,-0.33324727416038513,0.4174507260322571,original,0.5,detector-sam-vit-b-lora-r8-all-img512-51265aec,51265aecd96858feeead19cc47f9bd3dc0af3fa7d793582482a9287a153c3e25,cpu
synth/cyclegan/cyclegan_img_01400.png,764d018f3d0c5c348f9318ae513e1cf0087b24447f0e49bfc9590d482220f699,generated,cyclegan,calibration,western-blot-01400,17.805171966552734,1.0,generated,0.5,detector-sam-vit-b-lora-r8-all-img512-51265aec,51265aecd96858feeead19cc47f9bd3dc0af3fa7d793582482a9287a153c3e25,cpu
synth/cyclegan/cyclegan_img_01411.png,0116c0d4abb2254473af807ea59ed91c1c2751fc54d1b80599025b6c7a8a290b,generated,cyclegan,calibration,western-blot-01411,4.401334762573242,0.9878876209259033,generated,0.5,detector-sam-vit-b-lora-r8-all-img512-51265aec,51265aecd96858feeead19cc47f9bd3dc0af3fa7d793582482a9287a153c3e25,cpu
synth/cyclegan/cyclegan_img_01413.png,8514723ff2d1aa51be8953c78308d978576f976df5d0ba718f4a94a3e2ecbefd,generated,cyclegan,calibration,western-blot-01413,5.834639549255371,0.9970840811729431,generated,0.5,detector-sam-vit-b-lora-r8-all-img512-51265aec,51265aecd96858feeead19cc47f9bd3dc0af3fa7d793582482a9287a153c3e25,cpu
synth/cyclegan/cyclegan_img_01415.png,9a796e624551a9f6a3ba81571e70eb4e2807cc303b011b2bbb2ff93f5a5f4422,generated,cyclegan,calibration,western-blot-01415,2.0214462280273438,0.8830305337905884,generated,0.5,detector-sam-vit-b-lora-r8-all-img512-51265aec,51265aecd96858feeead19cc47f9bd3dc0af3fa7d793582482a9287a153c3e25,cpu
synth/cyclegan/cyclegan_img_01421.png,cbf30ef257194e04f9abb7bcc47964923fa72b4dbb6386c7e09ff8257d4f61a7,generated,cyclegan,calibration,western-blot-01421,2.9649410247802734,0.9509649276733398,generated,0.5,detector-sam-vit-b-lora-r8-all-img512-51265aec,51265aecd96858feeead19cc47f9bd3dc0af3fa7d793582482a9287a153c3e25,cpu
synth/cyclegan/cyclegan_img_01422.png,304659f07e875bf5b3a507c7ef8f22096dd9f37080ec3b492dc9085a67754e9f,generated,cyclegan,calibration,western-blot-01422,3.7007791996002197,0.9758913516998291,generated,0.5,detector-sam-vit-b-lora-r8-all-img512-51265aec,51265aecd96858feeead19cc47f9bd3dc0af3fa7d793582482a9287a153c3e25,cpu
synth/cyclegan/cyclegan_img_01427.png,99edaa5dc8a033c64936451d79847395beee1549ba7e23620c2ca8c431db3de4,generated,cyclegan,calibration,western-blot-01427,7.24849271774292,0.9992892742156982,generated,0.5,detector-sam-vit-b-lora-r8-all-img512-51265aec,51265aecd96858feeead19cc47f9bd3dc0af3fa7d793582482a9287a153c3e25,cpu
synth/cyclegan/cyclegan_img_01429.png,887342757d5793687a1e8b0bb8195766da2fd74aa126b4e609982196727ff53c,generated,cyclegan,calibration,western-blot-01429,7.39124870300293,0.9993836879730225,generated,0.5,detector-sam-vit-b-lora-r8-all-img512-51265aec,51265aecd96858feeead19cc47f9bd3dc0af3fa7d793582482a9287a153c3e25,cpu
synth/cyclegan/cyclegan_img_01434.png,13b7270afe9307def9fa4090c414dff239a89bde9a15e2245b56e16330da638d,generated,cyclegan,calibration,western-blot-01434,6.644336223602295,0.9987002611160278,generated,0.5,detector-sam-vit-b-lora-r8-all-img512-51265aec,51265aecd96858feeead19cc47f9bd3dc0af3fa7d793582482a9287a153c3e25,cpu
synth/cyclegan/cyclegan_img_01435.png,c93485c38a5c778fb41dfad166c668be1e110c75488c06780f86dcad35473674,generated,cyclegan,calibration,western-blot-01435,9.701388359069824,0.9999388456344604,generated,0.5,detector-sam-vit-b-lora-r8-all-img512-51265aec,51265aecd96858feeead19cc47f9bd3dc0af3fa7d793582482a9287a153c3e25,cpu
synth/cyclegan/cyclegan_img_01445.png,bca1e44c1b13af16eb6c42e63326c8b628dde8501152f035e586a74cb4e10f4e,generated,cyclegan,calibration,western-blot-01445,7.823243141174316,0.9995998740196228,generated,0.5,detector-sam-vit-b-lora-r8-all-img512-51265aec,51265aecd96858feeead19cc47f9bd3dc0af3fa7d793582482a9287a153c3e25,cpu
synth/cyclegan/cyclegan_img_01450.png,b0a237e54e374c1330e2fb3d5c8edadc9ef75dd71d78368d5a128702661e8d4f,generated,cyclegan,calibration,western-blot-01450,14.481842041015625,0.9999995231628418,generated,0.5,detector-sam-vit-b-lora-r8-all-img512-51265aec,51265aecd96858feeead19cc47f9bd3dc0af3fa7d793582482a9287a153c3e25,cpu
synth/cyclegan/cyclegan_img_01477.png,45acf7548203fdda5ff5b5c0ea0b0d757c8d94ecac46fe3661fef1e10e066c71,generated,cyclegan,calibration,western-blot-01477,1.6800203323364258,0.8429072499275208,generated,0.5,detector-sam-vit-b-lora-r8-all-img512-51265aec,51265aecd96858feeead19cc47f9bd3dc0af3fa7d793582482a9287a153c3e25,cpu
synth/cyclegan/cyclegan_img_01481.png,0e2263e0711020ea7f989ecd5d304e17d22caf3b534bdf20730963b9efd5a5f3,generated,cyclegan,calibration,western-blot-01481,0.917036235332489,0.7144379019737244,generated,0.5,detector-sam-vit-b-lora-r8-all-img512-51265aec,51265aecd96858feeead19cc47f9bd3dc0af3fa7d793582482a9287a153c3e25,cpu
synth/cyclegan/cyclegan_img_01501.png,d2494102549be308cc6803b622c07fc4270909126f26ed6864e35186356b1a10,generated,cyclegan,calibration,western-blot-01501,7.7777018547058105,0.9995811581611633,generated,0.5,detector-sam-vit-b-lora-r8-all-img512-51265aec,51265aecd96858feeead19cc47f9bd3dc0af3fa7d793582482a9287a153c3e25,cpu
synth/cyclegan/cyclegan_img_01504.png,f6fb0acc180afc63c4c92a3293e083f3392161c046ffc8af2613da07e22776de,generated,cyclegan,calibration,western-blot-01504,1.4081575870513916,0.8034752011299133,generated,0.5,detector-sam-vit-b-lora-r8-all-img512-51265aec,51265aecd96858feeead19cc47f9bd3dc0af3fa7d793582482a9287a153c3e25,cpu
synth/cyclegan/cyclegan_img_01550.png,14845c1c9b10abaf482b49d947ad2267e8a9bf67bc626f519160cd3d47b59e55,generated,cyclegan,calibration,western-blot-01550,6.599365711212158,0.9986405968666077,generated,0.5,detector-sam-vit-b-lora-r8-all-img512-51265aec,51265aecd96858feeead19cc47f9bd3dc0af3fa7d793582482a9287a153c3e25,cpu
synth/cyclegan/cyclegan_img_01568.png,e997af072d956b443bb9b2e48829fcc8a77d2a4b794f489ee2936ad6778150a0,generated,cyclegan,calibration,western-blot-01568,9.253274917602539,0.9999041557312012,generated,0.5,detector-sam-vit-b-lora-r8-all-img512-51265aec,51265aecd96858feeead19cc47f9bd3dc0af3fa7d793582482a9287a153c3e25,cpu
synth/cyclegan/cyclegan_img_01570.png,f951e3a324730bacf973093b02b5da1d5eb16d1e01b355532904303852dfc8f2,generated,cyclegan,calibration,western-blot-01570,8.707686424255371,0.9998346567153931,generated,0.5,detector-sam-vit-b-lora-r8-all-img512-51265aec,51265aecd96858feeead19cc47f9bd3dc0af3fa7d793582482a9287a153c3e25,cpu
synth/cyclegan/cyclegan_img_01604.png,407ff068c6007dbb91b3ff65064ac607c384228892f7b32c4b500a871d251a32,generated,cyclegan,calibration,western-blot-01604,2.4029347896575928,0.917050838470459,generated,0.5,detector-sam-vit-b-lora-r8-all-img512-51265aec,51265aecd96858feeead19cc47f9bd3dc0af3fa7d793582482a9287a153c3e25,cpu
synth/cyclegan/cyclegan_img_01612.png,cdcb8f60f702a04bbc1741082c20c5f4dc27a9d989c3d3031d97158d45ef9c15,generated,cyclegan,calibration,western-blot-01612,14.609025955200195,0.9999995231628418,generated,0.5,detector-sam-vit-b-lora-r8-all-img512-51265aec,51265aecd96858feeead19cc47f9bd3dc0af3fa7d793582482a9287a153c3e25,cpu
synth/cyclegan/cyclegan_img_01628.png,926672a6c792a5dbe757b798d3bf0cab5c520d162ac6d4e060ef191a48ebf273,generated,cyclegan,calibration,western-blot-01628,9.102254867553711,0.99988853931427,generated,0.5,detector-sam-vit-b-lora-r8-all-img512-51265aec,51265aecd96858feeead19cc47f9bd3dc0af3fa7d793582482a9287a153c3e25,cpu
synth/cyclegan/cyclegan_img_01630.png,5fb54feab5cbcdb7d7f04cc5210bf7aa15c4d3dd50677dac0501bf38d64aae49,generated,cyclegan,calibration,western-blot-01630,9.580772399902344,0.9999309778213501,generated,0.5,detector-sam-vit-b-lora-r8-all-img512-51265aec,51265aecd96858feeead19cc47f9bd3dc0af3fa7d793582482a9287a153c3e25,cpu
synth/cyclegan/cyclegan_img_01632.png,bec05c4d49a3c21bf9def889cce8e6490d1a930a1686fcb3fb49fe89d8019aeb,generated,cyclegan,calibration,western-blot-01632,7.683926582336426,0.9995400905609131,generated,0.5,detector-sam-vit-b-lora-r8-all-img512-51265aec,51265aecd96858feeead19cc47f9bd3dc0af3fa7d793582482a9287a153c3e25,cpu
synth/cyclegan/cyclegan_img_01655.png,1fb0d970c70d15b74beae9543871c4293c5732a482b80553b8fe0c4dc0b4dcd0,generated,cyclegan,calibration,western-blot-01655,1.8527530431747437,0.8644499778747559,generated,0.5,detector-sam-vit-b-lora-r8-all-img512-51265aec,51265aecd96858feeead19cc47f9bd3dc0af3fa7d793582482a9287a153c3e25,cpu
synth/cyclegan/cyclegan_img_01666.png,d74b4beb123d538e71fbb52660bf012fd4f651933cc51b2512fee10ec584290f,generated,cyclegan,calibration,western-blot-01666,0.6063933968544006,0.6471176147460938,generated,0.5,detector-sam-vit-b-lora-r8-all-img512-51265aec,51265aecd96858feeead19cc47f9bd3dc0af3fa7d793582482a9287a153c3e25,cpu
synth/cyclegan/cyclegan_img_01680.png,15b6a20342e8390828f1d93ff706907f7f0846f684e8734f1140f0a00c243fec,generated,cyclegan,calibration,western-blot-01680,12.844539642333984,0.9999973773956299,generated,0.5,detector-sam-vit-b-lora-r8-all-img512-51265aec,51265aecd96858feeead19cc47f9bd3dc0af3fa7d793582482a9287a153c3e25,cpu
synth/cyclegan/cyclegan_img_01685.png,89db5f6bd42bd79e1bb17f690cf6541420cb8d828361e5eb5e5579ff0f7ae8ae,generated,cyclegan,calibration,western-blot-01685,10.474523544311523,0.9999717473983765,generated,0.5,detector-sam-vit-b-lora-r8-all-img512-51265aec,51265aecd96858feeead19cc47f9bd3dc0af3fa7d793582482a9287a153c3e25,cpu
synth/cyclegan/cyclegan_img_01695.png,fe1a39d2b2d0c0553b60db9071ec5750ab1797dd4156fc072dcb0bee5d7bfe09,generated,cyclegan,calibration,western-blot-01695,0.048556793481111526,0.5121368169784546,generated,0.5,detector-sam-vit-b-lora-r8-all-img512-51265aec,51265aecd96858feeead19cc47f9bd3dc0af3fa7d793582482a9287a153c3e25,cpu
synth/cyclegan/cyclegan_img_01718.png,79ae437099cce970ec6680bb93ee868bff6ed63cd6b2603210bbbc0167edd2e4,generated,cyclegan,calibration,western-blot-01718,2.5912885665893555,0.9302988648414612,generated,0.5,detector-sam-vit-b-lora-r8-all-img512-51265aec,51265aecd96858feeead19cc47f9bd3dc0af3fa7d793582482a9287a153c3e25,cpu
synth/cyclegan/cyclegan_img_01719.png,394c30e677a2460b5d18449f9636380fd0598f81695d74635442dddc885962a3,generated,cyclegan,calibration,western-blot-01719,6.696531295776367,0.998766303062439,generated,0.5,detector-sam-vit-b-lora-r8-all-img512-51265aec,51265aecd96858feeead19cc47f9bd3dc0af3fa7d793582482a9287a153c3e25,cpu
synth/cyclegan/cyclegan_img_01722.png,1581e6610fa534c06378f1404180da0106bf8b8736644c78665d15fa5e62672c,generated,cyclegan,calibration,western-blot-01722,4.494527816772461,0.9889534711837769,generated,0.5,detector-sam-vit-b-lora-r8-all-img512-51265aec,51265aecd96858feeead19cc47f9bd3dc0af3fa7d793582482a9287a153c3e25,cpu
synth/cyclegan/cyclegan_img_01738.png,b693b2cf605a2f89b469b5d74d82f1b7385e311d778b94e7fee693de1b4eb685,generated,cyclegan,calibration,western-blot-01738,15.79893970489502,0.9999998807907104,generated,0.5,detector-sam-vit-b-lora-r8-all-img512-51265aec,51265aecd96858feeead19cc47f9bd3dc0af3fa7d793582482a9287a153c3e25,cpu
synth/cyclegan/cyclegan_img_01740.png,03fd69815d25409494a64156f44a5a06327ee0cc1da2047048fba57d1d066a6c,generated,cyclegan,calibration,western-blot-01740,8.450748443603516,0.9997863173484802,generated,0.5,detector-sam-vit-b-lora-r8-all-img512-51265aec,51265aecd96858feeead19cc47f9bd3dc0af3fa7d793582482a9287a153c3e25,cpu
synth/cyclegan/cyclegan_img_01745.png,7033928fd732e0ebd708007a4c26316a245ef9db58834b340c27369aba0f7077,generated,cyclegan,calibration,western-blot-01745,11.389018058776855,0.9999886751174927,generated,0.5,detector-sam-vit-b-lora-r8-all-img512-51265aec,51265aecd96858feeead19cc47f9bd3dc0af3fa7d793582482a9287a153c3e25,cpu
synth/cyclegan/cyclegan_img_01771.png,a72fcc3996c23f13cc54cc9cacb40c1878843c61f4c8cbeb7482aca7fbb7ed3c,generated,cyclegan,calibration,western-blot-01771,0.24101291596889496,0.5599632859230042,generated,0.5,detector-sam-vit-b-lora-r8-all-img512-51265aec,51265aecd96858feeead19cc47f9bd3dc0af3fa7d793582482a9287a153c3e25,cpu
synth/cyclegan/cyclegan_img_01788.png,5c97567f1d9bceb25897c774110fdfcba30073d34df8719060d31821d4e9d996,generated,cyclegan,calibration,western-blot-01788,17.1655216217041,1.0,generated,0.5,detector-sam-vit-b-lora-r8-all-img512-51265aec,51265aecd96858feeead19cc47f9bd3dc0af3fa7d793582482a9287a153c3e25,cpu
synth/cyclegan/cyclegan_img_01792.png,5f457c8ac6b1f99deb9b10499440d9fef0a3a617a6e0cfa6d781adca16947f39,generated,cyclegan,calibration,western-blot-01792,6.880472660064697,0.9989733695983887,generated,0.5,detector-sam-vit-b-lora-r8-all-img512-51265aec,51265aecd96858feeead19cc47f9bd3dc0af3fa7d793582482a9287a153c3e25,cpu
synth/cyclegan/cyclegan_img_01793.png,e56b004605d59680b458b0183e131efeeff075f56a92c41000d3289c25d8f2e7,generated,cyclegan,calibration,western-blot-01793,0.543212354183197,0.6325594186782837,generated,0.5,detector-sam-vit-b-lora-r8-all-img512-51265aec,51265aecd96858feeead19cc47f9bd3dc0af3fa7d793582482a9287a153c3e25,cpu
synth/cyclegan/cyclegan_img_01794.png,953a572ea354b8c0381a98b74f49e2cbb084e677fc0895e983db3c4db945c3ab,generated,cyclegan,calibration,western-blot-01794,1.1634528636932373,0.7619595527648926,generated,0.5,detector-sam-vit-b-lora-r8-all-img512-51265aec,51265aecd96858feeead19cc47f9bd3dc0af3fa7d793582482a9287a153c3e25,cpu
synth/cyclegan/cyclegan_img_01804.png,51733b14cc09643ebb7261398c52632d5d57bfaf1d32b83070c444b87444f05f,generated,cyclegan,calibration,western-blot-01804,6.651572227478027,0.9987096786499023,generated,0.5,detector-sam-vit-b-lora-r8-all-img512-51265aec,51265aecd96858feeead19cc47f9bd3dc0af3fa7d793582482a9287a153c3e25,cpu
synth/cyclegan/cyclegan_img_01823.png,4383956f47fb9642e5fe59e51b506625eb4be2cac5084fabb6eb9d985f011ae5,generated,cyclegan,calibration,western-blot-01823,9.950188636779785,0.9999523162841797,generated,0.5,detector-sam-vit-b-lora-r8-all-img512-51265aec,51265aecd96858feeead19cc47f9bd3dc0af3fa7d793582482a9287a153c3e25,cpu
synth/cyclegan/cyclegan_img_01826.png,4200bd85796df954c8548f4cebe0bfcdc80fb11fb6e8dd5e500047cee62dd010,generated,cyclegan,calibration,western-blot-01826,5.241344928741455,0.9947347640991211,generated,0.5,detector-sam-vit-b-lora-r8-all-img512-51265aec,51265aecd96858feeead19cc47f9bd3dc0af3fa7d793582482a9287a153c3e25,cpu
synth/cyclegan/cyclegan_img_01843.png,a9122015c165b3c4fd3945eb954eca4b4a3f3ab3626684734a123a45dc1a2d8b,generated,cyclegan,calibration,western-blot-01843,-0.2791498005390167,0.43066224455833435,original,0.5,detector-sam-vit-b-lora-r8-all-img512-51265aec,51265aecd96858feeead19cc47f9bd3dc0af3fa7d793582482a9287a153c3e25,cpu
synth/cyclegan/cyclegan_img_01869.png,ea4ca6257c091567b306fe38a067b977d62db70e1297458782dd92eecaa0402f,generated,cyclegan,calibration,western-blot-01869,0.7531774044036865,0.6798706650733948,generated,0.5,detector-sam-vit-b-lora-r8-all-img512-51265aec,51265aecd96858feeead19cc47f9bd3dc0af3fa7d793582482a9287a153c3e25,cpu
synth/cyclegan/cyclegan_img_01876.png,05c2571696ba6f5bed31f3c35d5afec9f3bb939d0edd2ab0d84601517d8f5e68,generated,cyclegan,calibration,western-blot-01876,1.2830954790115356,0.7829762697219849,generated,0.5,detector-sam-vit-b-lora-r8-all-img512-51265aec,51265aecd96858feeead19cc47f9bd3dc0af3fa7d793582482a9287a153c3e25,cpu
synth/cyclegan/cyclegan_img_01909.png,dbdd347beccb9b9e54d0276ab9a99c445a6fc9b3fc72aa27d7096d5d23ea9218,generated,cyclegan,calibration,western-blot-01909,1.420492172241211,0.8054155707359314,generated,0.5,detector-sam-vit-b-lora-r8-all-img512-51265aec,51265aecd96858feeead19cc47f9bd3dc0af3fa7d793582482a9287a153c3e25,cpu
synth/cyclegan/cyclegan_img_01916.png,19f560bf85d45ec70c729ab2ff00e6c902ed8e99f92cc888853a86bc58a662f1,generated,cyclegan,calibration,western-blot-01916,1.3514404296875,0.7943649888038635,generated,0.5,detector-sam-vit-b-lora-r8-all-img512-51265aec,51265aecd96858feeead19cc47f9bd3dc0af3fa7d793582482a9287a153c3e25,cpu
synth/cyclegan/cyclegan_img_01936.png,1176b92e5f0198b83f24507f9bc5915ad84693b8ef75565588a1f2ed77639ee0,generated,cyclegan,calibration,western-blot-01936,0.6840484738349915,0.6646416783332825,generated,0.5,detector-sam-vit-b-lora-r8-all-img512-51265aec,51265aecd96858feeead19cc47f9bd3dc0af3fa7d793582482a9287a153c3e25,cpu
synth/cyclegan/cyclegan_img_01942.png,4d6721493967d77f9fda41adca83f6cc340df2e09f200fb55bde0f2fc8b1c102,generated,cyclegan,calibration,western-blot-01942,0.8993839025497437,0.7108228206634521,generated,0.5,detector-sam-vit-b-lora-r8-all-img512-51265aec,51265aecd96858feeead19cc47f9bd3dc0af3fa7d793582482a9287a153c3e25,cpu
synth/cyclegan/cyclegan_img_01966.png,78ea598eaa94bcb6d0a80663614202c3561b496fa2ef1edc674bdc4c0a58c305,generated,cyclegan,calibration,western-blot-01966,6.2406415939331055,0.9980552196502686,generated,0.5,detector-sam-vit-b-lora-r8-all-img512-51265aec,51265aecd96858feeead19cc47f9bd3dc0af3fa7d793582482a9287a153c3e25,cpu
synth/cyclegan/cyclegan_img_01990.png,2e0b0aee8b0a558ed889bfd2109e38509d2aae90326d6636a69e33abce0850bd,generated,cyclegan,calibration,western-blot-01990,2.0659375190734863,0.8875481486320496,generated,0.5,detector-sam-vit-b-lora-r8-all-img512-51265aec,51265aecd96858feeead19cc47f9bd3dc0af3fa7d793582482a9287a153c3e25,cpu
synth/cyclegan/cyclegan_img_01999.png,1650fee354049a5072c7cf04a709c8f6c2ff2ad6098b7d5c620a773ba5d790b8,generated,cyclegan,calibration,western-blot-01999,1.9353188276290894,0.8738369941711426,generated,0.5,detector-sam-vit-b-lora-r8-all-img512-51265aec,51265aecd96858feeead19cc47f9bd3dc0af3fa7d793582482a9287a153c3e25,cpu
synth/cyclegan/cyclegan_img_02005.png,e6e49f228cc42e887ef7a4dbe02d7144c1b667012b02fb32eb781d5f99085d66,generated,cyclegan,calibration,western-blot-02005,3.0790138244628906,0.9560186862945557,generated,0.5,detector-sam-vit-b-lora-r8-all-img512-51265aec,51265aecd96858feeead19cc47f9bd3dc0af3fa7d793582482a9287a153c3e25,cpu
synth/cyclegan/cyclegan_img_02015.png,bdd6ad31adc4122137f05b2c887f48e5c05af05e7aa83f4026fc066197f20a80,generated,cyclegan,calibration,western-blot-02015,1.3809819221496582,0.7991486191749573,generated,0.5,detector-sam-vit-b-lora-r8-all-img512-51265aec,51265aecd96858feeead19cc47f9bd3dc0af3fa7d793582482a9287a153c3e25,cpu
synth/cyclegan/cyclegan_img_02021.png,5e61dab15d2b41e6fc8be570009ec9a610954415649019e246dd00c04032e0a9,generated,cyclegan,calibration,western-blot-02021,2.710757255554199,0.9376583695411682,generated,0.5,detector-sam-vit-b-lora-r8-all-img512-51265aec,51265aecd96858feeead19cc47f9bd3dc0af3fa7d793582482a9287a153c3e25,cpu
synth/cyclegan/cyclegan_img_02026.png,d7abb9e270c79dfb77cd88131f8118f9b4309aaf5d1ba35404b46e396cb8518b,generated,cyclegan,calibration,western-blot-02026,0.23630265891551971,0.5588023066520691,generated,0.5,detector-sam-vit-b-lora-r8-all-img512-51265aec,51265aecd96858feeead19cc47f9bd3dc0af3fa7d793582482a9287a153c3e25,cpu
synth/cyclegan/cyclegan_img_02041.png,cac84e82256d07c8bb76d90ba436ede16c0ca217fbc0fc19181552cd05c0e300,generated,cyclegan,calibration,western-blot-02041,1.8089382648468018,0.8592334985733032,generated,0.5,detector-sam-vit-b-lora-r8-all-img512-51265aec,51265aecd96858feeead19cc47f9bd3dc0af3fa7d793582482a9287a153c3e25,cpu
synth/cyclegan/cyclegan_img_02043.png,1723530d60319014b9936edae9b17271f1ef06f58f85ef73b5dd5db404251c40,generated,cyclegan,calibration,western-blot-02043,2.1720752716064453,0.8977136611938477,generated,0.5,detector-sam-vit-b-lora-r8-all-img512-51265aec,51265aecd96858feeead19cc47f9bd3dc0af3fa7d793582482a9287a153c3e25,cpu
synth/cyclegan/cyclegan_img_02045.png,579e9f02af60a2134cc215a8bc40925b388512c7bcd6848d5e795fccd82271d4,generated,cyclegan,calibration,western-blot-02045,1.0595959424972534,0.7426133751869202,generated,0.5,detector-sam-vit-b-lora-r8-all-img512-51265aec,51265aecd96858feeead19cc47f9bd3dc0af3fa7d793582482a9287a153c3e25,cpu
synth/cyclegan/cyclegan_img_02046.png,f6400c2d782f0dba32acb5e3d0dfd082a9b453d585f1493befb14d20a33b020f,generated,cyclegan,calibration,western-blot-02046,0.9888279438018799,0.7288563847541809,generated,0.5,detector-sam-vit-b-lora-r8-all-img512-51265aec,51265aecd96858feeead19cc47f9bd3dc0af3fa7d793582482a9287a153c3e25,cpu
synth/cyclegan/cyclegan_img_02161.png,b53fbdb7969fc55680d2ccfd4ab71971c83a52bd27d351afd47e25e82b779380,generated,cyclegan,calibration,western-blot-02161,5.314279079437256,0.9951032400131226,generated,0.5,detector-sam-vit-b-lora-r8-all-img512-51265aec,51265aecd96858feeead19cc47f9bd3dc0af3fa7d793582482a9287a153c3e25,cpu
synth/cyclegan/cyclegan_img_02162.png,3c54aee15c3802fdc0114e6c4e5824b55e80c46b3886f843515d9d2b620d3ebb,generated,cyclegan,calibration,western-blot-02162,2.426347494125366,0.918814480304718,generated,0.5,detector-sam-vit-b-lora-r8-all-img512-51265aec,51265aecd96858feeead19cc47f9bd3dc0af3fa7d793582482a9287a153c3e25,cpu
synth/cyclegan/cyclegan_img_02171.png,f6151d03870e006d115ffbddd214e876e8309400ad780af86b2145478c703a7d,generated,cyclegan,calibration,western-blot-02171,3.1079134941101074,0.9572180509567261,generated,0.5,detector-sam-vit-b-lora-r8-all-img512-51265aec,51265aecd96858feeead19cc47f9bd3dc0af3fa7d793582482a9287a153c3e25,cpu
synth/cyclegan/cyclegan_img_02180.png,c59051b683fafc2a84f51d91826194de68c1dcca5416aa01cd637309bff5007d,generated,cyclegan,calibration,western-blot-02180,3.386458396911621,0.9672786593437195,generated,0.5,detector-sam-vit-b-lora-r8-all-img512-51265aec,51265aecd96858feeead19cc47f9bd3dc0af3fa7d793582482a9287a153c3e25,cpu
synth/cyclegan/cyclegan_img_02213.png,a9e9e285678dd1ca8983a0297145fb8f5c582d686067dd1cf61c2de15f2c08bd,generated,cyclegan,calibration,western-blot-02213,6.935157775878906,0.9990279674530029,generated,0.5,detector-sam-vit-b-lora-r8-all-img512-51265aec,51265aecd96858feeead19cc47f9bd3dc0af3fa7d793582482a9287a153c3e25,cpu
synth/cyclegan/cyclegan_img_02232.png,a12ef30dd58d886eec253537ddd7fe6052ab0ddbd215372c174d801665964fe3,generated,cyclegan,calibration,western-blot-02232,-1.13068425655365,0.24403484165668488,original,0.5,detector-sam-vit-b-lora-r8-all-img512-51265aec,51265aecd96858feeead19cc47f9bd3dc0af3fa7d793582482a9287a153c3e25,cpu
synth/cyclegan/cyclegan_img_02272.png,2c85563f78ff878ab6177b95de58b984c0b0e0e378fe48b861ce849c08571c4f,generated,cyclegan,calibration,western-blot-02272,1.5447190999984741,0.8241497278213501,generated,0.5,detector-sam-vit-b-lora-r8-all-img512-51265aec,51265aecd96858feeead19cc47f9bd3dc0af3fa7d793582482a9287a153c3e25,cpu
synth/cyclegan/cyclegan_img_02293.png,1c1e8729f02ca6c16ba10bb8b31f583f4d906fa2ed1b5c1433f8972d4fd8279c,generated,cyclegan,calibration,western-blot-02293,5.3776445388793945,0.9954025745391846,generated,0.5,detector-sam-vit-b-lora-r8-all-img512-51265aec,51265aecd96858feeead19cc47f9bd3dc0af3fa7d793582482a9287a153c3e25,cpu
synth/cyclegan/cyclegan_img_02322.png,a482eed1aefec7e3ae2da7359a8e2a26b5df2194712a39990b4421c2253f3d78,generated,cyclegan,calibration,western-blot-02322,6.438934326171875,0.9984044432640076,generated,0.5,detector-sam-vit-b-lora-r8-all-img512-51265aec,51265aecd96858feeead19cc47f9bd3dc0af3fa7d793582482a9287a153c3e25,cpu
synth/cyclegan/cyclegan_img_02327.png,2164a65b4214892b895e638ba60e9cc06f31fe5f99882e72b7e480ed73a94cc4,generated,cyclegan,calibration,western-blot-02327,6.579168796539307,0.9986128807067871,generated,0.5,detector-sam-vit-b-lora-r8-all-img512-51265aec,51265aecd96858feeead19cc47f9bd3dc0af3fa7d793582482a9287a153c3e25,cpu
synth/cyclegan/cyclegan_img_02333.png,6b787a6a8c3679eb044a812ceb142b1e8f830b803eb517ac753c7a232d8c5041,generated,cyclegan,calibration,western-blot-02333,6.471318244934082,0.9984551668167114,generated,0.5,detector-sam-vit-b-lora-r8-all-img512-51265aec,51265aecd96858feeead19cc47f9bd3dc0af3fa7d793582482a9287a153c3e25,cpu
synth/cyclegan/cyclegan_img_02342.png,b6a8f35a5784f7289ef80a43640de0b3d621cacc74da9dadceea5bd027efdae8,generated,cyclegan,calibration,western-blot-02342,6.195304870605469,0.9979652166366577,generated,0.5,detector-sam-vit-b-lora-r8-all-img512-51265aec,51265aecd96858feeead19cc47f9bd3dc0af3fa7d793582482a9287a153c3e25,cpu
synth/cyclegan/cyclegan_img_02363.png,be56a4d15ef6b609ed582230fbfb21921694aa809af869862142133c217760df,generated,cyclegan,calibration,western-blot-02363,8.786874771118164,0.9998472929000854,generated,0.5,detector-sam-vit-b-lora-r8-all-img512-51265aec,51265aecd96858feeead19cc47f9bd3dc0af3fa7d793582482a9287a153c3e25,cpu
synth/cyclegan/cyclegan_img_02380.png,d41653abfab65c304ca31999acbc4b1171bd58c9ef4ac27d558e68cccf9a0786,generated,cyclegan,calibration,western-blot-02380,-1.2526968717575073,0.2222336381673813,original,0.5,detector-sam-vit-b-lora-r8-all-img512-51265aec,51265aecd96858feeead19cc47f9bd3dc0af3fa7d793582482a9287a153c3e25,cpu
synth/cyclegan/cyclegan_img_02410.png,ced2be031fec690de9329e301225ddd316b5934e8f78606ca29f92f8c96ed1ae,generated,cyclegan,calibration,western-blot-02410,-0.42364463210105896,0.3956449329853058,original,0.5,detector-sam-vit-b-lora-r8-all-img512-51265aec,51265aecd96858feeead19cc47f9bd3dc0af3fa7d793582482a9287a153c3e25,cpu
synth/cyclegan/cyclegan_img_02432.png,bc91a149c4cbd230220bded9ff4e06b6a46038d8f25d69a181ff9629ea5b7e9c,generated,cyclegan,calibration,western-blot-02432,0.8358728289604187,0.6975952386856079,generated,0.5,detector-sam-vit-b-lora-r8-all-img512-51265aec,51265aecd96858feeead19cc47f9bd3dc0af3fa7d793582482a9287a153c3e25,cpu
synth/cyclegan/cyclegan_img_02433.png,83cb453d9729cefa92d57c4bfb578113146e8b5439911c2f133bd811cf3c3354,generated,cyclegan,calibration,western-blot-02433,-0.3569606840610504,0.4116955101490021,original,0.5,detector-sam-vit-b-lora-r8-all-img512-51265aec,51265aecd96858feeead19cc47f9bd3dc0af3fa7d793582482a9287a153c3e25,cpu
synth/cyclegan/cyclegan_img_02437.png,164ac24558a0f7dbb2baa20731d22f19c1d569ad04e6ee73075cf147b337c6ad,generated,cyclegan,calibration,western-blot-02437,0.34664928913116455,0.58580482006073,generated,0.5,detector-sam-vit-b-lora-r8-all-img512-51265aec,51265aecd96858feeead19cc47f9bd3dc0af3fa7d793582482a9287a153c3e25,cpu
synth/cyclegan/cyclegan_img_02439.png,6e3f6d112ab4cf9eba817728e87116f73ca134e0c572199cf113aa03559e6801,generated,cyclegan,calibration,western-blot-02439,-0.14415165781974792,0.4640243351459503,original,0.5,detector-sam-vit-b-lora-r8-all-img512-51265aec,51265aecd96858feeead19cc47f9bd3dc0af3fa7d793582482a9287a153c3e25,cpu
synth/cyclegan/cyclegan_img_02461.png,e9fdba4ade3639dfb040eca195881cb0c14d4265cf94ae5094c5489927df667a,generated,cyclegan,calibration,western-blot-02461,-0.343810111284256,0.4148842692375183,original,0.5,detector-sam-vit-b-lora-r8-all-img512-51265aec,51265aecd96858feeead19cc47f9bd3dc0af3fa7d793582482a9287a153c3e25,cpu
synth/cyclegan/cyclegan_img_02479.png,1cdd52cd4a4b4fa3d65d5bfd4953eb78389be179927d9cf0b327ada007745670,generated,cyclegan,calibration,western-blot-02479,0.2835902273654938,0.5704262256622314,generated,0.5,detector-sam-vit-b-lora-r8-all-img512-51265aec,51265aecd96858feeead19cc47f9bd3dc0af3fa7d793582482a9287a153c3e25,cpu
synth/cyclegan/cyclegan_img_02541.png,08f53382c9d6716eb0f57718cfd4189f1b4c2bd4415ad26a438836397f413de0,generated,cyclegan,calibration,western-blot-02541,5.700565338134766,0.9966670870780945,generated,0.5,detector-sam-vit-b-lora-r8-all-img512-51265aec,51265aecd96858feeead19cc47f9bd3dc0af3fa7d793582482a9287a153c3e25,cpu
synth/cyclegan/cyclegan_img_02548.png,5f84d19c15d89665e100725f6c3a32dee1f7f57939d21a66cc722abc74c43f25,generated,cyclegan,calibration,western-blot-02548,6.8092474937438965,0.9988976716995239,generated,0.5,detector-sam-vit-b-lora-r8-all-img512-51265aec,51265aecd96858feeead19cc47f9bd3dc0af3fa7d793582482a9287a153c3e25,cpu
synth/cyclegan/cyclegan_img_02565.png,7886f41de3b209c243ddeaa6699c9bf4a9d9c62ac3de8edb6b00fc2717145a3c,generated,cyclegan,calibration,western-blot-02565,-0.2711324691772461,0.4326290786266327,original,0.5,detector-sam-vit-b-lora-r8-all-img512-51265aec,51265aecd96858feeead19cc47f9bd3dc0af3fa7d793582482a9287a153c3e25,cpu
synth/cyclegan/cyclegan_img_02569.png,315cc7acafed91db60862a39d32e0cb3be54aaa00b3a12943124beb26abb7d0f,generated,cyclegan,calibration,western-blot-02569,4.071315288543701,0.9832310676574707,generated,0.5,detector-sam-vit-b-lora-r8-all-img512-51265aec,51265aecd96858feeead19cc47f9bd3dc0af3fa7d793582482a9287a153c3e25,cpu
synth/cyclegan/cyclegan_img_02570.png,fb13ed88eca528b1bdcc4db1a2692938a6bd2a9ab78e23cfe9c34a5fdef378d7,generated,cyclegan,calibration,western-blot-02570,1.6229907274246216,0.8352071642875671,generated,0.5,detector-sam-vit-b-lora-r8-all-img512-51265aec,51265aecd96858feeead19cc47f9bd3dc0af3fa7d793582482a9287a153c3e25,cpu
synth/cyclegan/cyclegan_img_02580.png,74ed433e32d420f02bc5042feffb1f806317a215972232a5b7dab88532f7b626,generated,cyclegan,calibration,western-blot-02580,7.612957000732422,0.9995062351226807,generated,0.5,detector-sam-vit-b-lora-r8-all-img512-51265aec,51265aecd96858feeead19cc47f9bd3dc0af3fa7d793582482a9287a153c3e25,cpu
synth/cyclegan/cyclegan_img_02594.png,5cd44975781d155392af5dd912dc9d077c0d7f14499881398770c0c9ec83c76c,generated,cyclegan,calibration,western-blot-02594,5.866501808166504,0.9971752166748047,generated,0.5,detector-sam-vit-b-lora-r8-all-img512-51265aec,51265aecd96858feeead19cc47f9bd3dc0af3fa7d793582482a9287a153c3e25,cpu
synth/cyclegan/cyclegan_img_02605.png,dea68c3dd1d4e56e2b1c3032c66a9b77c384259ee9b6c2d6fdbae27767ab84e4,generated,cyclegan,calibration,western-blot-02605,2.1786444187164307,0.8983153700828552,generated,0.5,detector-sam-vit-b-lora-r8-all-img512-51265aec,51265aecd96858feeead19cc47f9bd3dc0af3fa7d793582482a9287a153c3e25,cpu
synth/cyclegan/cyclegan_img_02606.png,5b8cb6870d32d5916c212a1df5263a09a11a6f346e48028093fb8b6f10574748,generated,cyclegan,calibration,western-blot-02606,8.450347900390625,0.9997861981391907,generated,0.5,detector-sam-vit-b-lora-r8-all-img512-51265aec,51265aecd96858feeead19cc47f9bd3dc0af3fa7d793582482a9287a153c3e25,cpu
synth/cyclegan/cyclegan_img_02608.png,d844dea0ae8c0da995b9174c3d6b34644cb6cd502a2149bfe7b16cbbf9e7d983,generated,cyclegan,calibration,western-blot-02608,8.313197135925293,0.9997548460960388,generated,0.5,detector-sam-vit-b-lora-r8-all-img512-51265aec,51265aecd96858feeead19cc47f9bd3dc0af3fa7d793582482a9287a153c3e25,cpu
synth/cyclegan/cyclegan_img_02613.png,7569858b60843fb826c2150ffe77919961040e5109f8ec329d1b3da4a054d47b,generated,cyclegan,calibration,western-blot-02613,2.740361452102661,0.9393666386604309,generated,0.5,detector-sam-vit-b-lora-r8-all-img512-51265aec,51265aecd96858feeead19cc47f9bd3dc0af3fa7d793582482a9287a153c3e25,cpu
synth/cyclegan/cyclegan_img_02615.png,85bafffd9dd3e191a12cf2fa9a4a10194a50e8fa1c2253624227483eaaccdbf4,generated,cyclegan,calibration,western-blot-02615,-0.43000492453575134,0.39412516355514526,original,0.5,detector-sam-vit-b-lora-r8-all-img512-51265aec,51265aecd96858feeead19cc47f9bd3dc0af3fa7d793582482a9287a153c3e25,cpu
synth/cyclegan/cyclegan_img_02618.png,3a1cb409346944e34746dc726aa4f2b7ac8e6620af27395bce4c2200b8d95abd,generated,cyclegan,calibration,western-blot-02618,1.4194276332855225,0.8052486777305603,generated,0.5,detector-sam-vit-b-lora-r8-all-img512-51265aec,51265aecd96858feeead19cc47f9bd3dc0af3fa7d793582482a9287a153c3e25,cpu
synth/cyclegan/cyclegan_img_02621.png,e12926333ec3c77a1c5b1bc71d9722475dfe13155f07338b99b68d46450cf18a,generated,cyclegan,calibration,western-blot-02621,2.7484800815582275,0.9398275017738342,generated,0.5,detector-sam-vit-b-lora-r8-all-img512-51265aec,51265aecd96858feeead19cc47f9bd3dc0af3fa7d793582482a9287a153c3e25,cpu
synth/cyclegan/cyclegan_img_02623.png,8b55b3116700f61451a1c6ab44484cc29a829034eec837b256e3966a33ff4391,generated,cyclegan,calibration,western-blot-02623,5.469394683837891,0.9958038926124573,generated,0.5,detector-sam-vit-b-lora-r8-all-img512-51265aec,51265aecd96858feeead19cc47f9bd3dc0af3fa7d793582482a9287a153c3e25,cpu
synth/cyclegan/cyclegan_img_02664.png,8b381cb84c8299ca57c8a786d40120e84220a11e7e23d782a0f4edf74e2b9f80,generated,cyclegan,calibration,western-blot-02664,5.819069862365723,0.9970384836196899,generated,0.5,detector-sam-vit-b-lora-r8-all-img512-51265aec,51265aecd96858feeead19cc47f9bd3dc0af3fa7d793582482a9287a153c3e25,cpu
synth/cyclegan/cyclegan_img_02684.png,98c9353fa9f7dddc58d255723bdd41e2b2c5f26e85589fb4a6baa73a74e28983,generated,cyclegan,calibration,western-blot-02684,-0.49676379561424255,0.3783015012741089,original,0.5,detector-sam-vit-b-lora-r8-all-img512-51265aec,51265aecd96858feeead19cc47f9bd3dc0af3fa7d793582482a9287a153c3e25,cpu
synth/cyclegan/cyclegan_img_02689.png,8941ef4ca0fbedaa9499a0aac9c30bba93345802a3a79a1bfa417227545f2566,generated,cyclegan,calibration,western-blot-02689,6.8761138916015625,0.9989689588546753,generated,0.5,detector-sam-vit-b-lora-r8-all-img512-51265aec,51265aecd96858feeead19cc47f9bd3dc0af3fa7d793582482a9287a153c3e25,cpu
synth/cyclegan/cyclegan_img_02699.png,c237c5be777167f7bf59979f14b26d906a68b8b38f761e46cd79f0cb92f2347c,generated,cyclegan,calibration,western-blot-02699,0.5138057470321655,0.6256982088088989,generated,0.5,detector-sam-vit-b-lora-r8-all-img512-51265aec,51265aecd96858feeead19cc47f9bd3dc0af3fa7d793582482a9287a153c3e25,cpu
synth/cyclegan/cyclegan_img_02741.png,8207e80db4aebfab9ba8e8cc7bd42de1d7473329ca5c2e53e82df7a80db6aebc,generated,cyclegan,calibration,western-blot-02741,9.459606170654297,0.9999220371246338,generated,0.5,detector-sam-vit-b-lora-r8-all-img512-51265aec,51265aecd96858feeead19cc47f9bd3dc0af3fa7d793582482a9287a153c3e25,cpu
synth/cyclegan/cyclegan_img_02757.png,8ed8322289b85880c08e54f1ec294b5cad69acff0e240bfd5cbb2f35415322a1,generated,cyclegan,calibration,western-blot-02757,2.7812812328338623,0.9416559338569641,generated,0.5,detector-sam-vit-b-lora-r8-all-img512-51265aec,51265aecd96858feeead19cc47f9bd3dc0af3fa7d793582482a9287a153c3e25,cpu
synth/cyclegan/cyclegan_img_02772.png,14ad956072e4f1b638ae7bf93abe279699c0ac3e7085b628908038638bbcd29a,generated,cyclegan,calibration,western-blot-02772,2.1981418132781982,0.900082528591156,generated,0.5,detector-sam-vit-b-lora-r8-all-img512-51265aec,51265aecd96858feeead19cc47f9bd3dc0af3fa7d793582482a9287a153c3e25,cpu
synth/cyclegan/cyclegan_img_02783.png,701179e08b7b7585d787efb9957648e68ea5bac48e42a19bd0b4054c589f5260,generated,cyclegan,calibration,western-blot-02783,0.907044529914856,0.7123950123786926,generated,0.5,detector-sam-vit-b-lora-r8-all-img512-51265aec,51265aecd96858feeead19cc47f9bd3dc0af3fa7d793582482a9287a153c3e25,cpu
synth/cyclegan/cyclegan_img_02801.png,b0551aaa272f48613fd619242e28d4c5e352cd5ff6b33a5817937ba5aef5bfa6,generated,cyclegan,calibration,western-blot-02801,6.150365352630615,0.9978718757629395,generated,0.5,detector-sam-vit-b-lora-r8-all-img512-51265aec,51265aecd96858feeead19cc47f9bd3dc0af3fa7d793582482a9287a153c3e25,cpu
synth/cyclegan/cyclegan_img_02802.png,74e3ffc37d9e07168441633d8854101e4fcf6b35c66ddc17fe2a84bcf46e014a,generated,cyclegan,calibration,western-blot-02802,2.5498604774475098,0.9275641441345215,generated,0.5,detector-sam-vit-b-lora-r8-all-img512-51265aec,51265aecd96858feeead19cc47f9bd3dc0af3fa7d793582482a9287a153c3e25,cpu
synth/cyclegan/cyclegan_img_02833.png,229e930b2754798f720941843617b38c75852b6afcd831740b85b9baa0481eae,generated,cyclegan,calibration,western-blot-02833,7.313462257385254,0.999333918094635,generated,0.5,detector-sam-vit-b-lora-r8-all-img512-51265aec,51265aecd96858feeead19cc47f9bd3dc0af3fa7d793582482a9287a153c3e25,cpu
synth/cyclegan/cyclegan_img_02872.png,1d80492d723b537ebc7cd54916cbf625e89c3e0c3ad5fb1b073fb1523bac89f7,generated,cyclegan,calibration,western-blot-02872,5.322376251220703,0.9951425790786743,generated,0.5,detector-sam-vit-b-lora-r8-all-img512-51265aec,51265aecd96858feeead19cc47f9bd3dc0af3fa7d793582482a9287a153c3e25,cpu
synth/cyclegan/cyclegan_img_02885.png,465f0f3c8b8d4736e0d7846a96e8b5c62a95b241bf54b385bd1defd8a0d3c57e,generated,cyclegan,calibration,western-blot-02885,10.25940227508545,0.9999649524688721,generated,0.5,detector-sam-vit-b-lora-r8-all-img512-51265aec,51265aecd96858feeead19cc47f9bd3dc0af3fa7d793582482a9287a153c3e25,cpu
synth/cyclegan/cyclegan_img_02889.png,1e4e62a0e7741c1534f9600db34ada2579cd2ec415dd9886309f4ed1a4706d5f,generated,cyclegan,calibration,western-blot-02889,1.868909239768982,0.8663319945335388,generated,0.5,detector-sam-vit-b-lora-r8-all-img512-51265aec,51265aecd96858feeead19cc47f9bd3dc0af3fa7d793582482a9287a153c3e25,cpu
synth/cyclegan/cyclegan_img_02893.png,b67994df54d63a11ec2b911975c7d3bbf34d6849602e7dadaa69cc86772136dc,generated,cyclegan,calibration,western-blot-02893,5.4142608642578125,0.9955671429634094,generated,0.5,detector-sam-vit-b-lora-r8-all-img512-51265aec,51265aecd96858feeead19cc47f9bd3dc0af3fa7d793582482a9287a153c3e25,cpu
synth/cyclegan/cyclegan_img_02898.png,35b222f2abd22be8bda49246b64aa624c9c7d14d95c6275de2019896a7236e4d,generated,cyclegan,calibration,western-blot-02898,2.911174774169922,0.9483960866928101,generated,0.5,detector-sam-vit-b-lora-r8-all-img512-51265aec,51265aecd96858feeead19cc47f9bd3dc0af3fa7d793582482a9287a153c3e25,cpu
synth/cyclegan/cyclegan_img_02914.png,87414ffe9b34d2ec133802f41d92da452c9c9efad42b54aeacd1b5679c8f9bd0,generated,cyclegan,calibration,western-blot-02914,5.942997932434082,0.9973827004432678,generated,0.5,detector-sam-vit-b-lora-r8-all-img512-51265aec,51265aecd96858feeead19cc47f9bd3dc0af3fa7d793582482a9287a153c3e25,cpu
synth/cyclegan/cyclegan_img_02931.png,ffaf600d335cffa4b1de4c90f6306fab4d80aadad09eed5398b57f5e8542138e,generated,cyclegan,calibration,western-blot-02931,4.466426849365234,0.988642156124115,generated,0.5,detector-sam-vit-b-lora-r8-all-img512-51265aec,51265aecd96858feeead19cc47f9bd3dc0af3fa7d793582482a9287a153c3e25,cpu
synth/cyclegan/cyclegan_img_02932.png,b3a4f165a2c06a1e50e8c301fc4cbe1c1b4ce0d5296f0e95ed0adfcc89a71b84,generated,cyclegan,calibration,western-blot-02932,1.7498570680618286,0.8519347906112671,generated,0.5,detector-sam-vit-b-lora-r8-all-img512-51265aec,51265aecd96858feeead19cc47f9bd3dc0af3fa7d793582482a9287a153c3e25,cpu
synth/cyclegan/cyclegan_img_02954.png,47db338e1ba671ff626ac7695a2111687b8331f470a872f37f37dd6d3f13f985,generated,cyclegan,calibration,western-blot-02954,7.491549968719482,0.9994425177574158,generated,0.5,detector-sam-vit-b-lora-r8-all-img512-51265aec,51265aecd96858feeead19cc47f9bd3dc0af3fa7d793582482a9287a153c3e25,cpu
synth/cyclegan/cyclegan_img_02971.png,331c2bde8dc0c583a42b691b49d75fe978caf4ac1d892c7a68d86fe078967f9e,generated,cyclegan,calibration,western-blot-02971,4.716517925262451,0.9911330342292786,generated,0.5,detector-sam-vit-b-lora-r8-all-img512-51265aec,51265aecd96858feeead19cc47f9bd3dc0af3fa7d793582482a9287a153c3e25,cpu
synth/cyclegan/cyclegan_img_02972.png,615409bb8ccd04e3fa06c0018bbc594770aa36e23dcf0d3387ad41d82ce5ee3d,generated,cyclegan,calibration,western-blot-02972,-0.26009121537208557,0.4353412985801697,original,0.5,detector-sam-vit-b-lora-r8-all-img512-51265aec,51265aecd96858feeead19cc47f9bd3dc0af3fa7d793582482a9287a153c3e25,cpu
synth/cyclegan/cyclegan_img_02989.png,e094694b862f2d4fc754bf30554554b9d5f2d41c2e997b81865e6a648f82e179,generated,cyclegan,calibration,western-blot-02989,8.18071460723877,0.99972003698349,generated,0.5,detector-sam-vit-b-lora-r8-all-img512-51265aec,51265aecd96858feeead19cc47f9bd3dc0af3fa7d793582482a9287a153c3e25,cpu
synth/cyclegan/cyclegan_img_03008.png,6ba53064621f133fb89e5bcae1e56b8d63fe7d4808dfe11b755822b236c20a35,generated,cyclegan,calibration,western-blot-03008,8.20350170135498,0.9997263550758362,generated,0.5,detector-sam-vit-b-lora-r8-all-img512-51265aec,51265aecd96858feeead19cc47f9bd3dc0af3fa7d793582482a9287a153c3e25,cpu
synth/cyclegan/cyclegan_img_03061.png,043ac33d62bdc642fb4d92c88783e8d93662e9540adac69ecc025f2dd4c6dfa3,generated,cyclegan,calibration,western-blot-03061,0.7421218156814575,0.677459716796875,generated,0.5,detector-sam-vit-b-lora-r8-all-img512-51265aec,51265aecd96858feeead19cc47f9bd3dc0af3fa7d793582482a9287a153c3e25,cpu
synth/cyclegan/cyclegan_img_03071.png,4a27adc11a0a6f0f66e071e3d143b0443d58104135e3d168afc2e3af5303e0d8,generated,cyclegan,calibration,western-blot-03071,1.1260933876037598,0.7551172375679016,generated,0.5,detector-sam-vit-b-lora-r8-all-img512-51265aec,51265aecd96858feeead19cc47f9bd3dc0af3fa7d793582482a9287a153c3e25,cpu
synth/cyclegan/cyclegan_img_03101.png,9c998487053f7d1af7e43707de22d331ee3cf59001fca6998a0507f42a2e54c8,generated,cyclegan,calibration,western-blot-03101,6.386496067047119,0.9983186721801758,generated,0.5,detector-sam-vit-b-lora-r8-all-img512-51265aec,51265aecd96858feeead19cc47f9bd3dc0af3fa7d793582482a9287a153c3e25,cpu
synth/cyclegan/cyclegan_img_03111.png,4bbfb863a31b9d79b1d9c6b1365fcecfe1bc37a319ee3f4c9b9515b59071da64,generated,cyclegan,calibration,western-blot-03111,0.5520209670066833,0.6346043944358826,generated,0.5,detector-sam-vit-b-lora-r8-all-img512-51265aec,51265aecd96858feeead19cc47f9bd3dc0af3fa7d793582482a9287a153c3e25,cpu
synth/cyclegan/cyclegan_img_03139.png,e99dd4a8359d3232aee444e24e086041e4b44daa71073e62b3c429631d2e4355,generated,cyclegan,calibration,western-blot-03139,4.9196882247924805,0.9927514791488647,generated,0.5,detector-sam-vit-b-lora-r8-all-img512-51265aec,51265aecd96858feeead19cc47f9bd3dc0af3fa7d793582482a9287a153c3e25,cpu
synth/cyclegan/cyclegan_img_03143.png,7b167cc35b146fe8ebfe4061275c861a4a349254e113afa31ee1b5b0fcf00ca1,generated,cyclegan,calibration,western-blot-03143,1.1606477499008179,0.7614504098892212,generated,0.5,detector-sam-vit-b-lora-r8-all-img512-51265aec,51265aecd96858feeead19cc47f9bd3dc0af3fa7d793582482a9287a153c3e25,cpu
synth/cyclegan/cyclegan_img_03144.png,191a313da18dba9d676ffe658918f3f75de614c526ea0bcc6600751f87cc7f3d,generated,cyclegan,calibration,western-blot-03144,5.50068998336792,0.9959326386451721,generated,0.5,detector-sam-vit-b-lora-r8-all-img512-51265aec,51265aecd96858feeead19cc47f9bd3dc0af3fa7d793582482a9287a153c3e25,cpu
synth/cyclegan/cyclegan_img_03153.png,8db51442475485cf1951ab2c41c94c8cfd7bbdd91daee41e0714f9b037508470,generated,cyclegan,calibration,western-blot-03153,0.427380234003067,0.6052479147911072,generated,0.5,detector-sam-vit-b-lora-r8-all-img512-51265aec,51265aecd96858feeead19cc47f9bd3dc0af3fa7d793582482a9287a153c3e25,cpu
synth/cyclegan/cyclegan_img_03184.png,9a205ddab251b9c9b2b8f9cdf55eb38a78f38404e3ee6ffe08eb958460df7c1f,generated,cyclegan,calibration,western-blot-03184,3.844172477722168,0.9790443778038025,generated,0.5,detector-sam-vit-b-lora-r8-all-img512-51265aec,51265aecd96858feeead19cc47f9bd3dc0af3fa7d793582482a9287a153c3e25,cpu
synth/cyclegan/cyclegan_img_03187.png,96861fe8adad3ac2f2ffc90ed9f4fa4e008bdc3dbc8c2c731e46257fe5518d74,generated,cyclegan,calibration,western-blot-03187,5.08034610748291,0.9938207268714905,generated,0.5,detector-sam-vit-b-lora-r8-all-img512-51265aec,51265aecd96858feeead19cc47f9bd3dc0af3fa7d793582482a9287a153c3e25,cpu
synth/cyclegan/cyclegan_img_03199.png,6e6fb67edcee9b934c5ebc50e5524df02f4f9f994ff8acb4e815135c4c834a8f,generated,cyclegan,calibration,western-blot-03199,1.3299450874328613,0.7908315658569336,generated,0.5,detector-sam-vit-b-lora-r8-all-img512-51265aec,51265aecd96858feeead19cc47f9bd3dc0af3fa7d793582482a9287a153c3e25,cpu
synth/cyclegan/cyclegan_img_03208.png,50c07cac12cb025d52651b914ea7733ab3d3618833309de25fb260ae7b0facb4,generated,cyclegan,calibration,western-blot-03208,0.21724756062030792,0.5540993213653564,generated,0.5,detector-sam-vit-b-lora-r8-all-img512-51265aec,51265aecd96858feeead19cc47f9bd3dc0af3fa7d793582482a9287a153c3e25,cpu
synth/cyclegan/cyclegan_img_03217.png,e0f7a56a81aaae170f5c369c4dedfc54d290147eb3e47d8622fc96b0ee44e4a9,generated,cyclegan,calibration,western-blot-03217,-0.15946446359157562,0.4602181613445282,original,0.5,detector-sam-vit-b-lora-r8-all-img512-51265aec,51265aecd96858feeead19cc47f9bd3dc0af3fa7d793582482a9287a153c3e25,cpu
synth/cyclegan/cyclegan_img_03219.png,2fc5c2240ddd25a6e422e55ec5abad9bb3530234c3cc0dff61e6f1366c290f5a,generated,cyclegan,calibration,western-blot-03219,4.028388023376465,0.9825084209442139,generated,0.5,detector-sam-vit-b-lora-r8-all-img512-51265aec,51265aecd96858feeead19cc47f9bd3dc0af3fa7d793582482a9287a153c3e25,cpu
synth/cyclegan/cyclegan_img_03227.png,537d84b0b9342ff22e1d25b7e90befad6cf2788246be40982137b41c8177725d,generated,cyclegan,calibration,western-blot-03227,4.483892440795898,0.9888366460800171,generated,0.5,detector-sam-vit-b-lora-r8-all-img512-51265aec,51265aecd96858feeead19cc47f9bd3dc0af3fa7d793582482a9287a153c3e25,cpu
synth/cyclegan/cyclegan_img_03317.png,30e32eee1c8616fd52a030f9229bb75b666244da80913b4825c9da9cbc696769,generated,cyclegan,calibration,western-blot-03317,4.836562156677246,0.9921281337738037,generated,0.5,detector-sam-vit-b-lora-r8-all-img512-51265aec,51265aecd96858feeead19cc47f9bd3dc0af3fa7d793582482a9287a153c3e25,cpu
synth/cyclegan/cyclegan_img_03322.png,630051c1dcc8717d676eb871b21cf8d9778d3647babe19124177935a1675e08d,generated,cyclegan,calibration,western-blot-03322,6.09159517288208,0.9977433681488037,generated,0.5,detector-sam-vit-b-lora-r8-all-img512-51265aec,51265aecd96858feeead19cc47f9bd3dc0af3fa7d793582482a9287a153c3e25,cpu
synth/cyclegan/cyclegan_img_03331.png,26a5501a5245ef5eb792ba3409441d457c742a4eb1b1ede08ca4d0d3e5349644,generated,cyclegan,calibration,western-blot-03331,7.1819868087768555,0.9992403984069824,generated,0.5,detector-sam-vit-b-lora-r8-all-img512-51265aec,51265aecd96858feeead19cc47f9bd3dc0af3fa7d793582482a9287a153c3e25,cpu
synth/cyclegan/cyclegan_img_03332.png,1e9725e55cb85b842a1afbd7aaf22a2687e1a46fa61fc6b615eac59e538f405d,generated,cyclegan,calibration,western-blot-03332,7.529424667358398,0.9994632601737976,generated,0.5,detector-sam-vit-b-lora-r8-all-img512-51265aec,51265aecd96858feeead19cc47f9bd3dc0af3fa7d793582482a9287a153c3e25,cpu
synth/cyclegan/cyclegan_img_03342.png,384e51890927c2798a86bacb5799a43ce4e66f3af9c473c1bc9797df81f5fb4f,generated,cyclegan,calibration,western-blot-03342,2.2344584465026855,0.9033015370368958,generated,0.5,detector-sam-vit-b-lora-r8-all-img512-51265aec,51265aecd96858feeead19cc47f9bd3dc0af3fa7d793582482a9287a153c3e25,cpu
synth/cyclegan/cyclegan_img_03348.png,78fa001c0bb2de3b299e337e0e53ad7e21c23f0580ee4644de3a00b03632d184,generated,cyclegan,calibration,western-blot-03348,1.252722144126892,0.7777706980705261,generated,0.5,detector-sam-vit-b-lora-r8-all-img512-51265aec,51265aecd96858feeead19cc47f9bd3dc0af3fa7d793582482a9287a153c3e25,cpu
synth/cyclegan/cyclegan_img_03384.png,ae0b4f6261ae933e5982a44f2cfad3e378cf77f727d08ac78ddfb342e6ec6c5b,generated,cyclegan,calibration,western-blot-03384,2.5775928497314453,0.9294055104255676,generated,0.5,detector-sam-vit-b-lora-r8-all-img512-51265aec,51265aecd96858feeead19cc47f9bd3dc0af3fa7d793582482a9287a153c3e25,cpu
synth/cyclegan/cyclegan_img_03427.png,466edb23e0932168a3cdd4a7a74353195b00598c52cb5cb47082f3972b9e070b,generated,cyclegan,calibration,western-blot-03427,0.09438267350196838,0.5235781669616699,generated,0.5,detector-sam-vit-b-lora-r8-all-img512-51265aec,51265aecd96858feeead19cc47f9bd3dc0af3fa7d793582482a9287a153c3e25,cpu
synth/cyclegan/cyclegan_img_03451.png,2e1387fd429391f0857e4c6f696d0c876c8987e25ff3ce4861f92e3f950f1ba0,generated,cyclegan,calibration,western-blot-03451,8.646760940551758,0.9998243451118469,generated,0.5,detector-sam-vit-b-lora-r8-all-img512-51265aec,51265aecd96858feeead19cc47f9bd3dc0af3fa7d793582482a9287a153c3e25,cpu
synth/cyclegan/cyclegan_img_03464.png,9457db2c404a471eae4288344f40eaf6a64ffdad0000114e17ef099ca1fa2515,generated,cyclegan,calibration,western-blot-03464,0.28684189915657043,0.5712227821350098,generated,0.5,detector-sam-vit-b-lora-r8-all-img512-51265aec,51265aecd96858feeead19cc47f9bd3dc0af3fa7d793582482a9287a153c3e25,cpu
synth/cyclegan/cyclegan_img_03477.png,dd92c9e370dbe1dbffa3e57d66c4e14f98eea645dff371f9cbb584c33c62624c,generated,cyclegan,calibration,western-blot-03477,0.04549255967140198,0.5113711953163147,generated,0.5,detector-sam-vit-b-lora-r8-all-img512-51265aec,51265aecd96858feeead19cc47f9bd3dc0af3fa7d793582482a9287a153c3e25,cpu
synth/cyclegan/cyclegan_img_03480.png,61c5e4121bf271b022b0dd3cb07feff6ebddb54fe6b157328f1f079823a29ea4,generated,cyclegan,calibration,western-blot-03480,3.7471442222595215,0.9769584536552429,generated,0.5,detector-sam-vit-b-lora-r8-all-img512-51265aec,51265aecd96858feeead19cc47f9bd3dc0af3fa7d793582482a9287a153c3e25,cpu
synth/cyclegan/cyclegan_img_03500.png,4e6a64d6cdf8d477236237f121091ee8e5dcd81c9e1b5d3506730ca6bdaeb64c,generated,cyclegan,calibration,western-blot-03500,7.895509719848633,0.9996277093887329,generated,0.5,detector-sam-vit-b-lora-r8-all-img512-51265aec,51265aecd96858feeead19cc47f9bd3dc0af3fa7d793582482a9287a153c3e25,cpu
synth/cyclegan/cyclegan_img_03518.png,c23170a927d3828c7f596c5df831eb8a1c65025f38360f7f11953fc6cbc848b4,generated,cyclegan,calibration,western-blot-03518,2.9930450916290283,0.9522589445114136,generated,0.5,detector-sam-vit-b-lora-r8-all-img512-51265aec,51265aecd96858feeead19cc47f9bd3dc0af3fa7d793582482a9287a153c3e25,cpu
synth/cyclegan/cyclegan_img_03520.png,14969fb0f2bbc0f09e1d0845f6331d00296cf80b749435972117e047df084c93,generated,cyclegan,calibration,western-blot-03520,5.659080505371094,0.9965264201164246,generated,0.5,detector-sam-vit-b-lora-r8-all-img512-51265aec,51265aecd96858feeead19cc47f9bd3dc0af3fa7d793582482a9287a153c3e25,cpu
synth/cyclegan/cyclegan_img_03525.png,8eed8b1133db8c1126bd4d28285b71724f92ed6411e30febed4660fc85402f8b,generated,cyclegan,calibration,western-blot-03525,0.986372709274292,0.7283708453178406,generated,0.5,detector-sam-vit-b-lora-r8-all-img512-51265aec,51265aecd96858feeead19cc47f9bd3dc0af3fa7d793582482a9287a153c3e25,cpu
synth/cyclegan/cyclegan_img_03526.png,06a6b23a0cfe63acececab9ac9732b3f00c09c3ff490385545029c2056d8f7a4,generated,cyclegan,calibration,western-blot-03526,0.8563433885574341,0.7018961310386658,generated,0.5,detector-sam-vit-b-lora-r8-all-img512-51265aec,51265aecd96858feeead19cc47f9bd3dc0af3fa7d793582482a9287a153c3e25,cpu
synth/cyclegan/cyclegan_img_03560.png,61bb6eb41e0456218b9645c6fd60a5efee84a23401c87b6d958eac2c5d6e6754,generated,cyclegan,calibration,western-blot-03560,2.0549519062042236,0.8864470720291138,generated,0.5,detector-sam-vit-b-lora-r8-all-img512-51265aec,51265aecd96858feeead19cc47f9bd3dc0af3fa7d793582482a9287a153c3e25,cpu
synth/cyclegan/cyclegan_img_03571.png,acc4ef07d18e1eb0828e6b60c30d3e5a0ebd62678461e61383599e0f0e758cae,generated,cyclegan,calibration,western-blot-03571,7.512853622436523,0.9994543194770813,generated,0.5,detector-sam-vit-b-lora-r8-all-img512-51265aec,51265aecd96858feeead19cc47f9bd3dc0af3fa7d793582482a9287a153c3e25,cpu
synth/cyclegan/cyclegan_img_03592.png,742d8c4966a9aa0097e98519cc3e1c1f4c77f2aa5e2c68df8e3980b7d0850c06,generated,cyclegan,calibration,western-blot-03592,1.2815687656402588,0.782716691493988,generated,0.5,detector-sam-vit-b-lora-r8-all-img512-51265aec,51265aecd96858feeead19cc47f9bd3dc0af3fa7d793582482a9287a153c3e25,cpu
synth/cyclegan/cyclegan_img_03593.png,feb4488ed7daa12b2d852e5628543f90b28f4fdf63ea21ab2d7fcaf688f62f6a,generated,cyclegan,calibration,western-blot-03593,10.920246124267578,0.9999818801879883,generated,0.5,detector-sam-vit-b-lora-r8-all-img512-51265aec,51265aecd96858feeead19cc47f9bd3dc0af3fa7d793582482a9287a153c3e25,cpu
synth/cyclegan/cyclegan_img_03596.png,240cd5177940e4d11b8266a3874eedf4d6a0eda11c681a834a84ee0b776a2c54,generated,cyclegan,calibration,western-blot-03596,3.0408449172973633,0.9543856382369995,generated,0.5,detector-sam-vit-b-lora-r8-all-img512-51265aec,51265aecd96858feeead19cc47f9bd3dc0af3fa7d793582482a9287a153c3e25,cpu
synth/cyclegan/cyclegan_img_03597.png,f2148e27bc07a9373a4e636c2d9c92f3cf43b8662ad80ceb9120159139a2448c,generated,cyclegan,calibration,western-blot-03597,-0.15320615470409393,0.46177318692207336,original,0.5,detector-sam-vit-b-lora-r8-all-img512-51265aec,51265aecd96858feeead19cc47f9bd3dc0af3fa7d793582482a9287a153c3e25,cpu
synth/cyclegan/cyclegan_img_03613.png,8b1a181c726278fa8d52972681fa7ed7bbcb8afe8138893dc07a4053828f1a5a,generated,cyclegan,calibration,western-blot-03613,6.159923553466797,0.9978920817375183,generated,0.5,detector-sam-vit-b-lora-r8-all-img512-51265aec,51265aecd96858feeead19cc47f9bd3dc0af3fa7d793582482a9287a153c3e25,cpu
synth/cyclegan/cyclegan_img_03617.png,7e85f12096d86b67cbedee3a04b999bfb3c193822a347bea6e887a36982d4dcc,generated,cyclegan,calibration,western-blot-03617,0.5171489119529724,0.6264808773994446,generated,0.5,detector-sam-vit-b-lora-r8-all-img512-51265aec,51265aecd96858feeead19cc47f9bd3dc0af3fa7d793582482a9287a153c3e25,cpu
synth/cyclegan/cyclegan_img_03631.png,8b045ac0a668d2504096ee310b7f761d24a50f2566c116e2c42ee88362b2a086,generated,cyclegan,calibration,western-blot-03631,-0.10703837871551514,0.4732659161090851,original,0.5,detector-sam-vit-b-lora-r8-all-img512-51265aec,51265aecd96858feeead19cc47f9bd3dc0af3fa7d793582482a9287a153c3e25,cpu
synth/cyclegan/cyclegan_img_03667.png,4ec9353baadef869ff8deef2c594a7efa72360f3e3b825b175f1f303144438f1,generated,cyclegan,calibration,western-blot-03667,8.5867280960083,0.9998134970664978,generated,0.5,detector-sam-vit-b-lora-r8-all-img512-51265aec,51265aecd96858feeead19cc47f9bd3dc0af3fa7d793582482a9287a153c3e25,cpu
synth/cyclegan/cyclegan_img_03745.png,b6661d7b559f314cebe2cfd2654165334c4306488c74014b7cffe430b3dc8099,generated,cyclegan,calibration,western-blot-03745,6.778188705444336,0.9988629817962646,generated,0.5,detector-sam-vit-b-lora-r8-all-img512-51265aec,51265aecd96858feeead19cc47f9bd3dc0af3fa7d793582482a9287a153c3e25,cpu
synth/cyclegan/cyclegan_img_03756.png,8807cbac6c9d44a2df9d0c54e8694a9e176186b1781c93feff3b6b77ef8af424,generated,cyclegan,calibration,western-blot-03756,3.275092840194702,0.9635644555091858,generated,0.5,detector-sam-vit-b-lora-r8-all-img512-51265aec,51265aecd96858feeead19cc47f9bd3dc0af3fa7d793582482a9287a153c3e25,cpu
synth/cyclegan/cyclegan_img_03777.png,3a12c3f8847c452cf0164282c2ab8f73cf50f198eeea2c4b0edfe413560fff9b,generated,cyclegan,calibration,western-blot-03777,6.776464462280273,0.9988609552383423,generated,0.5,detector-sam-vit-b-lora-r8-all-img512-51265aec,51265aecd96858feeead19cc47f9bd3dc0af3fa7d793582482a9287a153c3e25,cpu
synth/cyclegan/cyclegan_img_03779.png,a06868d184a4f76f9c6ba561174c2cd33d4c79127ec23ecc6949fe078310d354,generated,cyclegan,calibration,western-blot-03779,0.24838219583034515,0.5617782473564148,generated,0.5,detector-sam-vit-b-lora-r8-all-img512-51265aec,51265aecd96858feeead19cc47f9bd3dc0af3fa7d793582482a9287a153c3e25,cpu
synth/cyclegan/cyclegan_img_03782.png,51afd8f26f6a12f0149ecfda0c0fee102d4f5808aef80fe5e60c817c4fd6f9bb,generated,cyclegan,calibration,western-blot-03782,0.9632575511932373,0.7237735390663147,generated,0.5,detector-sam-vit-b-lora-r8-all-img512-51265aec,51265aecd96858feeead19cc47f9bd3dc0af3fa7d793582482a9287a153c3e25,cpu
synth/cyclegan/cyclegan_img_03793.png,a18e6af235a1eee6497c69aaae844b87458d996d373a67664c110053cd4f36a4,generated,cyclegan,calibration,western-blot-03793,4.325118064880371,0.9869408011436462,generated,0.5,detector-sam-vit-b-lora-r8-all-img512-51265aec,51265aecd96858feeead19cc47f9bd3dc0af3fa7d793582482a9287a153c3e25,cpu
synth/cyclegan/cyclegan_img_03794.png,6352edc80cb57b5494c151bd4cfc1676679455c410b427072f5fd1bcb43e3122,generated,cyclegan,calibration,western-blot-03794,1.2837435007095337,0.783086359500885,generated,0.5,detector-sam-vit-b-lora-r8-all-img512-51265aec,51265aecd96858feeead19cc47f9bd3dc0af3fa7d793582482a9287a153c3e25,cpu
synth/cyclegan/cyclegan_img_03852.png,b2fe570bc48dac396402369e0a3e2c27399bb1083f0c775f03fba039cd81eb6a,generated,cyclegan,calibration,western-blot-03852,6.802778244018555,0.9988905787467957,generated,0.5,detector-sam-vit-b-lora-r8-all-img512-51265aec,51265aecd96858feeead19cc47f9bd3dc0af3fa7d793582482a9287a153c3e25,cpu
synth/cyclegan/cyclegan_img_03863.png,e80af28486635021c6911eb5243bfc80ae62519e19c50a843456034d65fd5f14,generated,cyclegan,calibration,western-blot-03863,2.4602112770080566,0.9213050007820129,generated,0.5,detector-sam-vit-b-lora-r8-all-img512-51265aec,51265aecd96858feeead19cc47f9bd3dc0af3fa7d793582482a9287a153c3e25,cpu
synth/cyclegan/cyclegan_img_03869.png,31c27c20a91de772617e2d355000a9f6f8bdaf6c86b715ec0b78be12ae904880,generated,cyclegan,calibration,western-blot-03869,4.850266933441162,0.992234468460083,generated,0.5,detector-sam-vit-b-lora-r8-all-img512-51265aec,51265aecd96858feeead19cc47f9bd3dc0af3fa7d793582482a9287a153c3e25,cpu
synth/cyclegan/cyclegan_img_03883.png,ad05a1f078f3c06be87d0d9acdefa946e56d22260cc45f58544366a81c14a1c0,generated,cyclegan,calibration,western-blot-03883,4.578459739685059,0.9898337125778198,generated,0.5,detector-sam-vit-b-lora-r8-all-img512-51265aec,51265aecd96858feeead19cc47f9bd3dc0af3fa7d793582482a9287a153c3e25,cpu
synth/cyclegan/cyclegan_img_03889.png,8a08ed6b1fa9ab1be91a7880ecb1a18741fee68a7b5f9a8d9dd0c034fe0d8c91,generated,cyclegan,calibration,western-blot-03889,6.887163162231445,0.9989802241325378,generated,0.5,detector-sam-vit-b-lora-r8-all-img512-51265aec,51265aecd96858feeead19cc47f9bd3dc0af3fa7d793582482a9287a153c3e25,cpu
synth/cyclegan/cyclegan_img_03896.png,675e5c61fa52bce1ad29506296a66aedf76fe5b89660f5f6da9ac8eccb35994b,generated,cyclegan,calibration,western-blot-03896,7.443460464477539,0.9994151592254639,generated,0.5,detector-sam-vit-b-lora-r8-all-img512-51265aec,51265aecd96858feeead19cc47f9bd3dc0af3fa7d793582482a9287a153c3e25,cpu
synth/cyclegan/cyclegan_img_03903.png,e5e2d043af5e3691e4018bf02c1bb222960b2169c1fea2b81d0b6f49d10762bd,generated,cyclegan,calibration,western-blot-03903,11.155574798583984,0.9999856948852539,generated,0.5,detector-sam-vit-b-lora-r8-all-img512-51265aec,51265aecd96858feeead19cc47f9bd3dc0af3fa7d793582482a9287a153c3e25,cpu
synth/cyclegan/cyclegan_img_03904.png,a6f36a779ebca29f1b1bb91fc4409b46cfc7be34a4dcd3c8f52f84c443998f11,generated,cyclegan,calibration,western-blot-03904,6.167902946472168,0.9979088306427002,generated,0.5,detector-sam-vit-b-lora-r8-all-img512-51265aec,51265aecd96858feeead19cc47f9bd3dc0af3fa7d793582482a9287a153c3e25,cpu
synth/cyclegan/cyclegan_img_03908.png,d4d2debd8e1a3ea6ad8920efddd14b795842e959e01b039e2a5a1088ff124c84,generated,cyclegan,calibration,western-blot-03908,3.9507176876068115,0.9811223745346069,generated,0.5,detector-sam-vit-b-lora-r8-all-img512-51265aec,51265aecd96858feeead19cc47f9bd3dc0af3fa7d793582482a9287a153c3e25,cpu
synth/cyclegan/cyclegan_img_03909.png,df395afa02ca8fccfbd71832c4fe941b776774990a157336081b6de9a82e1d21,generated,cyclegan,calibration,western-blot-03909,9.630545616149902,0.9999343156814575,generated,0.5,detector-sam-vit-b-lora-r8-all-img512-51265aec,51265aecd96858feeead19cc47f9bd3dc0af3fa7d793582482a9287a153c3e25,cpu
synth/cyclegan/cyclegan_img_03916.png,887c392cb0ebd07d9d7f7f4becf894a669cff73923c844e8c0eca84106ddbb72,generated,cyclegan,calibration,western-blot-03916,-0.5788640975952148,0.3591940104961395,original,0.5,detector-sam-vit-b-lora-r8-all-img512-51265aec,51265aecd96858feeead19cc47f9bd3dc0af3fa7d793582482a9287a153c3e25,cpu
synth/cyclegan/cyclegan_img_03921.png,4dfd1f66d475323f3ceaec31b779c213125ea16238de622517dfad29d0da1b0a,generated,cyclegan,calibration,western-blot-03921,4.7601423263549805,0.9915083646774292,generated,0.5,detector-sam-vit-b-lora-r8-all-img512-51265aec,51265aecd96858feeead19cc47f9bd3dc0af3fa7d793582482a9287a153c3e25,cpu
synth/cyclegan/cyclegan_img_03932.png,bdb0ab47b2d03e3a88f40b693a0181b76648325e4d202b91a144806103897e7e,generated,cyclegan,calibration,western-blot-03932,3.5037992000579834,0.970795750617981,generated,0.5,detector-sam-vit-b-lora-r8-all-img512-51265aec,51265aecd96858feeead19cc47f9bd3dc0af3fa7d793582482a9287a153c3e25,cpu
synth/cyclegan/cyclegan_img_03938.png,7bae5307a496082a5aa5c38db7a21834dc42b2d9ec6e334ce1e43f3f7044065f,generated,cyclegan,calibration,western-blot-03938,1.2404018640518188,0.7756339311599731,generated,0.5,detector-sam-vit-b-lora-r8-all-img512-51265aec,51265aecd96858feeead19cc47f9bd3dc0af3fa7d793582482a9287a153c3e25,cpu
synth/cyclegan/cyclegan_img_03967.png,ba8be7027b59e463c1d9e106d3faa5da9b367e6513f6e7c46b769d4abf88e189,generated,cyclegan,calibration,western-blot-03967,9.612724304199219,0.999933123588562,generated,0.5,detector-sam-vit-b-lora-r8-all-img512-51265aec,51265aecd96858feeead19cc47f9bd3dc0af3fa7d793582482a9287a153c3e25,cpu
synth/cyclegan/cyclegan_img_03969.png,bfc71dc5af08b8f4242c4cf103d41e6055dcc58a06b20f9929b59bf79bf1593e,generated,cyclegan,calibration,western-blot-03969,2.4130258560180664,0.9178152084350586,generated,0.5,detector-sam-vit-b-lora-r8-all-img512-51265aec,51265aecd96858feeead19cc47f9bd3dc0af3fa7d793582482a9287a153c3e25,cpu
synth/cyclegan/cyclegan_img_03993.png,a268054b36ea97caa189c97a017484d9e4f1ac20519ca36b3f467e4f660a1846,generated,cyclegan,calibration,western-blot-03993,8.329617500305176,0.999758780002594,generated,0.5,detector-sam-vit-b-lora-r8-all-img512-51265aec,51265aecd96858feeead19cc47f9bd3dc0af3fa7d793582482a9287a153c3e25,cpu
synth/cyclegan/cyclegan_img_03994.png,9414566c7254cd3b9f104582abfefee617712b5691d5c967a2817a44c15fb041,generated,cyclegan,calibration,western-blot-03994,5.531170845031738,0.9960542917251587,generated,0.5,detector-sam-vit-b-lora-r8-all-img512-51265aec,51265aecd96858feeead19cc47f9bd3dc0af3fa7d793582482a9287a153c3e25,cpu
synth/cyclegan/cyclegan_img_03995.png,543b089ee6aa992e4f6b44b30b461ee439b5945093d571560be051e812772a71,generated,cyclegan,calibration,western-blot-03995,7.920999050140381,0.9996371269226074,generated,0.5,detector-sam-vit-b-lora-r8-all-img512-51265aec,51265aecd96858feeead19cc47f9bd3dc0af3fa7d793582482a9287a153c3e25,cpu
synth/cyclegan/cyclegan_img_03996.png,d527ec369fb70c6b49c36f736059b5a39b995e7831712139049a21ad8467f082,generated,cyclegan,calibration,western-blot-03996,4.230432510375977,0.9856624007225037,generated,0.5,detector-sam-vit-b-lora-r8-all-img512-51265aec,51265aecd96858feeead19cc47f9bd3dc0af3fa7d793582482a9287a153c3e25,cpu
synth/cyclegan/cyclegan_img_04005.png,6a96bcc86e594e55053930722aba1bc1ef2bbd581df3b0696e7afa247ca27eb3,generated,cyclegan,calibration,western-blot-04005,14.947443008422852,0.9999996423721313,generated,0.5,detector-sam-vit-b-lora-r8-all-img512-51265aec,51265aecd96858feeead19cc47f9bd3dc0af3fa7d793582482a9287a153c3e25,cpu
synth/cyclegan/cyclegan_img_04017.png,1a2d1670889309969809e0a0f1dcb6784be3555b9602acf142c01edc7d50a0be,generated,cyclegan,calibration,western-blot-04017,4.191782474517822,0.9851058721542358,generated,0.5,detector-sam-vit-b-lora-r8-all-img512-51265aec,51265aecd96858feeead19cc47f9bd3dc0af3fa7d793582482a9287a153c3e25,cpu
synth/cyclegan/cyclegan_img_04023.png,2a008e6bc230e1a08e3cc32d905032ce1b9f6aa035da9119f60bfffc20ac5730,generated,cyclegan,calibration,western-blot-04023,2.0961763858795166,0.8905310034751892,generated,0.5,detector-sam-vit-b-lora-r8-all-img512-51265aec,51265aecd96858feeead19cc47f9bd3dc0af3fa7d793582482a9287a153c3e25,cpu
synth/cyclegan/cyclegan_img_04031.png,01660f22f71f2f748c4839b4bf611afc021f57837bde8a65e65f4b42a42a13a1,generated,cyclegan,calibration,western-blot-04031,3.3359289169311523,0.9656410813331604,generated,0.5,detector-sam-vit-b-lora-r8-all-img512-51265aec,51265aecd96858feeead19cc47f9bd3dc0af3fa7d793582482a9287a153c3e25,cpu
synth/cyclegan/cyclegan_img_04036.png,e630b5228ce1cc30a3146f8f61d3eacfac6d835c5a7e1278c719d0d81aff357e,generated,cyclegan,calibration,western-blot-04036,-0.9919502139091492,0.27052703499794006,original,0.5,detector-sam-vit-b-lora-r8-all-img512-51265aec,51265aecd96858feeead19cc47f9bd3dc0af3fa7d793582482a9287a153c3e25,cpu
synth/cyclegan/cyclegan_img_04046.png,86e5e6ae73a85c7196921984fdd8a4d8beb057862f4821674a5d06c274a0b018,generated,cyclegan,calibration,western-blot-04046,0.580310583114624,0.6411388516426086,generated,0.5,detector-sam-vit-b-lora-r8-all-img512-51265aec,51265aecd96858feeead19cc47f9bd3dc0af3fa7d793582482a9287a153c3e25,cpu
synth/cyclegan/cyclegan_img_04051.png,4013cf0f75d8f70d589d8f227bb1d40ede3ba43afd1751965f06c961867ee59f,generated,cyclegan,calibration,western-blot-04051,15.603752136230469,0.9999998807907104,generated,0.5,detector-sam-vit-b-lora-r8-all-img512-51265aec,51265aecd96858feeead19cc47f9bd3dc0af3fa7d793582482a9287a153c3e25,cpu
synth/cyclegan/cyclegan_img_04052.png,59df37004cc154710ba87422b62bb15db6e2204f6db3a2670a07edb31c6c94ff,generated,cyclegan,calibration,western-blot-04052,13.28819751739502,0.9999983310699463,generated,0.5,detector-sam-vit-b-lora-r8-all-img512-51265aec,51265aecd96858feeead19cc47f9bd3dc0af3fa7d793582482a9287a153c3e25,cpu
synth/cyclegan/cyclegan_img_04063.png,8a31dd55d35b444f5cd00ea0d9b00f5d17a91fe42bad0315be8ebf52b0f7b11d,generated,cyclegan,calibration,western-blot-04063,13.994793891906738,0.9999991655349731,generated,0.5,detector-sam-vit-b-lora-r8-all-img512-51265aec,51265aecd96858feeead19cc47f9bd3dc0af3fa7d793582482a9287a153c3e25,cpu
synth/cyclegan/cyclegan_img_04071.png,7be2f3a2c0da67db8718880f40b320243a18c77586fbedfef0c124be0c1c432c,generated,cyclegan,calibration,western-blot-04071,15.750852584838867,0.9999998807907104,generated,0.5,detector-sam-vit-b-lora-r8-all-img512-51265aec,51265aecd96858feeead19cc47f9bd3dc0af3fa7d793582482a9287a153c3e25,cpu
synth/cyclegan/cyclegan_img_04073.png,827fa82dd0fef6bfd428bd3b68d162963a711d7494a0381818edde4db05b1128,generated,cyclegan,calibration,western-blot-04073,9.351217269897461,0.9999130964279175,generated,0.5,detector-sam-vit-b-lora-r8-all-img512-51265aec,51265aecd96858feeead19cc47f9bd3dc0af3fa7d793582482a9287a153c3e25,cpu
synth/cyclegan/cyclegan_img_04119.png,c5f8c57356b22e941acb2cd5b9b117b8f2d53165b8e40e9308cf6d97fafb6e6f,generated,cyclegan,calibration,western-blot-04119,-0.9159397482872009,0.2857859134674072,original,0.5,detector-sam-vit-b-lora-r8-all-img512-51265aec,51265aecd96858feeead19cc47f9bd3dc0af3fa7d793582482a9287a153c3e25,cpu
synth/cyclegan/cyclegan_img_04135.png,5efc2a755180c2f3cb27ab5b557137174c7d41eeb5e798d2fc403f96b3249087,generated,cyclegan,calibration,western-blot-04135,1.5116016864776611,0.8192983865737915,generated,0.5,detector-sam-vit-b-lora-r8-all-img512-51265aec,51265aecd96858feeead19cc47f9bd3dc0af3fa7d793582482a9287a153c3e25,cpu
synth/cyclegan/cyclegan_img_04142.png,fa83a67f683d6e35d5f09a9e1aa8353186075bacc0407cc15e6013a13509a90e,generated,cyclegan,calibration,western-blot-04142,-0.3879818320274353,0.4042032063007355,original,0.5,detector-sam-vit-b-lora-r8-all-img512-51265aec,51265aecd96858feeead19cc47f9bd3dc0af3fa7d793582482a9287a153c3e25,cpu
synth/cyclegan/cyclegan_img_04167.png,8bea791a57423591ae9d7e5391d94b86ff200d5c3e1b0de00d5a07d95139f10d,generated,cyclegan,calibration,western-blot-04167,1.3719643354415894,0.7976973652839661,generated,0.5,detector-sam-vit-b-lora-r8-all-img512-51265aec,51265aecd96858feeead19cc47f9bd3dc0af3fa7d793582482a9287a153c3e25,cpu
synth/cyclegan/cyclegan_img_04171.png,1adff82df29e268a5950e55865beec65f2def7747bec6a733f5f04ef255af891,generated,cyclegan,calibration,western-blot-04171,14.17122745513916,0.9999992847442627,generated,0.5,detector-sam-vit-b-lora-r8-all-img512-51265aec,51265aecd96858feeead19cc47f9bd3dc0af3fa7d793582482a9287a153c3e25,cpu
synth/cyclegan/cyclegan_img_04181.png,6af243234755e97774a8b9b7d747aa1574e7c0da18fdcdbd086ded1d702a54f6,generated,cyclegan,calibration,western-blot-04181,1.7467564344406128,0.8515432476997375,generated,0.5,detector-sam-vit-b-lora-r8-all-img512-51265aec,51265aecd96858feeead19cc47f9bd3dc0af3fa7d793582482a9287a153c3e25,cpu
synth/cyclegan/cyclegan_img_04187.png,8a1713fe0b15ff514704b1495e4ef99cc918b9a3e00692c7f43d5a39d8dd7972,generated,cyclegan,calibration,western-blot-04187,6.520716190338135,0.9985295534133911,generated,0.5,detector-sam-vit-b-lora-r8-all-img512-51265aec,51265aecd96858feeead19cc47f9bd3dc0af3fa7d793582482a9287a153c3e25,cpu
synth/cyclegan/cyclegan_img_04202.png,06812cfb7779a7cbde87a011d40274504d85bc7c73ab4ac7b473081ee7a772b4,generated,cyclegan,calibration,western-blot-04202,3.4188132286071777,0.9682872891426086,generated,0.5,detector-sam-vit-b-lora-r8-all-img512-51265aec,51265aecd96858feeead19cc47f9bd3dc0af3fa7d793582482a9287a153c3e25,cpu
synth/cyclegan/cyclegan_img_04209.png,5f08682200fe6399c16d452d5b6651d0a5a70eb532867eae8d10b6d57b612bf7,generated,cyclegan,calibration,western-blot-04209,4.233506202697754,0.9857058525085449,generated,0.5,detector-sam-vit-b-lora-r8-all-img512-51265aec,51265aecd96858feeead19cc47f9bd3dc0af3fa7d793582482a9287a153c3e25,cpu
synth/cyclegan/cyclegan_img_04213.png,24ef63433e71b5528a91725b4e1f99eccabe71670a606076312eb5e7cb6429fc,generated,cyclegan,calibration,western-blot-04213,-0.47754716873168945,0.38283148407936096,original,0.5,detector-sam-vit-b-lora-r8-all-img512-51265aec,51265aecd96858feeead19cc47f9bd3dc0af3fa7d793582482a9287a153c3e25,cpu
synth/cyclegan/cyclegan_img_04216.png,1c9dc58a81670655eb85b0dc701e85adfde7b5a8f4b5b53fd8703fae4c14d50a,generated,cyclegan,calibration,western-blot-04216,-0.12672756612300873,0.46836042404174805,original,0.5,detector-sam-vit-b-lora-r8-all-img512-51265aec,51265aecd96858feeead19cc47f9bd3dc0af3fa7d793582482a9287a153c3e25,cpu
synth/cyclegan/cyclegan_img_04244.png,5cc99ce658c5cc569f1f989261105c657353e0ea99711eb98ae05583f20b3852,generated,cyclegan,calibration,western-blot-04244,2.2693474292755127,0.9063063859939575,generated,0.5,detector-sam-vit-b-lora-r8-all-img512-51265aec,51265aecd96858feeead19cc47f9bd3dc0af3fa7d793582482a9287a153c3e25,cpu
synth/cyclegan/cyclegan_img_04260.png,a88415b247394f50c3c5639da92ed2f26a5948b399baeb46ecc7b731023d4cc6,generated,cyclegan,calibration,western-blot-04260,-3.559635639190674,0.02766222134232521,original,0.5,detector-sam-vit-b-lora-r8-all-img512-51265aec,51265aecd96858feeead19cc47f9bd3dc0af3fa7d793582482a9287a153c3e25,cpu
synth/cyclegan/cyclegan_img_04265.png,7023179d9e552c8005a4f1ca2b0c4c7f86b44ee52799011dc1d30a93f0beaea3,generated,cyclegan,calibration,western-blot-04265,-3.7940711975097656,0.02200852334499359,original,0.5,detector-sam-vit-b-lora-r8-all-img512-51265aec,51265aecd96858feeead19cc47f9bd3dc0af3fa7d793582482a9287a153c3e25,cpu
synth/cyclegan/cyclegan_img_04278.png,e496264d463ec2568cb7f404ca3a6d980de22b263db595258c96b12f8ec3768e,generated,cyclegan,calibration,western-blot-04278,-2.459413528442383,0.07875288277864456,original,0.5,detector-sam-vit-b-lora-r8-all-img512-51265aec,51265aecd96858feeead19cc47f9bd3dc0af3fa7d793582482a9287a153c3e25,cpu
synth/cyclegan/cyclegan_img_04288.png,a37f4033c0cbddfaebaccd4ab80344df1ead4e568f3ee04b0e49ac962ac824de,generated,cyclegan,calibration,western-blot-04288,-1.2899671792984009,0.2158583551645279,original,0.5,detector-sam-vit-b-lora-r8-all-img512-51265aec,51265aecd96858feeead19cc47f9bd3dc0af3fa7d793582482a9287a153c3e25,cpu
synth/cyclegan/cyclegan_img_04292.png,56baaa02949daa9527a5e4ac593cb78fbbf2ca129a92786359ce8b2448eb1458,generated,cyclegan,calibration,western-blot-04292,-2.4691431522369385,0.07804987579584122,original,0.5,detector-sam-vit-b-lora-r8-all-img512-51265aec,51265aecd96858feeead19cc47f9bd3dc0af3fa7d793582482a9287a153c3e25,cpu
synth/cyclegan/cyclegan_img_04300.png,f073a0f8cf789fb9a66c59afc0c43bb2af0a5afc23d612d7957e9ae18d095365,generated,cyclegan,calibration,western-blot-04300,1.3978829383850098,0.8018477559089661,generated,0.5,detector-sam-vit-b-lora-r8-all-img512-51265aec,51265aecd96858feeead19cc47f9bd3dc0af3fa7d793582482a9287a153c3e25,cpu
synth/cyclegan/cyclegan_img_04307.png,f5fd174ff0336dc1c6cd8b8d382438f30311cc0b65131549f97fbd326b02d9d1,generated,cyclegan,calibration,western-blot-04307,-0.43162503838539124,0.393738329410553,original,0.5,detector-sam-vit-b-lora-r8-all-img512-51265aec,51265aecd96858feeead19cc47f9bd3dc0af3fa7d793582482a9287a153c3e25,cpu
synth/cyclegan/cyclegan_img_04309.png,5e08e75036d0cc25a75c74b4c4561325f963962ffed28d25e15ce32d187766ef,generated,cyclegan,calibration,western-blot-04309,-1.1079293489456177,0.248257115483284,original,0.5,detector-sam-vit-b-lora-r8-all-img512-51265aec,51265aecd96858feeead19cc47f9bd3dc0af3fa7d793582482a9287a153c3e25,cpu
synth/cyclegan/cyclegan_img_04315.png,27cbe39b92bfec221105699a2cdbbec9a9bb4be4f4b80ab404f56ed4318a338e,generated,cyclegan,calibration,western-blot-04315,-1.750343918800354,0.14800381660461426,original,0.5,detector-sam-vit-b-lora-r8-all-img512-51265aec,51265aecd96858feeead19cc47f9bd3dc0af3fa7d793582482a9287a153c3e25,cpu
synth/cyclegan/cyclegan_img_04317.png,073295985152203703d4f3c11ab94acd084cdfe1eb6850860386436c06729926,generated,cyclegan,calibration,western-blot-04317,0.5786699056625366,0.6407613158226013,generated,0.5,detector-sam-vit-b-lora-r8-all-img512-51265aec,51265aecd96858feeead19cc47f9bd3dc0af3fa7d793582482a9287a153c3e25,cpu
synth/cyclegan/cyclegan_img_04324.png,c765e0d316adf2cce90707fe8551a8523b83ddcaf5f37446b48c6ee51f1c3911,generated,cyclegan,calibration,western-blot-04324,12.301839828491211,0.9999954700469971,generated,0.5,detector-sam-vit-b-lora-r8-all-img512-51265aec,51265aecd96858feeead19cc47f9bd3dc0af3fa7d793582482a9287a153c3e25,cpu
synth/cyclegan/cyclegan_img_04329.png,b0b0d794b8c13a1c6cdab87c8798a56d4cd40578b10e6ea8ad912af377d1f5b6,generated,cyclegan,calibration,western-blot-04329,-0.08049708604812622,0.47988662123680115,original,0.5,detector-sam-vit-b-lora-r8-all-img512-51265aec,51265aecd96858feeead19cc47f9bd3dc0af3fa7d793582482a9287a153c3e25,cpu
synth/cyclegan/cyclegan_img_04360.png,b2eb7567e3595514598125b7e81e47270b08b6df6dbcedaae3aac74d2b479bd1,generated,cyclegan,calibration,western-blot-04360,3.8003931045532227,0.978127121925354,generated,0.5,detector-sam-vit-b-lora-r8-all-img512-51265aec,51265aecd96858feeead19cc47f9bd3dc0af3fa7d793582482a9287a153c3e25,cpu
synth/cyclegan/cyclegan_img_04372.png,fda97af8b2f5d68ecb6e8a075e52b53339ca7739e43248f603db2672d0181357,generated,cyclegan,calibration,western-blot-04372,2.385502576828003,0.9157150983810425,generated,0.5,detector-sam-vit-b-lora-r8-all-img512-51265aec,51265aecd96858feeead19cc47f9bd3dc0af3fa7d793582482a9287a153c3e25,cpu
synth/cyclegan/cyclegan_img_04376.png,dfe62425d7474b150534fc6197b31feb3972addd0f824c08766cc0888d7dc504,generated,cyclegan,calibration,western-blot-04376,-0.061307039111852646,0.4846780598163605,original,0.5,detector-sam-vit-b-lora-r8-all-img512-51265aec,51265aecd96858feeead19cc47f9bd3dc0af3fa7d793582482a9287a153c3e25,cpu
synth/cyclegan/cyclegan_img_04377.png,08540adae022c1dca2f21078d45bcb56e6d9552d1ffd92c228f76c20c2dfb063,generated,cyclegan,calibration,western-blot-04377,1.0583593845367432,0.7423769235610962,generated,0.5,detector-sam-vit-b-lora-r8-all-img512-51265aec,51265aecd96858feeead19cc47f9bd3dc0af3fa7d793582482a9287a153c3e25,cpu
synth/cyclegan/cyclegan_img_04395.png,9e16bfcd959df80f35a0508bf01e72287e2154181a768feffee58c998105c2bb,generated,cyclegan,calibration,western-blot-04395,0.9078956842422485,0.7125693559646606,generated,0.5,detector-sam-vit-b-lora-r8-all-img512-51265aec,51265aecd96858feeead19cc47f9bd3dc0af3fa7d793582482a9287a153c3e25,cpu
synth/cyclegan/cyclegan_img_04400.png,57097960105496f6eacd511888464d7ebed97ed69c7b230b03acfff4ed0b91e5,generated,cyclegan,calibration,western-blot-04400,12.653061866760254,0.9999967813491821,generated,0.5,detector-sam-vit-b-lora-r8-all-img512-51265aec,51265aecd96858feeead19cc47f9bd3dc0af3fa7d793582482a9287a153c3e25,cpu
synth/cyclegan/cyclegan_img_04401.png,eac882a223f4fff9cc40bbc00d84b7a18b5d0bfe28ee00ed2b0bc9e523dfd35d,generated,cyclegan,calibration,western-blot-04401,14.788473129272461,0.9999996423721313,generated,0.5,detector-sam-vit-b-lora-r8-all-img512-51265aec,51265aecd96858feeead19cc47f9bd3dc0af3fa7d793582482a9287a153c3e25,cpu
synth/cyclegan/cyclegan_img_04423.png,96aedf3e86c73af2009a466104d44c950d72abee9bcf4d36aeee5cc5fa0da3e0,generated,cyclegan,calibration,western-blot-04423,10.833270072937012,0.9999802112579346,generated,0.5,detector-sam-vit-b-lora-r8-all-img512-51265aec,51265aecd96858feeead19cc47f9bd3dc0af3fa7d793582482a9287a153c3e25,cpu
synth/cyclegan/cyclegan_img_04433.png,2f3b67260faca2ee9a48e5e3de2127f9c2852399803ee3d68f6f82a86cc97871,generated,cyclegan,calibration,western-blot-04433,8.116874694824219,0.9997015595436096,generated,0.5,detector-sam-vit-b-lora-r8-all-img512-51265aec,51265aecd96858feeead19cc47f9bd3dc0af3fa7d793582482a9287a153c3e25,cpu
synth/cyclegan/cyclegan_img_04434.png,b6be91a7605491cd152c162818959ea474a98b14fff0d460f1176fa043200821,generated,cyclegan,calibration,western-blot-04434,20.757251739501953,1.0,generated,0.5,detector-sam-vit-b-lora-r8-all-img512-51265aec,51265aecd96858feeead19cc47f9bd3dc0af3fa7d793582482a9287a153c3e25,cpu
synth/cyclegan/cyclegan_img_04456.png,0bfdec9a0c114fac9fee1dc0b853f88ee6ad85e86d6712045def96768122ba29,generated,cyclegan,calibration,western-blot-04456,2.1525511741638184,0.8959069848060608,generated,0.5,detector-sam-vit-b-lora-r8-all-img512-51265aec,51265aecd96858feeead19cc47f9bd3dc0af3fa7d793582482a9287a153c3e25,cpu
synth/cyclegan/cyclegan_img_04462.png,9df90132a8029c47479288e20e07f112de822456ba45716b8d474e0ec23b741f,generated,cyclegan,calibration,western-blot-04462,-1.9560657739639282,0.12389345467090607,original,0.5,detector-sam-vit-b-lora-r8-all-img512-51265aec,51265aecd96858feeead19cc47f9bd3dc0af3fa7d793582482a9287a153c3e25,cpu
synth/cyclegan/cyclegan_img_04475.png,e775162e478dfeeedb5620b4c1368504b803138c5c8746f52dd3e49cacde7865,generated,cyclegan,calibration,western-blot-04475,-1.9960110187530518,0.1196223720908165,original,0.5,detector-sam-vit-b-lora-r8-all-img512-51265aec,51265aecd96858feeead19cc47f9bd3dc0af3fa7d793582482a9287a153c3e25,cpu
synth/cyclegan/cyclegan_img_04477.png,5f3b55678fffe45b78761d5ed5913c0aa36ff0a1d0eddf0d00a78efacd6e1efb,generated,cyclegan,calibration,western-blot-04477,5.641159534454346,0.9964638352394104,generated,0.5,detector-sam-vit-b-lora-r8-all-img512-51265aec,51265aecd96858feeead19cc47f9bd3dc0af3fa7d793582482a9287a153c3e25,cpu
synth/cyclegan/cyclegan_img_04496.png,93b8d4756bb4c8218eec8125fb69a582e58519280cbfb7bf2898fab43f7a02ff,generated,cyclegan,calibration,western-blot-04496,0.6790252327919006,0.6635211110115051,generated,0.5,detector-sam-vit-b-lora-r8-all-img512-51265aec,51265aecd96858feeead19cc47f9bd3dc0af3fa7d793582482a9287a153c3e25,cpu
synth/cyclegan/cyclegan_img_04508.png,b55f35a4e320c337779b6bafa543dedf20d34a4b7b0bf2decca59b0687fcc8a1,generated,cyclegan,calibration,western-blot-04508,14.964700698852539,0.9999996423721313,generated,0.5,detector-sam-vit-b-lora-r8-all-img512-51265aec,51265aecd96858feeead19cc47f9bd3dc0af3fa7d793582482a9287a153c3e25,cpu
synth/cyclegan/cyclegan_img_04513.png,2f6ad8ae00dfd4218754ff037f0610e26cd5ad98a638bdccb33cf4bed7f17444,generated,cyclegan,calibration,western-blot-04513,13.242546081542969,0.9999982118606567,generated,0.5,detector-sam-vit-b-lora-r8-all-img512-51265aec,51265aecd96858feeead19cc47f9bd3dc0af3fa7d793582482a9287a153c3e25,cpu
synth/cyclegan/cyclegan_img_04516.png,26d5c760af5b32c95105bc61138ea6844b7e018ede01105c8d0b64571000b72a,generated,cyclegan,calibration,western-blot-04516,9.614198684692383,0.9999332427978516,generated,0.5,detector-sam-vit-b-lora-r8-all-img512-51265aec,51265aecd96858feeead19cc47f9bd3dc0af3fa7d793582482a9287a153c3e25,cpu
synth/cyclegan/cyclegan_img_04517.png,9ebb5bc21056bb38142480316c7e0f089e0355512481bcbd8e4f533a2d099996,generated,cyclegan,calibration,western-blot-04517,7.417581558227539,0.9993997812271118,generated,0.5,detector-sam-vit-b-lora-r8-all-img512-51265aec,51265aecd96858feeead19cc47f9bd3dc0af3fa7d793582482a9287a153c3e25,cpu
synth/cyclegan/cyclegan_img_04519.png,521379df76a5e796ef77f6a91f89b4760e1f2793cf6384b29e9a5d2289cc548a,generated,cyclegan,calibration,western-blot-04519,15.364480972290039,0.9999997615814209,generated,0.5,detector-sam-vit-b-lora-r8-all-img512-51265aec,51265aecd96858feeead19cc47f9bd3dc0af3fa7d793582482a9287a153c3e25,cpu
synth/cyclegan/cyclegan_img_04534.png,4206cad6101a3558477fe1cf622e8a29712cae0807b741348d526fab3899439f,generated,cyclegan,calibration,western-blot-04534,8.426475524902344,0.99978107213974,generated,0.5,detector-sam-vit-b-lora-r8-all-img512-51265aec,51265aecd96858feeead19cc47f9bd3dc0af3fa7d793582482a9287a153c3e25,cpu
synth/cyclegan/cyclegan_img_04539.png,44e253a8cc8a039d585c0d8cad16a4576902090d9158d7c4a9e763e4b3c677ae,generated,cyclegan,calibration,western-blot-04539,4.905322074890137,0.9926474094390869,generated,0.5,detector-sam-vit-b-lora-r8-all-img512-51265aec,51265aecd96858feeead19cc47f9bd3dc0af3fa7d793582482a9287a153c3e25,cpu
synth/cyclegan/cyclegan_img_04546.png,d1030bb2f6f330c5b6cefb1c4336ed719f89faf15739b73e1e6f625b528784a0,generated,cyclegan,calibration,western-blot-04546,12.435089111328125,0.9999960660934448,generated,0.5,detector-sam-vit-b-lora-r8-all-img512-51265aec,51265aecd96858feeead19cc47f9bd3dc0af3fa7d793582482a9287a153c3e25,cpu
synth/cyclegan/cyclegan_img_04570.png,b8a916146a020fc6ba360b6dc46433724956e2299c4d389c5cf09319fe78f16b,generated,cyclegan,calibration,western-blot-04570,-0.3464276194572449,0.4142489731311798,original,0.5,detector-sam-vit-b-lora-r8-all-img512-51265aec,51265aecd96858feeead19cc47f9bd3dc0af3fa7d793582482a9287a153c3e25,cpu
synth/cyclegan/cyclegan_img_04575.png,65251d006a8477d284e3a1fe5635a154abfe19d21737206267f0bec814d4c608,generated,cyclegan,calibration,western-blot-04575,0.3934483826160431,0.5971125364303589,generated,0.5,detector-sam-vit-b-lora-r8-all-img512-51265aec,51265aecd96858feeead19cc47f9bd3dc0af3fa7d793582482a9287a153c3e25,cpu
synth/cyclegan/cyclegan_img_04584.png,f7de712bc14837afc39cc247d3221da3154154118a5c2de3c7cfe55b8c3af1a2,generated,cyclegan,calibration,western-blot-04584,5.747023582458496,0.9968178272247314,generated,0.5,detector-sam-vit-b-lora-r8-all-img512-51265aec,51265aecd96858feeead19cc47f9bd3dc0af3fa7d793582482a9287a153c3e25,cpu
synth/cyclegan/cyclegan_img_04595.png,292716eb814071819fd21deeade9594910a3004c6d0df238261041eb4ec04a81,generated,cyclegan,calibration,western-blot-04595,0.13219478726387024,0.533000648021698,generated,0.5,detector-sam-vit-b-lora-r8-all-img512-51265aec,51265aecd96858feeead19cc47f9bd3dc0af3fa7d793582482a9287a153c3e25,cpu
synth/cyclegan/cyclegan_img_04608.png,af9e9ceb17e6a3e9ef89e00570f70365707451883e2620a72d681f1102a9f36b,generated,cyclegan,calibration,western-blot-04608,-0.32430189847946167,0.41962769627571106,original,0.5,detector-sam-vit-b-lora-r8-all-img512-51265aec,51265aecd96858feeead19cc47f9bd3dc0af3fa7d793582482a9287a153c3e25,cpu
synth/cyclegan/cyclegan_img_04613.png,936c040d5bb0b52427c1dc8448cf3f9a41bbfd118e300173dec8a8cacdfc7d78,generated,cyclegan,calibration,western-blot-04613,7.504093170166016,0.9994494318962097,generated,0.5,detector-sam-vit-b-lora-r8-all-img512-51265aec,51265aecd96858feeead19cc47f9bd3dc0af3fa7d793582482a9287a153c3e25,cpu
synth/cyclegan/cyclegan_img_04616.png,b2e3120fb95299b4c1c20ada9d7de8ba8bfd3d35d66983b594b66716254380f3,generated,cyclegan,calibration,western-blot-04616,13.505634307861328,0.9999986886978149,generated,0.5,detector-sam-vit-b-lora-r8-all-img512-51265aec,51265aecd96858feeead19cc47f9bd3dc0af3fa7d793582482a9287a153c3e25,cpu
synth/cyclegan/cyclegan_img_04648.png,53b188c66338e7ac49421777435234fa86d091b7469311178dd56e120e60cdbe,generated,cyclegan,calibration,western-blot-04648,4.1276535987854,0.984135091304779,generated,0.5,detector-sam-vit-b-lora-r8-all-img512-51265aec,51265aecd96858feeead19cc47f9bd3dc0af3fa7d793582482a9287a153c3e25,cpu
synth/cyclegan/cyclegan_img_04655.png,6e75170f226a5cc35b8dcee0cd48157c630792d1ad5732a05896449cdaacb5b1,generated,cyclegan,calibration,western-blot-04655,-1.4801067113876343,0.18541130423545837,original,0.5,detector-sam-vit-b-lora-r8-all-img512-51265aec,51265aecd96858feeead19cc47f9bd3dc0af3fa7d793582482a9287a153c3e25,cpu
synth/cyclegan/cyclegan_img_04665.png,61a0c61c73332b725602794d146899b24cf0f1447cee8fd35313ad951ee2bbb4,generated,cyclegan,calibration,western-blot-04665,-0.778562068939209,0.31462985277175903,original,0.5,detector-sam-vit-b-lora-r8-all-img512-51265aec,51265aecd96858feeead19cc47f9bd3dc0af3fa7d793582482a9287a153c3e25,cpu
synth/cyclegan/cyclegan_img_04679.png,7dfe1bc877c9a212648233b6dec5f7df16017feb93064291e26a2f6bc2947b13,generated,cyclegan,calibration,western-blot-04679,0.782031774520874,0.6861178874969482,generated,0.5,detector-sam-vit-b-lora-r8-all-img512-51265aec,51265aecd96858feeead19cc47f9bd3dc0af3fa7d793582482a9287a153c3e25,cpu
synth/cyclegan/cyclegan_img_04698.png,f1f07e3ce2d6727d98adb5203274113b6bf28f5ee870be6797ef8337d77ada11,generated,cyclegan,calibration,western-blot-04698,-0.2618202865123749,0.43491628766059875,original,0.5,detector-sam-vit-b-lora-r8-all-img512-51265aec,51265aecd96858feeead19cc47f9bd3dc0af3fa7d793582482a9287a153c3e25,cpu
synth/cyclegan/cyclegan_img_04708.png,7c991211114cb49d3b573ed156d594dee4c0494f40b7ae986f2b2eef03515af7,generated,cyclegan,calibration,western-blot-04708,0.9255415201187134,0.7161698937416077,generated,0.5,detector-sam-vit-b-lora-r8-all-img512-51265aec,51265aecd96858feeead19cc47f9bd3dc0af3fa7d793582482a9287a153c3e25,cpu
synth/cyclegan/cyclegan_img_04709.png,138f45f3e3b71c408387cc36d5e0435c2c4b5eace59976b8d30a5f1a1a2b7fea,generated,cyclegan,calibration,western-blot-04709,2.0373382568359375,0.8846619725227356,generated,0.5,detector-sam-vit-b-lora-r8-all-img512-51265aec,51265aecd96858feeead19cc47f9bd3dc0af3fa7d793582482a9287a153c3e25,cpu
synth/cyclegan/cyclegan_img_04726.png,b097f792b9edfdb978c26a201662d533960b35e81443e93c2ad8f210ec1a8514,generated,cyclegan,calibration,western-blot-04726,2.810542583465576,0.9432429075241089,generated,0.5,detector-sam-vit-b-lora-r8-all-img512-51265aec,51265aecd96858feeead19cc47f9bd3dc0af3fa7d793582482a9287a153c3e25,cpu
synth/cyclegan/cyclegan_img_04727.png,9bc39ceac0a09c7a58629c45131fc0b52aabcfaa93a452968798de1e82531619,generated,cyclegan,calibration,western-blot-04727,0.22431974112987518,0.5558459162712097,generated,0.5,detector-sam-vit-b-lora-r8-all-img512-51265aec,51265aecd96858feeead19cc47f9bd3dc0af3fa7d793582482a9287a153c3e25,cpu
synth/cyclegan/cyclegan_img_04728.png,a5f16a2c310506d97ca652bcf6d8ec5a6d0f4674e90c089e6166a3289b0bce53,generated,cyclegan,calibration,western-blot-04728,-0.4404163062572479,0.391641765832901,original,0.5,detector-sam-vit-b-lora-r8-all-img512-51265aec,51265aecd96858feeead19cc47f9bd3dc0af3fa7d793582482a9287a153c3e25,cpu
synth/cyclegan/cyclegan_img_04743.png,5ffa6f3ec7516fdb6dbd2edb04a9618f6191518f1bd33047ec652cbc792cdcbb,generated,cyclegan,calibration,western-blot-04743,0.952315092086792,0.7215805053710938,generated,0.5,detector-sam-vit-b-lora-r8-all-img512-51265aec,51265aecd96858feeead19cc47f9bd3dc0af3fa7d793582482a9287a153c3e25,cpu
synth/cyclegan/cyclegan_img_04760.png,618a134a46edb6323c4ece7e5ad6571e0f62903f64e10dee47262360172f7324,generated,cyclegan,calibration,western-blot-04760,1.2212389707565308,0.7722814679145813,generated,0.5,detector-sam-vit-b-lora-r8-all-img512-51265aec,51265aecd96858feeead19cc47f9bd3dc0af3fa7d793582482a9287a153c3e25,cpu
synth/cyclegan/cyclegan_img_04762.png,9783c8f82df76dac3e1d512b916d51800de933c326f5cc6fc92cc6a40577a095,generated,cyclegan,calibration,western-blot-04762,0.37820494174957275,0.5934401154518127,generated,0.5,detector-sam-vit-b-lora-r8-all-img512-51265aec,51265aecd96858feeead19cc47f9bd3dc0af3fa7d793582482a9287a153c3e25,cpu
synth/cyclegan/cyclegan_img_04782.png,1f521c49d99da8df13099fb51ebdcb6ffaf1dd7458e7ddb66138447ef3ee1deb,generated,cyclegan,calibration,western-blot-04782,-6.7519426345825195,0.0011672432301566005,original,0.5,detector-sam-vit-b-lora-r8-all-img512-51265aec,51265aecd96858feeead19cc47f9bd3dc0af3fa7d793582482a9287a153c3e25,cpu
synth/cyclegan/cyclegan_img_04791.png,7474932aad38fef6c546dbbb2a1717512e0be38ef413a34db73d2c03790891d4,generated,cyclegan,calibration,western-blot-04791,3.0922164916992188,0.9565705060958862,generated,0.5,detector-sam-vit-b-lora-r8-all-img512-51265aec,51265aecd96858feeead19cc47f9bd3dc0af3fa7d793582482a9287a153c3e25,cpu
synth/cyclegan/cyclegan_img_04806.png,659ec60fc9fb5a293b133d6045296d25bf72d2cf7bd887be5c9945a92749c973,generated,cyclegan,calibration,western-blot-04806,-0.5116285085678101,0.3748118281364441,original,0.5,detector-sam-vit-b-lora-r8-all-img512-51265aec,51265aecd96858feeead19cc47f9bd3dc0af3fa7d793582482a9287a153c3e25,cpu
synth/cyclegan/cyclegan_img_04809.png,3294ada4acdc981a2e29cfbba2fd27bcc293199c9b89b5b0f35229ebeaff6b50,generated,cyclegan,calibration,western-blot-04809,-0.05232491344213486,0.4869217574596405,original,0.5,detector-sam-vit-b-lora-r8-all-img512-51265aec,51265aecd96858feeead19cc47f9bd3dc0af3fa7d793582482a9287a153c3e25,cpu
synth/cyclegan/cyclegan_img_04810.png,48bf255102b64cde8a96d190039b18c1aa0067a9ca81bcb50684851c2683eb5e,generated,cyclegan,calibration,western-blot-04810,-2.6756715774536133,0.06442427635192871,original,0.5,detector-sam-vit-b-lora-r8-all-img512-51265aec,51265aecd96858feeead19cc47f9bd3dc0af3fa7d793582482a9287a153c3e25,cpu
synth/cyclegan/cyclegan_img_04820.png,70a791d3ba1ea3b835980443e15b67b5d242a41fb91012f6469096309517486c,generated,cyclegan,calibration,western-blot-04820,-2.5628914833068848,0.071565181016922,original,0.5,detector-sam-vit-b-lora-r8-all-img512-51265aec,51265aecd96858feeead19cc47f9bd3dc0af3fa7d793582482a9287a153c3e25,cpu
synth/cyclegan/cyclegan_img_04831.png,eeb95dbc15cacb51a563358cc25bd01c20b7a8b3f75cf4fe28f06f4e18f08a09,generated,cyclegan,calibration,western-blot-04831,-1.2909692525863647,0.2156887799501419,original,0.5,detector-sam-vit-b-lora-r8-all-img512-51265aec,51265aecd96858feeead19cc47f9bd3dc0af3fa7d793582482a9287a153c3e25,cpu
synth/cyclegan/cyclegan_img_04837.png,8d57303fb9c19c0bd180da2ce5faa4e81c54402ebb756d9134d93fa282683259,generated,cyclegan,calibration,western-blot-04837,-0.3767159581184387,0.4069192111492157,original,0.5,detector-sam-vit-b-lora-r8-all-img512-51265aec,51265aecd96858feeead19cc47f9bd3dc0af3fa7d793582482a9287a153c3e25,cpu
synth/cyclegan/cyclegan_img_04847.png,2c270935b54b2e15ac78a5f566b0bcf3c219e348b10dd2de25deaea3efb0140c,generated,cyclegan,calibration,western-blot-04847,0.6340511441230774,0.6534075140953064,generated,0.5,detector-sam-vit-b-lora-r8-all-img512-51265aec,51265aecd96858feeead19cc47f9bd3dc0af3fa7d793582482a9287a153c3e25,cpu
synth/cyclegan/cyclegan_img_04859.png,b3876c11b50acd8112184cca1190ecd9204ef90bdafefb4ee6a4da6c354cdc03,generated,cyclegan,calibration,western-blot-04859,7.9270524978637695,0.9996392726898193,generated,0.5,detector-sam-vit-b-lora-r8-all-img512-51265aec,51265aecd96858feeead19cc47f9bd3dc0af3fa7d793582482a9287a153c3e25,cpu
synth/cyclegan/cyclegan_img_04861.png,44b323e6c10eb3da9d9b05a4abe7b288e4b96362fe4a2afc6753a5f6e80732a5,generated,cyclegan,calibration,western-blot-04861,-2.8561081886291504,0.05436643585562706,original,0.5,detector-sam-vit-b-lora-r8-all-img512-51265aec,51265aecd96858feeead19cc47f9bd3dc0af3fa7d793582482a9287a153c3e25,cpu
synth/cyclegan/cyclegan_img_04866.png,a3585913226804d126a84b1afc8e37f86d1cf2dd16768c0353437525d08617fb,generated,cyclegan,calibration,western-blot-04866,-1.9017086029052734,0.12991522252559662,original,0.5,detector-sam-vit-b-lora-r8-all-img512-51265aec,51265aecd96858feeead19cc47f9bd3dc0af3fa7d793582482a9287a153c3e25,cpu
synth/cyclegan/cyclegan_img_04867.png,633b21aec8fc37fc7a44c0e8e9d3dc463d1a076a15c6b2c6c0212fdbadf936e3,generated,cyclegan,calibration,western-blot-04867,-1.7444199323654175,0.1487523913383484,original,0.5,detector-sam-vit-b-lora-r8-all-img512-51265aec,51265aecd96858feeead19cc47f9bd3dc0af3fa7d793582482a9287a153c3e25,cpu
synth/cyclegan/cyclegan_img_04871.png,86849946ef7b96388854d488354ba0d28c487d340349c4968a78a4b32b59b1de,generated,cyclegan,calibration,western-blot-04871,13.123003959655762,0.9999979734420776,generated,0.5,detector-sam-vit-b-lora-r8-all-img512-51265aec,51265aecd96858feeead19cc47f9bd3dc0af3fa7d793582482a9287a153c3e25,cpu
synth/cyclegan/cyclegan_img_04879.png,c180eb2e5f56706194c17ba3de4cf6eb9474f5bb5c8d68b67b840fdf61624822,generated,cyclegan,calibration,western-blot-04879,14.653156280517578,0.9999995231628418,generated,0.5,detector-sam-vit-b-lora-r8-all-img512-51265aec,51265aecd96858feeead19cc47f9bd3dc0af3fa7d793582482a9287a153c3e25,cpu
synth/cyclegan/cyclegan_img_04900.png,3e3e34be5164dfc93aaad8406046177017daf7dbb852eddc16e1b46b15a83e1e,generated,cyclegan,calibration,western-blot-04900,0.68410325050354,0.6646538972854614,generated,0.5,detector-sam-vit-b-lora-r8-all-img512-51265aec,51265aecd96858feeead19cc47f9bd3dc0af3fa7d793582482a9287a153c3e25,cpu
synth/cyclegan/cyclegan_img_04936.png,f2b43d2fdcd84e70e909ef7f80aa53586f1478d2f4039a03a46c6871164334b9,generated,cyclegan,calibration,western-blot-04936,1.025735855102539,0.7360883355140686,generated,0.5,detector-sam-vit-b-lora-r8-all-img512-51265aec,51265aecd96858feeead19cc47f9bd3dc0af3fa7d793582482a9287a153c3e25,cpu
synth/cyclegan/cyclegan_img_04942.png,7966981c6b364b915934c1d2cccf57a18a00a0f7f14485c6d630cca4609b77c7,generated,cyclegan,calibration,western-blot-04942,-1.9782726764678955,0.121503084897995,original,0.5,detector-sam-vit-b-lora-r8-all-img512-51265aec,51265aecd96858feeead19cc47f9bd3dc0af3fa7d793582482a9287a153c3e25,cpu
synth/cyclegan/cyclegan_img_04953.png,968e9526975b73f0e822d538d3caa7234e229e658ceca886f533e7124545b4e0,generated,cyclegan,calibration,western-blot-04953,-0.5341441035270691,0.3695508539676666,original,0.5,detector-sam-vit-b-lora-r8-all-img512-51265aec,51265aecd96858feeead19cc47f9bd3dc0af3fa7d793582482a9287a153c3e25,cpu
synth/cyclegan/cyclegan_img_04974.png,b9c43ff1623c65b5ecbc067102c3cf92bc563d5b29ca76140eebc45282615788,generated,cyclegan,calibration,western-blot-04974,1.7994259595870972,0.8580790162086487,generated,0.5,detector-sam-vit-b-lora-r8-all-img512-51265aec,51265aecd96858feeead19cc47f9bd3dc0af3fa7d793582482a9287a153c3e25,cpu
synth/cyclegan/cyclegan_img_04998.png,a6706f79d9b933718dc7f7c4c5f210bdeee63135df9f660eba58325b79cdfeda,generated,cyclegan,calibration,western-blot-04998,2.5346808433532715,0.9265375733375549,generated,0.5,detector-sam-vit-b-lora-r8-all-img512-51265aec,51265aecd96858feeead19cc47f9bd3dc0af3fa7d793582482a9287a153c3e25,cpu
synth/cyclegan/cyclegan_img_04999.png,9f546a584bcb5a15c76b89a39cbd599419bdcd299c6749bb2187f3c079bc77ff,generated,cyclegan,calibration,western-blot-04999,14.329049110412598,0.9999994039535522,generated,0.5,detector-sam-vit-b-lora-r8-all-img512-51265aec,51265aecd96858feeead19cc47f9bd3dc0af3fa7d793582482a9287a153c3e25,cpu
synth/cyclegan/cyclegan_img_05008.png,2a8a3f310d8449bcf14e1fccbc745194e5c3ac921250f8fbda813ca20fc37e54,generated,cyclegan,calibration,western-blot-05008,-0.7856495976448059,0.3131035268306732,original,0.5,detector-sam-vit-b-lora-r8-all-img512-51265aec,51265aecd96858feeead19cc47f9bd3dc0af3fa7d793582482a9287a153c3e25,cpu
synth/cyclegan/cyclegan_img_05022.png,27f52c235fe13e89756e40dd01989d8206b242d6c1b0cd7331d591ff5a338a00,generated,cyclegan,calibration,western-blot-05022,15.0315580368042,0.9999997615814209,generated,0.5,detector-sam-vit-b-lora-r8-all-img512-51265aec,51265aecd96858feeead19cc47f9bd3dc0af3fa7d793582482a9287a153c3e25,cpu
synth/cyclegan/cyclegan_img_05028.png,7ef80458c0be7ded962bd0eca88c68114bfb75d709e77df50004ca30ff1156e9,generated,cyclegan,calibration,western-blot-05028,-0.5643690824508667,0.362537145614624,original,0.5,detector-sam-vit-b-lora-r8-all-img512-51265aec,51265aecd96858feeead19cc47f9bd3dc0af3fa7d793582482a9287a153c3e25,cpu
synth/cyclegan/cyclegan_img_05029.png,cedac319c286f5c38c0704b6ff216e1ebf84890b572bd57623a7739edca14da4,generated,cyclegan,calibration,western-blot-05029,-0.023225141689181328,0.4941939413547516,original,0.5,detector-sam-vit-b-lora-r8-all-img512-51265aec,51265aecd96858feeead19cc47f9bd3dc0af3fa7d793582482a9287a153c3e25,cpu
synth/cyclegan/cyclegan_img_05032.png,8fc06ea144250a41378b67b19c3ec5b0de545b791e73f51c6fa35d0c8aa58056,generated,cyclegan,calibration,western-blot-05032,0.1830759048461914,0.5456415414810181,generated,0.5,detector-sam-vit-b-lora-r8-all-img512-51265aec,51265aecd96858feeead19cc47f9bd3dc0af3fa7d793582482a9287a153c3e25,cpu
synth/cyclegan/cyclegan_img_05052.png,fdaa2e9332fd3e21bfabf184afe478071d463f90c01a989ed7c207e0ae0bdf42,generated,cyclegan,calibration,western-blot-05052,10.038490295410156,0.9999563694000244,generated,0.5,detector-sam-vit-b-lora-r8-all-img512-51265aec,51265aecd96858feeead19cc47f9bd3dc0af3fa7d793582482a9287a153c3e25,cpu
synth/cyclegan/cyclegan_img_05063.png,73e892ec4aa70441f39e471cfb9a4eedc395a07efe6a6e48953c645dcc016378,generated,cyclegan,calibration,western-blot-05063,13.180825233459473,0.9999980926513672,generated,0.5,detector-sam-vit-b-lora-r8-all-img512-51265aec,51265aecd96858feeead19cc47f9bd3dc0af3fa7d793582482a9287a153c3e25,cpu
synth/cyclegan/cyclegan_img_05069.png,b95a8c19482e7ca0136d7797119fee94499296c4d61ebd39dbb3fbac112442ec,generated,cyclegan,calibration,western-blot-05069,12.006980895996094,0.9999939203262329,generated,0.5,detector-sam-vit-b-lora-r8-all-img512-51265aec,51265aecd96858feeead19cc47f9bd3dc0af3fa7d793582482a9287a153c3e25,cpu
synth/cyclegan/cyclegan_img_05076.png,fd053f89f272d64a29c55e91fd3431baf7e6328d28d3a117a57464347169cc78,generated,cyclegan,calibration,western-blot-05076,2.796281337738037,0.9424745440483093,generated,0.5,detector-sam-vit-b-lora-r8-all-img512-51265aec,51265aecd96858feeead19cc47f9bd3dc0af3fa7d793582482a9287a153c3e25,cpu
synth/cyclegan/cyclegan_img_05094.png,7a723fbcb904b24ce17d0bc9a2cfca9e6c35658cdfe915607ce49b8a8a14f616,generated,cyclegan,calibration,western-blot-05094,8.471480369567871,0.9997907280921936,generated,0.5,detector-sam-vit-b-lora-r8-all-img512-51265aec,51265aecd96858feeead19cc47f9bd3dc0af3fa7d793582482a9287a153c3e25,cpu
synth/cyclegan/cyclegan_img_05097.png,6da20353c39ea2f096a6e984e4c373ef5e70ce85a6c9ea2014ce15cf8eb9c2ae,generated,cyclegan,calibration,western-blot-05097,12.936443328857422,0.999997615814209,generated,0.5,detector-sam-vit-b-lora-r8-all-img512-51265aec,51265aecd96858feeead19cc47f9bd3dc0af3fa7d793582482a9287a153c3e25,cpu
synth/cyclegan/cyclegan_img_05104.png,3ef6ea3313820b4f37a8e562b69305f4f815f02cdd0e781fd2bd961b4858a603,generated,cyclegan,calibration,western-blot-05104,3.179769515991211,0.9600658416748047,generated,0.5,detector-sam-vit-b-lora-r8-all-img512-51265aec,51265aecd96858feeead19cc47f9bd3dc0af3fa7d793582482a9287a153c3e25,cpu
synth/cyclegan/cyclegan_img_05105.png,f6aad486b7a4efeaef1225531e5ed93bacaf3204f2748cad029cb39430a26626,generated,cyclegan,calibration,western-blot-05105,3.284695625305176,0.9639000296592712,generated,0.5,detector-sam-vit-b-lora-r8-all-img512-51265aec,51265aecd96858feeead19cc47f9bd3dc0af3fa7d793582482a9287a153c3e25,cpu
synth/cyclegan/cyclegan_img_05110.png,34b4e1ba4ed2088e65ad15ef1c2271bc10ca91b132e8c9cc1aa7de00387ce8b9,generated,cyclegan,calibration,western-blot-05110,9.624624252319336,0.9999339580535889,generated,0.5,detector-sam-vit-b-lora-r8-all-img512-51265aec,51265aecd96858feeead19cc47f9bd3dc0af3fa7d793582482a9287a153c3e25,cpu
synth/cyclegan/cyclegan_img_05113.png,280d5e242cd2508bea23724969d39a5e3078826808a25cfeed7c15732ba061dc,generated,cyclegan,calibration,western-blot-05113,8.320368766784668,0.9997565150260925,generated,0.5,detector-sam-vit-b-lora-r8-all-img512-51265aec,51265aecd96858feeead19cc47f9bd3dc0af3fa7d793582482a9287a153c3e25,cpu
synth/cyclegan/cyclegan_img_05129.png,e183824e705ebf34d56cb00d383049fb2a5645497d6333d872d5a4e15530401b,generated,cyclegan,calibration,western-blot-05129,5.491695404052734,0.9958961009979248,generated,0.5,detector-sam-vit-b-lora-r8-all-img512-51265aec,51265aecd96858feeead19cc47f9bd3dc0af3fa7d793582482a9287a153c3e25,cpu
synth/cyclegan/cyclegan_img_05146.png,25da8c71149a3ca663c5070741caea2029bba3494b8a68689aa99baa7d427d9a,generated,cyclegan,calibration,western-blot-05146,5.517754554748535,0.9960011839866638,generated,0.5,detector-sam-vit-b-lora-r8-all-img512-51265aec,51265aecd96858feeead19cc47f9bd3dc0af3fa7d793582482a9287a153c3e25,cpu
synth/cyclegan/cyclegan_img_05173.png,787da3d73c5f42f13078b7224fb4867b0f8c491b6d33c4435b42cf3504fa64d3,generated,cyclegan,calibration,western-blot-05173,8.622711181640625,0.9998200535774231,generated,0.5,detector-sam-vit-b-lora-r8-all-img512-51265aec,51265aecd96858feeead19cc47f9bd3dc0af3fa7d793582482a9287a153c3e25,cpu
synth/cyclegan/cyclegan_img_05175.png,820292a42471970158c7c288b4b6c9d86fca1dd75e29cc2a70793150b2855ac8,generated,cyclegan,calibration,western-blot-05175,4.904836654663086,0.9926438927650452,generated,0.5,detector-sam-vit-b-lora-r8-all-img512-51265aec,51265aecd96858feeead19cc47f9bd3dc0af3fa7d793582482a9287a153c3e25,cpu
synth/cyclegan/cyclegan_img_05214.png,df5ee0c8f6b6b688013f3724251b9ea4cbba72a532a773f887ee77b8c9c832e1,generated,cyclegan,calibration,western-blot-05214,2.159787178039551,0.8965798020362854,generated,0.5,detector-sam-vit-b-lora-r8-all-img512-51265aec,51265aecd96858feeead19cc47f9bd3dc0af3fa7d793582482a9287a153c3e25,cpu
synth/cyclegan/cyclegan_img_05219.png,530a961bea31d506064e4ba408f157fa6f9a371e9e5fd414d4709d7bdb194301,generated,cyclegan,calibration,western-blot-05219,1.7513303756713867,0.8521204590797424,generated,0.5,detector-sam-vit-b-lora-r8-all-img512-51265aec,51265aecd96858feeead19cc47f9bd3dc0af3fa7d793582482a9287a153c3e25,cpu
synth/cyclegan/cyclegan_img_05226.png,986815ef1941fc972274eefb2de8c176361f14e0e9fcdc658d38b0dadd5bb894,generated,cyclegan,calibration,western-blot-05226,-1.1468092203140259,0.2410723716020584,original,0.5,detector-sam-vit-b-lora-r8-all-img512-51265aec,51265aecd96858feeead19cc47f9bd3dc0af3fa7d793582482a9287a153c3e25,cpu
synth/cyclegan/cyclegan_img_05240.png,3aff20d86a271c7059477f69bfbd2d210e06ec20b39ab2d9d8f2ed5709d8e404,generated,cyclegan,calibration,western-blot-05240,3.189009666442871,0.9604185819625854,generated,0.5,detector-sam-vit-b-lora-r8-all-img512-51265aec,51265aecd96858feeead19cc47f9bd3dc0af3fa7d793582482a9287a153c3e25,cpu
synth/cyclegan/cyclegan_img_05247.png,d981096d2e4bb39ea18583e5d1daa2253ce3d6b0a4bfe214a823ab5de6d86134,generated,cyclegan,calibration,western-blot-05247,5.755146026611328,0.9968435764312744,generated,0.5,detector-sam-vit-b-lora-r8-all-img512-51265aec,51265aecd96858feeead19cc47f9bd3dc0af3fa7d793582482a9287a153c3e25,cpu
synth/cyclegan/cyclegan_img_05248.png,31d5f5cf04268fa7922841058955866bedb4a75837c2cb6590354426483dadef,generated,cyclegan,calibration,western-blot-05248,5.6633124351501465,0.9965409636497498,generated,0.5,detector-sam-vit-b-lora-r8-all-img512-51265aec,51265aecd96858feeead19cc47f9bd3dc0af3fa7d793582482a9287a153c3e25,cpu
synth/cyclegan/cyclegan_img_05249.png,42214253a0170ca3cbb75fca58001c5fd1678166492ee67cd41546e574043de0,generated,cyclegan,calibration,western-blot-05249,3.3828606605529785,0.9671645760536194,generated,0.5,detector-sam-vit-b-lora-r8-all-img512-51265aec,51265aecd96858feeead19cc47f9bd3dc0af3fa7d793582482a9287a153c3e25,cpu
synth/cyclegan/cyclegan_img_05260.png,87a199b2bfccc5aacb2d65a7b82dab162361eb8cecb43cb66783a16b90db404b,generated,cyclegan,calibration,western-blot-05260,3.4424667358398438,0.9690057039260864,generated,0.5,detector-sam-vit-b-lora-r8-all-img512-51265aec,51265aecd96858feeead19cc47f9bd3dc0af3fa7d793582482a9287a153c3e25,cpu
synth/cyclegan/cyclegan_img_05261.png,d1d4ce6cd031417b5d17b64b81a4a4a4c2e7faf8128d4838e201bc73712d1882,generated,cyclegan,calibration,western-blot-05261,-2.874281883239746,0.05343964323401451,original,0.5,detector-sam-vit-b-lora-r8-all-img512-51265aec,51265aecd96858feeead19cc47f9bd3dc0af3fa7d793582482a9287a153c3e25,cpu
synth/cyclegan/cyclegan_img_05267.png,22f8f7ae3337fa08f88363c87af52434d6c9d6898e26d06425ca8494a60f7a54,generated,cyclegan,calibration,western-blot-05267,-0.4679877758026123,0.3850926160812378,original,0.5,detector-sam-vit-b-lora-r8-all-img512-51265aec,51265aecd96858feeead19cc47f9bd3dc0af3fa7d793582482a9287a153c3e25,cpu
synth/cyclegan/cyclegan_img_05270.png,41f90c1d1c97399402bdece304e0439e24fb5e9a32e7696cfd10837331e6a53d,generated,cyclegan,calibration,western-blot-05270,-3.6459670066833496,0.025432473048567772,original,0.5,detector-sam-vit-b-lora-r8-all-img512-51265aec,51265aecd96858feeead19cc47f9bd3dc0af3fa7d793582482a9287a153c3e25,cpu
synth/cyclegan/cyclegan_img_05292.png,e6d6359ca5cbc54d9e92656d15999f58f13c373e55991cda826c6d2e141c3209,generated,cyclegan,calibration,western-blot-05292,7.24876070022583,0.9992893934249878,generated,0.5,detector-sam-vit-b-lora-r8-all-img512-51265aec,51265aecd96858feeead19cc47f9bd3dc0af3fa7d793582482a9287a153c3e25,cpu
synth/cyclegan/cyclegan_img_05294.png,24e52eb2676b16684d1e4d64fd2d0a484e0c44da7b81fee8e89b22bf10cbdc4c,generated,cyclegan,calibration,western-blot-05294,17.5145206451416,1.0,generated,0.5,detector-sam-vit-b-lora-r8-all-img512-51265aec,51265aecd96858feeead19cc47f9bd3dc0af3fa7d793582482a9287a153c3e25,cpu
synth/cyclegan/cyclegan_img_05296.png,7ee776e4665a6a09ad8c14f5fd6f3a826a95e196ebd574ae7b5ac32804c29e50,generated,cyclegan,calibration,western-blot-05296,13.207223892211914,0.9999982118606567,generated,0.5,detector-sam-vit-b-lora-r8-all-img512-51265aec,51265aecd96858feeead19cc47f9bd3dc0af3fa7d793582482a9287a153c3e25,cpu
synth/cyclegan/cyclegan_img_05298.png,53da5973f0c02c2a5f75e3e0094080afbb6d287b982abd9a1d8149397ebb63d2,generated,cyclegan,calibration,western-blot-05298,-3.4127349853515625,0.0318998247385025,original,0.5,detector-sam-vit-b-lora-r8-all-img512-51265aec,51265aecd96858feeead19cc47f9bd3dc0af3fa7d793582482a9287a153c3e25,cpu
synth/cyclegan/cyclegan_img_05299.png,80b51354881e7357c032d3e27568eda12066600937bd2624c1c5f700e03b45e3,generated,cyclegan,calibration,western-blot-05299,12.234153747558594,0.9999951124191284,generated,0.5,detector-sam-vit-b-lora-r8-all-img512-51265aec,51265aecd96858feeead19cc47f9bd3dc0af3fa7d793582482a9287a153c3e25,cpu
synth/cyclegan/cyclegan_img_05326.png,8f0b498669bbc726d555521a34623b271bd75168564d42f31517c70b02737e5a,generated,cyclegan,calibration,western-blot-05326,15.93077278137207,0.9999998807907104,generated,0.5,detector-sam-vit-b-lora-r8-all-img512-51265aec,51265aecd96858feeead19cc47f9bd3dc0af3fa7d793582482a9287a153c3e25,cpu
synth/cyclegan/cyclegan_img_05327.png,cb9bcc472df8049f51f19e32b36b9f72f208d282dee8a36ea28930301c575639,generated,cyclegan,calibration,western-blot-05327,9.095294952392578,0.9998878240585327,generated,0.5,detector-sam-vit-b-lora-r8-all-img512-51265aec,51265aecd96858feeead19cc47f9bd3dc0af3fa7d793582482a9287a153c3e25,cpu
synth/cyclegan/cyclegan_img_05331.png,96d3600ac097f0a2b333692b02ac68a292be3951002cbb15f81e1deab4fc4286,generated,cyclegan,calibration,western-blot-05331,7.068929195404053,0.9991495609283447,generated,0.5,detector-sam-vit-b-lora-r8-all-img512-51265aec,51265aecd96858feeead19cc47f9bd3dc0af3fa7d793582482a9287a153c3e25,cpu
synth/cyclegan/cyclegan_img_05395.png,b4537ced08473ca58944291ccdebc8e28a2e51b9361864b9d4c49fab099cced1,generated,cyclegan,calibration,western-blot-05395,-1.3274556398391724,0.20958054065704346,original,0.5,detector-sam-vit-b-lora-r8-all-img512-51265aec,51265aecd96858feeead19cc47f9bd3dc0af3fa7d793582482a9287a153c3e25,cpu
synth/cyclegan/cyclegan_img_05419.png,6137b27ade8297fa092e8bfcf168e85bfc5c5872e81001a4834d18fcc180f865,generated,cyclegan,calibration,western-blot-05419,-1.0012497901916504,0.26869577169418335,original,0.5,detector-sam-vit-b-lora-r8-all-img512-51265aec,51265aecd96858feeead19cc47f9bd3dc0af3fa7d793582482a9287a153c3e25,cpu
synth/cyclegan/cyclegan_img_05431.png,c5b2579afbfd1901a884a422cb7611ae7c3811bd22eb5c22a5c5ebbe0dd188d9,generated,cyclegan,calibration,western-blot-05431,5.014956951141357,0.993405818939209,generated,0.5,detector-sam-vit-b-lora-r8-all-img512-51265aec,51265aecd96858feeead19cc47f9bd3dc0af3fa7d793582482a9287a153c3e25,cpu
synth/cyclegan/cyclegan_img_05458.png,6a006f6befbf2bcaa0a8907f80bf8a3dc37771e840db1e9f5d15c2d78d00abdd,generated,cyclegan,calibration,western-blot-05458,2.0494441986083984,0.8858914375305176,generated,0.5,detector-sam-vit-b-lora-r8-all-img512-51265aec,51265aecd96858feeead19cc47f9bd3dc0af3fa7d793582482a9287a153c3e25,cpu
synth/cyclegan/cyclegan_img_05481.png,195c73f7f7132a3750ff908a5bae32520701f36fce5c35e14993d6fa28743c53,generated,cyclegan,calibration,western-blot-05481,14.223226547241211,0.9999992847442627,generated,0.5,detector-sam-vit-b-lora-r8-all-img512-51265aec,51265aecd96858feeead19cc47f9bd3dc0af3fa7d793582482a9287a153c3e25,cpu
synth/cyclegan/cyclegan_img_05485.png,f17ff6ae07ddab0ca6ffc51e74b1f33220550447d9d9ae8f757e56e68ce4f4a5,generated,cyclegan,calibration,western-blot-05485,15.383639335632324,0.9999997615814209,generated,0.5,detector-sam-vit-b-lora-r8-all-img512-51265aec,51265aecd96858feeead19cc47f9bd3dc0af3fa7d793582482a9287a153c3e25,cpu
synth/cyclegan/cyclegan_img_05491.png,36d47b96889fa122f5285aba8104c6b94f912bff67cb00badc73a96fa1faf607,generated,cyclegan,calibration,western-blot-05491,12.622015953063965,0.9999966621398926,generated,0.5,detector-sam-vit-b-lora-r8-all-img512-51265aec,51265aecd96858feeead19cc47f9bd3dc0af3fa7d793582482a9287a153c3e25,cpu
synth/cyclegan/cyclegan_img_05498.png,20c9c14f1e51ff9a3d1fabf425af546d12c6f27f57111e7c5c6a53584da1b082,generated,cyclegan,calibration,western-blot-05498,12.816277503967285,0.9999972581863403,generated,0.5,detector-sam-vit-b-lora-r8-all-img512-51265aec,51265aecd96858feeead19cc47f9bd3dc0af3fa7d793582482a9287a153c3e25,cpu
synth/cyclegan/cyclegan_img_05517.png,cacbae92b7c31ac32bf86028125bb28becc9dcbf19557836c2a2f38d96817e79,generated,cyclegan,calibration,western-blot-05517,11.518911361694336,0.9999901056289673,generated,0.5,detector-sam-vit-b-lora-r8-all-img512-51265aec,51265aecd96858feeead19cc47f9bd3dc0af3fa7d793582482a9287a153c3e25,cpu
synth/cyclegan/cyclegan_img_05528.png,5b73de75f3f871467bad7405cddb323a53daf9933b8f86132f7aef782fbc0461,generated,cyclegan,calibration,western-blot-05528,13.133563041687012,0.9999979734420776,generated,0.5,detector-sam-vit-b-lora-r8-all-img512-51265aec,51265aecd96858feeead19cc47f9bd3dc0af3fa7d793582482a9287a153c3e25,cpu
synth/cyclegan/cyclegan_img_05544.png,8e4e43cdb7e1f2ff020a86a0729e6ebfd61694825c22d10a5aeb400c847c54b6,generated,cyclegan,calibration,western-blot-05544,3.3551368713378906,0.9662726521492004,generated,0.5,detector-sam-vit-b-lora-r8-all-img512-51265aec,51265aecd96858feeead19cc47f9bd3dc0af3fa7d793582482a9287a153c3e25,cpu
synth/cyclegan/cyclegan_img_05553.png,6f9bbfd7d4a68e077514d656eed1acc300bab2a4620fda5b00f8ef728dd616b8,generated,cyclegan,calibration,western-blot-05553,-1.768485426902771,0.14573079347610474,original,0.5,detector-sam-vit-b-lora-r8-all-img512-51265aec,51265aecd96858feeead19cc47f9bd3dc0af3fa7d793582482a9287a153c3e25,cpu
synth/cyclegan/cyclegan_img_05556.png,ad95b79025ed69a5c27de265ea3d5f79832bce2c7e9cb1406cfb8c9a1435a688,generated,cyclegan,calibration,western-blot-05556,-2.3442203998565674,0.08752626180648804,original,0.5,detector-sam-vit-b-lora-r8-all-img512-51265aec,51265aecd96858feeead19cc47f9bd3dc0af3fa7d793582482a9287a153c3e25,cpu
synth/cyclegan/cyclegan_img_05563.png,17518a64ad3699929a13d8fa67ec2001ae78e7c75439b22edb11b85a94c38a62,generated,cyclegan,calibration,western-blot-05563,-2.3130195140838623,0.09005041420459747,original,0.5,detector-sam-vit-b-lora-r8-all-img512-51265aec,51265aecd96858feeead19cc47f9bd3dc0af3fa7d793582482a9287a153c3e25,cpu
synth/cyclegan/cyclegan_img_05569.png,57690cf00ea7b95ac4d35dbb9eeb0bbcbbe5401ac6435edae7352579d877913c,generated,cyclegan,calibration,western-blot-05569,-1.701820731163025,0.154227614402771,original,0.5,detector-sam-vit-b-lora-r8-all-img512-51265aec,51265aecd96858feeead19cc47f9bd3dc0af3fa7d793582482a9287a153c3e25,cpu
synth/cyclegan/cyclegan_img_05597.png,cb3088e01cc0fd8d082cc864f88effc566d24fc7cdd5df0c8922286d0ce8b747,generated,cyclegan,calibration,western-blot-05597,-2.059962511062622,0.11304958909749985,original,0.5,detector-sam-vit-b-lora-r8-all-img512-51265aec,51265aecd96858feeead19cc47f9bd3dc0af3fa7d793582482a9287a153c3e25,cpu
synth/cyclegan/cyclegan_img_05615.png,fc165ffc93996b774067bcf0d85d8f66945bb3361bcc63f084dda9d778a44642,generated,cyclegan,calibration,western-blot-05615,0.9591976404190063,0.7229611873626709,generated,0.5,detector-sam-vit-b-lora-r8-all-img512-51265aec,51265aecd96858feeead19cc47f9bd3dc0af3fa7d793582482a9287a153c3e25,cpu
synth/cyclegan/cyclegan_img_05622.png,2a37bf47f7bb1f027706fd0e50e9cee837b3bdda7c11c2fbcd1db583bbdc3268,generated,cyclegan,calibration,western-blot-05622,-0.6551700830459595,0.3418254256248474,original,0.5,detector-sam-vit-b-lora-r8-all-img512-51265aec,51265aecd96858feeead19cc47f9bd3dc0af3fa7d793582482a9287a153c3e25,cpu
synth/cyclegan/cyclegan_img_05627.png,dee9ebc1503dd37106517ca97e77c751fcc3d51260820b7a46403ea7e45651d5,generated,cyclegan,calibration,western-blot-05627,7.87039852142334,0.9996182918548584,generated,0.5,detector-sam-vit-b-lora-r8-all-img512-51265aec,51265aecd96858feeead19cc47f9bd3dc0af3fa7d793582482a9287a153c3e25,cpu
synth/cyclegan/cyclegan_img_05632.png,f80d9cc1a315b53f0b06bc5ed4e99806a8e01268ec549e5015d7b83b8128ed73,generated,cyclegan,calibration,western-blot-05632,0.6650318503379822,0.66038978099823,generated,0.5,detector-sam-vit-b-lora-r8-all-img512-51265aec,51265aecd96858feeead19cc47f9bd3dc0af3fa7d793582482a9287a153c3e25,cpu
synth/cyclegan/cyclegan_img_05646.png,213c4b3fa2ba89328c86f3c349cb8e78eef0970bb1aef72a9916592b1fa20604,generated,cyclegan,calibration,western-blot-05646,9.872912406921387,0.9999485015869141,generated,0.5,detector-sam-vit-b-lora-r8-all-img512-51265aec,51265aecd96858feeead19cc47f9bd3dc0af3fa7d793582482a9287a153c3e25,cpu
synth/cyclegan/cyclegan_img_05648.png,c72b8d541f920cc15338ddc0788101b7ccdd2276f2bdcfef48bdde5d407ca9fa,generated,cyclegan,calibration,western-blot-05648,8.382454872131348,0.9997711777687073,generated,0.5,detector-sam-vit-b-lora-r8-all-img512-51265aec,51265aecd96858feeead19cc47f9bd3dc0af3fa7d793582482a9287a153c3e25,cpu
synth/cyclegan/cyclegan_img_05649.png,71110af78c9ec00669f314b5435812170d0171bbf1d7ef489d75ab6a4df4c5ff,generated,cyclegan,calibration,western-blot-05649,-0.14390099048614502,0.4640866816043854,original,0.5,detector-sam-vit-b-lora-r8-all-img512-51265aec,51265aecd96858feeead19cc47f9bd3dc0af3fa7d793582482a9287a153c3e25,cpu
synth/cyclegan/cyclegan_img_05652.png,963b297222b3dffa1c3176cde19644b5e024034d22a8559bc68163ebdfbad823,generated,cyclegan,calibration,western-blot-05652,14.084574699401855,0.9999992847442627,generated,0.5,detector-sam-vit-b-lora-r8-all-img512-51265aec,51265aecd96858feeead19cc47f9bd3dc0af3fa7d793582482a9287a153c3e25,cpu
synth/cyclegan/cyclegan_img_05664.png,8247093a15af55a92cc8602d33411361dd5a4e0b76b2aeee9430693b4d55fb8f,generated,cyclegan,calibration,western-blot-05664,11.455933570861816,0.99998939037323,generated,0.5,detector-sam-vit-b-lora-r8-all-img512-51265aec,51265aecd96858feeead19cc47f9bd3dc0af3fa7d793582482a9287a153c3e25,cpu
synth/cyclegan/cyclegan_img_05685.png,fad815f9dcec9dd1b5a15c48c41b3bb7ce00d96303e19c2f8717c7f155ebd7e8,generated,cyclegan,calibration,western-blot-05685,16.574552536010742,0.9999998807907104,generated,0.5,detector-sam-vit-b-lora-r8-all-img512-51265aec,51265aecd96858feeead19cc47f9bd3dc0af3fa7d793582482a9287a153c3e25,cpu
synth/cyclegan/cyclegan_img_05696.png,8062850e155a70663f53c6a06c3c5dde7db3a1cdcd2fde494d461f53ee06414c,generated,cyclegan,calibration,western-blot-05696,8.043996810913086,0.9996790885925293,generated,0.5,detector-sam-vit-b-lora-r8-all-img512-51265aec,51265aecd96858feeead19cc47f9bd3dc0af3fa7d793582482a9287a153c3e25,cpu
synth/cyclegan/cyclegan_img_05713.png,cf517e6cf54d14baf5878f56cfb57a2ba5f3090dea865d4d9694fad38396695d,generated,cyclegan,calibration,western-blot-05713,7.073219299316406,0.9991532564163208,generated,0.5,detector-sam-vit-b-lora-r8-all-img512-51265aec,51265aecd96858feeead19cc47f9bd3dc0af3fa7d793582482a9287a153c3e25,cpu
synth/cyclegan/cyclegan_img_05716.png,54d9685abab48e3509d1923d865b74ce3f2c551c836787b33c580a7618de10b4,generated,cyclegan,calibration,western-blot-05716,7.462718963623047,0.9994262456893921,generated,0.5,detector-sam-vit-b-lora-r8-all-img512-51265aec,51265aecd96858feeead19cc47f9bd3dc0af3fa7d793582482a9287a153c3e25,cpu
synth/cyclegan/cyclegan_img_05723.png,4bc3f511895c6d3356314207a9aa279af7b07459a4760f766fa33d61edb0055d,generated,cyclegan,calibration,western-blot-05723,5.348200798034668,0.9952658414840698,generated,0.5,detector-sam-vit-b-lora-r8-all-img512-51265aec,51265aecd96858feeead19cc47f9bd3dc0af3fa7d793582482a9287a153c3e25,cpu
synth/cyclegan/cyclegan_img_05728.png,6367195e61bb0d8ac50c746112f3fed447113e749d838db6852ad2bae11369b4,generated,cyclegan,calibration,western-blot-05728,5.495174407958984,0.9959102869033813,generated,0.5,detector-sam-vit-b-lora-r8-all-img512-51265aec,51265aecd96858feeead19cc47f9bd3dc0af3fa7d793582482a9287a153c3e25,cpu
synth/cyclegan/cyclegan_img_05735.png,d488d5ca6ccf8dd3b61b2e2c804481325887ac115e4b529a9d3e53092e6178d1,generated,cyclegan,calibration,western-blot-05735,4.910786151885986,0.9926872253417969,generated,0.5,detector-sam-vit-b-lora-r8-all-img512-51265aec,51265aecd96858feeead19cc47f9bd3dc0af3fa7d793582482a9287a153c3e25,cpu
synth/cyclegan/cyclegan_img_05785.png,63dfba9e48e6c371c0bbab83eae59b06e589b58a7468195567fd957aec9e1202,generated,cyclegan,calibration,western-blot-05785,-2.6411361694335938,0.06653743237257004,original,0.5,detector-sam-vit-b-lora-r8-all-img512-51265aec,51265aecd96858feeead19cc47f9bd3dc0af3fa7d793582482a9287a153c3e25,cpu
synth/cyclegan/cyclegan_img_05793.png,621e43536251722c335f8373d8b56c0e8dd1fa76e9cc41bff9a1bc8ae43b5ae9,generated,cyclegan,calibration,western-blot-05793,1.6648558378219604,0.8408887982368469,generated,0.5,detector-sam-vit-b-lora-r8-all-img512-51265aec,51265aecd96858feeead19cc47f9bd3dc0af3fa7d793582482a9287a153c3e25,cpu
synth/cyclegan/cyclegan_img_05801.png,500363bef6d0aa6357ce0ccce7d1ccc19663c79ce9093be28c591bdeec961524,generated,cyclegan,calibration,western-blot-05801,0.15486741065979004,0.5386396646499634,generated,0.5,detector-sam-vit-b-lora-r8-all-img512-51265aec,51265aecd96858feeead19cc47f9bd3dc0af3fa7d793582482a9287a153c3e25,cpu
synth/cyclegan/cyclegan_img_05844.png,d94f083cec29cdac48383d11e442e72ece5eec896d197ef50c96df66dbd6e0cb,generated,cyclegan,calibration,western-blot-05844,0.9130495190620422,0.7136238217353821,generated,0.5,detector-sam-vit-b-lora-r8-all-img512-51265aec,51265aecd96858feeead19cc47f9bd3dc0af3fa7d793582482a9287a153c3e25,cpu
synth/cyclegan/cyclegan_img_05858.png,06d0c703f3a8fb11e6528fda84b4af9178b3088a264efea40dea4b11d1025f23,generated,cyclegan,calibration,western-blot-05858,1.971321702003479,0.877752959728241,generated,0.5,detector-sam-vit-b-lora-r8-all-img512-51265aec,51265aecd96858feeead19cc47f9bd3dc0af3fa7d793582482a9287a153c3e25,cpu
synth/cyclegan/cyclegan_img_05861.png,6788dbf4fb46c6c640c778e6de5e8b6f1b898b625d598fb01947a09df6e700ab,generated,cyclegan,calibration,western-blot-05861,2.0115160942077637,0.8820008635520935,generated,0.5,detector-sam-vit-b-lora-r8-all-img512-51265aec,51265aecd96858feeead19cc47f9bd3dc0af3fa7d793582482a9287a153c3e25,cpu
synth/cyclegan/cyclegan_img_05879.png,dd5c84b9094c19f6c7c8ae986d3d7f12f197ad000619a2153bc9ce57e5f79018,generated,cyclegan,calibration,western-blot-05879,6.864909648895264,0.9989572763442993,generated,0.5,detector-sam-vit-b-lora-r8-all-img512-51265aec,51265aecd96858feeead19cc47f9bd3dc0af3fa7d793582482a9287a153c3e25,cpu
synth/cyclegan/cyclegan_img_05884.png,2be395f0a984fe1bdfc60f130ee3026ccc2cd25d0227488648e4a429a6c627e3,generated,cyclegan,calibration,western-blot-05884,14.603410720825195,0.9999995231628418,generated,0.5,detector-sam-vit-b-lora-r8-all-img512-51265aec,51265aecd96858feeead19cc47f9bd3dc0af3fa7d793582482a9287a153c3e25,cpu
synth/cyclegan/cyclegan_img_05886.png,2056ac6df5a7ce19b05d3d0e1e1ad66d05073adbcde81770fabca43a8bd90f38,generated,cyclegan,calibration,western-blot-05886,1.2731162309646606,0.7812756896018982,generated,0.5,detector-sam-vit-b-lora-r8-all-img512-51265aec,51265aecd96858feeead19cc47f9bd3dc0af3fa7d793582482a9287a153c3e25,cpu
synth/cyclegan/cyclegan_img_05894.png,20b0bb7c57067eb48b411d3ced2a431d1c77500ee62fe207c6883b20ed5ccf59,generated,cyclegan,calibration,western-blot-05894,2.1045937538146973,0.8913488388061523,generated,0.5,detector-sam-vit-b-lora-r8-all-img512-51265aec,51265aecd96858feeead19cc47f9bd3dc0af3fa7d793582482a9287a153c3e25,cpu
synth/cyclegan/cyclegan_img_05899.png,241c7f0e904d9b9349d78c09df25b22925319409b99dac3d74b91ec634c6075d,generated,cyclegan,calibration,western-blot-05899,0.11324110627174377,0.5282800793647766,generated,0.5,detector-sam-vit-b-lora-r8-all-img512-51265aec,51265aecd96858feeead19cc47f9bd3dc0af3fa7d793582482a9287a153c3e25,cpu
synth/cyclegan/cyclegan_img_05927.png,1e09d3242534f3d6593580debf9eecf0faaded9d456b2fc1e13126c9f70ccebe,generated,cyclegan,calibration,western-blot-05927,7.16383171081543,0.9992265701293945,generated,0.5,detector-sam-vit-b-lora-r8-all-img512-51265aec,51265aecd96858feeead19cc47f9bd3dc0af3fa7d793582482a9287a153c3e25,cpu
synth/cyclegan/cyclegan_img_05934.png,ee6c5ae87cec959f1ff2c6a8d7b7564babd6326cccde135f5751f83548bca4ec,generated,cyclegan,calibration,western-blot-05934,4.050955772399902,0.9828920364379883,generated,0.5,detector-sam-vit-b-lora-r8-all-img512-51265aec,51265aecd96858feeead19cc47f9bd3dc0af3fa7d793582482a9287a153c3e25,cpu
synth/cyclegan/cyclegan_img_05944.png,74765cdb4e2b1c6e97697f41150e00d02f94ef2b46909b49230d03b973334ef8,generated,cyclegan,calibration,western-blot-05944,1.8427388668060303,0.8632723093032837,generated,0.5,detector-sam-vit-b-lora-r8-all-img512-51265aec,51265aecd96858feeead19cc47f9bd3dc0af3fa7d793582482a9287a153c3e25,cpu
synth/cyclegan/cyclegan_img_05949.png,b60115aadb87d98c442cca1b33aadd21fa609a6892e0e7ccdd3a554980082002,generated,cyclegan,calibration,western-blot-05949,3.513873338699341,0.97107994556427,generated,0.5,detector-sam-vit-b-lora-r8-all-img512-51265aec,51265aecd96858feeead19cc47f9bd3dc0af3fa7d793582482a9287a153c3e25,cpu
synth/cyclegan/cyclegan_img_05953.png,8cf40a8d8b48a1c87673bd8f322179bebabff8e09dce82305b26bfb6bc025f20,generated,cyclegan,calibration,western-blot-05953,15.382221221923828,0.9999997615814209,generated,0.5,detector-sam-vit-b-lora-r8-all-img512-51265aec,51265aecd96858feeead19cc47f9bd3dc0af3fa7d793582482a9287a153c3e25,cpu
synth/cyclegan/cyclegan_img_05956.png,f55d07eea2aec028967c08c449c243a1693d418c5f9e117d1a4a8032a9559405,generated,cyclegan,calibration,western-blot-05956,12.709455490112305,0.9999970197677612,generated,0.5,detector-sam-vit-b-lora-r8-all-img512-51265aec,51265aecd96858feeead19cc47f9bd3dc0af3fa7d793582482a9287a153c3e25,cpu
synth/cyclegan/cyclegan_img_05961.png,d6918b13676ca5a5f553774e31a776115826b4229d4cc239e28b0077cb03512f,generated,cyclegan,calibration,western-blot-05961,5.7262163162231445,0.9967511892318726,generated,0.5,detector-sam-vit-b-lora-r8-all-img512-51265aec,51265aecd96858feeead19cc47f9bd3dc0af3fa7d793582482a9287a153c3e25,cpu
synth/cyclegan/cyclegan_img_05965.png,23aaf2a133e21a1ba0dcddda8809136087dfc9a8986b7bd185294d422fdf15d6,generated,cyclegan,calibration,western-blot-05965,13.702335357666016,0.999998927116394,generated,0.5,detector-sam-vit-b-lora-r8-all-img512-51265aec,51265aecd96858feeead19cc47f9bd3dc0af3fa7d793582482a9287a153c3e25,cpu
synth/cyclegan/cyclegan_img_05967.png,327bfa4c9ae69b14c0e78bb80afd2ec61b796cab1915514f03c25b261cb4d387,generated,cyclegan,calibration,western-blot-05967,13.319684982299805,0.9999983310699463,generated,0.5,detector-sam-vit-b-lora-r8-all-img512-51265aec,51265aecd96858feeead19cc47f9bd3dc0af3fa7d793582482a9287a153c3e25,cpu
synth/cyclegan/cyclegan_img_05968.png,bc2b4705f710649c2be79c934af210f356293176e7923c953a9055cfab8674ff,generated,cyclegan,calibration,western-blot-05968,13.464635848999023,0.9999985694885254,generated,0.5,detector-sam-vit-b-lora-r8-all-img512-51265aec,51265aecd96858feeead19cc47f9bd3dc0af3fa7d793582482a9287a153c3e25,cpu
synth/cyclegan/cyclegan_img_05998.png,feab9a3d5704816f3afa6a486cb850312a3e65ccae52a6094242934e2bd39da1,generated,cyclegan,calibration,western-blot-05998,1.6843377351760864,0.8434780836105347,generated,0.5,detector-sam-vit-b-lora-r8-all-img512-51265aec,51265aecd96858feeead19cc47f9bd3dc0af3fa7d793582482a9287a153c3e25,cpu
synth/ddpm/ddpm_img_00006.png,6464de297e893177f4cf697094ce007b90604f294a9da7a6c9a86c1389428285,generated,ddpm,calibration,western-blot-00006,-0.0934445932507515,0.47665584087371826,original,0.5,detector-sam-vit-b-lora-r8-all-img512-51265aec,51265aecd96858feeead19cc47f9bd3dc0af3fa7d793582482a9287a153c3e25,cpu
synth/ddpm/ddpm_img_00008.png,b152d9a461ad39a3141055b2d503e18dac658d76126b5db47a48610371c4c698,generated,ddpm,calibration,western-blot-00008,0.09685443341732025,0.5241947174072266,generated,0.5,detector-sam-vit-b-lora-r8-all-img512-51265aec,51265aecd96858feeead19cc47f9bd3dc0af3fa7d793582482a9287a153c3e25,cpu
synth/ddpm/ddpm_img_00010.png,41aa1fa9519e9c6fda9bf760634ba09cb73408a3046fc7dc9e8f09e9b8c1892d,generated,ddpm,calibration,western-blot-00010,0.04341620206832886,0.5108523368835449,generated,0.5,detector-sam-vit-b-lora-r8-all-img512-51265aec,51265aecd96858feeead19cc47f9bd3dc0af3fa7d793582482a9287a153c3e25,cpu
synth/ddpm/ddpm_img_00026.png,08f5eed2d8d49f34debdea0b96d94cb30698f9796593eef2fbf6142e7f6d09a8,generated,ddpm,calibration,western-blot-00026,0.3074137568473816,0.5762538313865662,generated,0.5,detector-sam-vit-b-lora-r8-all-img512-51265aec,51265aecd96858feeead19cc47f9bd3dc0af3fa7d793582482a9287a153c3e25,cpu
synth/ddpm/ddpm_img_00049.png,356375bf916756acb91a84cea8482f796423659e35d10425a89f9530da274747,generated,ddpm,calibration,western-blot-00049,5.152473449707031,0.9942481517791748,generated,0.5,detector-sam-vit-b-lora-r8-all-img512-51265aec,51265aecd96858feeead19cc47f9bd3dc0af3fa7d793582482a9287a153c3e25,cpu
synth/ddpm/ddpm_img_00054.png,19537ff2cc23b4a213f7d54d266b43f48b65b33291e9e85bae9f6169efaaf01a,generated,ddpm,calibration,western-blot-00054,-0.3841361105442047,0.40512973070144653,original,0.5,detector-sam-vit-b-lora-r8-all-img512-51265aec,51265aecd96858feeead19cc47f9bd3dc0af3fa7d793582482a9287a153c3e25,cpu
synth/ddpm/ddpm_img_00109.png,cd02675b3cd1ad8804debb8eda40821a5d98d93b560e256665a137ac828b0cb1,generated,ddpm,calibration,western-blot-00109,0.8857107162475586,0.7080041766166687,generated,0.5,detector-sam-vit-b-lora-r8-all-img512-51265aec,51265aecd96858feeead19cc47f9bd3dc0af3fa7d793582482a9287a153c3e25,cpu
synth/ddpm/ddpm_img_00111.png,b14c1a8347be236c26ef9838dc22143ef13aee8d97ac33f97765f447abfa4166,generated,ddpm,calibration,western-blot-00111,3.167652130126953,0.9595986604690552,generated,0.5,detector-sam-vit-b-lora-r8-all-img512-51265aec,51265aecd96858feeead19cc47f9bd3dc0af3fa7d793582482a9287a153c3e25,cpu
synth/ddpm/ddpm_img_00139.png,bc35158a2b66c8f9cc3e712360d6a0617f0f86321bd458f64b24dc2f49d0619d,generated,ddpm,calibration,western-blot-00139,-1.0268577337265015,0.26369374990463257,original,0.5,detector-sam-vit-b-lora-r8-all-img512-51265aec,51265aecd96858feeead19cc47f9bd3dc0af3fa7d793582482a9287a153c3e25,cpu
synth/ddpm/ddpm_img_00162.png,35331d5f028dde850aca10135642f0e721a8ab438e7e274d9af31b45667c6511,generated,ddpm,calibration,western-blot-00162,0.8808605670928955,0.7070005536079407,generated,0.5,detector-sam-vit-b-lora-r8-all-img512-51265aec,51265aecd96858feeead19cc47f9bd3dc0af3fa7d793582482a9287a153c3e25,cpu
synth/ddpm/ddpm_img_00193.png,36b734b81a2dc82c13b73df1947d010bf2e06f13be1c7b6a30060a60df3615c1,generated,ddpm,calibration,western-blot-00193,-0.5528517961502075,0.36520302295684814,original,0.5,detector-sam-vit-b-lora-r8-all-img512-51265aec,51265aecd96858feeead19cc47f9bd3dc0af3fa7d793582482a9287a153c3e25,cpu
synth/ddpm/ddpm_img_00204.png,fbad9bbcb13fc073a280deaa84157226d853e3d3257f7a2803345d32c4d71218,generated,ddpm,calibration,western-blot-00204,-2.667675495147705,0.06490790843963623,original,0.5,detector-sam-vit-b-lora-r8-all-img512-51265aec,51265aecd96858feeead19cc47f9bd3dc0af3fa7d793582482a9287a153c3e25,cpu
synth/ddpm/ddpm_img_00208.png,73d5862e59c76d23a1609d778d43fc401f205d6120ef1b4e5b4b6da50264406c,generated,ddpm,calibration,western-blot-00208,-0.9232833981513977,0.2842893600463867,original,0.5,detector-sam-vit-b-lora-r8-all-img512-51265aec,51265aecd96858feeead19cc47f9bd3dc0af3fa7d793582482a9287a153c3e25,cpu
synth/ddpm/ddpm_img_00237.png,d4cf1b5de80a08e8e1b71fd725444158d8def12a0315b2fbe9d28f85518f0bad,generated,ddpm,calibration,western-blot-00237,1.364148497581482,0.79643315076828,generated,0.5,detector-sam-vit-b-lora-r8-all-img512-51265aec,51265aecd96858feeead19cc47f9bd3dc0af3fa7d793582482a9287a153c3e25,cpu
synth/ddpm/ddpm_img_00258.png,c0bd8417d18ec32fa599d93e559a1b823a650cb147353407c5204882dfaa3d5a,generated,ddpm,calibration,western-blot-00258,0.39662715792655945,0.597877025604248,generated,0.5,detector-sam-vit-b-lora-r8-all-img512-51265aec,51265aecd96858feeead19cc47f9bd3dc0af3fa7d793582482a9287a153c3e25,cpu
synth/ddpm/ddpm_img_00277.png,c9e6f94ae0abba10f0177f9369cfc1801c6d0a148303dd1f585ec95dad04e101,generated,ddpm,calibration,western-blot-00277,-0.26817217469215393,0.4333558678627014,original,0.5,detector-sam-vit-b-lora-r8-all-img512-51265aec,51265aecd96858feeead19cc47f9bd3dc0af3fa7d793582482a9287a153c3e25,cpu
synth/ddpm/ddpm_img_00309.png,f8bd16430793e2a2c106451ef7a4e9e5a6a02571e73f3755f15f5817908a7648,generated,ddpm,calibration,western-blot-00309,0.21161670982837677,0.5527076125144958,generated,0.5,detector-sam-vit-b-lora-r8-all-img512-51265aec,51265aecd96858feeead19cc47f9bd3dc0af3fa7d793582482a9287a153c3e25,cpu
synth/ddpm/ddpm_img_00311.png,9451858715fb2b02dcf71b7abe72ab13153afb80742a9356093f166f60b39850,generated,ddpm,calibration,western-blot-00311,0.05596928671002388,0.5139886736869812,generated,0.5,detector-sam-vit-b-lora-r8-all-img512-51265aec,51265aecd96858feeead19cc47f9bd3dc0af3fa7d793582482a9287a153c3e25,cpu
synth/ddpm/ddpm_img_00331.png,8900b3936c076b557c181c392bdec17ab71036c7584e5803eb0ff3ac9f34f5af,generated,ddpm,calibration,western-blot-00331,1.5980077981948853,0.8317397832870483,generated,0.5,detector-sam-vit-b-lora-r8-all-img512-51265aec,51265aecd96858feeead19cc47f9bd3dc0af3fa7d793582482a9287a153c3e25,cpu
synth/ddpm/ddpm_img_00348.png,0bd58f3eb45cebb0b2adfb4d7f564372f0a6c51a6c2fdc6269a5397f3531f219,generated,ddpm,calibration,western-blot-00348,-0.053229693323373795,0.4866957366466522,original,0.5,detector-sam-vit-b-lora-r8-all-img512-51265aec,51265aecd96858feeead19cc47f9bd3dc0af3fa7d793582482a9287a153c3e25,cpu
synth/ddpm/ddpm_img_00402.png,fef905b257068de5928a573b5a839aa3fb7d76fdbec8ac75e7c35d63d792119b,generated,ddpm,calibration,western-blot-00402,-0.4523363411426544,0.38880544900894165,original,0.5,detector-sam-vit-b-lora-r8-all-img512-51265aec,51265aecd96858feeead19cc47f9bd3dc0af3fa7d793582482a9287a153c3e25,cpu
synth/ddpm/ddpm_img_00403.png,f3402cf2bf513f74309d07dce1495856ed588751aaa946cb707823a3f622b9cc,generated,ddpm,calibration,western-blot-00403,-0.7233875393867493,0.32664746046066284,original,0.5,detector-sam-vit-b-lora-r8-all-img512-51265aec,51265aecd96858feeead19cc47f9bd3dc0af3fa7d793582482a9287a153c3e25,cpu
synth/ddpm/ddpm_img_00405.png,1d78ca83f9d4893769029b2adb451808ae4534ab6d74519368ef8ad834849d3e,generated,ddpm,calibration,western-blot-00405,-0.795385479927063,0.31101346015930176,original,0.5,detector-sam-vit-b-lora-r8-all-img512-51265aec,51265aecd96858feeead19cc47f9bd3dc0af3fa7d793582482a9287a153c3e25,cpu
synth/ddpm/ddpm_img_00408.png,0c314f3e86680fd4f0c56f8016b6653ca33669ea0f8e98cf8966e547c0a81f1a,generated,ddpm,calibration,western-blot-00408,-0.7489879131317139,0.32104185223579407,original,0.5,detector-sam-vit-b-lora-r8-all-img512-51265aec,51265aecd96858feeead19cc47f9bd3dc0af3fa7d793582482a9287a153c3e25,cpu
synth/ddpm/ddpm_img_00410.png,015eeb995bba7e3eec9a6997fd2aca8e92e983917aeba6593a2b17c58fcfc774,generated,ddpm,calibration,western-blot-00410,4.487674713134766,0.9888783097267151,generated,0.5,detector-sam-vit-b-lora-r8-all-img512-51265aec,51265aecd96858feeead19cc47f9bd3dc0af3fa7d793582482a9287a153c3e25,cpu
synth/ddpm/ddpm_img_00418.png,85b743f8b9509d3c1eb622fecd1a56210fbf2fccb21bce386e203cfc5fec1331,generated,ddpm,calibration,western-blot-00418,2.7110066413879395,0.9376729726791382,generated,0.5,detector-sam-vit-b-lora-r8-all-img512-51265aec,51265aecd96858feeead19cc47f9bd3dc0af3fa7d793582482a9287a153c3e25,cpu
synth/ddpm/ddpm_img_00436.png,aea28c163876c129eae0feb0477deac2773a556f30eae083e04a0b7d891787de,generated,ddpm,calibration,western-blot-00436,-0.5591167211532593,0.3637518584728241,original,0.5,detector-sam-vit-b-lora-r8-all-img512-51265aec,51265aecd96858feeead19cc47f9bd3dc0af3fa7d793582482a9287a153c3e25,cpu
synth/ddpm/ddpm_img_00440.png,09244fe2b45696fbf932631fb29264a7fad5113826615ce9dd2703360e0e3334,generated,ddpm,calibration,western-blot-00440,2.46838116645813,0.9218952655792236,generated,0.5,detector-sam-vit-b-lora-r8-all-img512-51265aec,51265aecd96858feeead19cc47f9bd3dc0af3fa7d793582482a9287a153c3e25,cpu
synth/ddpm/ddpm_img_00448.png,0213f8367e222b5627fe854d05085f24f994e234501ec144741cd12a89d4d09a,generated,ddpm,calibration,western-blot-00448,0.3493424654006958,0.586458146572113,generated,0.5,detector-sam-vit-b-lora-r8-all-img512-51265aec,51265aecd96858feeead19cc47f9bd3dc0af3fa7d793582482a9287a153c3e25,cpu
synth/ddpm/ddpm_img_00464.png,aab60f862a199106a2ef8d8465c48ac88b805d7a507274f5cb75731a81faf2d5,generated,ddpm,calibration,western-blot-00464,-1.5783600807189941,0.17102785408496857,original,0.5,detector-sam-vit-b-lora-r8-all-img512-51265aec,51265aecd96858feeead19cc47f9bd3dc0af3fa7d793582482a9287a153c3e25,cpu
synth/ddpm/ddpm_img_00476.png,3a2c6a8ec3d12b73715259eee7a16845701ac58ee58953f2de8ce6da7d748a67,generated,ddpm,calibration,western-blot-00476,-0.723879337310791,0.3265393078327179,original,0.5,detector-sam-vit-b-lora-r8-all-img512-51265aec,51265aecd96858feeead19cc47f9bd3dc0af3fa7d793582482a9287a153c3e25,cpu
synth/ddpm/ddpm_img_00509.png,baa64a62f984eee940fa259a64b772d9a5157561d9d52e43842e0050072cd5d8,generated,ddpm,calibration,western-blot-00509,6.736685752868652,0.9988148212432861,generated,0.5,detector-sam-vit-b-lora-r8-all-img512-51265aec,51265aecd96858feeead19cc47f9bd3dc0af3fa7d793582482a9287a153c3e25,cpu
synth/ddpm/ddpm_img_00514.png,3b32a68d4791f0427335f16317e79addc0c7936f8037a62ac10df60fc11a2edc,generated,ddpm,calibration,western-blot-00514,-0.7496162056922913,0.320904940366745,original,0.5,detector-sam-vit-b-lora-r8-all-img512-51265aec,51265aecd96858feeead19cc47f9bd3dc0af3fa7d793582482a9287a153c3e25,cpu
synth/ddpm/ddpm_img_00530.png,75eb3bbc4d2e6857a869ba4b883686dcdc80d1cd101bb9c4eab1afaee7b9fdfa,generated,ddpm,calibration,western-blot-00530,-0.972519040107727,0.2743786871433258,original,0.5,detector-sam-vit-b-lora-r8-all-img512-51265aec,51265aecd96858feeead19cc47f9bd3dc0af3fa7d793582482a9287a153c3e25,cpu
synth/ddpm/ddpm_img_00531.png,3a64cb226a5d1e19f2b663693d2138c31f01c45925a171bfb8c7a4bb97c68862,generated,ddpm,calibration,western-blot-00531,0.7759987115859985,0.6848170757293701,generated,0.5,detector-sam-vit-b-lora-r8-all-img512-51265aec,51265aecd96858feeead19cc47f9bd3dc0af3fa7d793582482a9287a153c3e25,cpu
synth/ddpm/ddpm_img_00547.png,7fa819ba382da7646af876aa94dd3936fa4de239b7f266cb4e767b755f319feb,generated,ddpm,calibration,western-blot-00547,-0.7696309089660645,0.31655895709991455,original,0.5,detector-sam-vit-b-lora-r8-all-img512-51265aec,51265aecd96858feeead19cc47f9bd3dc0af3fa7d793582482a9287a153c3e25,cpu
synth/ddpm/ddpm_img_00560.png,731a588f8d6b834acc8e46e8a57098b27144a4c1fe0a9d165f4820698349b183,generated,ddpm,calibration,western-blot-00560,-1.512821078300476,0.18052108585834503,original,0.5,detector-sam-vit-b-lora-r8-all-img512-51265aec,51265aecd96858feeead19cc47f9bd3dc0af3fa7d793582482a9287a153c3e25,cpu
synth/ddpm/ddpm_img_00561.png,47f1933b96a5692ff5f88bbee5a19f176d71322713e0c78f86b7655016082e2c,generated,ddpm,calibration,western-blot-00561,-0.15091213583946228,0.46234339475631714,original,0.5,detector-sam-vit-b-lora-r8-all-img512-51265aec,51265aecd96858feeead19cc47f9bd3dc0af3fa7d793582482a9287a153c3e25,cpu
synth/ddpm/ddpm_img_00564.png,b4b42c7cfeaad3a9798c8b3dc18d47d330f05d3883662c88ec407aa4cd646eff,generated,ddpm,calibration,western-blot-00564,-0.6912466287612915,0.33375582098960876,original,0.5,detector-sam-vit-b-lora-r8-all-img512-51265aec,51265aecd96858feeead19cc47f9bd3dc0af3fa7d793582482a9287a153c3e25,cpu
synth/ddpm/ddpm_img_00567.png,d4c100cee7349ef45d218f0c800b035d3dcbe735095bbae56e7f3dad3b590d0c,generated,ddpm,calibration,western-blot-00567,-0.7231640815734863,0.32669660449028015,original,0.5,detector-sam-vit-b-lora-r8-all-img512-51265aec,51265aecd96858feeead19cc47f9bd3dc0af3fa7d793582482a9287a153c3e25,cpu
synth/ddpm/ddpm_img_00595.png,35882f403660bfaaf2d576447088eddf9665e29f283d1cf398766120b714b1b8,generated,ddpm,calibration,western-blot-00595,-0.40386444330215454,0.40038421750068665,original,0.5,detector-sam-vit-b-lora-r8-all-img512-51265aec,51265aecd96858feeead19cc47f9bd3dc0af3fa7d793582482a9287a153c3e25,cpu
synth/ddpm/ddpm_img_00605.png,5bd86f791b66a44c834e9ae31aa77bd71e7435ad31067fab99da966da263a60c,generated,ddpm,calibration,western-blot-00605,-1.0478941202163696,0.2596296966075897,original,0.5,detector-sam-vit-b-lora-r8-all-img512-51265aec,51265aecd96858feeead19cc47f9bd3dc0af3fa7d793582482a9287a153c3e25,cpu
synth/ddpm/ddpm_img_00626.png,2936ba96ede87ff5b142134e7fe2a819494a299449440876edfcc35a632ac03a,generated,ddpm,calibration,western-blot-00626,7.459593772888184,0.9994244575500488,generated,0.5,detector-sam-vit-b-lora-r8-all-img512-51265aec,51265aecd96858feeead19cc47f9bd3dc0af3fa7d793582482a9287a153c3e25,cpu
synth/ddpm/ddpm_img_00627.png,ec288032b11baa1c219fa570c2a6cc8a88a0fea836126b4ced0cb9be90ac6a0b,generated,ddpm,calibration,western-blot-00627,-0.9310042858123779,0.28272101283073425,original,0.5,detector-sam-vit-b-lora-r8-all-img512-51265aec,51265aecd96858feeead19cc47f9bd3dc0af3fa7d793582482a9287a153c3e25,cpu
synth/ddpm/ddpm_img_00642.png,b6438bfdb48e7dba6a830332bc8bd99b33a17966815ad1944df6828010f97b0b,generated,ddpm,calibration,western-blot-00642,1.5708465576171875,0.827904224395752,generated,0.5,detector-sam-vit-b-lora-r8-all-img512-51265aec,51265aecd96858feeead19cc47f9bd3dc0af3fa7d793582482a9287a153c3e25,cpu
synth/ddpm/ddpm_img_00649.png,18f033b8f926ed7d679067e77e59b7e993c28aa7310ed248645a1c1566e95e4e,generated,ddpm,calibration,western-blot-00649,-0.7504478693008423,0.3207237422466278,original,0.5,detector-sam-vit-b-lora-r8-all-img512-51265aec,51265aecd96858feeead19cc47f9bd3dc0af3fa7d793582482a9287a153c3e25,cpu
synth/ddpm/ddpm_img_00650.png,5a8c6d798b1ad958f691d863924a10a6994e48c5717f24f1c301844b2a2e1646,generated,ddpm,calibration,western-blot-00650,4.868061542510986,0.9923703670501709,generated,0.5,detector-sam-vit-b-lora-r8-all-img512-51265aec,51265aecd96858feeead19cc47f9bd3dc0af3fa7d793582482a9287a153c3e25,cpu
synth/ddpm/ddpm_img_00657.png,7ea7b858f331433ae77c08b57c6987fabff06b9b684fdc779337c56232be91dd,generated,ddpm,calibration,western-blot-00657,0.448171466588974,0.6102043986320496,generated,0.5,detector-sam-vit-b-lora-r8-all-img512-51265aec,51265aecd96858feeead19cc47f9bd3dc0af3fa7d793582482a9287a153c3e25,cpu
synth/ddpm/ddpm_img_00658.png,beb90ec2610ceffacf3319d3db252435babba294c4ba09741c88a3f916e9a7c4,generated,ddpm,calibration,western-blot-00658,-0.5931516289710999,0.35591205954551697,original,0.5,detector-sam-vit-b-lora-r8-all-img512-51265aec,51265aecd96858feeead19cc47f9bd3dc0af3fa7d793582482a9287a153c3e25,cpu
synth/ddpm/ddpm_img_00660.png,323ac9d2c20f3991b497221c76f4e7eab5bf37fcabf28c5cd2174b425d8e0bb0,generated,ddpm,calibration,western-blot-00660,0.16024599969387054,0.5399760007858276,generated,0.5,detector-sam-vit-b-lora-r8-all-img512-51265aec,51265aecd96858feeead19cc47f9bd3dc0af3fa7d793582482a9287a153c3e25,cpu
synth/ddpm/ddpm_img_00668.png,2af7b260008850b1b1903a008eafe85a63272b6c7975f05e05cec273495a015c,generated,ddpm,calibration,western-blot-00668,1.4440604448318481,0.8090826869010925,generated,0.5,detector-sam-vit-b-lora-r8-all-img512-51265aec,51265aecd96858feeead19cc47f9bd3dc0af3fa7d793582482a9287a153c3e25,cpu
synth/ddpm/ddpm_img_00684.png,ce4a783d510653f4459bd1d3ab807d8059f00cb196fef3e760cd5faa09935cae,generated,ddpm,calibration,western-blot-00684,-0.3611277639865875,0.41068658232688904,original,0.5,detector-sam-vit-b-lora-r8-all-img512-51265aec,51265aecd96858feeead19cc47f9bd3dc0af3fa7d793582482a9287a153c3e25,cpu
synth/ddpm/ddpm_img_00699.png,5b236283e41593fe24552c4a068a81e1d713ec675e6bd7f8edda58674843d259,generated,ddpm,calibration,western-blot-00699,-0.34364280104637146,0.41492488980293274,original,0.5,detector-sam-vit-b-lora-r8-all-img512-51265aec,51265aecd96858feeead19cc47f9bd3dc0af3fa7d793582482a9287a153c3e25,cpu
synth/ddpm/ddpm_img_00705.png,d3f7a870c4bd9c348148e157f53c7ad737667915b9a46d0be053c8bf32c20659,generated,ddpm,calibration,western-blot-00705,-0.7722864151000977,0.31598472595214844,original,0.5,detector-sam-vit-b-lora-r8-all-img512-51265aec,51265aecd96858feeead19cc47f9bd3dc0af3fa7d793582482a9287a153c3e25,cpu
synth/ddpm/ddpm_img_00716.png,09041c8f4ebfedd1246783d36cb839313c273e5b26e52c08faf69e7cb41421cf,generated,ddpm,calibration,western-blot-00716,-1.3303990364074707,0.2090933620929718,original,0.5,detector-sam-vit-b-lora-r8-all-img512-51265aec,51265aecd96858feeead19cc47f9bd3dc0af3fa7d793582482a9287a153c3e25,cpu
synth/ddpm/ddpm_img_00719.png,f31ae424cf4f29914077bdda0f23407e49bd22db54fdcffcf5ec419dbf6c4158,generated,ddpm,calibration,western-blot-00719,0.06709311902523041,0.5167669653892517,generated,0.5,detector-sam-vit-b-lora-r8-all-img512-51265aec,51265aecd96858feeead19cc47f9bd3dc0af3fa7d793582482a9287a153c3e25,cpu
synth/ddpm/ddpm_img_00721.png,6b20ef99671a17c760bad485ce194f922a317dd1e1b3eded6f441931d0ff5f63,generated,ddpm,calibration,western-blot-00721,0.7014074921607971,0.668499767780304,generated,0.5,detector-sam-vit-b-lora-r8-all-img512-51265aec,51265aecd96858feeead19cc47f9bd3dc0af3fa7d793582482a9287a153c3e25,cpu
synth/ddpm/ddpm_img_00752.png,31592090f11f0b82a70b6c932812e9ea310fdba85d59e08fb8c1b72f1349972e,generated,ddpm,calibration,western-blot-00752,-0.9483014345169067,0.27922654151916504,original,0.5,detector-sam-vit-b-lora-r8-all-img512-51265aec,51265aecd96858feeead19cc47f9bd3dc0af3fa7d793582482a9287a153c3e25,cpu
synth/ddpm/ddpm_img_00758.png,2d4b0d5523449d54724a6ef357f67953851f3bf72afcd333ad4eb7b66d58f142,generated,ddpm,calibration,western-blot-00758,-1.6814252138137817,0.1569068431854248,original,0.5,detector-sam-vit-b-lora-r8-all-img512-51265aec,51265aecd96858feeead19cc47f9bd3dc0af3fa7d793582482a9287a153c3e25,cpu
synth/ddpm/ddpm_img_00761.png,0b9e41fb5f3ffae3fa3f44d0711efdf98acc70ad70355b8ccfdb57b3aded4a91,generated,ddpm,calibration,western-blot-00761,3.4069838523864746,0.9679220914840698,generated,0.5,detector-sam-vit-b-lora-r8-all-img512-51265aec,51265aecd96858feeead19cc47f9bd3dc0af3fa7d793582482a9287a153c3e25,cpu
synth/ddpm/ddpm_img_00783.png,61804858f51153e4bc56167343ee6668338f949d44a003914a1c604a292465ce,generated,ddpm,calibration,western-blot-00783,-0.3320322036743164,0.4177462160587311,original,0.5,detector-sam-vit-b-lora-r8-all-img512-51265aec,51265aecd96858feeead19cc47f9bd3dc0af3fa7d793582482a9287a153c3e25,cpu
synth/ddpm/ddpm_img_00797.png,d392510079d3e95cb0b67f20b798a2dd819286125e9a03dc0b41ad8ed2f4a8e2,generated,ddpm,calibration,western-blot-00797,0.6736816167831421,0.6623270511627197,generated,0.5,detector-sam-vit-b-lora-r8-all-img512-51265aec,51265aecd96858feeead19cc47f9bd3dc0af3fa7d793582482a9287a153c3e25,cpu
synth/ddpm/ddpm_img_00915.png,191f7126cb2857165ef51f0cc73ca8a20a1ba4a4d0047f4022124d3b72aa5dd7,generated,ddpm,calibration,western-blot-00915,-1.102923035621643,0.24919259548187256,original,0.5,detector-sam-vit-b-lora-r8-all-img512-51265aec,51265aecd96858feeead19cc47f9bd3dc0af3fa7d793582482a9287a153c3e25,cpu
synth/ddpm/ddpm_img_00916.png,1cac208575ef4e0144f4abc0a0299f80dba69edf9d33caa4929c10caaa38e471,generated,ddpm,calibration,western-blot-00916,0.22857660055160522,0.5568966269493103,generated,0.5,detector-sam-vit-b-lora-r8-all-img512-51265aec,51265aecd96858feeead19cc47f9bd3dc0af3fa7d793582482a9287a153c3e25,cpu
synth/ddpm/ddpm_img_00920.png,ab06b05bf2f3c1595d5c204736c09b47ad5a060c707032dd90dcef8fe46438f4,generated,ddpm,calibration,western-blot-00920,-0.9534752368927002,0.27818647027015686,original,0.5,detector-sam-vit-b-lora-r8-all-img512-51265aec,51265aecd96858feeead19cc47f9bd3dc0af3fa7d793582482a9287a153c3e25,cpu
synth/ddpm/ddpm_img_00929.png,7c76beafb2bc018b0bdcc0ed5ffcf5d528bd48c5f1b12b9c3e2d35cb7178626e,generated,ddpm,calibration,western-blot-00929,-0.3790450394153595,0.4063572287559509,original,0.5,detector-sam-vit-b-lora-r8-all-img512-51265aec,51265aecd96858feeead19cc47f9bd3dc0af3fa7d793582482a9287a153c3e25,cpu
synth/ddpm/ddpm_img_00933.png,538017897432941f6203d2a183878d7728c63b14dcfd51747d3d913bdf319186,generated,ddpm,calibration,western-blot-00933,0.06600849330425262,0.5164961218833923,generated,0.5,detector-sam-vit-b-lora-r8-all-img512-51265aec,51265aecd96858feeead19cc47f9bd3dc0af3fa7d793582482a9287a153c3e25,cpu
synth/ddpm/ddpm_img_00937.png,1c82163faf9edac1b5fddd664c6891127f5018007fbb1481b5d15b075635a9cb,generated,ddpm,calibration,western-blot-00937,1.7018615007400513,0.8457777500152588,generated,0.5,detector-sam-vit-b-lora-r8-all-img512-51265aec,51265aecd96858feeead19cc47f9bd3dc0af3fa7d793582482a9287a153c3e25,cpu
synth/ddpm/ddpm_img_00938.png,ce04b3769752b9456a0efb688e558dedc2b67a6e7ceab7ba89b39fbb1d031519,generated,ddpm,calibration,western-blot-00938,0.4501219093799591,0.6106682419776917,generated,0.5,detector-sam-vit-b-lora-r8-all-img512-51265aec,51265aecd96858feeead19cc47f9bd3dc0af3fa7d793582482a9287a153c3e25,cpu
synth/ddpm/ddpm_img_00941.png,65b14d74e422387618cbe4fea196c09fbff4e076cd5c1c9135cd7583d64188b7,generated,ddpm,calibration,western-blot-00941,-2.2822704315185547,0.09260199964046478,original,0.5,detector-sam-vit-b-lora-r8-all-img512-51265aec,51265aecd96858feeead19cc47f9bd3dc0af3fa7d793582482a9287a153c3e25,cpu
synth/ddpm/ddpm_img_00943.png,4187ae7afb122b5b2d55cdc377b7ed2a69909929b078da540313207c05a059c3,generated,ddpm,calibration,western-blot-00943,-0.7144278287887573,0.32862117886543274,original,0.5,detector-sam-vit-b-lora-r8-all-img512-51265aec,51265aecd96858feeead19cc47f9bd3dc0af3fa7d793582482a9287a153c3e25,cpu
synth/ddpm/ddpm_img_00951.png,5af8b8d869c8227eabd4fc44bf4a74d14c36a30ced89dd820838e016dd597fec,generated,ddpm,calibration,western-blot-00951,-0.8870285749435425,0.2917234003543854,original,0.5,detector-sam-vit-b-lora-r8-all-img512-51265aec,51265aecd96858feeead19cc47f9bd3dc0af3fa7d793582482a9287a153c3e25,cpu
synth/ddpm/ddpm_img_00958.png,de8be9cf645b70b8b2ebbc78b9e52bfab87dd42a77951b8fa3f17034cd62477d,generated,ddpm,calibration,western-blot-00958,0.599820613861084,0.6456152200698853,generated,0.5,detector-sam-vit-b-lora-r8-all-img512-51265aec,51265aecd96858feeead19cc47f9bd3dc0af3fa7d793582482a9287a153c3e25,cpu
synth/ddpm/ddpm_img_00961.png,607f377ef03760cf249abe39a18733a068c04257d6695469394ea6c296cd4e9e,generated,ddpm,calibration,western-blot-00961,-1.2654529809951782,0.22003664076328278,original,0.5,detector-sam-vit-b-lora-r8-all-img512-51265aec,51265aecd96858feeead19cc47f9bd3dc0af3fa7d793582482a9287a153c3e25,cpu
synth/ddpm/ddpm_img_00965.png,222b55d609290ea9d8f4ea01d57dbab255c93a815d16efe048c21da90b02a473,generated,ddpm,calibration,western-blot-00965,-0.8550753593444824,0.29836928844451904,original,0.5,detector-sam-vit-b-lora-r8-all-img512-51265aec,51265aecd96858feeead19cc47f9bd3dc0af3fa7d793582482a9287a153c3e25,cpu
synth/ddpm/ddpm_img_00966.png,60478584bc037995e6cab813ca9d1c16bc978007f4201c7a199a0c01e729b0fe,generated,ddpm,calibration,western-blot-00966,-0.766323983669281,0.3172748386859894,original,0.5,detector-sam-vit-b-lora-r8-all-img512-51265aec,51265aecd96858feeead19cc47f9bd3dc0af3fa7d793582482a9287a153c3e25,cpu
synth/ddpm/ddpm_img_00979.png,2869f3f1353f92e505a16ac5c112725250f2840d888b72c74a974ebeda2aa89f,generated,ddpm,calibration,western-blot-00979,-0.16815811395645142,0.45805928111076355,original,0.5,detector-sam-vit-b-lora-r8-all-img512-51265aec,51265aecd96858feeead19cc47f9bd3dc0af3fa7d793582482a9287a153c3e25,cpu
synth/ddpm/ddpm_img_01030.png,1ffd85d00f3dc759abc0a19e1fe3b80fab02b51f299f2b96262698161115afcc,generated,ddpm,calibration,western-blot-01030,0.7335325479507446,0.6755800247192383,generated,0.5,detector-sam-vit-b-lora-r8-all-img512-51265aec,51265aecd96858feeead19cc47f9bd3dc0af3fa7d793582482a9287a153c3e25,cpu
synth/ddpm/ddpm_img_01040.png,5ed7f550185fe961c7b4b68db34c862064ee4050fc2e2bea322c7543c6ac5320,generated,ddpm,calibration,western-blot-01040,1.9413565397262573,0.87450110912323,generated,0.5,detector-sam-vit-b-lora-r8-all-img512-51265aec,51265aecd96858feeead19cc47f9bd3dc0af3fa7d793582482a9287a153c3e25,cpu
synth/ddpm/ddpm_img_01055.png,caf13e9a53ac3d1aba31ba2e3b06d8ff8da2b9315116a01385e51a75d86c8d11,generated,ddpm,calibration,western-blot-01055,1.361836552619934,0.7960580587387085,generated,0.5,detector-sam-vit-b-lora-r8-all-img512-51265aec,51265aecd96858feeead19cc47f9bd3dc0af3fa7d793582482a9287a153c3e25,cpu
synth/ddpm/ddpm_img_01061.png,d4a9306d4df3fc448a759d2b42f552aa84fe2fc0f477380dfab3c9baf090b529,generated,ddpm,calibration,western-blot-01061,-0.9707757234573364,0.27472591400146484,original,0.5,detector-sam-vit-b-lora-r8-all-img512-51265aec,51265aecd96858feeead19cc47f9bd3dc0af3fa7d793582482a9287a153c3e25,cpu
synth/ddpm/ddpm_img_01069.png,d8b82e6476fc7ae6a0b71c61b60f39e879a04abcdfdbd38a6871b2383d782634,generated,ddpm,calibration,western-blot-01069,6.038750171661377,0.9976211190223694,generated,0.5,detector-sam-vit-b-lora-r8-all-img512-51265aec,51265aecd96858feeead19cc47f9bd3dc0af3fa7d793582482a9287a153c3e25,cpu
synth/ddpm/ddpm_img_01080.png,f9d8f4e970c879f5763c248daeca68b4dcec0e39d9974924f9bc1c4807ba9b7c,generated,ddpm,calibration,western-blot-01080,-1.1689797639846802,0.2370394468307495,original,0.5,detector-sam-vit-b-lora-r8-all-img512-51265aec,51265aecd96858feeead19cc47f9bd3dc0af3fa7d793582482a9287a153c3e25,cpu
synth/ddpm/ddpm_img_01081.png,e85f466c3ff55697d2e8c6bcb4f71247842ceab9cb77ea5a9179e681d6109723,generated,ddpm,calibration,western-blot-01081,-0.38797250390052795,0.40420547127723694,original,0.5,detector-sam-vit-b-lora-r8-all-img512-51265aec,51265aecd96858feeead19cc47f9bd3dc0af3fa7d793582482a9287a153c3e25,cpu
synth/ddpm/ddpm_img_01083.png,172df54687cf7844af6c0664df6eea1e6d16e4df7d8bbee3842e4afbe2c896e1,generated,ddpm,calibration,western-blot-01083,3.13378643989563,0.9582650065422058,generated,0.5,detector-sam-vit-b-lora-r8-all-img512-51265aec,51265aecd96858feeead19cc47f9bd3dc0af3fa7d793582482a9287a153c3e25,cpu
synth/ddpm/ddpm_img_01091.png,ad756c1394560a1827b1e05db5778b26ee2c65a15ab44600fe09abcda2db2d51,generated,ddpm,calibration,western-blot-01091,-0.49119195342063904,0.3796128034591675,original,0.5,detector-sam-vit-b-lora-r8-all-img512-51265aec,51265aecd96858feeead19cc47f9bd3dc0af3fa7d793582482a9287a153c3e25,cpu
synth/ddpm/ddpm_img_01096.png,0f16aa55d67bae38e1a3f861049169126ffcd51aa54af06750ab41c858dae5b9,generated,ddpm,calibration,western-blot-01096,1.9263834953308105,0.8728485703468323,generated,0.5,detector-sam-vit-b-lora-r8-all-img512-51265aec,51265aecd96858feeead19cc47f9bd3dc0af3fa7d793582482a9287a153c3e25,cpu
synth/ddpm/ddpm_img_01105.png,6cc7035ea089caf95f46157801501132863045fe8d93a0066ed3d5351dc90210,generated,ddpm,calibration,western-blot-01105,0.2253485471010208,0.5560999512672424,generated,0.5,detector-sam-vit-b-lora-r8-all-img512-51265aec,51265aecd96858feeead19cc47f9bd3dc0af3fa7d793582482a9287a153c3e25,cpu
synth/ddpm/ddpm_img_01109.png,ba5c7b23ee9cfafd13eabddfafda2a3c2a147b94159e98a057188d9ae5a40ae1,generated,ddpm,calibration,western-blot-01109,-1.2391990423202515,0.2245754450559616,original,0.5,detector-sam-vit-b-lora-r8-all-img512-51265aec,51265aecd96858feeead19cc47f9bd3dc0af3fa7d793582482a9287a153c3e25,cpu
synth/ddpm/ddpm_img_01114.png,b0add1f01b99920d7427a5500d433cdf067495bd10fae316ec4ba54ea03fdc0d,generated,ddpm,calibration,western-blot-01114,-0.6118909120559692,0.35162797570228577,original,0.5,detector-sam-vit-b-lora-r8-all-img512-51265aec,51265aecd96858feeead19cc47f9bd3dc0af3fa7d793582482a9287a153c3e25,cpu
synth/ddpm/ddpm_img_01129.png,fc7c2f9b5b19fe6f35dd337de28fe508de039253b35fbf23e3c6f3a0e22bee48,generated,ddpm,calibration,western-blot-01129,5.151731014251709,0.9942439198493958,generated,0.5,detector-sam-vit-b-lora-r8-all-img512-51265aec,51265aecd96858feeead19cc47f9bd3dc0af3fa7d793582482a9287a153c3e25,cpu
synth/ddpm/ddpm_img_01136.png,84ecef1f4a7eab48f6e5cbfd6bd5db605759be0de440060c681daa6899764860,generated,ddpm,calibration,western-blot-01136,-1.0778056383132935,0.2539215087890625,original,0.5,detector-sam-vit-b-lora-r8-all-img512-51265aec,51265aecd96858feeead19cc47f9bd3dc0af3fa7d793582482a9287a153c3e25,cpu
synth/ddpm/ddpm_img_01155.png,a1a91bdfbcb32648923f111e058c84bdeed608e1db1bcd656ee31c1800a8ed4f,generated,ddpm,calibration,western-blot-01155,-0.06000431254506111,0.48500344157218933,original,0.5,detector-sam-vit-b-lora-r8-all-img512-51265aec,51265aecd96858feeead19cc47f9bd3dc0af3fa7d793582482a9287a153c3e25,cpu
synth/ddpm/ddpm_img_01164.png,820cfca2556f9a492b3db6ca9b522c43270023f7d5dbd75a4750ba627d898401,generated,ddpm,calibration,western-blot-01164,0.014564769342541695,0.5036411285400391,generated,0.5,detector-sam-vit-b-lora-r8-all-img512-51265aec,51265aecd96858feeead19cc47f9bd3dc0af3fa7d793582482a9287a153c3e25,cpu
synth/ddpm/ddpm_img_01173.png,7b8f528e7ae379ee32dbc0cc9d993e173089bd58f28d90fb5ca3b0db163eaf25,generated,ddpm,calibration,western-blot-01173,-1.378736972808838,0.20121192932128906,original,0.5,detector-sam-vit-b-lora-r8-all-img512-51265aec,51265aecd96858feeead19cc47f9bd3dc0af3fa7d793582482a9287a153c3e25,cpu
synth/ddpm/ddpm_img_01180.png,29784891fb0e3684b4c91b625fcbc7ef9ec583c6c46b03c57526e1148f7e419e,generated,ddpm,calibration,western-blot-01180,-0.6703498363494873,0.33841848373413086,original,0.5,detector-sam-vit-b-lora-r8-all-img512-51265aec,51265aecd96858feeead19cc47f9bd3dc0af3fa7d793582482a9287a153c3e25,cpu
synth/ddpm/ddpm_img_01182.png,44233af3e193d7736657050a84222cd3b4c6112b313f6102fe9b9a87ce43210b,generated,ddpm,calibration,western-blot-01182,-0.5949106812477112,0.3555088937282562,original,0.5,detector-sam-vit-b-lora-r8-all-img512-51265aec,51265aecd96858feeead19cc47f9bd3dc0af3fa7d793582482a9287a153c3e25,cpu
synth/ddpm/ddpm_img_01202.png,9ab63ae49c6c2d2bc1f2f367131659243e6b9c958a687de9c5cfe1e5682bbdbb,generated,ddpm,calibration,western-blot-01202,1.1017345190048218,0.7505849599838257,generated,0.5,detector-sam-vit-b-lora-r8-all-img512-51265aec,51265aecd96858feeead19cc47f9bd3dc0af3fa7d793582482a9287a153c3e25,cpu
synth/ddpm/ddpm_img_01203.png,0c271082359b2cb39ff9cb92d15b9cc3bdf3d53f7622283ad3d2b437193bab21,generated,ddpm,calibration,western-blot-01203,-1.9316041469573975,0.1265731304883957,original,0.5,detector-sam-vit-b-lora-r8-all-img512-51265aec,51265aecd96858feeead19cc47f9bd3dc0af3fa7d793582482a9287a153c3e25,cpu
synth/ddpm/ddpm_img_01235.png,a91890c0de782be2c66acee25d14edf7993c6212144d67c77a88292a00fc193f,generated,ddpm,calibration,western-blot-01235,4.799923896789551,0.9918368458747864,generated,0.5,detector-sam-vit-b-lora-r8-all-img512-51265aec,51265aecd96858feeead19cc47f9bd3dc0af3fa7d793582482a9287a153c3e25,cpu
synth/ddpm/ddpm_img_01257.png,9ef48055e8fede006fb1c827327b70e1cb601c66fb98ee6a8ffde0a6251cb3ad,generated,ddpm,calibration,western-blot-01257,-0.7893451452255249,0.31230929493904114,original,0.5,detector-sam-vit-b-lora-r8-all-img512-51265aec,51265aecd96858feeead19cc47f9bd3dc0af3fa7d793582482a9287a153c3e25,cpu
synth/ddpm/ddpm_img_01261.png,922d10cf928735011c2803b29a2e57c745c2c03b15966cc6e42bacdefb690bf6,generated,ddpm,calibration,western-blot-01261,1.4262714385986328,0.8063196539878845,generated,0.5,detector-sam-vit-b-lora-r8-all-img512-51265aec,51265aecd96858feeead19cc47f9bd3dc0af3fa7d793582482a9287a153c3e25,cpu
synth/ddpm/ddpm_img_01298.png,0bd70d3726c532f4e07c0f5a5e3b694da9ec8308a2ec4f8a22b5b4e0fb2d4c79,generated,ddpm,calibration,western-blot-01298,-0.955756664276123,0.2777285873889923,original,0.5,detector-sam-vit-b-lora-r8-all-img512-51265aec,51265aecd96858feeead19cc47f9bd3dc0af3fa7d793582482a9287a153c3e25,cpu
synth/ddpm/ddpm_img_01308.png,fa36eb2c21767b3cb33c3c4aa9d5375aaba377e49f09de45d563a1e609b7e4a9,generated,ddpm,calibration,western-blot-01308,-0.39716777205467224,0.4019929766654968,original,0.5,detector-sam-vit-b-lora-r8-all-img512-51265aec,51265aecd96858feeead19cc47f9bd3dc0af3fa7d793582482a9287a153c3e25,cpu
synth/ddpm/ddpm_img_01310.png,3807ac6ab30a975c71fdc0bbd7e52b45067800a25404fcb66904d3cb5a788170,generated,ddpm,calibration,western-blot-01310,-1.5700711011886597,0.17220625281333923,original,0.5,detector-sam-vit-b-lora-r8-all-img512-51265aec,51265aecd96858feeead19cc47f9bd3dc0af3fa7d793582482a9287a153c3e25,cpu
synth/ddpm/ddpm_img_01317.png,685d832b1ae512dec74a63aaa1740b73ec267c5fa10a68c35df96e4689449ccd,generated,ddpm,calibration,western-blot-01317,-0.8309022188186646,0.30345433950424194,original,0.5,detector-sam-vit-b-lora-r8-all-img512-51265aec,51265aecd96858feeead19cc47f9bd3dc0af3fa7d793582482a9287a153c3e25,cpu
synth/ddpm/ddpm_img_01320.png,c1f774c4787cdf000fe4855004a0f50ee0f9733d81041ea487f9494cb1bfda50,generated,ddpm,calibration,western-blot-01320,0.5123610496520996,0.625359833240509,generated,0.5,detector-sam-vit-b-lora-r8-all-img512-51265aec,51265aecd96858feeead19cc47f9bd3dc0af3fa7d793582482a9287a153c3e25,cpu
synth/ddpm/ddpm_img_01327.png,db1ca7bfbdd950e215b8523105ca4d6783eb6663a1183b6659e92a246a6b55f5,generated,ddpm,calibration,western-blot-01327,0.2011328935623169,0.5501143932342529,generated,0.5,detector-sam-vit-b-lora-r8-all-img512-51265aec,51265aecd96858feeead19cc47f9bd3dc0af3fa7d793582482a9287a153c3e25,cpu
synth/ddpm/ddpm_img_01332.png,85662be2be56f89bf818d1f1abd8632f4edaf0d2ea855e49b25a7b244093ca9b,generated,ddpm,calibration,western-blot-01332,0.7089362144470215,0.6701660752296448,generated,0.5,detector-sam-vit-b-lora-r8-all-img512-51265aec,51265aecd96858feeead19cc47f9bd3dc0af3fa7d793582482a9287a153c3e25,cpu
synth/ddpm/ddpm_img_01333.png,76cf18a82b339055890a69b0d24040e18c5b80379529873abb67655b4a9a323b,generated,ddpm,calibration,western-blot-01333,0.4410339891910553,0.608505368232727,generated,0.5,detector-sam-vit-b-lora-r8-all-img512-51265aec,51265aecd96858feeead19cc47f9bd3dc0af3fa7d793582482a9287a153c3e25,cpu
synth/ddpm/ddpm_img_01338.png,b29aa2b084fad282ee358290ebcd207b02cc6f420fb215967cbbb75796ba1797,generated,ddpm,calibration,western-blot-01338,-0.9102864861488342,0.28694120049476624,original,0.5,detector-sam-vit-b-lora-r8-all-img512-51265aec,51265aecd96858feeead19cc47f9bd3dc0af3fa7d793582482a9287a153c3e25,cpu
synth/ddpm/ddpm_img_01373.png,17f4a988952e9a9caa7d0552fc815a31cb964dde54267493e48f6d489ce55dd4,generated,ddpm,calibration,western-blot-01373,2.0047359466552734,0.8812934160232544,generated,0.5,detector-sam-vit-b-lora-r8-all-img512-51265aec,51265aecd96858feeead19cc47f9bd3dc0af3fa7d793582482a9287a153c3e25,cpu
synth/ddpm/ddpm_img_01383.png,e6a235ae51343c3344c0286e958d8e6bdd8a2306b587c6958ccfe257713b7235,generated,ddpm,calibration,western-blot-01383,-1.9242750406265259,0.12738560140132904,original,0.5,detector-sam-vit-b-lora-r8-all-img512-51265aec,51265aecd96858feeead19cc47f9bd3dc0af3fa7d793582482a9287a153c3e25,cpu
synth/ddpm/ddpm_img_01389.png,ff5b41ee15aeaabdd4675421b782cd242bb70686cbb939c176e91cda96d5dd35,generated,ddpm,calibration,western-blot-01389,-1.2880011796951294,0.21619132161140442,original,0.5,detector-sam-vit-b-lora-r8-all-img512-51265aec,51265aecd96858feeead19cc47f9bd3dc0af3fa7d793582482a9287a153c3e25,cpu
synth/ddpm/ddpm_img_01390.png,d3b6bbd9452f4c74be2e2b998e6e4b2068c039307eb7b62aac91b5c788110187,generated,ddpm,calibration,western-blot-01390,-0.823575496673584,0.30500519275665283,original,0.5,detector-sam-vit-b-lora-r8-all-img512-51265aec,51265aecd96858feeead19cc47f9bd3dc0af3fa7d793582482a9287a153c3e25,cpu
synth/ddpm/ddpm_img_01392.png,f0ddf0d545621e72eb4aea4020e51ac05d27cb5aeb0f1371599b9ede5da9bfd2,generated,ddpm,calibration,western-blot-01392,0.425773948431015,0.6048640608787537,generated,0.5,detector-sam-vit-b-lora-r8-all-img512-51265aec,51265aecd96858feeead19cc47f9bd3dc0af3fa7d793582482a9287a153c3e25,cpu
synth/ddpm/ddpm_img_01397.png,18fe8263cd94d5cb4205582f0ee40a0217ca8264b945e826199e0e32bd40c830,generated,ddpm,calibration,western-blot-01397,-0.5288756489753723,0.3707791566848755,original,0.5,detector-sam-vit-b-lora-r8-all-img512-51265aec,51265aecd96858feeead19cc47f9bd3dc0af3fa7d793582482a9287a153c3e25,cpu
synth/ddpm/ddpm_img_01399.png,17a73a8e86d25629ea9cf251d4cd9139e7ebc660209ed2947583785d74d289d2,generated,ddpm,calibration,western-blot-01399,-1.2024468183517456,0.23104020953178406,original,0.5,detector-sam-vit-b-lora-r8-all-img512-51265aec,51265aecd96858feeead19cc47f9bd3dc0af3fa7d793582482a9287a153c3e25,cpu
synth/ddpm/ddpm_img_01400.png,e9ffdcf5386d68a8471487b9b18528bb04f64cb42b7aa611b74ef1478dbef67c,generated,ddpm,calibration,western-blot-01400,-1.0503870248794556,0.25915080308914185,original,0.5,detector-sam-vit-b-lora-r8-all-img512-51265aec,51265aecd96858feeead19cc47f9bd3dc0af3fa7d793582482a9287a153c3e25,cpu
synth/ddpm/ddpm_img_01411.png,3fee082a3b3962ce14ffd6830f6720dc2774de41817481dbd262e33f6e086363,generated,ddpm,calibration,western-blot-01411,-0.7887927293777466,0.31242793798446655,original,0.5,detector-sam-vit-b-lora-r8-all-img512-51265aec,51265aecd96858feeead19cc47f9bd3dc0af3fa7d793582482a9287a153c3e25,cpu
synth/ddpm/ddpm_img_01413.png,3013fa005c6b119ecd22f077b13e858874310c5139bd248159524bb0bbe1ffd8,generated,ddpm,calibration,western-blot-01413,0.06446035951375961,0.5161095261573792,generated,0.5,detector-sam-vit-b-lora-r8-all-img512-51265aec,51265aecd96858feeead19cc47f9bd3dc0af3fa7d793582482a9287a153c3e25,cpu
synth/ddpm/ddpm_img_01415.png,70de49bdba47ab9b56d7eb979b276f57eb59063a6503d836ed4aab1b1722df17,generated,ddpm,calibration,western-blot-01415,-2.191868782043457,0.10048305243253708,original,0.5,detector-sam-vit-b-lora-r8-all-img512-51265aec,51265aecd96858feeead19cc47f9bd3dc0af3fa7d793582482a9287a153c3e25,cpu
synth/ddpm/ddpm_img_01421.png,94c5ffcf2465aba3f5177e7dddde888483a2b0dd85f95315f9a432c434d0e7c2,generated,ddpm,calibration,western-blot-01421,1.9636048078536987,0.8769225478172302,generated,0.5,detector-sam-vit-b-lora-r8-all-img512-51265aec,51265aecd96858feeead19cc47f9bd3dc0af3fa7d793582482a9287a153c3e25,cpu
synth/ddpm/ddpm_img_01422.png,02cc9e147ebcb309bc9b063e9802373e4e3f9ea6fce1d3e3b9bd7477d62050b6,generated,ddpm,calibration,western-blot-01422,0.42460405826568604,0.6045844554901123,generated,0.5,detector-sam-vit-b-lora-r8-all-img512-51265aec,51265aecd96858feeead19cc47f9bd3dc0af3fa7d793582482a9287a153c3e25,cpu
synth/ddpm/ddpm_img_01427.png,2f663a2088051a380ab35d79fe6c6f25537baec683d6d7e520b93ed6e4d5d04e,generated,ddpm,calibration,western-blot-01427,-0.6129099130630493,0.35139569640159607,original,0.5,detector-sam-vit-b-lora-r8-all-img512-51265aec,51265aecd96858feeead19cc47f9bd3dc0af3fa7d793582482a9287a153c3e25,cpu
synth/ddpm/ddpm_img_01429.png,c0bb1349735916e32e40430e4f7196bbe5659c30f0e485edc4578ea6a7ecb7b8,generated,ddpm,calibration,western-blot-01429,-1.160730004310608,0.23853467404842377,original,0.5,detector-sam-vit-b-lora-r8-all-img512-51265aec,51265aecd96858feeead19cc47f9bd3dc0af3fa7d793582482a9287a153c3e25,cpu
synth/ddpm/ddpm_img_01434.png,a76ec0fc1a51f21573f31a11fe194156958a2cbdf98a270386a126edf9dd9a74,generated,ddpm,calibration,western-blot-01434,-1.2137717008590698,0.2290343940258026,original,0.5,detector-sam-vit-b-lora-r8-all-img512-51265aec,51265aecd96858feeead19cc47f9bd3dc0af3fa7d793582482a9287a153c3e25,cpu
synth/ddpm/ddpm_img_01435.png,7243a17cbd0180b4906ed8b46eba4e2b1158360c55115969423b24cc54c71cc8,generated,ddpm,calibration,western-blot-01435,-0.6484866738319397,0.34333065152168274,original,0.5,detector-sam-vit-b-lora-r8-all-img512-51265aec,51265aecd96858feeead19cc47f9bd3dc0af3fa7d793582482a9287a153c3e25,cpu
synth/ddpm/ddpm_img_01445.png,ce18f4f872eb8ebd3649833a93712cb28593b3c810c9ebf1cc3dfbd76ddc90c9,generated,ddpm,calibration,western-blot-01445,-0.24016958475112915,0.44024455547332764,original,0.5,detector-sam-vit-b-lora-r8-all-img512-51265aec,51265aecd96858feeead19cc47f9bd3dc0af3fa7d793582482a9287a153c3e25,cpu
synth/ddpm/ddpm_img_01450.png,c6c97e72e06e9207f2c0e7bd785eadee8c19ffbdb255975afceeefc17b54384e,generated,ddpm,calibration,western-blot-01450,-0.6873635053634644,0.33461982011795044,original,0.5,detector-sam-vit-b-lora-r8-all-img512-51265aec,51265aecd96858feeead19cc47f9bd3dc0af3fa7d793582482a9287a153c3e25,cpu
synth/ddpm/ddpm_img_01477.png,1ca13a36267212da4bc7a223785922811a4002f80654e29292b5ecac76cc0c39,generated,ddpm,calibration,western-blot-01477,-0.7013922333717346,0.33150362968444824,original,0.5,detector-sam-vit-b-lora-r8-all-img512-51265aec,51265aecd96858feeead19cc47f9bd3dc0af3fa7d793582482a9287a153c3e25,cpu
synth/ddpm/ddpm_img_01481.png,ee95e3c368ab63030b430c6b26c019f29f98185d05e867adadcaa4977367da4d,generated,ddpm,calibration,western-blot-01481,-2.1227035522460938,0.10690965503454208,original,0.5,detector-sam-vit-b-lora-r8-all-img512-51265aec,51265aecd96858feeead19cc47f9bd3dc0af3fa7d793582482a9287a153c3e25,cpu
synth/ddpm/ddpm_img_01501.png,7d1948ef8ae8027c8d0912cda21cf7fbeb850cf6450bc2519a101e2facc839b7,generated,ddpm,calibration,western-blot-01501,0.2341982126235962,0.5582833886146545,generated,0.5,detector-sam-vit-b-lora-r8-all-img512-51265aec,51265aecd96858feeead19cc47f9bd3dc0af3fa7d793582482a9287a153c3e25,cpu
synth/ddpm/ddpm_img_01504.png,48f6a09ce232ed4f87e3f547dc0c4ebdf27ba9b1c3d9abd9d7780a5b02068935,generated,ddpm,calibration,western-blot-01504,-0.6283482909202576,0.3478851616382599,original,0.5,detector-sam-vit-b-lora-r8-all-img512-51265aec,51265aecd96858feeead19cc47f9bd3dc0af3fa7d793582482a9287a153c3e25,cpu
synth/ddpm/ddpm_img_01550.png,18c79a97f1827e7c00422caf8313d380dd9b418b1af7811fc5d57c03846dc7f1,generated,ddpm,calibration,western-blot-01550,-0.8057258725166321,0.3088020384311676,original,0.5,detector-sam-vit-b-lora-r8-all-img512-51265aec,51265aecd96858feeead19cc47f9bd3dc0af3fa7d793582482a9287a153c3e25,cpu
synth/ddpm/ddpm_img_01568.png,d83a38ac50f5b922d8b2ac4c1cbf28e433d8d15769dc32e1d53fa75b908e159f,generated,ddpm,calibration,western-blot-01568,0.3661405146121979,0.5905260443687439,generated,0.5,detector-sam-vit-b-lora-r8-all-img512-51265aec,51265aecd96858feeead19cc47f9bd3dc0af3fa7d793582482a9287a153c3e25,cpu
synth/ddpm/ddpm_img_01570.png,d3a1de12c6dd19d90c053cc827a769b6eff86dfb4772ca77eceb700a34462b2c,generated,ddpm,calibration,western-blot-01570,0.5356011390686035,0.6307885050773621,generated,0.5,detector-sam-vit-b-lora-r8-all-img512-51265aec,51265aecd96858feeead19cc47f9bd3dc0af3fa7d793582482a9287a153c3e25,cpu
synth/ddpm/ddpm_img_01604.png,abf4178969a74beee4f30c240d9a9c2fd8802bbecf45e17729773b8af0ae70a3,generated,ddpm,calibration,western-blot-01604,-0.9630502462387085,0.2762679159641266,original,0.5,detector-sam-vit-b-lora-r8-all-img512-51265aec,51265aecd96858feeead19cc47f9bd3dc0af3fa7d793582482a9287a153c3e25,cpu
synth/ddpm/ddpm_img_01612.png,da9f56e0d1b82995934a99a7e7efca89362ccb34b08f190b1388938ed670a724,generated,ddpm,calibration,western-blot-01612,-2.915987491607666,0.05136888101696968,original,0.5,detector-sam-vit-b-lora-r8-all-img512-51265aec,51265aecd96858feeead19cc47f9bd3dc0af3fa7d793582482a9287a153c3e25,cpu
synth/ddpm/ddpm_img_01628.png,49a560c23487fd45dbf6837058fc7631e4baa6f4061ad4f6a339680216af18e0,generated,ddpm,calibration,western-blot-01628,0.22690469026565552,0.556484043598175,generated,0.5,detector-sam-vit-b-lora-r8-all-img512-51265aec,51265aecd96858feeead19cc47f9bd3dc0af3fa7d793582482a9287a153c3e25,cpu
synth/ddpm/ddpm_img_01630.png,36b1cf3774af098511f63c8b6ec86993f603b0d4fa6ae595c8741f6a490a5ab8,generated,ddpm,calibration,western-blot-01630,3.124204158782959,0.9578801989555359,generated,0.5,detector-sam-vit-b-lora-r8-all-img512-51265aec,51265aecd96858feeead19cc47f9bd3dc0af3fa7d793582482a9287a153c3e25,cpu
synth/ddpm/ddpm_img_01632.png,1fc7791c381b9c6962ee445a72d1596d3dd5f1316ec5c5092f0c756a6559b35d,generated,ddpm,calibration,western-blot-01632,-1.0099279880523682,0.2669939398765564,original,0.5,detector-sam-vit-b-lora-r8-all-img512-51265aec,51265aecd96858feeead19cc47f9bd3dc0af3fa7d793582482a9287a153c3e25,cpu
synth/ddpm/ddpm_img_01655.png,ac17dc0e00ffa97ab55d23af57668027b6d257693eca44667e3cee56f4dc642e,generated,ddpm,calibration,western-blot-01655,-0.8673070669174194,0.29581496119499207,original,0.5,detector-sam-vit-b-lora-r8-all-img512-51265aec,51265aecd96858feeead19cc47f9bd3dc0af3fa7d793582482a9287a153c3e25,cpu
synth/ddpm/ddpm_img_01666.png,a5bb54c67c12ed15d0cde6ef46b57d30b20e738e74dc38fa5d322bb270de5560,generated,ddpm,calibration,western-blot-01666,1.6710340976715088,0.8417136073112488,generated,0.5,detector-sam-vit-b-lora-r8-all-img512-51265aec,51265aecd96858feeead19cc47f9bd3dc0af3fa7d793582482a9287a153c3e25,cpu
synth/ddpm/ddpm_img_01680.png,c334067fc7d569c4fe431f5ba4c0c4f2effcece62de1b7685b2e46fc4c09c3c3,generated,ddpm,calibration,western-blot-01680,-1.3065376281738281,0.21306680142879486,original,0.5,detector-sam-vit-b-lora-r8-all-img512-51265aec,51265aecd96858feeead19cc47f9bd3dc0af3fa7d793582482a9287a153c3e25,cpu
synth/ddpm/ddpm_img_01685.png,47ffd2aaea7f1beaf420eefccbf87ca9ee86342a7132a124b46a8b20294722ab,generated,ddpm,calibration,western-blot-01685,-1.05377995967865,0.2584999203681946,original,0.5,detector-sam-vit-b-lora-r8-all-img512-51265aec,51265aecd96858feeead19cc47f9bd3dc0af3fa7d793582482a9287a153c3e25,cpu
synth/ddpm/ddpm_img_01695.png,324a0d5bf9d9665190f8717a3bf77ad87ea8cf15315669e53aebc04238e109ee,generated,ddpm,calibration,western-blot-01695,0.4604989290237427,0.6131325364112854,generated,0.5,detector-sam-vit-b-lora-r8-all-img512-51265aec,51265aecd96858feeead19cc47f9bd3dc0af3fa7d793582482a9287a153c3e25,cpu
synth/ddpm/ddpm_img_01718.png,759229036c096583315dc4967d0b350d2af3cd2a6a62a8e6f8018baa00bc2e57,generated,ddpm,calibration,western-blot-01718,-0.6786819696426392,0.336555540561676,original,0.5,detector-sam-vit-b-lora-r8-all-img512-51265aec,51265aecd96858feeead19cc47f9bd3dc0af3fa7d793582482a9287a153c3e25,cpu
synth/ddpm/ddpm_img_01719.png,3473351eff2a4c8861102abc5cdc1046c93225fefcd167b8f7cc3e99063041c7,generated,ddpm,calibration,western-blot-01719,-1.4676815271377563,0.18729525804519653,original,0.5,detector-sam-vit-b-lora-r8-all-img512-51265aec,51265aecd96858feeead19cc47f9bd3dc0af3fa7d793582482a9287a153c3e25,cpu
synth/ddpm/ddpm_img_01722.png,51e70391ff8e9b2e2f2e30bd18d4d81d7df6d20e716440d28af14831d051e33e,generated,ddpm,calibration,western-blot-01722,-0.9521923065185547,0.2784441411495209,original,0.5,detector-sam-vit-b-lora-r8-all-img512-51265aec,51265aecd96858feeead19cc47f9bd3dc0af3fa7d793582482a9287a153c3e25,cpu
synth/ddpm/ddpm_img_01738.png,2964e5a2c9d92e4d0d77fb4a37cb2c1100d0ff5ae636ea36b9d356d430e2dbc2,generated,ddpm,calibration,western-blot-01738,-0.31696072220802307,0.42141661047935486,original,0.5,detector-sam-vit-b-lora-r8-all-img512-51265aec,51265aecd96858feeead19cc47f9bd3dc0af3fa7d793582482a9287a153c3e25,cpu
synth/ddpm/ddpm_img_01740.png,7884d9cec9f99998aa035e010732cc24f3321c1ddcb281176c86053f8be1e06b,generated,ddpm,calibration,western-blot-01740,-0.864617109298706,0.2963756024837494,original,0.5,detector-sam-vit-b-lora-r8-all-img512-51265aec,51265aecd96858feeead19cc47f9bd3dc0af3fa7d793582482a9287a153c3e25,cpu
synth/ddpm/ddpm_img_01745.png,d5c5454e6f067eca256be5f30a44eb9fbaefae972804fcb5ad1b2ff8b7a840cf,generated,ddpm,calibration,western-blot-01745,-1.7142006158828735,0.15261965990066528,original,0.5,detector-sam-vit-b-lora-r8-all-img512-51265aec,51265aecd96858feeead19cc47f9bd3dc0af3fa7d793582482a9287a153c3e25,cpu
synth/ddpm/ddpm_img_01771.png,4017eef100e3fc1458f26783d60628c6094fa6b0a4cc8628bb73ea3a69d4ba25,generated,ddpm,calibration,western-blot-01771,-0.7737280130386353,0.31567323207855225,original,0.5,detector-sam-vit-b-lora-r8-all-img512-51265aec,51265aecd96858feeead19cc47f9bd3dc0af3fa7d793582482a9287a153c3e25,cpu
synth/ddpm/ddpm_img_01788.png,69dfed98b8183e85937f0099847dfc3a192410b0197c2cc0694cdfc7ea824535,generated,ddpm,calibration,western-blot-01788,-0.8051744103431702,0.308919757604599,original,0.5,detector-sam-vit-b-lora-r8-all-img512-51265aec,51265aecd96858feeead19cc47f9bd3dc0af3fa7d793582482a9287a153c3e25,cpu
synth/ddpm/ddpm_img_01792.png,9bdda02a21b482b79e279e17fde05dbde0d5c38ba733a3ac12c1a1b3e2d903f3,generated,ddpm,calibration,western-blot-01792,-1.6336101293563843,0.16333641111850739,original,0.5,detector-sam-vit-b-lora-r8-all-img512-51265aec,51265aecd96858feeead19cc47f9bd3dc0af3fa7d793582482a9287a153c3e25,cpu
synth/ddpm/ddpm_img_01793.png,062aeaa20b57628058f60c570bd744689eb201ad02b41a1c7e84b077d2f19d47,generated,ddpm,calibration,western-blot-01793,3.6489787101745605,0.9746420979499817,generated,0.5,detector-sam-vit-b-lora-r8-all-img512-51265aec,51265aecd96858feeead19cc47f9bd3dc0af3fa7d793582482a9287a153c3e25,cpu
synth/ddpm/ddpm_img_01794.png,ccabe2a3f9aa8877e331fa875bc51509884674e46f43039bbf20f9ef4fd1577e,generated,ddpm,calibration,western-blot-01794,-0.6844783425331116,0.3352625072002411,original,0.5,detector-sam-vit-b-lora-r8-all-img512-51265aec,51265aecd96858feeead19cc47f9bd3dc0af3fa7d793582482a9287a153c3e25,cpu
synth/ddpm/ddpm_img_01804.png,463de0ed1067ce097a793f76527d505cae67eb2fa3fbef403fdff75773632698,generated,ddpm,calibration,western-blot-01804,-1.1715776920318604,0.23656992614269257,original,0.5,detector-sam-vit-b-lora-r8-all-img512-51265aec,51265aecd96858feeead19cc47f9bd3dc0af3fa7d793582482a9287a153c3e25,cpu
synth/ddpm/ddpm_img_01823.png,8d8dd60b87a46791772f92c9a4e75648097cb91d06a615859ca06f5d2d537198,generated,ddpm,calibration,western-blot-01823,-0.28282466530799866,0.42976143956184387,original,0.5,detector-sam-vit-b-lora-r8-all-img512-51265aec,51265aecd96858feeead19cc47f9bd3dc0af3fa7d793582482a9287a153c3e25,cpu
synth/ddpm/ddpm_img_01826.png,ef2895b3bee45dedd0896c53564911a7e055d2de0cf0e85d99858d399372eb65,generated,ddpm,calibration,western-blot-01826,0.6554530262947083,0.6582382321357727,generated,0.5,detector-sam-vit-b-lora-r8-all-img512-51265aec,51265aecd96858feeead19cc47f9bd3dc0af3fa7d793582482a9287a153c3e25,cpu
synth/ddpm/ddpm_img_01843.png,4eb63ece0b20593ad73fedc319f2af8f60922914f2ade9910cae9be428b87847,generated,ddpm,calibration,western-blot-01843,0.20629547536373138,0.5513917207717896,generated,0.5,detector-sam-vit-b-lora-r8-all-img512-51265aec,51265aecd96858feeead19cc47f9bd3dc0af3fa7d793582482a9287a153c3e25,cpu
synth/ddpm/ddpm_img_01869.png,6948d81cd43980cb364c195af2910f2abd5391d6b58facda90c5ba624b0a886f,generated,ddpm,calibration,western-blot-01869,0.3581447899341583,0.5885912775993347,generated,0.5,detector-sam-vit-b-lora-r8-all-img512-51265aec,51265aecd96858feeead19cc47f9bd3dc0af3fa7d793582482a9287a153c3e25,cpu
synth/ddpm/ddpm_img_01876.png,43ab3f67287f18edb2d6156f1c617c134ec12dd0ffeac837b86d0ffb82638c4c,generated,ddpm,calibration,western-blot-01876,-0.5840588212013245,0.35799917578697205,original,0.5,detector-sam-vit-b-lora-r8-all-img512-51265aec,51265aecd96858feeead19cc47f9bd3dc0af3fa7d793582482a9287a153c3e25,cpu
synth/ddpm/ddpm_img_01909.png,ef4500f4d6f3287971bf342811a664c53d892c442ce546a25c182b1cf54431b0,generated,ddpm,calibration,western-blot-01909,-0.059781406074762344,0.48505908250808716,original,0.5,detector-sam-vit-b-lora-r8-all-img512-51265aec,51265aecd96858feeead19cc47f9bd3dc0af3fa7d793582482a9287a153c3e25,cpu
synth/ddpm/ddpm_img_01916.png,d1eef8f6924d568623f4d55596c9c03d9d57d049f7e9b4c57f89e23d9a3a5b77,generated,ddpm,calibration,western-blot-01916,1.258599877357483,0.778784990310669,generated,0.5,detector-sam-vit-b-lora-r8-all-img512-51265aec,51265aecd96858feeead19cc47f9bd3dc0af3fa7d793582482a9287a153c3e25,cpu
synth/ddpm/ddpm_img_01936.png,615c538c003a9aeacca7f063f23ad0e27e75ea3fa153a556750023acd2967680,generated,ddpm,calibration,western-blot-01936,0.20737454295158386,0.5516586303710938,generated,0.5,detector-sam-vit-b-lora-r8-all-img512-51265aec,51265aecd96858feeead19cc47f9bd3dc0af3fa7d793582482a9287a153c3e25,cpu
synth/ddpm/ddpm_img_01942.png,91ec10ef206e5dcc75567c23ca055107738d5e731a6469a3a8696d60652ac086,generated,ddpm,calibration,western-blot-01942,-0.9300269484519958,0.2829192578792572,original,0.5,detector-sam-vit-b-lora-r8-all-img512-51265aec,51265aecd96858feeead19cc47f9bd3dc0af3fa7d793582482a9287a153c3e25,cpu
synth/ddpm/ddpm_img_01966.png,b42a0ad82a8dd080401061cfab6243cb9f7602948a5d3e039a577d89ddb54b84,generated,ddpm,calibration,western-blot-01966,-0.005793334450572729,0.4985516369342804,original,0.5,detector-sam-vit-b-lora-r8-all-img512-51265aec,51265aecd96858feeead19cc47f9bd3dc0af3fa7d793582482a9287a153c3e25,cpu
synth/ddpm/ddpm_img_01990.png,aaf00cdc654d7fe51477fe93b719d30f01022d60d1d183930063e41030568ace,generated,ddpm,calibration,western-blot-01990,-0.4633753299713135,0.3861854076385498,original,0.5,detector-sam-vit-b-lora-r8-all-img512-51265aec,51265aecd96858feeead19cc47f9bd3dc0af3fa7d793582482a9287a153c3e25,cpu
synth/ddpm/ddpm_img_01999.png,7a26d0681de9d570a29cfb05aba999623333026b0392855dcad2e4b6a3f55335,generated,ddpm,calibration,western-blot-01999,-0.9172892570495605,0.2855105400085449,original,0.5,detector-sam-vit-b-lora-r8-all-img512-51265aec,51265aecd96858feeead19cc47f9bd3dc0af3fa7d793582482a9287a153c3e25,cpu
synth/ddpm/ddpm_img_02005.png,fdb44d705425d4b0f5c70c3c384a3d33fe48cfd1e0efc222ac3d9167e0f61f75,generated,ddpm,calibration,western-blot-02005,-1.3093429803848267,0.2125968188047409,original,0.5,detector-sam-vit-b-lora-r8-all-img512-51265aec,51265aecd96858feeead19cc47f9bd3dc0af3fa7d793582482a9287a153c3e25,cpu
synth/ddpm/ddpm_img_02015.png,70a7562bd7caa86496d24fefaf7e4530261704debbde600894f6f5e60776a6f0,generated,ddpm,calibration,western-blot-02015,-0.6148032546043396,0.3509642779827118,original,0.5,detector-sam-vit-b-lora-r8-all-img512-51265aec,51265aecd96858feeead19cc47f9bd3dc0af3fa7d793582482a9287a153c3e25,cpu
synth/ddpm/ddpm_img_02021.png,12efb56875c0f827275158419576d71d31684cdd7342701fe6fbae19f9e7c784,generated,ddpm,calibration,western-blot-02021,-0.12533174455165863,0.46870800852775574,original,0.5,detector-sam-vit-b-lora-r8-all-img512-51265aec,51265aecd96858feeead19cc47f9bd3dc0af3fa7d793582482a9287a153c3e25,cpu
synth/ddpm/ddpm_img_02026.png,612ab767e69759a794542191c4cbeda9be2610c8c4600ad19bf2aa7dec19a28e,generated,ddpm,calibration,western-blot-02026,-0.9725040793418884,0.2743816673755646,original,0.5,detector-sam-vit-b-lora-r8-all-img512-51265aec,51265aecd96858feeead19cc47f9bd3dc0af3fa7d793582482a9287a153c3e25,cpu
synth/ddpm/ddpm_img_02041.png,60ccff9b86af5f94e3ebee5bd4b2a1e4867e4259082f9131a9f4ca7d19772469,generated,ddpm,calibration,western-blot-02041,0.00472907954826951,0.5011822581291199,generated,0.5,detector-sam-vit-b-lora-r8-all-img512-51265aec,51265aecd96858feeead19cc47f9bd3dc0af3fa7d793582482a9287a153c3e25,cpu
synth/ddpm/ddpm_img_02043.png,9518da723156023d5f82baf289add52112faf874cccc6bcf323e469f5ab76cb0,generated,ddpm,calibration,western-blot-02043,-0.4803250730037689,0.38217538595199585,original,0.5,detector-sam-vit-b-lora-r8-all-img512-51265aec,51265aecd96858feeead19cc47f9bd3dc0af3fa7d793582482a9287a153c3e25,cpu
synth/ddpm/ddpm_img_02045.png,e299dbb521b555a0d1ff6b1367cfdd3ae16b67edb422c8ed0a26587a0dbd0c2a,generated,ddpm,calibration,western-blot-02045,-0.7241241931915283,0.32648545503616333,original,0.5,detector-sam-vit-b-lora-r8-all-img512-51265aec,51265aecd96858feeead19cc47f9bd3dc0af3fa7d793582482a9287a153c3e25,cpu
synth/ddpm/ddpm_img_02046.png,47765c25f1b93ddb2a6b51be58078981e7cb46832fa11fbf113c503ad466146c,generated,ddpm,calibration,western-blot-02046,3.508986473083496,0.9709423780441284,generated,0.5,detector-sam-vit-b-lora-r8-all-img512-51265aec,51265aecd96858feeead19cc47f9bd3dc0af3fa7d793582482a9287a153c3e25,cpu
synth/ddpm/ddpm_img_02161.png,bc746afcaf42752972578cd24d6cca8e623318163b9b65727c97d9002975d8e8,generated,ddpm,calibration,western-blot-02161,-0.24342268705368042,0.43944308161735535,original,0.5,detector-sam-vit-b-lora-r8-all-img512-51265aec,51265aecd96858feeead19cc47f9bd3dc0af3fa7d793582482a9287a153c3e25,cpu
synth/ddpm/ddpm_img_02162.png,f198ec39b5c2f94ece55bc059cf23571c4811b2bee7d39b80cb61bda996be561,generated,ddpm,calibration,western-blot-02162,-0.5563862323760986,0.3643840253353119,original,0.5,detector-sam-vit-b-lora-r8-all-img512-51265aec,51265aecd96858feeead19cc47f9bd3dc0af3fa7d793582482a9287a153c3e25,cpu
synth/ddpm/ddpm_img_02171.png,73d801b4e7d2787b7a7327c48c47a13a3ed9d2badc3df181aeb392f444c0d69b,generated,ddpm,calibration,western-blot-02171,0.8063165545463562,0.6913240551948547,generated,0.5,detector-sam-vit-b-lora-r8-all-img512-51265aec,51265aecd96858feeead19cc47f9bd3dc0af3fa7d793582482a9287a153c3e25,cpu
synth/ddpm/ddpm_img_02180.png,f1d16dcc641fe7ed1420c7c47d49734f7153e4774d1857082ec3a0970b8d2e19,generated,ddpm,calibration,western-blot-02180,-0.7619165182113647,0.3182303309440613,original,0.5,detector-sam-vit-b-lora-r8-all-img512-51265aec,51265aecd96858feeead19cc47f9bd3dc0af3fa7d793582482a9287a153c3e25,cpu
synth/ddpm/ddpm_img_02213.png,748507d31f8748ebce5de7a666b23dad57ecd49d4733a27e359702c911989d9c,generated,ddpm,calibration,western-blot-02213,-1.4174281358718872,0.19506509602069855,original,0.5,detector-sam-vit-b-lora-r8-all-img512-51265aec,51265aecd96858feeead19cc47f9bd3dc0af3fa7d793582482a9287a153c3e25,cpu
synth/ddpm/ddpm_img_02232.png,2eb053d58219e0d07f5f13b76e2aaddf0314785f15e910a0655d97d28d112bee,generated,ddpm,calibration,western-blot-02232,-0.8446276187896729,0.3005610704421997,original,0.5,detector-sam-vit-b-lora-r8-all-img512-51265aec,51265aecd96858feeead19cc47f9bd3dc0af3fa7d793582482a9287a153c3e25,cpu
synth/ddpm/ddpm_img_02272.png,410385cacb0b46f516f6f45a3975ac42abe1ff83cf7a5cf9e14401834e2a4afa,generated,ddpm,calibration,western-blot-02272,-0.8639696836471558,0.29651063680648804,original,0.5,detector-sam-vit-b-lora-r8-all-img512-51265aec,51265aecd96858feeead19cc47f9bd3dc0af3fa7d793582482a9287a153c3e25,cpu
synth/ddpm/ddpm_img_02293.png,73e061f808d9b4465f87df0b12c888a73b467a7a68ecb180139a96a3a91c2380,generated,ddpm,calibration,western-blot-02293,-0.1209978312253952,0.4697873890399933,original,0.5,detector-sam-vit-b-lora-r8-all-img512-51265aec,51265aecd96858feeead19cc47f9bd3dc0af3fa7d793582482a9287a153c3e25,cpu
synth/ddpm/ddpm_img_02322.png,70014e3bc3d8229ee218cce13f58b9e357aa395cbc711029443ec472297daf2a,generated,ddpm,calibration,western-blot-02322,-1.2363940477371216,0.2250642627477646,original,0.5,detector-sam-vit-b-lora-r8-all-img512-51265aec,51265aecd96858feeead19cc47f9bd3dc0af3fa7d793582482a9287a153c3e25,cpu
synth/ddpm/ddpm_img_02327.png,ca95a66e91ddbc907ad6c64e834e0d85df87ebabb65145de1b3f16598642247b,generated,ddpm,calibration,western-blot-02327,-0.6569573879241943,0.3414234220981598,original,0.5,detector-sam-vit-b-lora-r8-all-img512-51265aec,51265aecd96858feeead19cc47f9bd3dc0af3fa7d793582482a9287a153c3e25,cpu
synth/ddpm/ddpm_img_02333.png,1a5ef72098ab47b3f9eab57ee69179ec18addd0ac4672785f8cb533bb3691f8f,generated,ddpm,calibration,western-blot-02333,-0.8963349461555481,0.28980425000190735,original,0.5,detector-sam-vit-b-lora-r8-all-img512-51265aec,51265aecd96858feeead19cc47f9bd3dc0af3fa7d793582482a9287a153c3e25,cpu
synth/ddpm/ddpm_img_02342.png,b93839f3834ee8ff6830359d4dade572a5c65b6a99bb15ffd1d3073d65a8ad68,generated,ddpm,calibration,western-blot-02342,-0.18946148455142975,0.4527758061885834,original,0.5,detector-sam-vit-b-lora-r8-all-img512-51265aec,51265aecd96858feeead19cc47f9bd3dc0af3fa7d793582482a9287a153c3e25,cpu
synth/ddpm/ddpm_img_02363.png,e9b8338b9424b56e16709c3c037143933a236fa10efc656756bcd5c36d80e44d,generated,ddpm,calibration,western-blot-02363,-0.5040991306304932,0.37657782435417175,original,0.5,detector-sam-vit-b-lora-r8-all-img512-51265aec,51265aecd96858feeead19cc47f9bd3dc0af3fa7d793582482a9287a153c3e25,cpu
synth/ddpm/ddpm_img_02380.png,01e78e8a02abc5e152d11e79a00d3469fce859a8c21ef17a03174e72d99dcc41,generated,ddpm,calibration,western-blot-02380,-0.26063960790634155,0.43520647287368774,original,0.5,detector-sam-vit-b-lora-r8-all-img512-51265aec,51265aecd96858feeead19cc47f9bd3dc0af3fa7d793582482a9287a153c3e25,cpu
synth/ddpm/ddpm_img_02410.png,93031b5a714e189c25ca587b7a4b6c1ea672cfd08e5de569d011459615e525f0,generated,ddpm,calibration,western-blot-02410,0.01321152038872242,0.5033028721809387,generated,0.5,detector-sam-vit-b-lora-r8-all-img512-51265aec,51265aecd96858feeead19cc47f9bd3dc0af3fa7d793582482a9287a153c3e25,cpu
synth/ddpm/ddpm_img_02432.png,6a74e2571a1c4ef6c3dbca8b03a19d6c36c36167711b99e9e891c8ca64a30550,generated,ddpm,calibration,western-blot-02432,-1.8060834407806396,0.14111214876174927,original,0.5,detector-sam-vit-b-lora-r8-all-img512-51265aec,51265aecd96858feeead19cc47f9bd3dc0af3fa7d793582482a9287a153c3e25,cpu
synth/ddpm/ddpm_img_02433.png,1b9749b5d74ac16674e3112ee74bd7f28daa9a963a9d01f85fd945572071dd9c,generated,ddpm,calibration,western-blot-02433,-0.43992939591407776,0.3917578160762787,original,0.5,detector-sam-vit-b-lora-r8-all-img512-51265aec,51265aecd96858feeead19cc47f9bd3dc0af3fa7d793582482a9287a153c3e25,cpu
synth/ddpm/ddpm_img_02437.png,dcf7a3844941478b93e253aafeafad2efdc7edc35d381bdea9af09018ca43861,generated,ddpm,calibration,western-blot-02437,-1.1690346002578735,0.2370295375585556,original,0.5,detector-sam-vit-b-lora-r8-all-img512-51265aec,51265aecd96858feeead19cc47f9bd3dc0af3fa7d793582482a9287a153c3e25,cpu
synth/ddpm/ddpm_img_02439.png,5a0b6645b0366402c2335cd3d3ac69098b59dd7188554e305bfa8ac0aa06ec4f,generated,ddpm,calibration,western-blot-02439,-0.9805943965911865,0.2727738618850708,original,0.5,detector-sam-vit-b-lora-r8-all-img512-51265aec,51265aecd96858feeead19cc47f9bd3dc0af3fa7d793582482a9287a153c3e25,cpu
synth/ddpm/ddpm_img_02461.png,1e99a9044ab909932c24f789e14c0c8fab7164072294f8c9a274fdbb23bff573,generated,ddpm,calibration,western-blot-02461,-1.1274298429489136,0.24463573098182678,original,0.5,detector-sam-vit-b-lora-r8-all-img512-51265aec,51265aecd96858feeead19cc47f9bd3dc0af3fa7d793582482a9287a153c3e25,cpu
synth/ddpm/ddpm_img_02479.png,6b03a7dd1db614c36a81977d2e0c7d2747182c8201bfaa98dde5a5971482df7f,generated,ddpm,calibration,western-blot-02479,-1.4488554000854492,0.190177783370018,original,0.5,detector-sam-vit-b-lora-r8-all-img512-51265aec,51265aecd96858feeead19cc47f9bd3dc0af3fa7d793582482a9287a153c3e25,cpu
synth/ddpm/ddpm_img_02541.png,34a79fda4f4bb1b3a46c1eed8dc1246494ce34bea9765cacce268ef4c8289cb9,generated,ddpm,calibration,western-blot-02541,0.6449454426765442,0.6558705568313599,generated,0.5,detector-sam-vit-b-lora-r8-all-img512-51265aec,51265aecd96858feeead19cc47f9bd3dc0af3fa7d793582482a9287a153c3e25,cpu
synth/ddpm/ddpm_img_02548.png,9bed69932ddff0ac0e6d0ef7fde89c1ac2ac0505edf06e45d16aa0bf4a6db0fb,generated,ddpm,calibration,western-blot-02548,-0.029346076771616936,0.49266400933265686,original,0.5,detector-sam-vit-b-lora-r8-all-img512-51265aec,51265aecd96858feeead19cc47f9bd3dc0af3fa7d793582482a9287a153c3e25,cpu
synth/ddpm/ddpm_img_02565.png,76e0fe7e01a1ae64216e16e0c49073ffe0dccdaa7315120e23da6aae60a09014,generated,ddpm,calibration,western-blot-02565,-1.1994127035140991,0.2315797060728073,original,0.5,detector-sam-vit-b-lora-r8-all-img512-51265aec,51265aecd96858feeead19cc47f9bd3dc0af3fa7d793582482a9287a153c3e25,cpu
synth/ddpm/ddpm_img_02569.png,830c9a883f41e947b65e643cbc1f2aeb6cdb1b69b2677ea166e31920c0177664,generated,ddpm,calibration,western-blot-02569,-0.29807358980178833,0.42602846026420593,original,0.5,detector-sam-vit-b-lora-r8-all-img512-51265aec,51265aecd96858feeead19cc47f9bd3dc0af3fa7d793582482a9287a153c3e25,cpu
synth/ddpm/ddpm_img_02570.png,dde3c2df06f397fe36ad1ab228dbdf7115ebdb98898e282a1d04e1b37649e023,generated,ddpm,calibration,western-blot-02570,-0.23395487666130066,0.4417766034603119,original,0.5,detector-sam-vit-b-lora-r8-all-img512-51265aec,51265aecd96858feeead19cc47f9bd3dc0af3fa7d793582482a9287a153c3e25,cpu
synth/ddpm/ddpm_img_02580.png,0d932547d59639be8ecc8b87f12bda05c599d0ebef7c81a6d33588fcc2c0d9bb,generated,ddpm,calibration,western-blot-02580,-0.24609725177288055,0.43878433108329773,original,0.5,detector-sam-vit-b-lora-r8-all-img512-51265aec,51265aecd96858feeead19cc47f9bd3dc0af3fa7d793582482a9287a153c3e25,cpu
synth/ddpm/ddpm_img_02594.png,e5a2899338ebd415f68f524a9a88f47f9bcd094c205a1f902d34d8f7de4ba6ac,generated,ddpm,calibration,western-blot-02594,-0.26463404297828674,0.4342248737812042,original,0.5,detector-sam-vit-b-lora-r8-all-img512-51265aec,51265aecd96858feeead19cc47f9bd3dc0af3fa7d793582482a9287a153c3e25,cpu
synth/ddpm/ddpm_img_02605.png,3faf99b2856c6135316bab660e47a440cb4bbb7fa00f1284aeb4a52e933bb19a,generated,ddpm,calibration,western-blot-02605,0.2248467206954956,0.5559760928153992,generated,0.5,detector-sam-vit-b-lora-r8-all-img512-51265aec,51265aecd96858feeead19cc47f9bd3dc0af3fa7d793582482a9287a153c3e25,cpu
synth/ddpm/ddpm_img_02606.png,609b76a8679a380614f0901b9717a8668d737aac1666401a0af41b988727b264,generated,ddpm,calibration,western-blot-02606,-0.128651425242424,0.467881441116333,original,0.5,detector-sam-vit-b-lora-r8-all-img512-51265aec,51265aecd96858feeead19cc47f9bd3dc0af3fa7d793582482a9287a153c3e25,cpu
synth/ddpm/ddpm_img_02608.png,7e66fc0211ced07afcd8f9a3ec5bb4e0958511b2550c12753e88b8d6526e6e54,generated,ddpm,calibration,western-blot-02608,-0.05239441245794296,0.4869043827056885,original,0.5,detector-sam-vit-b-lora-r8-all-img512-51265aec,51265aecd96858feeead19cc47f9bd3dc0af3fa7d793582482a9287a153c3e25,cpu
synth/ddpm/ddpm_img_02613.png,4b75c2495850aa2ee52aa731e0deda32de448b1f8ecf6f0c1be0fb8a62e51b96,generated,ddpm,calibration,western-blot-02613,-0.624712347984314,0.34871044754981995,original,0.5,detector-sam-vit-b-lora-r8-all-img512-51265aec,51265aecd96858feeead19cc47f9bd3dc0af3fa7d793582482a9287a153c3e25,cpu
synth/ddpm/ddpm_img_02615.png,90bc3a4a6c2d40d40fe6e72ff26159d9a64c1b488927b31b0f567a7283fb70ce,generated,ddpm,calibration,western-blot-02615,-0.04159938171505928,0.48960167169570923,original,0.5,detector-sam-vit-b-lora-r8-all-img512-51265aec,51265aecd96858feeead19cc47f9bd3dc0af3fa7d793582482a9287a153c3e25,cpu
synth/ddpm/ddpm_img_02618.png,c235fe1582a2b97e823f01181da4b9c79511b608c82b1658e7b0a6b7fd6de713,generated,ddpm,calibration,western-blot-02618,0.047447964549064636,0.5118597745895386,generated,0.5,detector-sam-vit-b-lora-r8-all-img512-51265aec,51265aecd96858feeead19cc47f9bd3dc0af3fa7d793582482a9287a153c3e25,cpu
synth/ddpm/ddpm_img_02621.png,fa77c975c165e0eab1157e653cc49fcb1caaa4af47406367be3ae1090639c1d1,generated,ddpm,calibration,western-blot-02621,-0.909932017326355,0.2870137393474579,original,0.5,detector-sam-vit-b-lora-r8-all-img512-51265aec,51265aecd96858feeead19cc47f9bd3dc0af3fa7d793582482a9287a153c3e25,cpu
synth/ddpm/ddpm_img_02623.png,717eb54227ee038ec969cd393a7fb31f008a203658cf14319db5c466c776aca1,generated,ddpm,calibration,western-blot-02623,-0.42726919054985046,0.39477860927581787,original,0.5,detector-sam-vit-b-lora-r8-all-img512-51265aec,51265aecd96858feeead19cc47f9bd3dc0af3fa7d793582482a9287a153c3e25,cpu
synth/ddpm/ddpm_img_02664.png,e90b833ca816a0e70513438f2397ec62fdd2b1b2457743307a1b42521faae021,generated,ddpm,calibration,western-blot-02664,0.43356096744537354,0.6067237257957458,generated,0.5,detector-sam-vit-b-lora-r8-all-img512-51265aec,51265aecd96858feeead19cc47f9bd3dc0af3fa7d793582482a9287a153c3e25,cpu
synth/ddpm/ddpm_img_02684.png,b46a1df2285fc31d1801660e876cd25d257fd57536c01484ef015de88ad1e8ab,generated,ddpm,calibration,western-blot-02684,-0.6150413751602173,0.3509100675582886,original,0.5,detector-sam-vit-b-lora-r8-all-img512-51265aec,51265aecd96858feeead19cc47f9bd3dc0af3fa7d793582482a9287a153c3e25,cpu
synth/ddpm/ddpm_img_02689.png,10bb5ca2f734dca3c9e92e1203cc848ee3db9841769496c7877548acddd9790d,generated,ddpm,calibration,western-blot-02689,-0.5990006327629089,0.3545723855495453,original,0.5,detector-sam-vit-b-lora-r8-all-img512-51265aec,51265aecd96858feeead19cc47f9bd3dc0af3fa7d793582482a9287a153c3e25,cpu
synth/ddpm/ddpm_img_02699.png,760a3a78ca01da69125b843e1ca848ffc260bb57c5d41d60090f8d66f544079f,generated,ddpm,calibration,western-blot-02699,-1.827560305595398,0.13852916657924652,original,0.5,detector-sam-vit-b-lora-r8-all-img512-51265aec,51265aecd96858feeead19cc47f9bd3dc0af3fa7d793582482a9287a153c3e25,cpu
synth/ddpm/ddpm_img_02741.png,51f0d128874db00618e8a54fb224ab9105ac37a953bee245bf1812ffa65f6aa6,generated,ddpm,calibration,western-blot-02741,-0.6988396644592285,0.3320695459842682,original,0.5,detector-sam-vit-b-lora-r8-all-img512-51265aec,51265aecd96858feeead19cc47f9bd3dc0af3fa7d793582482a9287a153c3e25,cpu
synth/ddpm/ddpm_img_02757.png,6fef3e78658b6948b205b0a3355e89070ab15a9502acecbbcc8ba6c28538cee2,generated,ddpm,calibration,western-blot-02757,-0.8656148910522461,0.2961675524711609,original,0.5,detector-sam-vit-b-lora-r8-all-img512-51265aec,51265aecd96858feeead19cc47f9bd3dc0af3fa7d793582482a9287a153c3e25,cpu
synth/ddpm/ddpm_img_02772.png,26ac339187a6e57d3b5e1b1e622cd21d24d8f51ca3fddb5eb7e79a60d1c41691,generated,ddpm,calibration,western-blot-02772,-1.2176088094711304,0.22835753858089447,original,0.5,detector-sam-vit-b-lora-r8-all-img512-51265aec,51265aecd96858feeead19cc47f9bd3dc0af3fa7d793582482a9287a153c3e25,cpu
synth/ddpm/ddpm_img_02783.png,ad4d2f62c96f7094d743c4d34b65f6d4e6269b280f93281ab7ebd9303ba71089,generated,ddpm,calibration,western-blot-02783,-0.056945428252220154,0.4857674837112427,original,0.5,detector-sam-vit-b-lora-r8-all-img512-51265aec,51265aecd96858feeead19cc47f9bd3dc0af3fa7d793582482a9287a153c3e25,cpu
synth/ddpm/ddpm_img_02801.png,0cbc3ba7e1e00e299468b268298f8016a0d97c93eb988dc7da9d72ea8c261ca3,generated,ddpm,calibration,western-blot-02801,-1.8655858039855957,0.1340533047914505,original,0.5,detector-sam-vit-b-lora-r8-all-img512-51265aec,51265aecd96858feeead19cc47f9bd3dc0af3fa7d793582482a9287a153c3e25,cpu
synth/ddpm/ddpm_img_02802.png,6905fac189bd6311ac49e24ea744b94688551624313fcbd712bbd05d00f1406c,generated,ddpm,calibration,western-blot-02802,-2.8413138389587402,0.05513205751776695,original,0.5,detector-sam-vit-b-lora-r8-all-img512-51265aec,51265aecd96858feeead19cc47f9bd3dc0af3fa7d793582482a9287a153c3e25,cpu
synth/ddpm/ddpm_img_02833.png,17aeb70330aea86f3785cc466adf083547896670d2aab46279cd1ce8fe391f20,generated,ddpm,calibration,western-blot-02833,-0.5886547565460205,0.3569435775279999,original,0.5,detector-sam-vit-b-lora-r8-all-img512-51265aec,51265aecd96858feeead19cc47f9bd3dc0af3fa7d793582482a9287a153c3e25,cpu
synth/ddpm/ddpm_img_02872.png,267fb66c412f867a94504fbc4575c2eaeca3e2b6abd7c76d0c5d5b04e1a3c9d5,generated,ddpm,calibration,western-blot-02872,-0.45160770416259766,0.38897860050201416,original,0.5,detector-sam-vit-b-lora-r8-all-img512-51265aec,51265aecd96858feeead19cc47f9bd3dc0af3fa7d793582482a9287a153c3e25,cpu
synth/ddpm/ddpm_img_02885.png,b90f4956ee1ea47cf04c01bb99accf2edda0415c38773352e5437224abf411c7,generated,ddpm,calibration,western-blot-02885,-0.742042064666748,0.3225577473640442,original,0.5,detector-sam-vit-b-lora-r8-all-img512-51265aec,51265aecd96858feeead19cc47f9bd3dc0af3fa7d793582482a9287a153c3e25,cpu
synth/ddpm/ddpm_img_02889.png,0396238982da574e2ba488049c361135ef2cf1486baf5093e23d984fb2b3c94f,generated,ddpm,calibration,western-blot-02889,-0.3960026800632477,0.40227311849594116,original,0.5,detector-sam-vit-b-lora-r8-all-img512-51265aec,51265aecd96858feeead19cc47f9bd3dc0af3fa7d793582482a9287a153c3e25,cpu
synth/ddpm/ddpm_img_02893.png,dfdb288a58372b499df3e0d33d3b52efad2219867f20470a65cd93f0f0447347,generated,ddpm,calibration,western-blot-02893,-0.6874957084655762,0.3345903754234314,original,0.5,detector-sam-vit-b-lora-r8-all-img512-51265aec,51265aecd96858feeead19cc47f9bd3dc0af3fa7d793582482a9287a153c3e25,cpu
synth/ddpm/ddpm_img_02898.png,575f30b740d162a4364207f20da4bfdcc38ed2d74fea25948ea21b2b9f1723ee,generated,ddpm,calibration,western-blot-02898,-0.8442573547363281,0.300638884305954,original,0.5,detector-sam-vit-b-lora-r8-all-img512-51265aec,51265aecd96858feeead19cc47f9bd3dc0af3fa7d793582482a9287a153c3e25,cpu
synth/ddpm/ddpm_img_02914.png,8949ea09e1d0e659aa1df68a2cf11f9685c859a93da28ac90a2331a63f2d7ac6,generated,ddpm,calibration,western-blot-02914,-1.3395204544067383,0.20758892595767975,original,0.5,detector-sam-vit-b-lora-r8-all-img512-51265aec,51265aecd96858feeead19cc47f9bd3dc0af3fa7d793582482a9287a153c3e25,cpu
synth/ddpm/ddpm_img_02931.png,814a6bbab20b50d5310444e48e7e9faccac3d560ee1eaa41c99744fb8ada7d0e,generated,ddpm,calibration,western-blot-02931,-1.0704082250595093,0.25532546639442444,original,0.5,detector-sam-vit-b-lora-r8-all-img512-51265aec,51265aecd96858feeead19cc47f9bd3dc0af3fa7d793582482a9287a153c3e25,cpu
synth/ddpm/ddpm_img_02932.png,b604bcf7d993f8e89645fc8ea6b05295191061b4464d3d0922859a294db758df,generated,ddpm,calibration,western-blot-02932,-1.0990028381347656,0.24992676079273224,original,0.5,detector-sam-vit-b-lora-r8-all-img512-51265aec,51265aecd96858feeead19cc47f9bd3dc0af3fa7d793582482a9287a153c3e25,cpu
synth/ddpm/ddpm_img_02954.png,7cdacc6eefd85e69ca5f157b9bf506e1e3615f20bd5d0c4573b630493feb63be,generated,ddpm,calibration,western-blot-02954,-0.3244509994983673,0.41959139704704285,original,0.5,detector-sam-vit-b-lora-r8-all-img512-51265aec,51265aecd96858feeead19cc47f9bd3dc0af3fa7d793582482a9287a153c3e25,cpu
synth/ddpm/ddpm_img_02971.png,b7784b3bcdc3d974ac7fe142ac1b827523ab523c920707b8e29107cdc8c579b1,generated,ddpm,calibration,western-blot-02971,-0.8315320014953613,0.3033212423324585,original,0.5,detector-sam-vit-b-lora-r8-all-img512-51265aec,51265aecd96858feeead19cc47f9bd3dc0af3fa7d793582482a9287a153c3e25,cpu
synth/ddpm/ddpm_img_02972.png,15e1771fce4159b7f4eda61d9a2349c8f8e9d66f71334986cb8737b25acc8e84,generated,ddpm,calibration,western-blot-02972,-0.5755928754806519,0.3599472939968109,original,0.5,detector-sam-vit-b-lora-r8-all-img512-51265aec,51265aecd96858feeead19cc47f9bd3dc0af3fa7d793582482a9287a153c3e25,cpu
synth/ddpm/ddpm_img_02989.png,3309b0f6bd25f8e4bd6a7d21fbe24a0279ccb19b3f995ea4666d231db1860e3c,generated,ddpm,calibration,western-blot-02989,-0.8779681921005249,0.293599009513855,original,0.5,detector-sam-vit-b-lora-r8-all-img512-51265aec,51265aecd96858feeead19cc47f9bd3dc0af3fa7d793582482a9287a153c3e25,cpu
synth/ddpm/ddpm_img_03008.png,da775b75b122bc314b2f3c0003dad254cb657e26934ce285001f687673b167ad,generated,ddpm,calibration,western-blot-03008,0.4626847505569458,0.6136508584022522,generated,0.5,detector-sam-vit-b-lora-r8-all-img512-51265aec,51265aecd96858feeead19cc47f9bd3dc0af3fa7d793582482a9287a153c3e25,cpu
synth/ddpm/ddpm_img_03061.png,18c63ba898aa4bcdef1a11e1d998f4345b5eebde1f569d14566283773bbabcfd,generated,ddpm,calibration,western-blot-03061,-1.7604187726974487,0.14673790335655212,original,0.5,detector-sam-vit-b-lora-r8-all-img512-51265aec,51265aecd96858feeead19cc47f9bd3dc0af3fa7d793582482a9287a153c3e25,cpu
synth/ddpm/ddpm_img_03071.png,1491cdf018acf2fddb0cc08a299115f92a0993548cbcbf4356005e6f3fd489af,generated,ddpm,calibration,western-blot-03071,0.496175080537796,0.6215600371360779,generated,0.5,detector-sam-vit-b-lora-r8-all-img512-51265aec,51265aecd96858feeead19cc47f9bd3dc0af3fa7d793582482a9287a153c3e25,cpu
synth/ddpm/ddpm_img_03101.png,bfe2f632b5c755c6fee5567d09e040220cb36c8428080b41f352b3dbab8cdb4f,generated,ddpm,calibration,western-blot-03101,-1.3085438013076782,0.21273061633110046,original,0.5,detector-sam-vit-b-lora-r8-all-img512-51265aec,51265aecd96858feeead19cc47f9bd3dc0af3fa7d793582482a9287a153c3e25,cpu
synth/ddpm/ddpm_img_03111.png,9e9c547717adf177b93686418f43049007e5faa709c698f68ad3be9b18a239c8,generated,ddpm,calibration,western-blot-03111,-0.8130028247833252,0.3072509765625,original,0.5,detector-sam-vit-b-lora-r8-all-img512-51265aec,51265aecd96858feeead19cc47f9bd3dc0af3fa7d793582482a9287a153c3e25,cpu
synth/ddpm/ddpm_img_03139.png,cc590f199d88c57ac4ab82fa9bc44ae04732bcf89a7d6ae9c42f266174373bc4,generated,ddpm,calibration,western-blot-03139,-1.999916672706604,0.11921165883541107,original,0.5,detector-sam-vit-b-lora-r8-all-img512-51265aec,51265aecd96858feeead19cc47f9bd3dc0af3fa7d793582482a9287a153c3e25,cpu
synth/ddpm/ddpm_img_03143.png,ab1aba1de0ecaa001cac7dfaa2a3c431253d858730557ec08659eb0256f25bfd,generated,ddpm,calibration,western-blot-03143,-0.9300795197486877,0.2829085886478424,original,0.5,detector-sam-vit-b-lora-r8-all-img512-51265aec,51265aecd96858feeead19cc47f9bd3dc0af3fa7d793582482a9287a153c3e25,cpu
synth/ddpm/ddpm_img_03144.png,44616ebd427f569b1c635a916df50227bde3a73c8754ebdb1dc01958fb71f50b,generated,ddpm,calibration,western-blot-03144,-1.3118959665298462,0.21216975152492523,original,0.5,detector-sam-vit-b-lora-r8-all-img512-51265aec,51265aecd96858feeead19cc47f9bd3dc0af3fa7d793582482a9287a153c3e25,cpu
synth/ddpm/ddpm_img_03153.png,787812469cde52db398cc185440c32b5b0817fc0fb33a42f8bfa9b22a8f7d215,generated,ddpm,calibration,western-blot-03153,1.1295849084854126,0.7557623386383057,generated,0.5,detector-sam-vit-b-lora-r8-all-img512-51265aec,51265aecd96858feeead19cc47f9bd3dc0af3fa7d793582482a9287a153c3e25,cpu
synth/ddpm/ddpm_img_03184.png,08a294be978b9aac81c41bb9d2f0fe9f3d37379dc16703426b81f093a9833434,generated,ddpm,calibration,western-blot-03184,0.3932483494281769,0.5970643758773804,generated,0.5,detector-sam-vit-b-lora-r8-all-img512-51265aec,51265aecd96858feeead19cc47f9bd3dc0af3fa7d793582482a9287a153c3e25,cpu
synth/ddpm/ddpm_img_03187.png,67601220fbf46faf8dd9ec9d455cddea97078e5e56e2b7d10c46c8468d66f33c,generated,ddpm,calibration,western-blot-03187,-0.5800505876541138,0.35892096161842346,original,0.5,detector-sam-vit-b-lora-r8-all-img512-51265aec,51265aecd96858feeead19cc47f9bd3dc0af3fa7d793582482a9287a153c3e25,cpu
synth/ddpm/ddpm_img_03199.png,ee03c6154f7be7e370877b36d513b216cffeb79553da26d741114f9e2939bca1,generated,ddpm,calibration,western-blot-03199,1.2065424919128418,0.7696865797042847,generated,0.5,detector-sam-vit-b-lora-r8-all-img512-51265aec,51265aecd96858feeead19cc47f9bd3dc0af3fa7d793582482a9287a153c3e25,cpu
synth/ddpm/ddpm_img_03208.png,f8fb19b08033b82d35d985bc3d2948a418db790a7ce6e9dae6ac224d4061942f,generated,ddpm,calibration,western-blot-03208,-0.9826372861862183,0.27236878871917725,original,0.5,detector-sam-vit-b-lora-r8-all-img512-51265aec,51265aecd96858feeead19cc47f9bd3dc0af3fa7d793582482a9287a153c3e25,cpu
synth/ddpm/ddpm_img_03217.png,800c7a17cce425bad8869aefb3a3aea950625cdb41fac887e37148986f3bccef,generated,ddpm,calibration,western-blot-03217,-1.0238659381866455,0.26427504420280457,original,0.5,detector-sam-vit-b-lora-r8-all-img512-51265aec,51265aecd96858feeead19cc47f9bd3dc0af3fa7d793582482a9287a153c3e25,cpu
synth/ddpm/ddpm_img_03219.png,effaa71c4a896b0848b9417b61ebec4f41e0a3d5a2208e7e1733780aea555996,generated,ddpm,calibration,western-blot-03219,-0.8871290683746338,0.29170265793800354,original,0.5,detector-sam-vit-b-lora-r8-all-img512-51265aec,51265aecd96858feeead19cc47f9bd3dc0af3fa7d793582482a9287a153c3e25,cpu
synth/ddpm/ddpm_img_03227.png,1080f64bc75a6b33717ceeb86dca672f5ccac10eea0ea660d5f024fca3af1fc7,generated,ddpm,calibration,western-blot-03227,-0.758743405342102,0.3189191520214081,original,0.5,detector-sam-vit-b-lora-r8-all-img512-51265aec,51265aecd96858feeead19cc47f9bd3dc0af3fa7d793582482a9287a153c3e25,cpu
synth/ddpm/ddpm_img_03317.png,b6ba0e91b6be59762e71b37f5772615e1bb073ff2892c2808fc3333b0b6e6ba3,generated,ddpm,calibration,western-blot-03317,-0.38261204957962036,0.4054970443248749,original,0.5,detector-sam-vit-b-lora-r8-all-img512-51265aec,51265aecd96858feeead19cc47f9bd3dc0af3fa7d793582482a9287a153c3e25,cpu
synth/ddpm/ddpm_img_03322.png,fb51075ac76284ea0f4874dc7140e119dec2544cea9790b074b9aa8be5702c3f,generated,ddpm,calibration,western-blot-03322,-1.2205331325531006,0.22784262895584106,original,0.5,detector-sam-vit-b-lora-r8-all-img512-51265aec,51265aecd96858feeead19cc47f9bd3dc0af3fa7d793582482a9287a153c3e25,cpu
synth/ddpm/ddpm_img_03331.png,31cae33644382573de6e110ad79512e7e2ab6333a89bb50e1dfa7019ba4f9f99,generated,ddpm,calibration,western-blot-03331,-1.6137274503707886,0.16607174277305603,original,0.5,detector-sam-vit-b-lora-r8-all-img512-51265aec,51265aecd96858feeead19cc47f9bd3dc0af3fa7d793582482a9287a153c3e25,cpu
synth/ddpm/ddpm_img_03332.png,713c05973396ad5a1949ba616b1b484b21efc3918af252aabf86e19bceb4fb04,generated,ddpm,calibration,western-blot-03332,-0.73960280418396,0.3230910003185272,original,0.5,detector-sam-vit-b-lora-r8-all-img512-51265aec,51265aecd96858feeead19cc47f9bd3dc0af3fa7d793582482a9287a153c3e25,cpu
synth/ddpm/ddpm_img_03342.png,afe392fdda208e3b12e634e31eab59a878155a62e5c46f0d826c825098a97db7,generated,ddpm,calibration,western-blot-03342,0.8244504928588867,0.6951802372932434,generated,0.5,detector-sam-vit-b-lora-r8-all-img512-51265aec,51265aecd96858feeead19cc47f9bd3dc0af3fa7d793582482a9287a153c3e25,cpu
synth/ddpm/ddpm_img_03348.png,f599e74e1bfbe028d08fa54edecc990a5dd0b432131dfce2f983013430b34390,generated,ddpm,calibration,western-blot-03348,-0.6608482599258423,0.3405490815639496,original,0.5,detector-sam-vit-b-lora-r8-all-img512-51265aec,51265aecd96858feeead19cc47f9bd3dc0af3fa7d793582482a9287a153c3e25,cpu
synth/ddpm/ddpm_img_03384.png,e1822403eed5049419f68d8d6fa6f6da0553c5279051dd0a36a6f856e12f9b64,generated,ddpm,calibration,western-blot-03384,3.4168753623962402,0.968227744102478,generated,0.5,detector-sam-vit-b-lora-r8-all-img512-51265aec,51265aecd96858feeead19cc47f9bd3dc0af3fa7d793582482a9287a153c3e25,cpu
synth/ddpm/ddpm_img_03427.png,4ee4e1e064a68ea3b986429537e173d14e8d6ecf94e651055289829aad863a7b,generated,ddpm,calibration,western-blot-03427,1.680053472518921,0.8429116010665894,generated,0.5,detector-sam-vit-b-lora-r8-all-img512-51265aec,51265aecd96858feeead19cc47f9bd3dc0af3fa7d793582482a9287a153c3e25,cpu
synth/ddpm/ddpm_img_03451.png,b85ad92360d810c265cc929f4b32868b3688cf669beb46377048cd7330a1c4b0,generated,ddpm,calibration,western-blot-03451,0.3091900050640106,0.5766875743865967,generated,0.5,detector-sam-vit-b-lora-r8-all-img512-51265aec,51265aecd96858feeead19cc47f9bd3dc0af3fa7d793582482a9287a153c3e25,cpu
synth/ddpm/ddpm_img_03464.png,1436b768e30ea38cd393fa8d93dca9e9d582b0edd92a7bccced2de4a5bfb6749,generated,ddpm,calibration,western-blot-03464,0.24126628041267395,0.560025691986084,generated,0.5,detector-sam-vit-b-lora-r8-all-img512-51265aec,51265aecd96858feeead19cc47f9bd3dc0af3fa7d793582482a9287a153c3e25,cpu
synth/ddpm/ddpm_img_03477.png,d1631598a6f55c7a471863f00867a5128333df283d486596317363be96e0be82,generated,ddpm,calibration,western-blot-03477,-0.8069493770599365,0.308540940284729,original,0.5,detector-sam-vit-b-lora-r8-all-img512-51265aec,51265aecd96858feeead19cc47f9bd3dc0af3fa7d793582482a9287a153c3e25,cpu
synth/ddpm/ddpm_img_03480.png,c679f2342e7061ea15eb6432791acf7d3359ae78a82114f064f2e14573d4b2c0,generated,ddpm,calibration,western-blot-03480,-0.21676957607269287,0.44601884484291077,original,0.5,detector-sam-vit-b-lora-r8-all-img512-51265aec,51265aecd96858feeead19cc47f9bd3dc0af3fa7d793582482a9287a153c3e25,cpu
synth/ddpm/ddpm_img_03500.png,25ef78a91ef2fa7961f66eaa2f5fb0cfd99409c0331b04a0da62a3396158b933,generated,ddpm,calibration,western-blot-03500,-1.021897792816162,0.2646579146385193,original,0.5,detector-sam-vit-b-lora-r8-all-img512-51265aec,51265aecd96858feeead19cc47f9bd3dc0af3fa7d793582482a9287a153c3e25,cpu
synth/ddpm/ddpm_img_03518.png,f2dc0ccf0f3d3434117664c4d2e26f50949a0e15384318ae322cf5d19b543277,generated,ddpm,calibration,western-blot-03518,-0.07051310688257217,0.4823790192604065,original,0.5,detector-sam-vit-b-lora-r8-all-img512-51265aec,51265aecd96858feeead19cc47f9bd3dc0af3fa7d793582482a9287a153c3e25,cpu
synth/ddpm/ddpm_img_03520.png,07852a2d43df31762c1a728dc7102424a3efddc80846f8b170c45b21bd454494,generated,ddpm,calibration,western-blot-03520,-0.8290861248970032,0.3038383424282074,original,0.5,detector-sam-vit-b-lora-r8-all-img512-51265aec,51265aecd96858feeead19cc47f9bd3dc0af3fa7d793582482a9287a153c3e25,cpu
synth/ddpm/ddpm_img_03525.png,7ef36a46ef60bac840b66e39167686f945d98b35c8c3fef66d35b81203012ef6,generated,ddpm,calibration,western-blot-03525,-0.7669693231582642,0.3171350657939911,original,0.5,detector-sam-vit-b-lora-r8-all-img512-51265aec,51265aecd96858feeead19cc47f9bd3dc0af3fa7d793582482a9287a153c3e25,cpu
synth/ddpm/ddpm_img_03526.png,8559f5d4af20eb321afe75efdd3b961706785dd52705f25150c140dc28efc9ca,generated,ddpm,calibration,western-blot-03526,-0.655530571937561,0.3417443335056305,original,0.5,detector-sam-vit-b-lora-r8-all-img512-51265aec,51265aecd96858feeead19cc47f9bd3dc0af3fa7d793582482a9287a153c3e25,cpu
synth/ddpm/ddpm_img_03560.png,29f9c55595defef68bda4cc8be7bcb34245f078e012d5ca5df3605be58c326b1,generated,ddpm,calibration,western-blot-03560,-1.6435418128967285,0.1619836986064911,original,0.5,detector-sam-vit-b-lora-r8-all-img512-51265aec,51265aecd96858feeead19cc47f9bd3dc0af3fa7d793582482a9287a153c3e25,cpu
synth/ddpm/ddpm_img_03571.png,d254777371a1ebe9766731e800c8cade3bfcfab04a0e908d774c3f78eed5753f,generated,ddpm,calibration,western-blot-03571,-1.1766059398651123,0.2356630116701126,original,0.5,detector-sam-vit-b-lora-r8-all-img512-51265aec,51265aecd96858feeead19cc47f9bd3dc0af3fa7d793582482a9287a153c3e25,cpu
synth/ddpm/ddpm_img_03592.png,f19b7f53505b7b4b0b1ea54283dc2165947b920c4cda7fe1195ff852e7419a07,generated,ddpm,calibration,western-blot-03592,-0.3596535921096802,0.4110434353351593,original,0.5,detector-sam-vit-b-lora-r8-all-img512-51265aec,51265aecd96858feeead19cc47f9bd3dc0af3fa7d793582482a9287a153c3e25,cpu
synth/ddpm/ddpm_img_03593.png,2fb95ef28dcf6b658afcc92d64ec9950dbcf289ade58d5d8008f7840fc39b431,generated,ddpm,calibration,western-blot-03593,0.22181299328804016,0.5552269816398621,generated,0.5,detector-sam-vit-b-lora-r8-all-img512-51265aec,51265aecd96858feeead19cc47f9bd3dc0af3fa7d793582482a9287a153c3e25,cpu
synth/ddpm/ddpm_img_03596.png,6d59ac873b79048954feaa1ec13eaa1f4f1eedb4707b702420cdd51ea5d3bac7,generated,ddpm,calibration,western-blot-03596,-0.48874136805534363,0.3801901042461395,original,0.5,detector-sam-vit-b-lora-r8-all-img512-51265aec,51265aecd96858feeead19cc47f9bd3dc0af3fa7d793582482a9287a153c3e25,cpu
synth/ddpm/ddpm_img_03597.png,6d37b5a0017c2853e762ee114342177b38ef55d3985ab76c72f36420bb412cd8,generated,ddpm,calibration,western-blot-03597,-0.4476781189441681,0.3899129629135132,original,0.5,detector-sam-vit-b-lora-r8-all-img512-51265aec,51265aecd96858feeead19cc47f9bd3dc0af3fa7d793582482a9287a153c3e25,cpu
synth/ddpm/ddpm_img_03613.png,61f73d497168f9b80ba05312e84cec53e3e294dafb1fd0dcbda2a176e68a98a7,generated,ddpm,calibration,western-blot-03613,-1.5354408025741577,0.17719902098178864,original,0.5,detector-sam-vit-b-lora-r8-all-img512-51265aec,51265aecd96858feeead19cc47f9bd3dc0af3fa7d793582482a9287a153c3e25,cpu
synth/ddpm/ddpm_img_03617.png,a3d77c8b73e39b1737afa2cf3de162eaf054d7dc60e8e6d7d85fc87fd139491d,generated,ddpm,calibration,western-blot-03617,-0.9093074798583984,0.2871415913105011,original,0.5,detector-sam-vit-b-lora-r8-all-img512-51265aec,51265aecd96858feeead19cc47f9bd3dc0af3fa7d793582482a9287a153c3e25,cpu
synth/ddpm/ddpm_img_03631.png,78c160f271183a1fbd169ced1fc7b39e08b5ab6edc325875ff2ef0b9cae78206,generated,ddpm,calibration,western-blot-03631,-1.2234914302825928,0.22732260823249817,original,0.5,detector-sam-vit-b-lora-r8-all-img512-51265aec,51265aecd96858feeead19cc47f9bd3dc0af3fa7d793582482a9287a153c3e25,cpu
synth/ddpm/ddpm_img_03667.png,02005f16b6f3ba6dee7f95b00aa36f38b83b4930c2475bc2e9a04fc12be26f2b,generated,ddpm,calibration,western-blot-03667,-0.5990259647369385,0.3545665740966797,original,0.5,detector-sam-vit-b-lora-r8-all-img512-51265aec,51265aecd96858feeead19cc47f9bd3dc0af3fa7d793582482a9287a153c3e25,cpu
synth/ddpm/ddpm_img_03745.png,03939b38f56ef029913fcb6b3c3861f393e5a6816d612f7379f32d76e98d317a,generated,ddpm,calibration,western-blot-03745,-1.1987513303756714,0.2316974252462387,original,0.5,detector-sam-vit-b-lora-r8-all-img512-51265aec,51265aecd96858feeead19cc47f9bd3dc0af3fa7d793582482a9287a153c3e25,cpu
synth/ddpm/ddpm_img_03756.png,132a7e81a746dc29a5a03a35db8516b606fc814d3a39f648d772969e19916004,generated,ddpm,calibration,western-blot-03756,-0.14015385508537292,0.4650188088417053,original,0.5,detector-sam-vit-b-lora-r8-all-img512-51265aec,51265aecd96858feeead19cc47f9bd3dc0af3fa7d793582482a9287a153c3e25,cpu
synth/ddpm/ddpm_img_03777.png,6b7972b235213763b393fa252730b7b221a9fa0baa27d442d00b227328e4a738,generated,ddpm,calibration,western-blot-03777,-0.5283917188644409,0.3708920478820801,original,0.5,detector-sam-vit-b-lora-r8-all-img512-51265aec,51265aecd96858feeead19cc47f9bd3dc0af3fa7d793582482a9287a153c3e25,cpu
synth/ddpm/ddpm_img_03779.png,c8bfb18ef9455e159889b7f2f8afba429153e875f78e0e189cac283755c27fbb,generated,ddpm,calibration,western-blot-03779,0.5876511335372925,0.6428260207176208,generated,0.5,detector-sam-vit-b-lora-r8-all-img512-51265aec,51265aecd96858feeead19cc47f9bd3dc0af3fa7d793582482a9287a153c3e25,cpu
synth/ddpm/ddpm_img_03782.png,ac04c6daa4523c32af36c40aaafa4e20110e1172a2a045c0633ba6971d5aaae9,generated,ddpm,calibration,western-blot-03782,-1.4324955940246582,0.19271014630794525,original,0.5,detector-sam-vit-b-lora-r8-all-img512-51265aec,51265aecd96858feeead19cc47f9bd3dc0af3fa7d793582482a9287a153c3e25,cpu
synth/ddpm/ddpm_img_03793.png,9cf5b792da058fec599e2cc08ed7b0d8f14063bd314d1643eeb4138741d08720,generated,ddpm,calibration,western-blot-03793,-0.4053521454334259,0.4000271260738373,original,0.5,detector-sam-vit-b-lora-r8-all-img512-51265aec,51265aecd96858feeead19cc47f9bd3dc0af3fa7d793582482a9287a153c3e25,cpu
synth/ddpm/ddpm_img_03794.png,3528aba9c123df9db7c7b3263713c5cb120ba41b33efcfc6a27761830b642b4e,generated,ddpm,calibration,western-blot-03794,1.016782283782959,0.7343453764915466,generated,0.5,detector-sam-vit-b-lora-r8-all-img512-51265aec,51265aecd96858feeead19cc47f9bd3dc0af3fa7d793582482a9287a153c3e25,cpu
synth/ddpm/ddpm_img_03852.png,35912d10d6f15a4a7eac5676e2855e1f6305204035eee92c504faedb835b2bde,generated,ddpm,calibration,western-blot-03852,0.2477400153875351,0.5616201758384705,generated,0.5,detector-sam-vit-b-lora-r8-all-img512-51265aec,51265aecd96858feeead19cc47f9bd3dc0af3fa7d793582482a9287a153c3e25,cpu
synth/ddpm/ddpm_img_03863.png,d745f3346638c842c2aa5c57127292698cbac879dbe9c9665c0d5a045d372a3b,generated,ddpm,calibration,western-blot-03863,4.278289318084717,0.986323356628418,generated,0.5,detector-sam-vit-b-lora-r8-all-img512-51265aec,51265aecd96858feeead19cc47f9bd3dc0af3fa7d793582482a9287a153c3e25,cpu
synth/ddpm/ddpm_img_03869.png,4e896f724953cd42d8d510e5452e54cedc014403bf9765bdbba062b716633865,generated,ddpm,calibration,western-blot-03869,-0.3939594626426697,0.4027644991874695,original,0.5,detector-sam-vit-b-lora-r8-all-img512-51265aec,51265aecd96858feeead19cc47f9bd3dc0af3fa7d793582482a9287a153c3e25,cpu
synth/ddpm/ddpm_img_03883.png,87d7529b281ec52fddef990584b7bd03ed9f5b71535b8d48d5948a4e5e7e243e,generated,ddpm,calibration,western-blot-03883,-1.3175681829452515,0.21122317016124725,original,0.5,detector-sam-vit-b-lora-r8-all-img512-51265aec,51265aecd96858feeead19cc47f9bd3dc0af3fa7d793582482a9287a153c3e25,cpu
synth/ddpm/ddpm_img_03889.png,3f9ba17a61b92819135ecf576480992413ea7f9624dfc80f582f9c8349f74919,generated,ddpm,calibration,western-blot-03889,-0.07431504130363464,0.481429785490036,original,0.5,detector-sam-vit-b-lora-r8-all-img512-51265aec,51265aecd96858feeead19cc47f9bd3dc0af3fa7d793582482a9287a153c3e25,cpu
synth/ddpm/ddpm_img_03896.png,4c86c5f74ef5eaeeb65d2827456bf0d957ba0c1becd964137ea3c8ca06e676d5,generated,ddpm,calibration,western-blot-03896,0.45025989413261414,0.6107010245323181,generated,0.5,detector-sam-vit-b-lora-r8-all-img512-51265aec,51265aecd96858feeead19cc47f9bd3dc0af3fa7d793582482a9287a153c3e25,cpu
synth/ddpm/ddpm_img_03903.png,4ecf276d08cc8071327c8e9d9dd0229d8163da2b0af2f9f97f8fbaeaf1d26a83,generated,ddpm,calibration,western-blot-03903,-0.3069094717502594,0.4238692820072174,original,0.5,detector-sam-vit-b-lora-r8-all-img512-51265aec,51265aecd96858feeead19cc47f9bd3dc0af3fa7d793582482a9287a153c3e25,cpu
synth/ddpm/ddpm_img_03904.png,bdaeec32be7b9fad0b3696db083e16ea13db64ff844d23ef57f6cfd8ea5be2b9,generated,ddpm,calibration,western-blot-03904,-0.6132675409317017,0.3513141870498657,original,0.5,detector-sam-vit-b-lora-r8-all-img512-51265aec,51265aecd96858feeead19cc47f9bd3dc0af3fa7d793582482a9287a153c3e25,cpu
synth/ddpm/ddpm_img_03908.png,1606a35dda7e53ff5452d4dc849685fd4cf93e3266fe620b510f5da9b4beb6fb,generated,ddpm,calibration,western-blot-03908,-0.5452883243560791,0.36695823073387146,original,0.5,detector-sam-vit-b-lora-r8-all-img512-51265aec,51265aecd96858feeead19cc47f9bd3dc0af3fa7d793582482a9287a153c3e25,cpu
synth/ddpm/ddpm_img_03909.png,d442d04320ec24747f2477fe4ba64f51b0983907f131cb9ea4387e194477ded5,generated,ddpm,calibration,western-blot-03909,-0.6986083984375,0.3321208357810974,original,0.5,detector-sam-vit-b-lora-r8-all-img512-51265aec,51265aecd96858feeead19cc47f9bd3dc0af3fa7d793582482a9287a153c3e25,cpu
synth/ddpm/ddpm_img_03916.png,6f47fc0b49b492f41445894a99471d2aedd212918abe1ba7ba8367a0b9b59668,generated,ddpm,calibration,western-blot-03916,-1.314719319343567,0.21169820427894592,original,0.5,detector-sam-vit-b-lora-r8-all-img512-51265aec,51265aecd96858feeead19cc47f9bd3dc0af3fa7d793582482a9287a153c3e25,cpu
synth/ddpm/ddpm_img_03921.png,f78c4d2baf60cddb88be9299b3686edee6b8e805fad125b2b443191cbf077065,generated,ddpm,calibration,western-blot-03921,2.2235279083251953,0.9023424983024597,generated,0.5,detector-sam-vit-b-lora-r8-all-img512-51265aec,51265aecd96858feeead19cc47f9bd3dc0af3fa7d793582482a9287a153c3e25,cpu
synth/ddpm/ddpm_img_03932.png,8262a6242b8af92fb4fe80b9f3a49e82677403915856a56753f1e2542230c853,generated,ddpm,calibration,western-blot-03932,-1.582863688468933,0.1703902930021286,original,0.5,detector-sam-vit-b-lora-r8-all-img512-51265aec,51265aecd96858feeead19cc47f9bd3dc0af3fa7d793582482a9287a153c3e25,cpu
synth/ddpm/ddpm_img_03938.png,f601ce426d0175601986aed5423a7ee20f90de032a085ffdc2f20cd389737338,generated,ddpm,calibration,western-blot-03938,-0.7073814272880554,0.3301777243614197,original,0.5,detector-sam-vit-b-lora-r8-all-img512-51265aec,51265aecd96858feeead19cc47f9bd3dc0af3fa7d793582482a9287a153c3e25,cpu
synth/ddpm/ddpm_img_03967.png,1045eb4b914295c30d9ef038f03a1615243ae342162f7bcaf7fc08a7e2c96005,generated,ddpm,calibration,western-blot-03967,-0.18290016055107117,0.45440199971199036,original,0.5,detector-sam-vit-b-lora-r8-all-img512-51265aec,51265aecd96858feeead19cc47f9bd3dc0af3fa7d793582482a9287a153c3e25,cpu
synth/ddpm/ddpm_img_03969.png,453054cdfdc48ec1c85ae4ccc76f4a9417d4b4de30cceeaaf1d4c3577230ae87,generated,ddpm,calibration,western-blot-03969,-1.5566067695617676,0.17413410544395447,original,0.5,detector-sam-vit-b-lora-r8-all-img512-51265aec,51265aecd96858feeead19cc47f9bd3dc0af3fa7d793582482a9287a153c3e25,cpu
synth/ddpm/ddpm_img_03993.png,605ce69b9670a155c1ac41213c6f1f49accc13ee9c144add3211212c68a8cad3,generated,ddpm,calibration,western-blot-03993,-0.9161012172698975,0.28575295209884644,original,0.5,detector-sam-vit-b-lora-r8-all-img512-51265aec,51265aecd96858feeead19cc47f9bd3dc0af3fa7d793582482a9287a153c3e25,cpu
synth/ddpm/ddpm_img_03994.png,ff27b0d5c44202ad7d0095d7c3b57dc2414db37b5119f1ce2ecde029d4cae401,generated,ddpm,calibration,western-blot-03994,-0.8781930804252625,0.29355236887931824,original,0.5,detector-sam-vit-b-lora-r8-all-img512-51265aec,51265aecd96858feeead19cc47f9bd3dc0af3fa7d793582482a9287a153c3e25,cpu
synth/ddpm/ddpm_img_03995.png,ff106e0eb28f46e1c3bef56a0e7eb0045a2c243def9eb5c9f5e9b415f217be07,generated,ddpm,calibration,western-blot-03995,-0.02235395275056362,0.49441173672676086,original,0.5,detector-sam-vit-b-lora-r8-all-img512-51265aec,51265aecd96858feeead19cc47f9bd3dc0af3fa7d793582482a9287a153c3e25,cpu
synth/ddpm/ddpm_img_03996.png,eca9720e4673a4ab43b8aca81fbad2ed7b8d1a219062f1972aed5cfbe9640a07,generated,ddpm,calibration,western-blot-03996,-0.06486489623785019,0.48378950357437134,original,0.5,detector-sam-vit-b-lora-r8-all-img512-51265aec,51265aecd96858feeead19cc47f9bd3dc0af3fa7d793582482a9287a153c3e25,cpu
synth/ddpm/ddpm_img_04005.png,cf392577c039d05ba7b49155744465dffecd411ae1d4f81fb85ededdc2ad51d4,generated,ddpm,calibration,western-blot-04005,-1.7495977878570557,0.1480979323387146,original,0.5,detector-sam-vit-b-lora-r8-all-img512-51265aec,51265aecd96858feeead19cc47f9bd3dc0af3fa7d793582482a9287a153c3e25,cpu
synth/ddpm/ddpm_img_04017.png,66f7e832becf6843811d3c05972c4a4270f4388918a6fa45cf6680e45a5eeb79,generated,ddpm,calibration,western-blot-04017,2.482357978820801,0.9228957295417786,generated,0.5,detector-sam-vit-b-lora-r8-all-img512-51265aec,51265aecd96858feeead19cc47f9bd3dc0af3fa7d793582482a9287a153c3e25,cpu
synth/ddpm/ddpm_img_04023.png,e80d8f169c69887b4090b0c2fd0dde173e5ceab0b36c6f1b42a4ddae415b15a2,generated,ddpm,calibration,western-blot-04023,-0.19995009899139404,0.4501783549785614,original,0.5,detector-sam-vit-b-lora-r8-all-img512-51265aec,51265aecd96858feeead19cc47f9bd3dc0af3fa7d793582482a9287a153c3e25,cpu
synth/ddpm/ddpm_img_04031.png,205dc866b63af862ff9c11113d98c937d842b7a0734eb070f1bcf01e6f7b3905,generated,ddpm,calibration,western-blot-04031,-0.5860195159912109,0.35754865407943726,original,0.5,detector-sam-vit-b-lora-r8-all-img512-51265aec,51265aecd96858feeead19cc47f9bd3dc0af3fa7d793582482a9287a153c3e25,cpu
synth/ddpm/ddpm_img_04036.png,7a6541eab2eee6c4f4d3235daa388e89316f1e6c85b2a35436ced4f38fa86189,generated,ddpm,calibration,western-blot-04036,0.15947122871875763,0.5397835373878479,generated,0.5,detector-sam-vit-b-lora-r8-all-img512-51265aec,51265aecd96858feeead19cc47f9bd3dc0af3fa7d793582482a9287a153c3e25,cpu
synth/ddpm/ddpm_img_04046.png,01acb54cd4e1c1aef5a8a0c117b21268a0cb2d0c721040b073a3c2438102a035,generated,ddpm,calibration,western-blot-04046,-0.3711133599281311,0.40827199816703796,original,0.5,detector-sam-vit-b-lora-r8-all-img512-51265aec,51265aecd96858feeead19cc47f9bd3dc0af3fa7d793582482a9287a153c3e25,cpu
synth/ddpm/ddpm_img_04051.png,c27925988fc277ee81d443c46a7d9fd7922412ed44eb1139f1ab19bc9e6b3f82,generated,ddpm,calibration,western-blot-04051,-1.2729548215866089,0.21875183284282684,original,0.5,detector-sam-vit-b-lora-r8-all-img512-51265aec,51265aecd96858feeead19cc47f9bd3dc0af3fa7d793582482a9287a153c3e25,cpu
synth/ddpm/ddpm_img_04052.png,225e1817c7ab4a1e46ab3ee8044992e5fd9dd825f26165536482b7176bb664ba,generated,ddpm,calibration,western-blot-04052,-0.5338460206985474,0.36962029337882996,original,0.5,detector-sam-vit-b-lora-r8-all-img512-51265aec,51265aecd96858feeead19cc47f9bd3dc0af3fa7d793582482a9287a153c3e25,cpu
synth/ddpm/ddpm_img_04063.png,6a9f51e328e98a153ebedc21ead0078e9f8563fdb0febcc82bdbc8740650556a,generated,ddpm,calibration,western-blot-04063,-0.733302116394043,0.32447052001953125,original,0.5,detector-sam-vit-b-lora-r8-all-img512-51265aec,51265aecd96858feeead19cc47f9bd3dc0af3fa7d793582482a9287a153c3e25,cpu
synth/ddpm/ddpm_img_04071.png,2313885cb1f3f0efd11e943ffc34dae97f3e873d87ad30a9d9cf42e5e1ab3abd,generated,ddpm,calibration,western-blot-04071,4.89756965637207,0.9925906658172607,generated,0.5,detector-sam-vit-b-lora-r8-all-img512-51265aec,51265aecd96858feeead19cc47f9bd3dc0af3fa7d793582482a9287a153c3e25,cpu
synth/ddpm/ddpm_img_04073.png,14a055b4a036941b2d3d716fc867be7976998ca01581f9ea8fb82893f3a4c952,generated,ddpm,calibration,western-blot-04073,7.712047100067139,0.9995527863502502,generated,0.5,detector-sam-vit-b-lora-r8-all-img512-51265aec,51265aecd96858feeead19cc47f9bd3dc0af3fa7d793582482a9287a153c3e25,cpu
synth/ddpm/ddpm_img_04119.png,f131748863b1d0ace13bbbdccac3d56cd9e83794029c19ce2c5d28a81ef88401,generated,ddpm,calibration,western-blot-04119,-0.6275343894958496,0.34806981682777405,original,0.5,detector-sam-vit-b-lora-r8-all-img512-51265aec,51265aecd96858feeead19cc47f9bd3dc0af3fa7d793582482a9287a153c3e25,cpu
synth/ddpm/ddpm_img_04135.png,3d500dd8f8066caeea87000ce8f8399c437455778d4c92aee92d58a201954525,generated,ddpm,calibration,western-blot-04135,-1.612044095993042,0.16630500555038452,original,0.5,detector-sam-vit-b-lora-r8-all-img512-51265aec,51265aecd96858feeead19cc47f9bd3dc0af3fa7d793582482a9287a153c3e25,cpu
synth/ddpm/ddpm_img_04142.png,0078e43a855afd822693edd7af22fde5366839d5668ccdc0ba2d8f07158f7d9f,generated,ddpm,calibration,western-blot-04142,-1.2215344905853271,0.22766652703285217,original,0.5,detector-sam-vit-b-lora-r8-all-img512-51265aec,51265aecd96858feeead19cc47f9bd3dc0af3fa7d793582482a9287a153c3e25,cpu
synth/ddpm/ddpm_img_04167.png,cd4e93527c588908a458c7fa008dd12661ba3eff75e7bbadd728df49dbd20f42,generated,ddpm,calibration,western-blot-04167,0.2037268429994583,0.5507562756538391,generated,0.5,detector-sam-vit-b-lora-r8-all-img512-51265aec,51265aecd96858feeead19cc47f9bd3dc0af3fa7d793582482a9287a153c3e25,cpu
synth/ddpm/ddpm_img_04171.png,f8f5bd78e647b34e8be3bee90467c0a61cf4a35d3229833fb23a4c288f1dc3cb,generated,ddpm,calibration,western-blot-04171,0.7728244066238403,0.6841315627098083,generated,0.5,detector-sam-vit-b-lora-r8-all-img512-51265aec,51265aecd96858feeead19cc47f9bd3dc0af3fa7d793582482a9287a153c3e25,cpu
synth/ddpm/ddpm_img_04181.png,b3d3d0975d4585ee0ee787fe01d1c61080b6d505cc768a615263504bc4d404df,generated,ddpm,calibration,western-blot-04181,2.7457194328308105,0.9396711587905884,generated,0.5,detector-sam-vit-b-lora-r8-all-img512-51265aec,51265aecd96858feeead19cc47f9bd3dc0af3fa7d793582482a9287a153c3e25,cpu
synth/ddpm/ddpm_img_04187.png,2404d025297b80d34a00db1c2540a5f94cc88154e547e6427afe10804905c208,generated,ddpm,calibration,western-blot-04187,-0.904140830039978,0.2882002890110016,original,0.5,detector-sam-vit-b-lora-r8-all-img512-51265aec,51265aecd96858feeead19cc47f9bd3dc0af3fa7d793582482a9287a153c3e25,cpu
synth/ddpm/ddpm_img_04202.png,dbe2fa25c8aac09ab59371892d0f5fedbbbf0d768ed9029b55b195d2f0a75160,generated,ddpm,calibration,western-blot-04202,-1.052950143814087,0.2586590051651001,original,0.5,detector-sam-vit-b-lora-r8-all-img512-51265aec,51265aecd96858feeead19cc47f9bd3dc0af3fa7d793582482a9287a153c3e25,cpu
synth/ddpm/ddpm_img_04209.png,438f8d8fc8958b180993c44d6e8d099aef44be2c191f7f587b7980a3eb021198,generated,ddpm,calibration,western-blot-04209,1.2480765581130981,0.7769666910171509,generated,0.5,detector-sam-vit-b-lora-r8-all-img512-51265aec,51265aecd96858feeead19cc47f9bd3dc0af3fa7d793582482a9287a153c3e25,cpu
synth/ddpm/ddpm_img_04213.png,f2f0caaef7428e6e4bc2fe3c5b00508e54f257bda8e5b80ef86f1946684dcb17,generated,ddpm,calibration,western-blot-04213,-2.4502744674682617,0.07941848039627075,original,0.5,detector-sam-vit-b-lora-r8-all-img512-51265aec,51265aecd96858feeead19cc47f9bd3dc0af3fa7d793582482a9287a153c3e25,cpu
synth/ddpm/ddpm_img_04216.png,abbc635706d7717511798562b582c253ba54fd0baa5c6ef2b1d952db7cafee28,generated,ddpm,calibration,western-blot-04216,0.04646439850330353,0.5116140246391296,generated,0.5,detector-sam-vit-b-lora-r8-all-img512-51265aec,51265aecd96858feeead19cc47f9bd3dc0af3fa7d793582482a9287a153c3e25,cpu
synth/ddpm/ddpm_img_04244.png,a69186c0f3cabdf3e37b2a15294d7aceb19362436827c747eb377984f8d7b6bf,generated,ddpm,calibration,western-blot-04244,-0.00037755584344267845,0.49990561604499817,original,0.5,detector-sam-vit-b-lora-r8-all-img512-51265aec,51265aecd96858feeead19cc47f9bd3dc0af3fa7d793582482a9287a153c3e25,cpu
synth/ddpm/ddpm_img_04260.png,f617de50045c1ca8f1905b4ca5c24115bc251c610021c73f49b71a5aeefdb024,generated,ddpm,calibration,western-blot-04260,-0.9633538126945496,0.27620720863342285,original,0.5,detector-sam-vit-b-lora-r8-all-img512-51265aec,51265aecd96858feeead19cc47f9bd3dc0af3fa7d793582482a9287a153c3e25,cpu
synth/ddpm/ddpm_img_04265.png,eb4c0be81e6489da844c73832ec0de1cd5f52215f1515c090089671b33b6606c,generated,ddpm,calibration,western-blot-04265,0.23567256331443787,0.5586469769477844,generated,0.5,detector-sam-vit-b-lora-r8-all-img512-51265aec,51265aecd96858feeead19cc47f9bd3dc0af3fa7d793582482a9287a153c3e25,cpu
synth/ddpm/ddpm_img_04278.png,7efee86aceffba24ccc0cc4448a27fb63143b74477aa8780f13b37ed22cf34c0,generated,ddpm,calibration,western-blot-04278,0.8170925378799438,0.6936188340187073,generated,0.5,detector-sam-vit-b-lora-r8-all-img512-51265aec,51265aecd96858feeead19cc47f9bd3dc0af3fa7d793582482a9287a153c3e25,cpu
synth/ddpm/ddpm_img_04288.png,e10d8e3c0769c0b03b8594724aa21343df48afd2940479dbab60ab6785c14372,generated,ddpm,calibration,western-blot-04288,-0.14867880940437317,0.4628986120223999,original,0.5,detector-sam-vit-b-lora-r8-all-img512-51265aec,51265aecd96858feeead19cc47f9bd3dc0af3fa7d793582482a9287a153c3e25,cpu
synth/ddpm/ddpm_img_04292.png,2901448abd0d6c2f304926980c58d6544cc0cc616260744d64239cd5fa533052,generated,ddpm,calibration,western-blot-04292,0.6783864498138428,0.6633784770965576,generated,0.5,detector-sam-vit-b-lora-r8-all-img512-51265aec,51265aecd96858feeead19cc47f9bd3dc0af3fa7d793582482a9287a153c3e25,cpu
synth/ddpm/ddpm_img_04300.png,d1fa61c1ef2cb315073727a373a34d10197e393fe5651e94c95b5cf857c71828,generated,ddpm,calibration,western-blot-04300,0.41191115975379944,0.601546049118042,generated,0.5,detector-sam-vit-b-lora-r8-all-img512-51265aec,51265aecd96858feeead19cc47f9bd3dc0af3fa7d793582482a9287a153c3e25,cpu
synth/ddpm/ddpm_img_04307.png,76669b99722b9df87c89fdd7197f7ae05c88ad20b779ae482f8532c2ac83a17a,generated,ddpm,calibration,western-blot-04307,0.6068716049194336,0.6472268104553223,generated,0.5,detector-sam-vit-b-lora-r8-all-img512-51265aec,51265aecd96858feeead19cc47f9bd3dc0af3fa7d793582482a9287a153c3e25,cpu
synth/ddpm/ddpm_img_04309.png,8fe1f456c0bae52665b6a2fa188f735fb4807237c9cc2316199b3875c775e728,generated,ddpm,calibration,western-blot-04309,-0.3533714711666107,0.41256508231163025,original,0.5,detector-sam-vit-b-lora-r8-all-img512-51265aec,51265aecd96858feeead19cc47f9bd3dc0af3fa7d793582482a9287a153c3e25,cpu
synth/ddpm/ddpm_img_04315.png,3c02212ca8680f2bf2f509c5f58a9c19323b7befa4f27cbe4f7eebcae68870b8,generated,ddpm,calibration,western-blot-04315,-0.694709300994873,0.3329862952232361,original,0.5,detector-sam-vit-b-lora-r8-all-img512-51265aec,51265aecd96858feeead19cc47f9bd3dc0af3fa7d793582482a9287a153c3e25,cpu
synth/ddpm/ddpm_img_04317.png,1fb0e2b073160285b1543396ffa0d91eca297c0ae4bf3a7398c2d648dcd97136,generated,ddpm,calibration,western-blot-04317,-0.030063068494200706,0.49248480796813965,original,0.5,detector-sam-vit-b-lora-r8-all-img512-51265aec,51265aecd96858feeead19cc47f9bd3dc0af3fa7d793582482a9287a153c3e25,cpu
synth/ddpm/ddpm_img_04324.png,b455ba301ddd5aec1eaf5db1275e5c8f79d71b3d5306b5c8db7a9c0bdaaf8487,generated,ddpm,calibration,western-blot-04324,-1.5373283624649048,0.1769239902496338,original,0.5,detector-sam-vit-b-lora-r8-all-img512-51265aec,51265aecd96858feeead19cc47f9bd3dc0af3fa7d793582482a9287a153c3e25,cpu
synth/ddpm/ddpm_img_04329.png,ca1cd9a50461f293529efba1a6e4b51834b35f72749a0696da445d46ac4aee9e,generated,ddpm,calibration,western-blot-04329,-0.9996515512466431,0.26900994777679443,original,0.5,detector-sam-vit-b-lora-r8-all-img512-51265aec,51265aecd96858feeead19cc47f9bd3dc0af3fa7d793582482a9287a153c3e25,cpu
synth/ddpm/ddpm_img_04360.png,a5e4c71f5d21876a3b06d27110996a8d9bc2cb2b8ca93a3395489e3d2e0461f8,generated,ddpm,calibration,western-blot-04360,0.1014614999294281,0.525343656539917,generated,0.5,detector-sam-vit-b-lora-r8-all-img512-51265aec,51265aecd96858feeead19cc47f9bd3dc0af3fa7d793582482a9287a153c3e25,cpu
synth/ddpm/ddpm_img_04372.png,5e8e5e3e2fa96ce8c7d57faf9416ad86c4528c97172a5832ec00017474c3616a,generated,ddpm,calibration,western-blot-04372,-0.15928462147712708,0.46026280522346497,original,0.5,detector-sam-vit-b-lora-r8-all-img512-51265aec,51265aecd96858feeead19cc47f9bd3dc0af3fa7d793582482a9287a153c3e25,cpu
synth/ddpm/ddpm_img_04376.png,8f800cd27f28bfcc2d318f97bace4c34206572d67954e7328f6e223f23308dcd,generated,ddpm,calibration,western-blot-04376,1.1846954822540283,0.7657909989356995,generated,0.5,detector-sam-vit-b-lora-r8-all-img512-51265aec,51265aecd96858feeead19cc47f9bd3dc0af3fa7d793582482a9287a153c3e25,cpu
synth/ddpm/ddpm_img_04377.png,0ea7680a8c0851e244fc986a26f67cb5337a988428bf1225bcf0c425f2be1bbe,generated,ddpm,calibration,western-blot-04377,-0.3424309194087982,0.4152190685272217,original,0.5,detector-sam-vit-b-lora-r8-all-img512-51265aec,51265aecd96858feeead19cc47f9bd3dc0af3fa7d793582482a9287a153c3e25,cpu
synth/ddpm/ddpm_img_04395.png,042b57b6d9c7624851c624613ca7e66181c5ae95cf1d16ba3e508e85beb61bba,generated,ddpm,calibration,western-blot-04395,-1.6132248640060425,0.16614137589931488,original,0.5,detector-sam-vit-b-lora-r8-all-img512-51265aec,51265aecd96858feeead19cc47f9bd3dc0af3fa7d793582482a9287a153c3e25,cpu
synth/ddpm/ddpm_img_04400.png,bfa24faa4058faf66bd42a08bdbec6637f3ba2988aeaf3435902843578b921fb,generated,ddpm,calibration,western-blot-04400,-1.678466796875,0.15729859471321106,original,0.5,detector-sam-vit-b-lora-r8-all-img512-51265aec,51265aecd96858feeead19cc47f9bd3dc0af3fa7d793582482a9287a153c3e25,cpu
synth/ddpm/ddpm_img_04401.png,5449cda03f50f85b575a27022bd2104ef3cbcdfcaf61b26bd5741845ee5d1fad,generated,ddpm,calibration,western-blot-04401,2.690868377685547,0.9364857077598572,generated,0.5,detector-sam-vit-b-lora-r8-all-img512-51265aec,51265aecd96858feeead19cc47f9bd3dc0af3fa7d793582482a9287a153c3e25,cpu
synth/ddpm/ddpm_img_04423.png,f3b98f8c15eb18c708524e76c557b7f94d15277ab681db0380a35e6d63b12f81,generated,ddpm,calibration,western-blot-04423,-0.3422785699367523,0.4152560830116272,original,0.5,detector-sam-vit-b-lora-r8-all-img512-51265aec,51265aecd96858feeead19cc47f9bd3dc0af3fa7d793582482a9287a153c3e25,cpu
synth/ddpm/ddpm_img_04433.png,812efa408895eada6f422f3490315c5bae640f49ce0b2c67a37ab15efd393048,generated,ddpm,calibration,western-blot-04433,-1.052306890487671,0.25878235697746277,original,0.5,detector-sam-vit-b-lora-r8-all-img512-51265aec,51265aecd96858feeead19cc47f9bd3dc0af3fa7d793582482a9287a153c3e25,cpu
synth/ddpm/ddpm_img_04434.png,452e5329fa5377e78188fac3278fe8b65e1959be3d21febe8cebe268ffd10472,generated,ddpm,calibration,western-blot-04434,0.17119106650352478,0.542693555355072,generated,0.5,detector-sam-vit-b-lora-r8-all-img512-51265aec,51265aecd96858feeead19cc47f9bd3dc0af3fa7d793582482a9287a153c3e25,cpu
synth/ddpm/ddpm_img_04456.png,c0d40cfb3908053ab14e03a68457883d0afd0c4c891b924f9c5224335cdeaf75,generated,ddpm,calibration,western-blot-04456,-2.7601914405822754,0.059513650834560394,original,0.5,detector-sam-vit-b-lora-r8-all-img512-51265aec,51265aecd96858feeead19cc47f9bd3dc0af3fa7d793582482a9287a153c3e25,cpu
synth/ddpm/ddpm_img_04462.png,45de5897d9793bb1a1270aef7da947338457b528ce5d0d62da2b528025b6b793,generated,ddpm,calibration,western-blot-04462,0.24272319674491882,0.5603846311569214,generated,0.5,detector-sam-vit-b-lora-r8-all-img512-51265aec,51265aecd96858feeead19cc47f9bd3dc0af3fa7d793582482a9287a153c3e25,cpu
synth/ddpm/ddpm_img_04475.png,b21d71e899d566bae733da740335a4dde64e3ecbdc924fb51193193023b4dbe3,generated,ddpm,calibration,western-blot-04475,0.7923595905303955,0.6883377432823181,generated,0.5,detector-sam-vit-b-lora-r8-all-img512-51265aec,51265aecd96858feeead19cc47f9bd3dc0af3fa7d793582482a9287a153c3e25,cpu
synth/ddpm/ddpm_img_04477.png,47fa75a42e9345b8b37f1d5f186caae20cf825e0bc83a03be3541c08c6c55853,generated,ddpm,calibration,western-blot-04477,-0.4678010046482086,0.38513684272766113,original,0.5,detector-sam-vit-b-lora-r8-all-img512-51265aec,51265aecd96858feeead19cc47f9bd3dc0af3fa7d793582482a9287a153c3e25,cpu
synth/ddpm/ddpm_img_04496.png,aa674ba85b57b7c7e7764179d6626d2995759848b19ff57c3356946102e7cc18,generated,ddpm,calibration,western-blot-04496,-1.1380459070205688,0.24267929792404175,original,0.5,detector-sam-vit-b-lora-r8-all-img512-51265aec,51265aecd96858feeead19cc47f9bd3dc0af3fa7d793582482a9287a153c3e25,cpu
synth/ddpm/ddpm_img_04508.png,16a82356cf895b45c9086e5bab0a56b02762506cecbe61027370312b7bbcbcab,generated,ddpm,calibration,western-blot-04508,-0.6075776815414429,0.3526119589805603,original,0.5,detector-sam-vit-b-lora-r8-all-img512-51265aec,51265aecd96858feeead19cc47f9bd3dc0af3fa7d793582482a9287a153c3e25,cpu
synth/ddpm/ddpm_img_04513.png,25904886b8a5b12c6724e264d9891a827c0441991444ed0df7e0ca916924ffd6,generated,ddpm,calibration,western-blot-04513,0.3935379683971405,0.5971341133117676,generated,0.5,detector-sam-vit-b-lora-r8-all-img512-51265aec,51265aecd96858feeead19cc47f9bd3dc0af3fa7d793582482a9287a153c3e25,cpu
synth/ddpm/ddpm_img_04516.png,0d16a6c42609cca46a3f75f96ecdf6ddb38ef14241f89cb2d054c44825226160,generated,ddpm,calibration,western-blot-04516,0.3922538757324219,0.5968251824378967,generated,0.5,detector-sam-vit-b-lora-r8-all-img512-51265aec,51265aecd96858feeead19cc47f9bd3dc0af3fa7d793582482a9287a153c3e25,cpu
synth/ddpm/ddpm_img_04517.png,c318c42af90c2e0dff16e4de1f2be2e85ad442cba580bb46e506522f19605a01,generated,ddpm,calibration,western-blot-04517,-0.41196194291114807,0.39844176173210144,original,0.5,detector-sam-vit-b-lora-r8-all-img512-51265aec,51265aecd96858feeead19cc47f9bd3dc0af3fa7d793582482a9287a153c3e25,cpu
synth/ddpm/ddpm_img_04519.png,88b166e51fc55d3f86fda2a7bd8758bfc649c977af1ca43765d05bb7379c759a,generated,ddpm,calibration,western-blot-04519,0.39214423298835754,0.5967987775802612,generated,0.5,detector-sam-vit-b-lora-r8-all-img512-51265aec,51265aecd96858feeead19cc47f9bd3dc0af3fa7d793582482a9287a153c3e25,cpu
synth/ddpm/ddpm_img_04534.png,e2c9dc777bcb05a713ca93e893f62017f2ef7316b64c5f35803c92f86bcaaa2f,generated,ddpm,calibration,western-blot-04534,-0.32039228081703186,0.4205801486968994,original,0.5,detector-sam-vit-b-lora-r8-all-img512-51265aec,51265aecd96858feeead19cc47f9bd3dc0af3fa7d793582482a9287a153c3e25,cpu
synth/ddpm/ddpm_img_04539.png,de8835b94a16686a3fb2848558f7c582c60a2071018c2ef3d44fe57dbf599eb8,generated,ddpm,calibration,western-blot-04539,0.14631809294223785,0.536514401435852,generated,0.5,detector-sam-vit-b-lora-r8-all-img512-51265aec,51265aecd96858feeead19cc47f9bd3dc0af3fa7d793582482a9287a153c3e25,cpu
synth/ddpm/ddpm_img_04546.png,c7d09e08b939c40b1b8f82b39922ba09bf3fbf0fee4ad2d63cf71d6cd3b9e686,generated,ddpm,calibration,western-blot-04546,-1.1736966371536255,0.23618744313716888,original,0.5,detector-sam-vit-b-lora-r8-all-img512-51265aec,51265aecd96858feeead19cc47f9bd3dc0af3fa7d793582482a9287a153c3e25,cpu
synth/ddpm/ddpm_img_04570.png,410e57dacd10bcd0a887992b66df1ef85e8296d9a3f74ec68939ccc6185b9dac,generated,ddpm,calibration,western-blot-04570,-0.4111933410167694,0.39862602949142456,original,0.5,detector-sam-vit-b-lora-r8-all-img512-51265aec,51265aecd96858feeead19cc47f9bd3dc0af3fa7d793582482a9287a153c3e25,cpu
synth/ddpm/ddpm_img_04575.png,c85ce754a5df723699523d0b645ad36224bab03bb9bee82f459c3a7cff352bfe,generated,ddpm,calibration,western-blot-04575,0.15873029828071594,0.5395994782447815,generated,0.5,detector-sam-vit-b-lora-r8-all-img512-51265aec,51265aecd96858feeead19cc47f9bd3dc0af3fa7d793582482a9287a153c3e25,cpu
synth/ddpm/ddpm_img_04584.png,9581c854a354b37e798d569c3bb718bf4a01006d58f89686ae88ff134df95494,generated,ddpm,calibration,western-blot-04584,-0.8909427523612976,0.290915310382843,original,0.5,detector-sam-vit-b-lora-r8-all-img512-51265aec,51265aecd96858feeead19cc47f9bd3dc0af3fa7d793582482a9287a153c3e25,cpu
synth/ddpm/ddpm_img_04595.png,5c25b5b7000006d7269489fec7660318efda38ff371c3a152571e359066e83a6,generated,ddpm,calibration,western-blot-04595,1.160868763923645,0.761490523815155,generated,0.5,detector-sam-vit-b-lora-r8-all-img512-51265aec,51265aecd96858feeead19cc47f9bd3dc0af3fa7d793582482a9287a153c3e25,cpu
synth/ddpm/ddpm_img_04608.png,a51dd5fb46aa1282c876aa184acd0c26591d6079aad15d6e5eef53d601358a23,generated,ddpm,calibration,western-blot-04608,-0.40823227167129517,0.399336040019989,original,0.5,detector-sam-vit-b-lora-r8-all-img512-51265aec,51265aecd96858feeead19cc47f9bd3dc0af3fa7d793582482a9287a153c3e25,cpu
synth/ddpm/ddpm_img_04613.png,3200ef09a56a55f0c28f6ca9483350e442bbf5f50d1b4a9dc1a6f74dbbe1ad70,generated,ddpm,calibration,western-blot-04613,2.365609645843506,0.9141669273376465,generated,0.5,detector-sam-vit-b-lora-r8-all-img512-51265aec,51265aecd96858feeead19cc47f9bd3dc0af3fa7d793582482a9287a153c3e25,cpu
synth/ddpm/ddpm_img_04616.png,a363be0a030104d2e1bdfc83c266603146c67484e6f118186c81930ecff7ef63,generated,ddpm,calibration,western-blot-04616,-0.7292197346687317,0.32536599040031433,original,0.5,detector-sam-vit-b-lora-r8-all-img512-51265aec,51265aecd96858feeead19cc47f9bd3dc0af3fa7d793582482a9287a153c3e25,cpu
synth/ddpm/ddpm_img_04648.png,919ce28e89825724f7769daac2432448f39eeb1b0fe9df4b380eeeac9bf03862,generated,ddpm,calibration,western-blot-04648,4.240945816040039,0.9858103394508362,generated,0.5,detector-sam-vit-b-lora-r8-all-img512-51265aec,51265aecd96858feeead19cc47f9bd3dc0af3fa7d793582482a9287a153c3e25,cpu
synth/ddpm/ddpm_img_04655.png,6a5da2b7baddbbde851b9b35cc4d25b6b0c245a7d1cc54c11fff6282f726e5ec,generated,ddpm,calibration,western-blot-04655,0.16967345774173737,0.5423169136047363,generated,0.5,detector-sam-vit-b-lora-r8-all-img512-51265aec,51265aecd96858feeead19cc47f9bd3dc0af3fa7d793582482a9287a153c3e25,cpu
synth/ddpm/ddpm_img_04665.png,c5413c009917f2121d22884958df6295c0e5cdac1f45f5fcc64b0011ddf2077a,generated,ddpm,calibration,western-blot-04665,2.2377076148986816,0.9035849571228027,generated,0.5,detector-sam-vit-b-lora-r8-all-img512-51265aec,51265aecd96858feeead19cc47f9bd3dc0af3fa7d793582482a9287a153c3e25,cpu
synth/ddpm/ddpm_img_04679.png,1b981a3b1dfe585597018031450f1b303b597ede3ba486f04ae283d1a2a04dc7,generated,ddpm,calibration,western-blot-04679,0.9908745288848877,0.7292606830596924,generated,0.5,detector-sam-vit-b-lora-r8-all-img512-51265aec,51265aecd96858feeead19cc47f9bd3dc0af3fa7d793582482a9287a153c3e25,cpu
synth/ddpm/ddpm_img_04698.png,70b6e4a4eb98e010f538f0479c5df974e1d777504070327917c2fc124e5b793d,generated,ddpm,calibration,western-blot-04698,-0.3560555875301361,0.41191473603248596,original,0.5,detector-sam-vit-b-lora-r8-all-img512-51265aec,51265aecd96858feeead19cc47f9bd3dc0af3fa7d793582482a9287a153c3e25,cpu
synth/ddpm/ddpm_img_04708.png,6d1f5706bf5486c413070cc39651ea6ddeec8f8f4d3f55e939871d1c0f997cf2,generated,ddpm,calibration,western-blot-04708,0.7898581027984619,0.6878008842468262,generated,0.5,detector-sam-vit-b-lora-r8-all-img512-51265aec,51265aecd96858feeead19cc47f9bd3dc0af3fa7d793582482a9287a153c3e25,cpu
synth/ddpm/ddpm_img_04709.png,a7266ef14bdc9a0d41c057b93ebce7d911b1c5fc641e6bbfcabaa1b8894a812b,generated,ddpm,calibration,western-blot-04709,-1.33747136592865,0.2079261988401413,original,0.5,detector-sam-vit-b-lora-r8-all-img512-51265aec,51265aecd96858feeead19cc47f9bd3dc0af3fa7d793582482a9287a153c3e25,cpu
synth/ddpm/ddpm_img_04726.png,d65a061f0fb7993b1fe0529ef154d23e2686cabe3f76d701e91f8a87be1c6215,generated,ddpm,calibration,western-blot-04726,0.30875393748283386,0.5765811204910278,generated,0.5,detector-sam-vit-b-lora-r8-all-img512-51265aec,51265aecd96858feeead19cc47f9bd3dc0af3fa7d793582482a9287a153c3e25,cpu
synth/ddpm/ddpm_img_04727.png,64f4325a070386314b3b1ce13c95ec042731b08fdbcabc433f501d8493b3d4da,generated,ddpm,calibration,western-blot-04727,1.9812618494033813,0.8788156509399414,generated,0.5,detector-sam-vit-b-lora-r8-all-img512-51265aec,51265aecd96858feeead19cc47f9bd3dc0af3fa7d793582482a9287a153c3e25,cpu
synth/ddpm/ddpm_img_04728.png,98644552f83856582eb5c041015ac13f10f51fd8cf5aeb5d289f802b1ee5bce3,generated,ddpm,calibration,western-blot-04728,-0.02023025043308735,0.4949426054954529,original,0.5,detector-sam-vit-b-lora-r8-all-img512-51265aec,51265aecd96858feeead19cc47f9bd3dc0af3fa7d793582482a9287a153c3e25,cpu
synth/ddpm/ddpm_img_04743.png,3da97e5c10163cbccf4e77b71c135f1d8369abc7485fe3d75d16fbd4e4205683,generated,ddpm,calibration,western-blot-04743,-0.8667751550674438,0.2959257662296295,original,0.5,detector-sam-vit-b-lora-r8-all-img512-51265aec,51265aecd96858feeead19cc47f9bd3dc0af3fa7d793582482a9287a153c3e25,cpu
synth/ddpm/ddpm_img_04760.png,04a03a92cb9cbdeec0d109c8bbc78989bf5f03677774717a9dcb0a22e811baad,generated,ddpm,calibration,western-blot-04760,4.030752182006836,0.9825489521026611,generated,0.5,detector-sam-vit-b-lora-r8-all-img512-51265aec,51265aecd96858feeead19cc47f9bd3dc0af3fa7d793582482a9287a153c3e25,cpu
synth/ddpm/ddpm_img_04762.png,8e495d4df3252c4a76dbe509bde88f295839ddead20210d3cc186f7f5d8a3837,generated,ddpm,calibration,western-blot-04762,-2.290699005126953,0.09189619868993759,original,0.5,detector-sam-vit-b-lora-r8-all-img512-51265aec,51265aecd96858feeead19cc47f9bd3dc0af3fa7d793582482a9287a153c3e25,cpu
synth/ddpm/ddpm_img_04782.png,1ed0b5633e52925072fe911cc22cfba54814d9b3a5d288cf707f4d939427ef5e,generated,ddpm,calibration,western-blot-04782,-2.266669273376465,0.09392127394676208,original,0.5,detector-sam-vit-b-lora-r8-all-img512-51265aec,51265aecd96858feeead19cc47f9bd3dc0af3fa7d793582482a9287a153c3e25,cpu
synth/ddpm/ddpm_img_04791.png,087c07d5613cda7ac61916048bf5d585910f85aa52e177a150c62bc42ef70cbf,generated,ddpm,calibration,western-blot-04791,-0.19233332574367523,0.4520643353462219,original,0.5,detector-sam-vit-b-lora-r8-all-img512-51265aec,51265aecd96858feeead19cc47f9bd3dc0af3fa7d793582482a9287a153c3e25,cpu
synth/ddpm/ddpm_img_04806.png,6f03159dc9afa58c11fd242bb2b63f0844650acc0077bc8701b09f5b4460975e,generated,ddpm,calibration,western-blot-04806,-0.15189266204833984,0.46209967136383057,original,0.5,detector-sam-vit-b-lora-r8-all-img512-51265aec,51265aecd96858feeead19cc47f9bd3dc0af3fa7d793582482a9287a153c3e25,cpu
synth/ddpm/ddpm_img_04809.png,0a4439dc6319e4e22d248d108d3c71030a2148b136d078a29483f8d16af21d1d,generated,ddpm,calibration,western-blot-04809,-0.6377325057983398,0.3457593023777008,original,0.5,detector-sam-vit-b-lora-r8-all-img512-51265aec,51265aecd96858feeead19cc47f9bd3dc0af3fa7d793582482a9287a153c3e25,cpu
synth/ddpm/ddpm_img_04810.png,9231dcbf5004f26adb51fcdcb8364c6b43300edbaef771cf100f8958c1af3c10,generated,ddpm,calibration,western-blot-04810,-2.80519437789917,0.057044126093387604,original,0.5,detector-sam-vit-b-lora-r8-all-img512-51265aec,51265aecd96858feeead19cc47f9bd3dc0af3fa7d793582482a9287a153c3e25,cpu
synth/ddpm/ddpm_img_04820.png,7d6a427871506bdad5dacb531ec65fa26bca02db0fdda3ec575351dbd026bfbc,generated,ddpm,calibration,western-blot-04820,-0.3958577811717987,0.4023079574108124,original,0.5,detector-sam-vit-b-lora-r8-all-img512-51265aec,51265aecd96858feeead19cc47f9bd3dc0af3fa7d793582482a9287a153c3e25,cpu
synth/ddpm/ddpm_img_04831.png,364f4caee24c81fdfccac7bbd063bd65f7c2b3ffa7b80cb1490c09f04fb9fc59,generated,ddpm,calibration,western-blot-04831,-1.2669075727462769,0.21978707611560822,original,0.5,detector-sam-vit-b-lora-r8-all-img512-51265aec,51265aecd96858feeead19cc47f9bd3dc0af3fa7d793582482a9287a153c3e25,cpu
synth/ddpm/ddpm_img_04837.png,9bba8c4969269cf15de920594c1d9fc1eeb7d5f5d6be5ea074f4e36268f4f0a6,generated,ddpm,calibration,western-blot-04837,-0.12644536793231964,0.46843069791793823,original,0.5,detector-sam-vit-b-lora-r8-all-img512-51265aec,51265aecd96858feeead19cc47f9bd3dc0af3fa7d793582482a9287a153c3e25,cpu
synth/ddpm/ddpm_img_04847.png,7de7c0997d3e060cc8254c643d84086065d0f0dad85a9d49312158a526f0c65a,generated,ddpm,calibration,western-blot-04847,0.30795976519584656,0.5763872265815735,generated,0.5,detector-sam-vit-b-lora-r8-all-img512-51265aec,51265aecd96858feeead19cc47f9bd3dc0af3fa7d793582482a9287a153c3e25,cpu
synth/ddpm/ddpm_img_04859.png,b6a9741fe5e1a41880750a84cea2e4fe3bc419454c71f46efee525f5a31ee6c4,generated,ddpm,calibration,western-blot-04859,3.29286789894104,0.9641833305358887,generated,0.5,detector-sam-vit-b-lora-r8-all-img512-51265aec,51265aecd96858feeead19cc47f9bd3dc0af3fa7d793582482a9287a153c3e25,cpu
synth/ddpm/ddpm_img_04861.png,1491c651c4e63aefd575657758793699b86f9358d6ef398de45991b78d43b73d,generated,ddpm,calibration,western-blot-04861,-0.4225194454193115,0.3959140181541443,original,0.5,detector-sam-vit-b-lora-r8-all-img512-51265aec,51265aecd96858feeead19cc47f9bd3dc0af3fa7d793582482a9287a153c3e25,cpu
synth/ddpm/ddpm_img_04866.png,411a894bcfa7c8eee19fd57ecfe503c515c881adf18eac25f6e120e97e65cab8,generated,ddpm,calibration,western-blot-04866,-0.10734064877033234,0.473190575838089,original,0.5,detector-sam-vit-b-lora-r8-all-img512-51265aec,51265aecd96858feeead19cc47f9bd3dc0af3fa7d793582482a9287a153c3e25,cpu
synth/ddpm/ddpm_img_04867.png,3dd286f8c07c8bcc70d883054506490ef250128dbeab865858d3715ea9806a13,generated,ddpm,calibration,western-blot-04867,-0.9865823984146118,0.27158764004707336,original,0.5,detector-sam-vit-b-lora-r8-all-img512-51265aec,51265aecd96858feeead19cc47f9bd3dc0af3fa7d793582482a9287a153c3e25,cpu
synth/ddpm/ddpm_img_04871.png,6021f2f282504e50946a0dcc7e81201f812ea402ea4734444240906e9e9a3f82,generated,ddpm,calibration,western-blot-04871,-0.3345521092414856,0.4171334207057953,original,0.5,detector-sam-vit-b-lora-r8-all-img512-51265aec,51265aecd96858feeead19cc47f9bd3dc0af3fa7d793582482a9287a153c3e25,cpu
synth/ddpm/ddpm_img_04879.png,c286b0ce12dfc496a41a0adba1112e605509834bd99ce165a0db5ee542ea76a6,generated,ddpm,calibration,western-blot-04879,0.05596131086349487,0.5139867067337036,generated,0.5,detector-sam-vit-b-lora-r8-all-img512-51265aec,51265aecd96858feeead19cc47f9bd3dc0af3fa7d793582482a9287a153c3e25,cpu
synth/ddpm/ddpm_img_04900.png,7ce97a4c81139124161e7d9f3ac40308a0ef24dcd1400801921d9c9e64e57bab,generated,ddpm,calibration,western-blot-04900,3.770174026489258,0.9774711728096008,generated,0.5,detector-sam-vit-b-lora-r8-all-img512-51265aec,51265aecd96858feeead19cc47f9bd3dc0af3fa7d793582482a9287a153c3e25,cpu
synth/ddpm/ddpm_img_04936.png,dc25742334258f5e285ad05640d8107d0ce0f24386ef1b57852afa761f8d31c1,generated,ddpm,calibration,western-blot-04936,0.9212607741355896,0.7152988910675049,generated,0.5,detector-sam-vit-b-lora-r8-all-img512-51265aec,51265aecd96858feeead19cc47f9bd3dc0af3fa7d793582482a9287a153c3e25,cpu
synth/ddpm/ddpm_img_04942.png,c324bb462b151d6f5c4aab24008da313ecb98858adc1f9c8f0e723caa3a1560e,generated,ddpm,calibration,western-blot-04942,-0.8931752443313599,0.29045501351356506,original,0.5,detector-sam-vit-b-lora-r8-all-img512-51265aec,51265aecd96858feeead19cc47f9bd3dc0af3fa7d793582482a9287a153c3e25,cpu
synth/ddpm/ddpm_img_04953.png,d124da07c9543dee3b911460bc679fec270e50f13ce9affc31a960db0e0fe6a5,generated,ddpm,calibration,western-blot-04953,2.3189144134521484,0.910431444644928,generated,0.5,detector-sam-vit-b-lora-r8-all-img512-51265aec,51265aecd96858feeead19cc47f9bd3dc0af3fa7d793582482a9287a153c3e25,cpu
synth/ddpm/ddpm_img_04974.png,c9d7edaacf0ce4e2ff3ea46d0f50b3fa2370da40e98ff154670cdfad7151df26,generated,ddpm,calibration,western-blot-04974,1.2256370782852173,0.7730540633201599,generated,0.5,detector-sam-vit-b-lora-r8-all-img512-51265aec,51265aecd96858feeead19cc47f9bd3dc0af3fa7d793582482a9287a153c3e25,cpu
synth/ddpm/ddpm_img_04998.png,4a7266c46b9ceb2440674ef4be0ab620443402cfe62fea4f5107946aacb321fa,generated,ddpm,calibration,western-blot-04998,-0.7929484248161316,0.31153595447540283,original,0.5,detector-sam-vit-b-lora-r8-all-img512-51265aec,51265aecd96858feeead19cc47f9bd3dc0af3fa7d793582482a9287a153c3e25,cpu
synth/ddpm/ddpm_img_04999.png,11973dafdc8b1c25494d4967ad59b8442f3f79b8dd040c634f742b2ca96bdc81,generated,ddpm,calibration,western-blot-04999,-0.9318128824234009,0.28255707025527954,original,0.5,detector-sam-vit-b-lora-r8-all-img512-51265aec,51265aecd96858feeead19cc47f9bd3dc0af3fa7d793582482a9287a153c3e25,cpu
synth/ddpm/ddpm_img_05008.png,5932fb60f0737cb2cbf0e7333bf051f7c0134b5982c4c6e5e5e261a12c9cd850,generated,ddpm,calibration,western-blot-05008,-1.556995153427124,0.17407825589179993,original,0.5,detector-sam-vit-b-lora-r8-all-img512-51265aec,51265aecd96858feeead19cc47f9bd3dc0af3fa7d793582482a9287a153c3e25,cpu
synth/ddpm/ddpm_img_05022.png,7b7e4810445bdfe1b47faffd4e836b8e7f652eebd4efd6be5ce2e3c5cd11809f,generated,ddpm,calibration,western-blot-05022,-0.37409308552742004,0.4075523614883423,original,0.5,detector-sam-vit-b-lora-r8-all-img512-51265aec,51265aecd96858feeead19cc47f9bd3dc0af3fa7d793582482a9287a153c3e25,cpu
synth/ddpm/ddpm_img_05028.png,7e0411f2c18f80b2816ac51d9965e446f6b246ab72633488448e4c756040b956,generated,ddpm,calibration,western-blot-05028,5.683981418609619,0.9966115355491638,generated,0.5,detector-sam-vit-b-lora-r8-all-img512-51265aec,51265aecd96858feeead19cc47f9bd3dc0af3fa7d793582482a9287a153c3e25,cpu
synth/ddpm/ddpm_img_05029.png,499a7def3076990cc78f1778fb3120aec8c7c4aa922c0f1fb377083d7ee1f53b,generated,ddpm,calibration,western-blot-05029,1.1697531938552856,0.7631004452705383,generated,0.5,detector-sam-vit-b-lora-r8-all-img512-51265aec,51265aecd96858feeead19cc47f9bd3dc0af3fa7d793582482a9287a153c3e25,cpu
synth/ddpm/ddpm_img_05032.png,22d2ebb92019989565fdec619d02062899f7667509fa453ae198b0190f464cdb,generated,ddpm,calibration,western-blot-05032,-1.215062141418457,0.22880659997463226,original,0.5,detector-sam-vit-b-lora-r8-all-img512-51265aec,51265aecd96858feeead19cc47f9bd3dc0af3fa7d793582482a9287a153c3e25,cpu
synth/ddpm/ddpm_img_05052.png,d52603fa1f3643e3cc7caf1f6635f8f3783f6ce8e0ce582d4e3b9ddffe3c0c16,generated,ddpm,calibration,western-blot-05052,1.225855827331543,0.7730924487113953,generated,0.5,detector-sam-vit-b-lora-r8-all-img512-51265aec,51265aecd96858feeead19cc47f9bd3dc0af3fa7d793582482a9287a153c3e25,cpu
synth/ddpm/ddpm_img_05063.png,c471423851bcfa607723b9b25271d95bf8e05b34bbda1c3631bcd17fa60f96b9,generated,ddpm,calibration,western-blot-05063,2.840394973754883,0.9448201060295105,generated,0.5,detector-sam-vit-b-lora-r8-all-img512-51265aec,51265aecd96858feeead19cc47f9bd3dc0af3fa7d793582482a9287a153c3e25,cpu
synth/ddpm/ddpm_img_05069.png,5529b39ded424576626e19a07f5119055ee615a3d414cb20dcd5ddaa7d319433,generated,ddpm,calibration,western-blot-05069,3.6283278465270996,0.9741266369819641,generated,0.5,detector-sam-vit-b-lora-r8-all-img512-51265aec,51265aecd96858feeead19cc47f9bd3dc0af3fa7d793582482a9287a153c3e25,cpu
synth/ddpm/ddpm_img_05076.png,cc7a33ddb954363f000a7c16bf8c3ad86e86bd87a252ffef5720cac73d12b385,generated,ddpm,calibration,western-blot-05076,0.07086465507745743,0.5177087783813477,generated,0.5,detector-sam-vit-b-lora-r8-all-img512-51265aec,51265aecd96858feeead19cc47f9bd3dc0af3fa7d793582482a9287a153c3e25,cpu
synth/ddpm/ddpm_img_05094.png,3ae12f366edb39c9bbbd1fdb45ea8d3f786c2797be85eebf4eaf896814c79d80,generated,ddpm,calibration,western-blot-05094,9.094659805297852,0.9998877048492432,generated,0.5,detector-sam-vit-b-lora-r8-all-img512-51265aec,51265aecd96858feeead19cc47f9bd3dc0af3fa7d793582482a9287a153c3e25,cpu
synth/ddpm/ddpm_img_05097.png,d7d788badec2f1f8791b9a5a98260efa673d2845ce8834b61a6e53d86321acd4,generated,ddpm,calibration,western-blot-05097,-0.7121076583862305,0.3291333019733429,original,0.5,detector-sam-vit-b-lora-r8-all-img512-51265aec,51265aecd96858feeead19cc47f9bd3dc0af3fa7d793582482a9287a153c3e25,cpu
synth/ddpm/ddpm_img_05104.png,37a5426655bef060128dcbeb22c393dca63aec8281361e2eaafa8628ff783624,generated,ddpm,calibration,western-blot-05104,-1.4807194471359253,0.18531878292560577,original,0.5,detector-sam-vit-b-lora-r8-all-img512-51265aec,51265aecd96858feeead19cc47f9bd3dc0af3fa7d793582482a9287a153c3e25,cpu
synth/ddpm/ddpm_img_05105.png,c816465cd69a311e8767f865c138ed35be2ab216bc552e181672ebb4558b3f4c,generated,ddpm,calibration,western-blot-05105,-1.3555965423583984,0.20495691895484924,original,0.5,detector-sam-vit-b-lora-r8-all-img512-51265aec,51265aecd96858feeead19cc47f9bd3dc0af3fa7d793582482a9287a153c3e25,cpu
synth/ddpm/ddpm_img_05110.png,2b56477c911e10ee872ff15e1d1803f84b45a3682c377b2860a98602b2cdb232,generated,ddpm,calibration,western-blot-05110,0.16541263461112976,0.5412591099739075,generated,0.5,detector-sam-vit-b-lora-r8-all-img512-51265aec,51265aecd96858feeead19cc47f9bd3dc0af3fa7d793582482a9287a153c3e25,cpu
synth/ddpm/ddpm_img_05113.png,93fecab5627f63a421361a8d083ab9ab833d4d54d89d1b9eb5b05aadc8b1642b,generated,ddpm,calibration,western-blot-05113,0.9154548645019531,0.7141150832176208,generated,0.5,detector-sam-vit-b-lora-r8-all-img512-51265aec,51265aecd96858feeead19cc47f9bd3dc0af3fa7d793582482a9287a153c3e25,cpu
synth/ddpm/ddpm_img_05129.png,1bb4bfd480d903f05f87030eaa0023382053efe79c5539ec990582d7addd873f,generated,ddpm,calibration,western-blot-05129,2.1604256629943848,0.8966389298439026,generated,0.5,detector-sam-vit-b-lora-r8-all-img512-51265aec,51265aecd96858feeead19cc47f9bd3dc0af3fa7d793582482a9287a153c3e25,cpu
synth/ddpm/ddpm_img_05146.png,8f10b95888a291829bd5a59dd89b057515c1b4498b88cec63c22ff8394c94d4f,generated,ddpm,calibration,western-blot-05146,-0.9992438554763794,0.26909011602401733,original,0.5,detector-sam-vit-b-lora-r8-all-img512-51265aec,51265aecd96858feeead19cc47f9bd3dc0af3fa7d793582482a9287a153c3e25,cpu
synth/ddpm/ddpm_img_05173.png,1f310f1fd15ddae5c7776e844a645f17e581b2156cef01e4b1b753dbe7fe9966,generated,ddpm,calibration,western-blot-05173,0.6169480681419373,0.6495241522789001,generated,0.5,detector-sam-vit-b-lora-r8-all-img512-51265aec,51265aecd96858feeead19cc47f9bd3dc0af3fa7d793582482a9287a153c3e25,cpu
synth/ddpm/ddpm_img_05175.png,c386525b8478d3cb19c277463f452373fc7406c280a0b256921dd8350d180176,generated,ddpm,calibration,western-blot-05175,2.4675493240356445,0.9218353629112244,generated,0.5,detector-sam-vit-b-lora-r8-all-img512-51265aec,51265aecd96858feeead19cc47f9bd3dc0af3fa7d793582482a9287a153c3e25,cpu
synth/ddpm/ddpm_img_05214.png,1a0ad9758ac7a04bded82b19f24f8493e12cd146deaf68389acfad50ac99ad38,generated,ddpm,calibration,western-blot-05214,-0.855588436126709,0.2982618808746338,original,0.5,detector-sam-vit-b-lora-r8-all-img512-51265aec,51265aecd96858feeead19cc47f9bd3dc0af3fa7d793582482a9287a153c3e25,cpu
synth/ddpm/ddpm_img_05219.png,909a99c17593b071e21cfaaa58030cecb47a2ab3f8e10e24f0c55fd779683971,generated,ddpm,calibration,western-blot-05219,-0.874737560749054,0.29426947236061096,original,0.5,detector-sam-vit-b-lora-r8-all-img512-51265aec,51265aecd96858feeead19cc47f9bd3dc0af3fa7d793582482a9287a153c3e25,cpu
synth/ddpm/ddpm_img_05226.png,2e631f194b7e5efed773d5ce43127f55e779aa3ee09a4f620afc5015b3dff975,generated,ddpm,calibration,western-blot-05226,5.122345924377441,0.9940733313560486,generated,0.5,detector-sam-vit-b-lora-r8-all-img512-51265aec,51265aecd96858feeead19cc47f9bd3dc0af3fa7d793582482a9287a153c3e25,cpu
synth/ddpm/ddpm_img_05240.png,540eb8f463af57ddb1480c0024f782af505893b8cdd5952cd388f1c086c16e65,generated,ddpm,calibration,western-blot-05240,2.52219557762146,0.9256832003593445,generated,0.5,detector-sam-vit-b-lora-r8-all-img512-51265aec,51265aecd96858feeead19cc47f9bd3dc0af3fa7d793582482a9287a153c3e25,cpu
synth/ddpm/ddpm_img_05247.png,7f0eec8a2829f2d6bc59f63cc1cc16a37e42933e04aadd5e5b989025e793e233,generated,ddpm,calibration,western-blot-05247,-0.22480392456054688,0.44403451681137085,original,0.5,detector-sam-vit-b-lora-r8-all-img512-51265aec,51265aecd96858feeead19cc47f9bd3dc0af3fa7d793582482a9287a153c3e25,cpu
synth/ddpm/ddpm_img_05248.png,6cc59e394220c065806e8d73e6a0862145dab8212205ceac246c5105977fee8e,generated,ddpm,calibration,western-blot-05248,-1.2386373281478882,0.22467327117919922,original,0.5,detector-sam-vit-b-lora-r8-all-img512-51265aec,51265aecd96858feeead19cc47f9bd3dc0af3fa7d793582482a9287a153c3e25,cpu
synth/ddpm/ddpm_img_05249.png,f747814ad3457d9e38a3e25f150fe56635e1f7ca260d0c5761ea0d1629c8517b,generated,ddpm,calibration,western-blot-05249,-1.2268308401107788,0.22673659026622772,original,0.5,detector-sam-vit-b-lora-r8-all-img512-51265aec,51265aecd96858feeead19cc47f9bd3dc0af3fa7d793582482a9287a153c3e25,cpu
synth/ddpm/ddpm_img_05260.png,be5cbe26bff5186b4d82797f19faaf6d2cbbd3b27d29449020e1084fa5b865a1,generated,ddpm,calibration,western-blot-05260,-2.091630458831787,0.10991296172142029,original,0.5,detector-sam-vit-b-lora-r8-all-img512-51265aec,51265aecd96858feeead19cc47f9bd3dc0af3fa7d793582482a9287a153c3e25,cpu
synth/ddpm/ddpm_img_05261.png,e9659398d9a80d96d5aa68430423dda64807f606d0f3152f17de7d5a2c76944b,generated,ddpm,calibration,western-blot-05261,-1.5295790433883667,0.1780552864074707,original,0.5,detector-sam-vit-b-lora-r8-all-img512-51265aec,51265aecd96858feeead19cc47f9bd3dc0af3fa7d793582482a9287a153c3e25,cpu
synth/ddpm/ddpm_img_05267.png,ff9064731a480ff1621a09bf015d089abce2beb68eebcf16e56169459d470364,generated,ddpm,calibration,western-blot-05267,0.8662539720535278,0.7039656639099121,generated,0.5,detector-sam-vit-b-lora-r8-all-img512-51265aec,51265aecd96858feeead19cc47f9bd3dc0af3fa7d793582482a9287a153c3e25,cpu
synth/ddpm/ddpm_img_05270.png,7939506ab08662a00d8e212ac5937cec7d5a8ca8a5e757a858325b7f66732f9e,generated,ddpm,calibration,western-blot-05270,-0.5507932901382446,0.36568036675453186,original,0.5,detector-sam-vit-b-lora-r8-all-img512-51265aec,51265aecd96858feeead19cc47f9bd3dc0af3fa7d793582482a9287a153c3e25,cpu
synth/ddpm/ddpm_img_05292.png,b47383c04cfb0113e5728072892e2820fab9fda82e7e2e8d4760e5fa7c04c998,generated,ddpm,calibration,western-blot-05292,-0.5578616857528687,0.36404237151145935,original,0.5,detector-sam-vit-b-lora-r8-all-img512-51265aec,51265aecd96858feeead19cc47f9bd3dc0af3fa7d793582482a9287a153c3e25,cpu
synth/ddpm/ddpm_img_05294.png,6c879ed91463de21936ae158226c88f5b7c2436d89b9f9782380859b3e6d17cf,generated,ddpm,calibration,western-blot-05294,-0.663117527961731,0.3400396406650543,original,0.5,detector-sam-vit-b-lora-r8-all-img512-51265aec,51265aecd96858feeead19cc47f9bd3dc0af3fa7d793582482a9287a153c3e25,cpu
synth/ddpm/ddpm_img_05296.png,134027ed632b3cfce2b35088df01ba862170c1caffb62b38467005267f578f28,generated,ddpm,calibration,western-blot-05296,-0.2747083604335785,0.431751549243927,original,0.5,detector-sam-vit-b-lora-r8-all-img512-51265aec,51265aecd96858feeead19cc47f9bd3dc0af3fa7d793582482a9287a153c3e25,cpu
synth/ddpm/ddpm_img_05298.png,f00e81acb65750225a74cc88d52e196ea31924e773a2ce2a618706f16977e5a6,generated,ddpm,calibration,western-blot-05298,-5.84404182434082,0.002888740273192525,original,0.5,detector-sam-vit-b-lora-r8-all-img512-51265aec,51265aecd96858feeead19cc47f9bd3dc0af3fa7d793582482a9287a153c3e25,cpu
synth/ddpm/ddpm_img_05299.png,3381ec6bae1ca956df6debc4ddb525fa80c1b5882a7d697c290439a01d856e95,generated,ddpm,calibration,western-blot-05299,-0.7763991355895996,0.3150964677333832,original,0.5,detector-sam-vit-b-lora-r8-all-img512-51265aec,51265aecd96858feeead19cc47f9bd3dc0af3fa7d793582482a9287a153c3e25,cpu
synth/ddpm/ddpm_img_05326.png,6b7dcf2b93aee42e8112be570340e302e3bff29bf26643631e40a47fbf1bb81d,generated,ddpm,calibration,western-blot-05326,-0.8795077800750732,0.2932797968387604,original,0.5,detector-sam-vit-b-lora-r8-all-img512-51265aec,51265aecd96858feeead19cc47f9bd3dc0af3fa7d793582482a9287a153c3e25,cpu
synth/ddpm/ddpm_img_05327.png,1f3841ab86f7ec5d99759d519911b0d75de713045254a4b8428c6c864c4766ee,generated,ddpm,calibration,western-blot-05327,1.020762324333191,0.7351210713386536,generated,0.5,detector-sam-vit-b-lora-r8-all-img512-51265aec,51265aecd96858feeead19cc47f9bd3dc0af3fa7d793582482a9287a153c3e25,cpu
synth/ddpm/ddpm_img_05331.png,c849aac0617d3ead1b304cb0b276553eff197af572ecf8aaecc2515b694fc2bc,generated,ddpm,calibration,western-blot-05331,2.3311352729797363,0.9114230275154114,generated,0.5,detector-sam-vit-b-lora-r8-all-img512-51265aec,51265aecd96858feeead19cc47f9bd3dc0af3fa7d793582482a9287a153c3e25,cpu
synth/ddpm/ddpm_img_05395.png,596e29e39763c316a66b041afcbfe45b2dcf420d5f04b3e62480b4c9fef92843,generated,ddpm,calibration,western-blot-05395,-0.27569282054901123,0.4315100610256195,original,0.5,detector-sam-vit-b-lora-r8-all-img512-51265aec,51265aecd96858feeead19cc47f9bd3dc0af3fa7d793582482a9287a153c3e25,cpu
synth/ddpm/ddpm_img_05419.png,14d8d35b983373f6b0f0e165603dc9814a61e0030b558a641f4495f892b2e011,generated,ddpm,calibration,western-blot-05419,0.7346046566963196,0.6758149266242981,generated,0.5,detector-sam-vit-b-lora-r8-all-img512-51265aec,51265aecd96858feeead19cc47f9bd3dc0af3fa7d793582482a9287a153c3e25,cpu
synth/ddpm/ddpm_img_05431.png,df1ebaf7ed4a8e5a2835f6eccd22957333c3d7a5218b6a8bad178d1f2112213d,generated,ddpm,calibration,western-blot-05431,2.231719493865967,0.9030619859695435,generated,0.5,detector-sam-vit-b-lora-r8-all-img512-51265aec,51265aecd96858feeead19cc47f9bd3dc0af3fa7d793582482a9287a153c3e25,cpu
synth/ddpm/ddpm_img_05458.png,07d39c73dd8d88d0d7fd05f51c7ee4f0dce4a37fe038cedf09f37679d78ad4c3,generated,ddpm,calibration,western-blot-05458,2.103787422180176,0.8912707567214966,generated,0.5,detector-sam-vit-b-lora-r8-all-img512-51265aec,51265aecd96858feeead19cc47f9bd3dc0af3fa7d793582482a9287a153c3e25,cpu
synth/ddpm/ddpm_img_05481.png,1948a0b57b990dfb5a96acee546b15bfae15c6caa92e2bbe06fbb70e941f2c5a,generated,ddpm,calibration,western-blot-05481,-1.7333933115005493,0.15015403926372528,original,0.5,detector-sam-vit-b-lora-r8-all-img512-51265aec,51265aecd96858feeead19cc47f9bd3dc0af3fa7d793582482a9287a153c3e25,cpu
synth/ddpm/ddpm_img_05485.png,a2ce0840ebaf3114ef1ffe0419dc1c781c7d6905f728054fe583ee6600fb54ff,generated,ddpm,calibration,western-blot-05485,0.28917309641838074,0.5717936754226685,generated,0.5,detector-sam-vit-b-lora-r8-all-img512-51265aec,51265aecd96858feeead19cc47f9bd3dc0af3fa7d793582482a9287a153c3e25,cpu
synth/ddpm/ddpm_img_05491.png,8421c62e628217238f199b4cfa3b287701f52b96ab990746f40582a2b6fc7f55,generated,ddpm,calibration,western-blot-05491,1.9065130949020386,0.8706269264221191,generated,0.5,detector-sam-vit-b-lora-r8-all-img512-51265aec,51265aecd96858feeead19cc47f9bd3dc0af3fa7d793582482a9287a153c3e25,cpu
synth/ddpm/ddpm_img_05498.png,122cc32dd7a6e00a266d197d1f6027f6ded9786fd0f59f962515b70cc58063ba,generated,ddpm,calibration,western-blot-05498,-0.9150691628456116,0.28596365451812744,original,0.5,detector-sam-vit-b-lora-r8-all-img512-51265aec,51265aecd96858feeead19cc47f9bd3dc0af3fa7d793582482a9287a153c3e25,cpu
synth/ddpm/ddpm_img_05517.png,27d1b97311b0757843ccab20bc8f3477f09ab6d3528d6da855094783df6b1c30,generated,ddpm,calibration,western-blot-05517,2.8346190452575684,0.9445182085037231,generated,0.5,detector-sam-vit-b-lora-r8-all-img512-51265aec,51265aecd96858feeead19cc47f9bd3dc0af3fa7d793582482a9287a153c3e25,cpu
synth/ddpm/ddpm_img_05528.png,555050cf128b3000161611d3a1ffcbdfacc7abf2964f050e2af2cc0f5ee2a40c,generated,ddpm,calibration,western-blot-05528,0.7653532028198242,0.6825147867202759,generated,0.5,detector-sam-vit-b-lora-r8-all-img512-51265aec,51265aecd96858feeead19cc47f9bd3dc0af3fa7d793582482a9287a153c3e25,cpu
synth/ddpm/ddpm_img_05544.png,d1098f03acf9f891535cf2fd0028c18e67bdf6c0012fdc186adbb5dfa687473f,generated,ddpm,calibration,western-blot-05544,1.1818122863769531,0.7652734518051147,generated,0.5,detector-sam-vit-b-lora-r8-all-img512-51265aec,51265aecd96858feeead19cc47f9bd3dc0af3fa7d793582482a9287a153c3e25,cpu
synth/ddpm/ddpm_img_05553.png,cc97b7f8cec715b0998e8b2607814316f30ce1f8bd55af0c5e986d4490d98aa4,generated,ddpm,calibration,western-blot-05553,-0.13723665475845337,0.46574461460113525,original,0.5,detector-sam-vit-b-lora-r8-all-img512-51265aec,51265aecd96858feeead19cc47f9bd3dc0af3fa7d793582482a9287a153c3e25,cpu
synth/ddpm/ddpm_img_05556.png,03c2d9a2f06bef0a40a67561dd93c5ebfe6c7db8140c7e8f53d4b5d0073fb7b1,generated,ddpm,calibration,western-blot-05556,2.030937671661377,0.8840072154998779,generated,0.5,detector-sam-vit-b-lora-r8-all-img512-51265aec,51265aecd96858feeead19cc47f9bd3dc0af3fa7d793582482a9287a153c3e25,cpu
synth/ddpm/ddpm_img_05563.png,46d7339b193c88fe43a93a97c9e02fad26936bdf60bfb90cb81bf36ba11e049c,generated,ddpm,calibration,western-blot-05563,-0.8837207555770874,0.2924073338508606,original,0.5,detector-sam-vit-b-lora-r8-all-img512-51265aec,51265aecd96858feeead19cc47f9bd3dc0af3fa7d793582482a9287a153c3e25,cpu
synth/ddpm/ddpm_img_05569.png,e1b91dfb968fb52191f0ecc59810117ff0e68f7834e714647001a82a01353bfb,generated,ddpm,calibration,western-blot-05569,-4.7022504806518555,0.008993219584226608,original,0.5,detector-sam-vit-b-lora-r8-all-img512-51265aec,51265aecd96858feeead19cc47f9bd3dc0af3fa7d793582482a9287a153c3e25,cpu
synth/ddpm/ddpm_img_05597.png,61f15602a6ddc8e6de6582ff4fa4f1cc6580c9b71f0fca56a8377630872e701e,generated,ddpm,calibration,western-blot-05597,-0.0500924251973629,0.4874795079231262,original,0.5,detector-sam-vit-b-lora-r8-all-img512-51265aec,51265aecd96858feeead19cc47f9bd3dc0af3fa7d793582482a9287a153c3e25,cpu
synth/ddpm/ddpm_img_05615.png,4277e16e2027d76d1ceca03abede6ee77802e92bc1bf732ee8fefc5076c946c9,generated,ddpm,calibration,western-blot-05615,0.5189914703369141,0.6269119381904602,generated,0.5,detector-sam-vit-b-lora-r8-all-img512-51265aec,51265aecd96858feeead19cc47f9bd3dc0af3fa7d793582482a9287a153c3e25,cpu
synth/ddpm/ddpm_img_05622.png,5e963a0e9a081be50b2673f2971ba24f016cc6f5fdd18455e47bc3a0c2d6197e,generated,ddpm,calibration,western-blot-05622,1.5823595523834229,0.8295384645462036,generated,0.5,detector-sam-vit-b-lora-r8-all-img512-51265aec,51265aecd96858feeead19cc47f9bd3dc0af3fa7d793582482a9287a153c3e25,cpu
synth/ddpm/ddpm_img_05627.png,4cc58a1c29ff66f9ad0cba3b7e712bbc7067bee7c2e58f64c564313f962c1b2b,generated,ddpm,calibration,western-blot-05627,-0.4624946415424347,0.386394202709198,original,0.5,detector-sam-vit-b-lora-r8-all-img512-51265aec,51265aecd96858feeead19cc47f9bd3dc0af3fa7d793582482a9287a153c3e25,cpu
synth/ddpm/ddpm_img_05632.png,14cf6b53757c4df72387e2cf86623e4a83945016e6373148a6eb95c5bd29205b,generated,ddpm,calibration,western-blot-05632,-0.6049014329910278,0.35322311520576477,original,0.5,detector-sam-vit-b-lora-r8-all-img512-51265aec,51265aecd96858feeead19cc47f9bd3dc0af3fa7d793582482a9287a153c3e25,cpu
synth/ddpm/ddpm_img_05646.png,75c652f48169bc79f3bc002a4264c95c055a9379ad5a73c216dd6818a00a4df3,generated,ddpm,calibration,western-blot-05646,0.5192661285400391,0.6269761323928833,generated,0.5,detector-sam-vit-b-lora-r8-all-img512-51265aec,51265aecd96858feeead19cc47f9bd3dc0af3fa7d793582482a9287a153c3e25,cpu
synth/ddpm/ddpm_img_05648.png,d974f97efb343edbab6b7a26dc89cc8993883c2b0945d09cbe5f058bce36178c,generated,ddpm,calibration,western-blot-05648,-0.003352982457727194,0.4991617500782013,original,0.5,detector-sam-vit-b-lora-r8-all-img512-51265aec,51265aecd96858feeead19cc47f9bd3dc0af3fa7d793582482a9287a153c3e25,cpu
synth/ddpm/ddpm_img_05649.png,e2baa430b15c71870ac991bf376bbad44feb5b6088f6f11a71dacc5579ebc3bc,generated,ddpm,calibration,western-blot-05649,4.631192207336426,0.9903509020805359,generated,0.5,detector-sam-vit-b-lora-r8-all-img512-51265aec,51265aecd96858feeead19cc47f9bd3dc0af3fa7d793582482a9287a153c3e25,cpu
synth/ddpm/ddpm_img_05652.png,5ec80b9fb774f2594665afaa1fbdd27456ca4855814ce4a8719955e89567f4ab,generated,ddpm,calibration,western-blot-05652,-0.7945137023925781,0.3112003207206726,original,0.5,detector-sam-vit-b-lora-r8-all-img512-51265aec,51265aecd96858feeead19cc47f9bd3dc0af3fa7d793582482a9287a153c3e25,cpu
synth/ddpm/ddpm_img_05664.png,ba65e16aed62ad3988fd415354d33b8a38f04ce7044757330ea27ed137d2f2a1,generated,ddpm,calibration,western-blot-05664,-0.9926506280899048,0.2703888416290283,original,0.5,detector-sam-vit-b-lora-r8-all-img512-51265aec,51265aecd96858feeead19cc47f9bd3dc0af3fa7d793582482a9287a153c3e25,cpu
synth/ddpm/ddpm_img_05685.png,3ab4b0f14d971f33f0e8357d890ab9a796708002a4ff3aa04005b4d10455c405,generated,ddpm,calibration,western-blot-05685,2.835200309753418,0.9445486068725586,generated,0.5,detector-sam-vit-b-lora-r8-all-img512-51265aec,51265aecd96858feeead19cc47f9bd3dc0af3fa7d793582482a9287a153c3e25,cpu
synth/ddpm/ddpm_img_05696.png,62c47e5b39fb127326d1a1254dd7c175dc41a7537b324a448ba9158e44133680,generated,ddpm,calibration,western-blot-05696,-0.08572763204574585,0.4785812199115753,original,0.5,detector-sam-vit-b-lora-r8-all-img512-51265aec,51265aecd96858feeead19cc47f9bd3dc0af3fa7d793582482a9287a153c3e25,cpu
synth/ddpm/ddpm_img_05713.png,66fe36dbaa92b29ce0376c018271907c35cbefdfac8f4a341a4c08d9673219c0,generated,ddpm,calibration,western-blot-05713,-0.4497348964214325,0.38942381739616394,original,0.5,detector-sam-vit-b-lora-r8-all-img512-51265aec,51265aecd96858feeead19cc47f9bd3dc0af3fa7d793582482a9287a153c3e25,cpu
synth/ddpm/ddpm_img_05716.png,569cec40e4560758b389c61cd77fcf9fc91dfdc7c1379f4375d3810c54852bcd,generated,ddpm,calibration,western-blot-05716,0.3539118766784668,0.5875658988952637,generated,0.5,detector-sam-vit-b-lora-r8-all-img512-51265aec,51265aecd96858feeead19cc47f9bd3dc0af3fa7d793582482a9287a153c3e25,cpu
synth/ddpm/ddpm_img_05723.png,e225bba8b8b446139b6679854e5541a131c8215bb20a7b6dbc11b16a86f394a8,generated,ddpm,calibration,western-blot-05723,1.6960424184799194,0.8450171947479248,generated,0.5,detector-sam-vit-b-lora-r8-all-img512-51265aec,51265aecd96858feeead19cc47f9bd3dc0af3fa7d793582482a9287a153c3e25,cpu
synth/ddpm/ddpm_img_05728.png,39d819e61707e0c6893ed627f9c502580ffa47864a9fa71c03a1e1c0c70ac0e8,generated,ddpm,calibration,western-blot-05728,-0.26507022976875305,0.43411773443222046,original,0.5,detector-sam-vit-b-lora-r8-all-img512-51265aec,51265aecd96858feeead19cc47f9bd3dc0af3fa7d793582482a9287a153c3e25,cpu
synth/ddpm/ddpm_img_05735.png,c2d985c746741516cc5f8fbfd9c6af6fd01da5335d4f3fdfda5c52be479ef32d,generated,ddpm,calibration,western-blot-05735,-2.088230609893799,0.11024601757526398,original,0.5,detector-sam-vit-b-lora-r8-all-img512-51265aec,51265aecd96858feeead19cc47f9bd3dc0af3fa7d793582482a9287a153c3e25,cpu
synth/ddpm/ddpm_img_05785.png,0fbe199538cf455abd74288b0c2519d659cbeb149ebc0a75cf1a035756646790,generated,ddpm,calibration,western-blot-05785,3.6222128868103027,0.9739720821380615,generated,0.5,detector-sam-vit-b-lora-r8-all-img512-51265aec,51265aecd96858feeead19cc47f9bd3dc0af3fa7d793582482a9287a153c3e25,cpu
synth/ddpm/ddpm_img_05793.png,9e660f559a3ca2380083158039fc88c3ea84f0bf9b7ba410a091d25f7e97ff2a,generated,ddpm,calibration,western-blot-05793,-0.07552965730428696,0.4811265468597412,original,0.5,detector-sam-vit-b-lora-r8-all-img512-51265aec,51265aecd96858feeead19cc47f9bd3dc0af3fa7d793582482a9287a153c3e25,cpu
synth/ddpm/ddpm_img_05801.png,ba9dd2263c39bc0666a235c0a117d68874ecf326c5416aba662d7661e10e2273,generated,ddpm,calibration,western-blot-05801,0.35120639204978943,0.5869100689888,generated,0.5,detector-sam-vit-b-lora-r8-all-img512-51265aec,51265aecd96858feeead19cc47f9bd3dc0af3fa7d793582482a9287a153c3e25,cpu
synth/ddpm/ddpm_img_05844.png,bbfe67d93b17987a36b44b1fc6adc0ccae4d31dc7e7dcf85e3bb806382040286,generated,ddpm,calibration,western-blot-05844,0.6721768379211426,0.6619904637336731,generated,0.5,detector-sam-vit-b-lora-r8-all-img512-51265aec,51265aecd96858feeead19cc47f9bd3dc0af3fa7d793582482a9287a153c3e25,cpu
synth/ddpm/ddpm_img_05858.png,4bdea6ea2d3cf44f88dee9eede6b80a6eda174d2d7bf71d6b963b9ae6c7f67fc,generated,ddpm,calibration,western-blot-05858,5.686765193939209,0.9966208934783936,generated,0.5,detector-sam-vit-b-lora-r8-all-img512-51265aec,51265aecd96858feeead19cc47f9bd3dc0af3fa7d793582482a9287a153c3e25,cpu
synth/ddpm/ddpm_img_05861.png,887d626884cedfe3f019cdbaeca814c0d0f19586213d592823882f70cbe0c0b8,generated,ddpm,calibration,western-blot-05861,1.7700791358947754,0.8544674515724182,generated,0.5,detector-sam-vit-b-lora-r8-all-img512-51265aec,51265aecd96858feeead19cc47f9bd3dc0af3fa7d793582482a9287a153c3e25,cpu
synth/ddpm/ddpm_img_05879.png,fbcb6c1168db57851b1868919e8754c7167c928f6d538c4f3a87a8aebd289dea,generated,ddpm,calibration,western-blot-05879,-0.10514690726995468,0.4737374782562256,original,0.5,detector-sam-vit-b-lora-r8-all-img512-51265aec,51265aecd96858feeead19cc47f9bd3dc0af3fa7d793582482a9287a153c3e25,cpu
synth/ddpm/ddpm_img_05884.png,2be62e223948bb4aed628aba5e1b69bba2047a83942087a7da02b9250ff0e825,generated,ddpm,calibration,western-blot-05884,-0.04754061996936798,0.4881170690059662,original,0.5,detector-sam-vit-b-lora-r8-all-img512-51265aec,51265aecd96858feeead19cc47f9bd3dc0af3fa7d793582482a9287a153c3e25,cpu
synth/ddpm/ddpm_img_05886.png,02b6e00bb306796560df549cec7ca9e8a203d086dbd8e4818d131827bf88092a,generated,ddpm,calibration,western-blot-05886,-0.9439562559127808,0.2801018953323364,original,0.5,detector-sam-vit-b-lora-r8-all-img512-51265aec,51265aecd96858feeead19cc47f9bd3dc0af3fa7d793582482a9287a153c3e25,cpu
synth/ddpm/ddpm_img_05894.png,1756b6ff733a46b28e7b534a90fdb947a8452c28e851313b23101d42c43ff3ee,generated,ddpm,calibration,western-blot-05894,-7.197671413421631,0.000747766753192991,original,0.5,detector-sam-vit-b-lora-r8-all-img512-51265aec,51265aecd96858feeead19cc47f9bd3dc0af3fa7d793582482a9287a153c3e25,cpu
synth/ddpm/ddpm_img_05899.png,69788eef980370f738b378a5e0ded0628af7ba02650d920779529ca6ae293c93,generated,ddpm,calibration,western-blot-05899,-0.5719658136367798,0.36078333854675293,original,0.5,detector-sam-vit-b-lora-r8-all-img512-51265aec,51265aecd96858feeead19cc47f9bd3dc0af3fa7d793582482a9287a153c3e25,cpu
synth/ddpm/ddpm_img_05927.png,e6ad852dbef6f5503cfee14bdac636da917b4fa5294d526dbff23a2f47bdd2e4,generated,ddpm,calibration,western-blot-05927,0.6941460371017456,0.6668886542320251,generated,0.5,detector-sam-vit-b-lora-r8-all-img512-51265aec,51265aecd96858feeead19cc47f9bd3dc0af3fa7d793582482a9287a153c3e25,cpu
synth/ddpm/ddpm_img_05934.png,206786ff88fda2477dc64606c004d0158b9becf17e6382f9be9701626b9afdbc,generated,ddpm,calibration,western-blot-05934,1.2346361875534058,0.7746289968490601,generated,0.5,detector-sam-vit-b-lora-r8-all-img512-51265aec,51265aecd96858feeead19cc47f9bd3dc0af3fa7d793582482a9287a153c3e25,cpu
synth/ddpm/ddpm_img_05944.png,2221c813475c44db9b76ffe0e54af38518d15e22cad545aa8eb4b187c07cb3b1,generated,ddpm,calibration,western-blot-05944,-1.4895433187484741,0.18399028480052948,original,0.5,detector-sam-vit-b-lora-r8-all-img512-51265aec,51265aecd96858feeead19cc47f9bd3dc0af3fa7d793582482a9287a153c3e25,cpu
synth/ddpm/ddpm_img_05949.png,ec70e03b2e05754f777190a44b687929e40635e9a54d3881de18b13598020ffa,generated,ddpm,calibration,western-blot-05949,1.3148001432418823,0.7883152961730957,generated,0.5,detector-sam-vit-b-lora-r8-all-img512-51265aec,51265aecd96858feeead19cc47f9bd3dc0af3fa7d793582482a9287a153c3e25,cpu
synth/ddpm/ddpm_img_05953.png,db2a0fe65de1608f820ca107bd9608efcc1a5ca5010bc5369d0ab3659ff41110,generated,ddpm,calibration,western-blot-05953,-0.4644522964954376,0.3859301507472992,original,0.5,detector-sam-vit-b-lora-r8-all-img512-51265aec,51265aecd96858feeead19cc47f9bd3dc0af3fa7d793582482a9287a153c3e25,cpu
synth/ddpm/ddpm_img_05956.png,ddfb0e01cf60098bf5655c335aac6e482264820b2f7904e01b21143e4b202913,generated,ddpm,calibration,western-blot-05956,2.945152759552002,0.9500338435173035,generated,0.5,detector-sam-vit-b-lora-r8-all-img512-51265aec,51265aecd96858feeead19cc47f9bd3dc0af3fa7d793582482a9287a153c3e25,cpu
synth/ddpm/ddpm_img_05961.png,1422d5bee6277e2d4847687a48c67f00ae037a1cb4c60dcd5e9a687a292d79ea,generated,ddpm,calibration,western-blot-05961,-0.33880701661109924,0.41609928011894226,original,0.5,detector-sam-vit-b-lora-r8-all-img512-51265aec,51265aecd96858feeead19cc47f9bd3dc0af3fa7d793582482a9287a153c3e25,cpu
synth/ddpm/ddpm_img_05965.png,5d2606390b7159c9515541733e471965a077688ccd777103e883bb159e79f5a8,generated,ddpm,calibration,western-blot-05965,-0.300169438123703,0.4255160391330719,original,0.5,detector-sam-vit-b-lora-r8-all-img512-51265aec,51265aecd96858feeead19cc47f9bd3dc0af3fa7d793582482a9287a153c3e25,cpu
synth/ddpm/ddpm_img_05967.png,41cd375b8625b055c6b2b312f6bc7e19f35745703ad0ecaf4f9746fa17552cfa,generated,ddpm,calibration,western-blot-05967,2.929682731628418,0.94929438829422,generated,0.5,detector-sam-vit-b-lora-r8-all-img512-51265aec,51265aecd96858feeead19cc47f9bd3dc0af3fa7d793582482a9287a153c3e25,cpu
synth/ddpm/ddpm_img_05968.png,81ba6ca546a1886b16fb696e399da602f340952a5889d7ad91fe348d8e8d14d2,generated,ddpm,calibration,western-blot-05968,-0.5910513401031494,0.3563936650753021,original,0.5,detector-sam-vit-b-lora-r8-all-img512-51265aec,51265aecd96858feeead19cc47f9bd3dc0af3fa7d793582482a9287a153c3e25,cpu
synth/ddpm/ddpm_img_05998.png,22ece384bbc7bdc55534c138201624f373b0b0dd56fbb9746643a59893cb4e8c,generated,ddpm,calibration,western-blot-05998,2.237607002258301,0.9035761952400208,generated,0.5,detector-sam-vit-b-lora-r8-all-img512-51265aec,51265aecd96858feeead19cc47f9bd3dc0af3fa7d793582482a9287a153c3e25,cpu
synth/pix2pix/pix2pix_img_00006.png,3ec511f143a3139cccba604a53b00072d34ee37847f5d4bacf28b5cd116ea314,generated,pix2pix,calibration,western-blot-00006,11.141790390014648,0.9999854564666748,generated,0.5,detector-sam-vit-b-lora-r8-all-img512-51265aec,51265aecd96858feeead19cc47f9bd3dc0af3fa7d793582482a9287a153c3e25,cpu
synth/pix2pix/pix2pix_img_00008.png,af43c8e682c0a44afc55580133613cfaba1a1e8ed594103356c96edb018d5c61,generated,pix2pix,calibration,western-blot-00008,8.042768478393555,0.9996787309646606,generated,0.5,detector-sam-vit-b-lora-r8-all-img512-51265aec,51265aecd96858feeead19cc47f9bd3dc0af3fa7d793582482a9287a153c3e25,cpu
synth/pix2pix/pix2pix_img_00010.png,d6bf1948e2146203cf5ec86a4f35a66cb3dc101295ff3b32dd6e6aab73ef790b,generated,pix2pix,calibration,western-blot-00010,6.646129608154297,0.9987026453018188,generated,0.5,detector-sam-vit-b-lora-r8-all-img512-51265aec,51265aecd96858feeead19cc47f9bd3dc0af3fa7d793582482a9287a153c3e25,cpu
synth/pix2pix/pix2pix_img_00026.png,0f32a05995f153b9b23c4ec541e74bb3d4366f5840eccad8e1ab6c0ccce95fbc,generated,pix2pix,calibration,western-blot-00026,9.272676467895508,0.999906063079834,generated,0.5,detector-sam-vit-b-lora-r8-all-img512-51265aec,51265aecd96858feeead19cc47f9bd3dc0af3fa7d793582482a9287a153c3e25,cpu
synth/pix2pix/pix2pix_img_00049.png,a9db00d06144ff552e1ac1d58f462242865d3a4e2cc67f3f642d3b87ddd229b7,generated,pix2pix,calibration,western-blot-00049,13.31662368774414,0.9999983310699463,generated,0.5,detector-sam-vit-b-lora-r8-all-img512-51265aec,51265aecd96858feeead19cc47f9bd3dc0af3fa7d793582482a9287a153c3e25,cpu
synth/pix2pix/pix2pix_img_00054.png,9274c60de1de06271f390b005236f98c497b72cdea04f6a95b96fdc424656f7d,generated,pix2pix,calibration,western-blot-00054,11.171628952026367,0.999985933303833,generated,0.5,detector-sam-vit-b-lora-r8-all-img512-51265aec,51265aecd96858feeead19cc47f9bd3dc0af3fa7d793582482a9287a153c3e25,cpu
synth/pix2pix/pix2pix_img_00109.png,e01d4794127edcb563ef08a87a5eb3ffdf93eb1716cef0e1ab377666620b6049,generated,pix2pix,calibration,western-blot-00109,10.491494178771973,0.9999722242355347,generated,0.5,detector-sam-vit-b-lora-r8-all-img512-51265aec,51265aecd96858feeead19cc47f9bd3dc0af3fa7d793582482a9287a153c3e25,cpu
synth/pix2pix/pix2pix_img_00111.png,fbb68e56d4fff8f63dd623af3ec3aa1049283a1ed0aed4e6a8cfdc6c31f0d326,generated,pix2pix,calibration,western-blot-00111,2.894900321960449,0.9475937485694885,generated,0.5,detector-sam-vit-b-lora-r8-all-img512-51265aec,51265aecd96858feeead19cc47f9bd3dc0af3fa7d793582482a9287a153c3e25,cpu
synth/pix2pix/pix2pix_img_00139.png,92deab85427c46efa89d906fc21e7e3eee41ee7df9392d02f3a00f0ea7312c9c,generated,pix2pix,calibration,western-blot-00139,0.0044420682825148106,0.5011104941368103,generated,0.5,detector-sam-vit-b-lora-r8-all-img512-51265aec,51265aecd96858feeead19cc47f9bd3dc0af3fa7d793582482a9287a153c3e25,cpu
synth/pix2pix/pix2pix_img_00162.png,0e38ae881dd0b05d662faa9c044f5572688bb8712e019034412a320e69820ef9,generated,pix2pix,calibration,western-blot-00162,11.728206634521484,0.9999918937683105,generated,0.5,detector-sam-vit-b-lora-r8-all-img512-51265aec,51265aecd96858feeead19cc47f9bd3dc0af3fa7d793582482a9287a153c3e25,cpu
synth/pix2pix/pix2pix_img_00193.png,cc3ef49b90284eb481b635e91e87d3525db9495b563f1fabb0ada8e7fd4a051d,generated,pix2pix,calibration,western-blot-00193,10.835800170898438,0.9999803304672241,generated,0.5,detector-sam-vit-b-lora-r8-all-img512-51265aec,51265aecd96858feeead19cc47f9bd3dc0af3fa7d793582482a9287a153c3e25,cpu
synth/pix2pix/pix2pix_img_00204.png,e1ed6085f1b5ceccd5907ba1205479370a0685d06f94f13e70c9aff0539425ef,generated,pix2pix,calibration,western-blot-00204,10.625570297241211,0.9999756813049316,generated,0.5,detector-sam-vit-b-lora-r8-all-img512-51265aec,51265aecd96858feeead19cc47f9bd3dc0af3fa7d793582482a9287a153c3e25,cpu
synth/pix2pix/pix2pix_img_00208.png,8b2b5572066eb6f1080c7e8754a0b60dee9b9262a4316c6bb22d926f58394e90,generated,pix2pix,calibration,western-blot-00208,-2.7898430824279785,0.057875510305166245,original,0.5,detector-sam-vit-b-lora-r8-all-img512-51265aec,51265aecd96858feeead19cc47f9bd3dc0af3fa7d793582482a9287a153c3e25,cpu
synth/pix2pix/pix2pix_img_00237.png,07199fcaf42523da92d7204b06d673ffadbb59edce9be8947850b92621615356,generated,pix2pix,calibration,western-blot-00237,1.2208746671676636,0.7722174525260925,generated,0.5,detector-sam-vit-b-lora-r8-all-img512-51265aec,51265aecd96858feeead19cc47f9bd3dc0af3fa7d793582482a9287a153c3e25,cpu
synth/pix2pix/pix2pix_img_00258.png,e8bd05b75124b4e806dc5632862248a731155abcd808def5eeefb55df1da081c,generated,pix2pix,calibration,western-blot-00258,0.27944833040237427,0.5694109797477722,generated,0.5,detector-sam-vit-b-lora-r8-all-img512-51265aec,51265aecd96858feeead19cc47f9bd3dc0af3fa7d793582482a9287a153c3e25,cpu
synth/pix2pix/pix2pix_img_00277.png,64031310e11b358fd6970540bef24d4525dd1f40e5072d444074ccc9b04af44f,generated,pix2pix,calibration,western-blot-00277,9.660221099853516,0.9999362230300903,generated,0.5,detector-sam-vit-b-lora-r8-all-img512-51265aec,51265aecd96858feeead19cc47f9bd3dc0af3fa7d793582482a9287a153c3e25,cpu
synth/pix2pix/pix2pix_img_00309.png,e577bd9d0e66e3d3d6e6654641268f0a65250fdc4c88949e771681981cf2bd38,generated,pix2pix,calibration,western-blot-00309,3.4573354721069336,0.9694492220878601,generated,0.5,detector-sam-vit-b-lora-r8-all-img512-51265aec,51265aecd96858feeead19cc47f9bd3dc0af3fa7d793582482a9287a153c3e25,cpu
synth/pix2pix/pix2pix_img_00311.png,50ebd6f5c80906a244ce27f949fe96b81ac3e9c8534bc9d9f5300844f62b3dec,generated,pix2pix,calibration,western-blot-00311,6.252231597900391,0.9980775117874146,generated,0.5,detector-sam-vit-b-lora-r8-all-img512-51265aec,51265aecd96858feeead19cc47f9bd3dc0af3fa7d793582482a9287a153c3e25,cpu
synth/pix2pix/pix2pix_img_00331.png,c71aeab1d211313191a75d93b753721945ca9c5aeb2e83660469ada96ed6b905,generated,pix2pix,calibration,western-blot-00331,8.195331573486328,0.9997240900993347,generated,0.5,detector-sam-vit-b-lora-r8-all-img512-51265aec,51265aecd96858feeead19cc47f9bd3dc0af3fa7d793582482a9287a153c3e25,cpu
synth/pix2pix/pix2pix_img_00348.png,52a9f4ffc063b2a362230fa441ec1309f3918909165147aff66ee5423a0df051,generated,pix2pix,calibration,western-blot-00348,8.7735595703125,0.9998452663421631,generated,0.5,detector-sam-vit-b-lora-r8-all-img512-51265aec,51265aecd96858feeead19cc47f9bd3dc0af3fa7d793582482a9287a153c3e25,cpu
synth/pix2pix/pix2pix_img_00402.png,b620fa5378eb2d4b822c986fc459655520b991c415fe6e988ff6e57694154c61,generated,pix2pix,calibration,western-blot-00402,5.941278457641602,0.9973782300949097,generated,0.5,detector-sam-vit-b-lora-r8-all-img512-51265aec,51265aecd96858feeead19cc47f9bd3dc0af3fa7d793582482a9287a153c3e25,cpu
synth/pix2pix/pix2pix_img_00403.png,fd07fdf17f2bdf01b4c83297efdff0cc63b39d6f4ec8072a32ccda246b116871,generated,pix2pix,calibration,western-blot-00403,6.016671180725098,0.9975680708885193,generated,0.5,detector-sam-vit-b-lora-r8-all-img512-51265aec,51265aecd96858feeead19cc47f9bd3dc0af3fa7d793582482a9287a153c3e25,cpu
synth/pix2pix/pix2pix_img_00405.png,12018d140926bb09e3b03e803b17a7312c6ee6d5d877008457c0f91329a01de5,generated,pix2pix,calibration,western-blot-00405,5.238623142242432,0.994720458984375,generated,0.5,detector-sam-vit-b-lora-r8-all-img512-51265aec,51265aecd96858feeead19cc47f9bd3dc0af3fa7d793582482a9287a153c3e25,cpu
synth/pix2pix/pix2pix_img_00408.png,299b3c6fd9fb6ad29609b3833ee3aa66cda063b53dc68a986db6e292d730eea8,generated,pix2pix,calibration,western-blot-00408,3.8815367221832275,0.9797974228858948,generated,0.5,detector-sam-vit-b-lora-r8-all-img512-51265aec,51265aecd96858feeead19cc47f9bd3dc0af3fa7d793582482a9287a153c3e25,cpu
synth/pix2pix/pix2pix_img_00410.png,5f076a2723ac07138e46a4198ef2d23d023bf3c64acdf2bf4f9f80689fcb201f,generated,pix2pix,calibration,western-blot-00410,6.360297203063965,0.9982740879058838,generated,0.5,detector-sam-vit-b-lora-r8-all-img512-51265aec,51265aecd96858feeead19cc47f9bd3dc0af3fa7d793582482a9287a153c3e25,cpu
synth/pix2pix/pix2pix_img_00418.png,8c4cd788f9d8696ecce5cf68a9eaebc2f4c9522c51a66f429083220b4c34ff05,generated,pix2pix,calibration,western-blot-00418,8.734867095947266,0.9998390674591064,generated,0.5,detector-sam-vit-b-lora-r8-all-img512-51265aec,51265aecd96858feeead19cc47f9bd3dc0af3fa7d793582482a9287a153c3e25,cpu
synth/pix2pix/pix2pix_img_00436.png,023308ffd82dbc6740ff36a42679430b91e71c8c6b94c991d03cdf8b93a49c3b,generated,pix2pix,calibration,western-blot-00436,11.171560287475586,0.999985933303833,generated,0.5,detector-sam-vit-b-lora-r8-all-img512-51265aec,51265aecd96858feeead19cc47f9bd3dc0af3fa7d793582482a9287a153c3e25,cpu
synth/pix2pix/pix2pix_img_00440.png,a0ea6f13b40a9f4378c83815d5514177a4cc53896fe0c787db835da5c43e37d3,generated,pix2pix,calibration,western-blot-00440,9.47957706451416,0.999923586845398,generated,0.5,detector-sam-vit-b-lora-r8-all-img512-51265aec,51265aecd96858feeead19cc47f9bd3dc0af3fa7d793582482a9287a153c3e25,cpu
synth/pix2pix/pix2pix_img_00448.png,d05d806179db7503ac407ba6c059e80b9c7e8eec54e66792ce468b4b24ba5bbe,generated,pix2pix,calibration,western-blot-00448,3.056598663330078,0.9550665020942688,generated,0.5,detector-sam-vit-b-lora-r8-all-img512-51265aec,51265aecd96858feeead19cc47f9bd3dc0af3fa7d793582482a9287a153c3e25,cpu
synth/pix2pix/pix2pix_img_00464.png,00f02a4b2b08078c4b84d2cbdeb41592e8234b33575cf19ef1bdc716ae13867d,generated,pix2pix,calibration,western-blot-00464,7.068716049194336,0.9991494417190552,generated,0.5,detector-sam-vit-b-lora-r8-all-img512-51265aec,51265aecd96858feeead19cc47f9bd3dc0af3fa7d793582482a9287a153c3e25,cpu
synth/pix2pix/pix2pix_img_00476.png,b26426179ee7c5efdc54a2756daf21c85b7ead4dbb2c8c75f9ba903bde01a9a3,generated,pix2pix,calibration,western-blot-00476,12.698884010314941,0.9999969005584717,generated,0.5,detector-sam-vit-b-lora-r8-all-img512-51265aec,51265aecd96858feeead19cc47f9bd3dc0af3fa7d793582482a9287a153c3e25,cpu
synth/pix2pix/pix2pix_img_00509.png,b2dec5b4ef9dfeed00aa1245056add79947a7fa226079526222b9d9a1663e982,generated,pix2pix,calibration,western-blot-00509,12.020594596862793,0.9999940395355225,generated,0.5,detector-sam-vit-b-lora-r8-all-img512-51265aec,51265aecd96858feeead19cc47f9bd3dc0af3fa7d793582482a9287a153c3e25,cpu
synth/pix2pix/pix2pix_img_00514.png,58b27bb5d3cf8bfe59b035b82e8c927c97b6a9ddc220da595bd8a38ee64312f8,generated,pix2pix,calibration,western-blot-00514,-0.04218282923102379,0.4894558787345886,original,0.5,detector-sam-vit-b-lora-r8-all-img512-51265aec,51265aecd96858feeead19cc47f9bd3dc0af3fa7d793582482a9287a153c3e25,cpu
synth/pix2pix/pix2pix_img_00530.png,b6ad480d55243e55230a0d0243c208f843ecc83b169cd92308d2f83c4e0ba814,generated,pix2pix,calibration,western-blot-00530,1.605185866355896,0.8327419757843018,generated,0.5,detector-sam-vit-b-lora-r8-all-img512-51265aec,51265aecd96858feeead19cc47f9bd3dc0af3fa7d793582482a9287a153c3e25,cpu
synth/pix2pix/pix2pix_img_00531.png,ad14dca81de106231a7f6002649199b3f5bc830d9076cbd6cab1eddc32f9f2cc,generated,pix2pix,calibration,western-blot-00531,-0.08055532723665237,0.47987204790115356,original,0.5,detector-sam-vit-b-lora-r8-all-img512-51265aec,51265aecd96858feeead19cc47f9bd3dc0af3fa7d793582482a9287a153c3e25,cpu
synth/pix2pix/pix2pix_img_00547.png,185aec83b2199e03949778558c0b7606e207556d3cf9c126ad75f259b6e5a370,generated,pix2pix,calibration,western-blot-00547,1.0112144947052002,0.7332577705383301,generated,0.5,detector-sam-vit-b-lora-r8-all-img512-51265aec,51265aecd96858feeead19cc47f9bd3dc0af3fa7d793582482a9287a153c3e25,cpu
synth/pix2pix/pix2pix_img_00560.png,ac9cdb7dc7cde4e559b3f964ac095201470a32e5b037f27b1b038ebb7dd79578,generated,pix2pix,calibration,western-blot-00560,7.510792255401611,0.9994531273841858,generated,0.5,detector-sam-vit-b-lora-r8-all-img512-51265aec,51265aecd96858feeead19cc47f9bd3dc0af3fa7d793582482a9287a153c3e25,cpu
synth/pix2pix/pix2pix_img_00561.png,996940f47509fe0bc02e990a8cd7b8703b2e3092004aa2fb6eb02da7d59d8cc4,generated,pix2pix,calibration,western-blot-00561,3.115941047668457,0.9575455188751221,generated,0.5,detector-sam-vit-b-lora-r8-all-img512-51265aec,51265aecd96858feeead19cc47f9bd3dc0af3fa7d793582482a9287a153c3e25,cpu
synth/pix2pix/pix2pix_img_00564.png,8327f10e538b2d370d7edd075a0073ad34f6593673e5d153b370ceaf506d04a0,generated,pix2pix,calibration,western-blot-00564,5.401200294494629,0.995509147644043,generated,0.5,detector-sam-vit-b-lora-r8-all-img512-51265aec,51265aecd96858feeead19cc47f9bd3dc0af3fa7d793582482a9287a153c3e25,cpu
synth/pix2pix/pix2pix_img_00567.png,82e8f408a1d6a0d2562dc729abf6c32ce31df68533013a9da99a33b5538f79ae,generated,pix2pix,calibration,western-blot-00567,2.5719075202941895,0.9290316104888916,generated,0.5,detector-sam-vit-b-lora-r8-all-img512-51265aec,51265aecd96858feeead19cc47f9bd3dc0af3fa7d793582482a9287a153c3e25,cpu
synth/pix2pix/pix2pix_img_00595.png,57255471df13fc5fbe9cf381f89fcb44289902986fbfac23273f4191fdefe8c0,generated,pix2pix,calibration,western-blot-00595,1.8199189901351929,0.8605563640594482,generated,0.5,detector-sam-vit-b-lora-r8-all-img512-51265aec,51265aecd96858feeead19cc47f9bd3dc0af3fa7d793582482a9287a153c3e25,cpu
synth/pix2pix/pix2pix_img_00605.png,54b091d8ea845f0c91b7e81dac34b963a3d9cda733a972ddb2c0f2d7693b6d7c,generated,pix2pix,calibration,western-blot-00605,3.552122116088867,0.9721349477767944,generated,0.5,detector-sam-vit-b-lora-r8-all-img512-51265aec,51265aecd96858feeead19cc47f9bd3dc0af3fa7d793582482a9287a153c3e25,cpu
synth/pix2pix/pix2pix_img_00626.png,10d847f3910e7c89c306ae0079f5cb213683143635756d0ad67e17320107f67d,generated,pix2pix,calibration,western-blot-00626,0.195643350481987,0.548755407333374,generated,0.5,detector-sam-vit-b-lora-r8-all-img512-51265aec,51265aecd96858feeead19cc47f9bd3dc0af3fa7d793582482a9287a153c3e25,cpu
synth/pix2pix/pix2pix_img_00627.png,f63fc7ada78f5c0725d41ba34ed721c28f2dc69643cd11179e3e8d2e33e142d8,generated,pix2pix,calibration,western-blot-00627,1.1050156354904175,0.7511987090110779,generated,0.5,detector-sam-vit-b-lora-r8-all-img512-51265aec,51265aecd96858feeead19cc47f9bd3dc0af3fa7d793582482a9287a153c3e25,cpu
synth/pix2pix/pix2pix_img_00642.png,ba7299904a4930a8095cbf09604287919bf88046fa78212c1677272017623e71,generated,pix2pix,calibration,western-blot-00642,12.918384552001953,0.9999974966049194,generated,0.5,detector-sam-vit-b-lora-r8-all-img512-51265aec,51265aecd96858feeead19cc47f9bd3dc0af3fa7d793582482a9287a153c3e25,cpu
synth/pix2pix/pix2pix_img_00649.png,b4a264850c07af4ea42fd53fdc6f0474793bb5d24e638c5ec9a5cac70f0248b6,generated,pix2pix,calibration,western-blot-00649,11.585012435913086,0.999990701675415,generated,0.5,detector-sam-vit-b-lora-r8-all-img512-51265aec,51265aecd96858feeead19cc47f9bd3dc0af3fa7d793582482a9287a153c3e25,cpu
synth/pix2pix/pix2pix_img_00650.png,423185e7cbfa307772db91848a7181d257d9ecab9258204cd0df6fbb83acd5fd,generated,pix2pix,calibration,western-blot-00650,11.819894790649414,0.9999926090240479,generated,0.5,detector-sam-vit-b-lora-r8-all-img512-51265aec,51265aecd96858feeead19cc47f9bd3dc0af3fa7d793582482a9287a153c3e25,cpu
synth/pix2pix/pix2pix_img_00657.png,cc76031c2c9d9977e6bcb07798f7b33c8b139fa67229ac758010316d734f5302,generated,pix2pix,calibration,western-blot-00657,14.087918281555176,0.9999992847442627,generated,0.5,detector-sam-vit-b-lora-r8-all-img512-51265aec,51265aecd96858feeead19cc47f9bd3dc0af3fa7d793582482a9287a153c3e25,cpu
synth/pix2pix/pix2pix_img_00658.png,1caeca12332b904662f62c8d2925276b56a7916b061b7ded7121b5e1d85f15aa,generated,pix2pix,calibration,western-blot-00658,11.804346084594727,0.9999924898147583,generated,0.5,detector-sam-vit-b-lora-r8-all-img512-51265aec,51265aecd96858feeead19cc47f9bd3dc0af3fa7d793582482a9287a153c3e25,cpu
synth/pix2pix/pix2pix_img_00660.png,716dc067256e390c63663643886b647106eb71dc68a45e57a0bff5411601b9e6,generated,pix2pix,calibration,western-blot-00660,12.993324279785156,0.9999977350234985,generated,0.5,detector-sam-vit-b-lora-r8-all-img512-51265aec,51265aecd96858feeead19cc47f9bd3dc0af3fa7d793582482a9287a153c3e25,cpu
synth/pix2pix/pix2pix_img_00668.png,57f0170e0e5c5db8e43198389fe267ba0da5ac3ea59f503edbcfe53fba148b48,generated,pix2pix,calibration,western-blot-00668,12.827188491821289,0.9999972581863403,generated,0.5,detector-sam-vit-b-lora-r8-all-img512-51265aec,51265aecd96858feeead19cc47f9bd3dc0af3fa7d793582482a9287a153c3e25,cpu
synth/pix2pix/pix2pix_img_00684.png,e13d75028f780143056266cf160a6b7343c6478f195528cb4878ce1fb421e358,generated,pix2pix,calibration,western-blot-00684,12.071281433105469,0.9999942779541016,generated,0.5,detector-sam-vit-b-lora-r8-all-img512-51265aec,51265aecd96858feeead19cc47f9bd3dc0af3fa7d793582482a9287a153c3e25,cpu
synth/pix2pix/pix2pix_img_00699.png,2dc3ecc332be9c5f61246bd06c06e501b6fe6807727b5ab23e9323a69d8dd642,generated,pix2pix,calibration,western-blot-00699,12.070775985717773,0.9999942779541016,generated,0.5,detector-sam-vit-b-lora-r8-all-img512-51265aec,51265aecd96858feeead19cc47f9bd3dc0af3fa7d793582482a9287a153c3e25,cpu
synth/pix2pix/pix2pix_img_00705.png,6b38c8a2bdb029abe6c2882da502d0ff4f286f63765313588218ac2b247ca9bf,generated,pix2pix,calibration,western-blot-00705,10.016277313232422,0.9999552965164185,generated,0.5,detector-sam-vit-b-lora-r8-all-img512-51265aec,51265aecd96858feeead19cc47f9bd3dc0af3fa7d793582482a9287a153c3e25,cpu
synth/pix2pix/pix2pix_img_00716.png,ed6fcb17fba9973b579f47a0df7f2f25def1984c57b132086015886f9f012d48,generated,pix2pix,calibration,western-blot-00716,18.816537857055664,1.0,generated,0.5,detector-sam-vit-b-lora-r8-all-img512-51265aec,51265aecd96858feeead19cc47f9bd3dc0af3fa7d793582482a9287a153c3e25,cpu
synth/pix2pix/pix2pix_img_00719.png,d919c190a9a210edc1e9a17a8b3b405ad17baa17e28ded38d630d168bf28cf85,generated,pix2pix,calibration,western-blot-00719,17.018857955932617,1.0,generated,0.5,detector-sam-vit-b-lora-r8-all-img512-51265aec,51265aecd96858feeead19cc47f9bd3dc0af3fa7d793582482a9287a153c3e25,cpu
synth/pix2pix/pix2pix_img_00721.png,7cd56974ee9b9aa6a187a59da1ad544461859c64667573f2a77f5a6dc3778cee,generated,pix2pix,calibration,western-blot-00721,16.230091094970703,0.9999998807907104,generated,0.5,detector-sam-vit-b-lora-r8-all-img512-51265aec,51265aecd96858feeead19cc47f9bd3dc0af3fa7d793582482a9287a153c3e25,cpu
synth/pix2pix/pix2pix_img_00752.png,6a18217824adf22bb10fa6dc9b22b601cb109188720e2c16dab555e158b18bc2,generated,pix2pix,calibration,western-blot-00752,20.401323318481445,1.0,generated,0.5,detector-sam-vit-b-lora-r8-all-img512-51265aec,51265aecd96858feeead19cc47f9bd3dc0af3fa7d793582482a9287a153c3e25,cpu
synth/pix2pix/pix2pix_img_00758.png,52a456450b293388a73846c72b9a58d6da1e7950beedf10f9000a6760eb4adba,generated,pix2pix,calibration,western-blot-00758,8.872859954833984,0.9998598098754883,generated,0.5,detector-sam-vit-b-lora-r8-all-img512-51265aec,51265aecd96858feeead19cc47f9bd3dc0af3fa7d793582482a9287a153c3e25,cpu
synth/pix2pix/pix2pix_img_00761.png,b7f49fc2f3c41cd1922016809949aca71467b4dfbc8ee799669c693f18f93583,generated,pix2pix,calibration,western-blot-00761,9.821998596191406,0.9999457597732544,generated,0.5,detector-sam-vit-b-lora-r8-all-img512-51265aec,51265aecd96858feeead19cc47f9bd3dc0af3fa7d793582482a9287a153c3e25,cpu
synth/pix2pix/pix2pix_img_00783.png,8b99bb1d6be8669ce59a6eb96660875d55a4101e879e172b4d53b7da422ff697,generated,pix2pix,calibration,western-blot-00783,11.314210891723633,0.9999878406524658,generated,0.5,detector-sam-vit-b-lora-r8-all-img512-51265aec,51265aecd96858feeead19cc47f9bd3dc0af3fa7d793582482a9287a153c3e25,cpu
synth/pix2pix/pix2pix_img_00797.png,5ad07bf4319a00c75c6fcb026da322392c0d17a968231c51993460cf939fb672,generated,pix2pix,calibration,western-blot-00797,-0.4157969057559967,0.3975229561328888,original,0.5,detector-sam-vit-b-lora-r8-all-img512-51265aec,51265aecd96858feeead19cc47f9bd3dc0af3fa7d793582482a9287a153c3e25,cpu
synth/pix2pix/pix2pix_img_00915.png,ae690ef83b3dc364080f3c07b3116239872edeb100d14185ec8f5f42e0953a6c,generated,pix2pix,calibration,western-blot-00915,1.1477566957473755,0.7591009140014648,generated,0.5,detector-sam-vit-b-lora-r8-all-img512-51265aec,51265aecd96858feeead19cc47f9bd3dc0af3fa7d793582482a9287a153c3e25,cpu
synth/pix2pix/pix2pix_img_00916.png,d9a72401c364117ee577756208dae5dd9ed11bcf3ba7c78e331fed0c9a20eb71,generated,pix2pix,calibration,western-blot-00916,11.956930160522461,0.9999935626983643,generated,0.5,detector-sam-vit-b-lora-r8-all-img512-51265aec,51265aecd96858feeead19cc47f9bd3dc0af3fa7d793582482a9287a153c3e25,cpu
synth/pix2pix/pix2pix_img_00920.png,d27ef770fcca0f6df6b067f007a7d8a279ba9412f4f2ac8c26f8cc631bbd1a0b,generated,pix2pix,calibration,western-blot-00920,12.868099212646484,0.9999973773956299,generated,0.5,detector-sam-vit-b-lora-r8-all-img512-51265aec,51265aecd96858feeead19cc47f9bd3dc0af3fa7d793582482a9287a153c3e25,cpu
synth/pix2pix/pix2pix_img_00929.png,9eb784997dddedf03535dd63359797499fb223b7306378420154a8279dc5492f,generated,pix2pix,calibration,western-blot-00929,10.85850715637207,0.9999808073043823,generated,0.5,detector-sam-vit-b-lora-r8-all-img512-51265aec,51265aecd96858feeead19cc47f9bd3dc0af3fa7d793582482a9287a153c3e25,cpu
synth/pix2pix/pix2pix_img_00933.png,c6747b2309f696b7df1f9307b7ec8fa8c256d7db6ed70117a33414cea46ef197,generated,pix2pix,calibration,western-blot-00933,3.216836452484131,0.9614630341529846,generated,0.5,detector-sam-vit-b-lora-r8-all-img512-51265aec,51265aecd96858feeead19cc47f9bd3dc0af3fa7d793582482a9287a153c3e25,cpu
synth/pix2pix/pix2pix_img_00937.png,0018e1e3d6cb914ced4f5dfa31cc2d0876a655016ff916106a649e0ff44241d5,generated,pix2pix,calibration,western-blot-00937,11.576375007629395,0.9999905824661255,generated,0.5,detector-sam-vit-b-lora-r8-all-img512-51265aec,51265aecd96858feeead19cc47f9bd3dc0af3fa7d793582482a9287a153c3e25,cpu
synth/pix2pix/pix2pix_img_00938.png,bc3a81c12190e516cd0346bc8cf28e9057cca5b8b20b1866507e7aaad3c632af,generated,pix2pix,calibration,western-blot-00938,1.1278842687606812,0.7554482817649841,generated,0.5,detector-sam-vit-b-lora-r8-all-img512-51265aec,51265aecd96858feeead19cc47f9bd3dc0af3fa7d793582482a9287a153c3e25,cpu
synth/pix2pix/pix2pix_img_00941.png,3efa37aca17afc610c5b083522455ab1b5be90b6b5c36369bbfd62f95b418ec3,generated,pix2pix,calibration,western-blot-00941,11.813272476196289,0.9999926090240479,generated,0.5,detector-sam-vit-b-lora-r8-all-img512-51265aec,51265aecd96858feeead19cc47f9bd3dc0af3fa7d793582482a9287a153c3e25,cpu
synth/pix2pix/pix2pix_img_00943.png,e715ef798b4dd9f0495fc0fbacd333ed49566ca1413f337d348ea2e7fda9a695,generated,pix2pix,calibration,western-blot-00943,11.691485404968262,0.9999916553497314,generated,0.5,detector-sam-vit-b-lora-r8-all-img512-51265aec,51265aecd96858feeead19cc47f9bd3dc0af3fa7d793582482a9287a153c3e25,cpu
synth/pix2pix/pix2pix_img_00951.png,18ac05b781d97a07483d1a290685e77e7ad6e69a5c36fdb7ad3237efc952d351,generated,pix2pix,calibration,western-blot-00951,3.551206588745117,0.9721101522445679,generated,0.5,detector-sam-vit-b-lora-r8-all-img512-51265aec,51265aecd96858feeead19cc47f9bd3dc0af3fa7d793582482a9287a153c3e25,cpu
synth/pix2pix/pix2pix_img_00958.png,39e6184af0dd909beec2c22cdb0c4b0090fb665f804586dd6384b42f4408e2e8,generated,pix2pix,calibration,western-blot-00958,1.838105320930481,0.8627244234085083,generated,0.5,detector-sam-vit-b-lora-r8-all-img512-51265aec,51265aecd96858feeead19cc47f9bd3dc0af3fa7d793582482a9287a153c3e25,cpu
synth/pix2pix/pix2pix_img_00961.png,510d553393b4922b5c864897d753577f0acd1d854a820eeb6e66b6eb6a5eca81,generated,pix2pix,calibration,western-blot-00961,3.507838726043701,0.9709100127220154,generated,0.5,detector-sam-vit-b-lora-r8-all-img512-51265aec,51265aecd96858feeead19cc47f9bd3dc0af3fa7d793582482a9287a153c3e25,cpu
synth/pix2pix/pix2pix_img_00965.png,06f65b35dfe25cd0795cd9e39b204d52b4dd0c5b4bfafabe04384055988ce9a1,generated,pix2pix,calibration,western-blot-00965,1.9692904949188232,0.8775349259376526,generated,0.5,detector-sam-vit-b-lora-r8-all-img512-51265aec,51265aecd96858feeead19cc47f9bd3dc0af3fa7d793582482a9287a153c3e25,cpu
synth/pix2pix/pix2pix_img_00966.png,e7e7efc0d81542e633a7a837575c77308f6513924652b07442d80d6ddfb23898,generated,pix2pix,calibration,western-blot-00966,4.67935037612915,0.9908003211021423,generated,0.5,detector-sam-vit-b-lora-r8-all-img512-51265aec,51265aecd96858feeead19cc47f9bd3dc0af3fa7d793582482a9287a153c3e25,cpu
synth/pix2pix/pix2pix_img_00979.png,9472652d314c9f1793124441b6413ea62339e4f2ad0d2d87db9babfcf1e87f5d,generated,pix2pix,calibration,western-blot-00979,-0.06574179977178574,0.4835704565048218,original,0.5,detector-sam-vit-b-lora-r8-all-img512-51265aec,51265aecd96858feeead19cc47f9bd3dc0af3fa7d793582482a9287a153c3e25,cpu
synth/pix2pix/pix2pix_img_01030.png,8aa340a9bbf874ec3b2bad96a9e7b55ff9831a874c689da86d6c5f4a336ae274,generated,pix2pix,calibration,western-blot-01030,10.385677337646484,0.9999691247940063,generated,0.5,detector-sam-vit-b-lora-r8-all-img512-51265aec,51265aecd96858feeead19cc47f9bd3dc0af3fa7d793582482a9287a153c3e25,cpu
synth/pix2pix/pix2pix_img_01040.png,81ba50719aba015481079c5f4d963ba0c721b7dca89a5f58b5b6a398b00318c1,generated,pix2pix,calibration,western-blot-01040,18.2758846282959,1.0,generated,0.5,detector-sam-vit-b-lora-r8-all-img512-51265aec,51265aecd96858feeead19cc47f9bd3dc0af3fa7d793582482a9287a153c3e25,cpu
synth/pix2pix/pix2pix_img_01055.png,fad4ecc4f104eda7aa41b8359be048af47d438ff345ad283e7b5bdd1ebe153cb,generated,pix2pix,calibration,western-blot-01055,8.133392333984375,0.9997064471244812,generated,0.5,detector-sam-vit-b-lora-r8-all-img512-51265aec,51265aecd96858feeead19cc47f9bd3dc0af3fa7d793582482a9287a153c3e25,cpu
synth/pix2pix/pix2pix_img_01061.png,b52712704dbf04d312e7356e9a20b5182e3ff19c3d65ae8a033829fad46540c7,generated,pix2pix,calibration,western-blot-01061,12.644828796386719,0.9999967813491821,generated,0.5,detector-sam-vit-b-lora-r8-all-img512-51265aec,51265aecd96858feeead19cc47f9bd3dc0af3fa7d793582482a9287a153c3e25,cpu
synth/pix2pix/pix2pix_img_01069.png,915c8a16b35cc3b38ef1bfbc0e2652e2bd4deeb9fdc75fae25957bb25d7c5ed9,generated,pix2pix,calibration,western-blot-01069,6.802986145019531,0.9988908171653748,generated,0.5,detector-sam-vit-b-lora-r8-all-img512-51265aec,51265aecd96858feeead19cc47f9bd3dc0af3fa7d793582482a9287a153c3e25,cpu
synth/pix2pix/pix2pix_img_01080.png,1ca763230f3f730610e81ccf7bf1b0a050c4a0cedf398b8309090d47c5e548ec,generated,pix2pix,calibration,western-blot-01080,5.752918243408203,0.9968365430831909,generated,0.5,detector-sam-vit-b-lora-r8-all-img512-51265aec,51265aecd96858feeead19cc47f9bd3dc0af3fa7d793582482a9287a153c3e25,cpu
synth/pix2pix/pix2pix_img_01081.png,a094448267c23c290a7bb5f17a508589185fcf3b377786e71b021d3b1d13aaa8,generated,pix2pix,calibration,western-blot-01081,3.106537103652954,0.957161545753479,generated,0.5,detector-sam-vit-b-lora-r8-all-img512-51265aec,51265aecd96858feeead19cc47f9bd3dc0af3fa7d793582482a9287a153c3e25,cpu
synth/pix2pix/pix2pix_img_01083.png,cf3c2c1b7d31bfeb2433b821c9609ac94061c64acdccb64793a7885ca46ca0a2,generated,pix2pix,calibration,western-blot-01083,5.728126525878906,0.9967573285102844,generated,0.5,detector-sam-vit-b-lora-r8-all-img512-51265aec,51265aecd96858feeead19cc47f9bd3dc0af3fa7d793582482a9287a153c3e25,cpu
synth/pix2pix/pix2pix_img_01091.png,885c7906c8f0c0130f7c656313554ad56302ff76e1af1267be4f38edf29421af,generated,pix2pix,calibration,western-blot-01091,4.467654228210449,0.9886559247970581,generated,0.5,detector-sam-vit-b-lora-r8-all-img512-51265aec,51265aecd96858feeead19cc47f9bd3dc0af3fa7d793582482a9287a153c3e25,cpu
synth/pix2pix/pix2pix_img_01096.png,257ffd9b80655da01c85019bf08dd8c98219d3da86081479fb632975f5fdb3d1,generated,pix2pix,calibration,western-blot-01096,6.448868751525879,0.998420238494873,generated,0.5,detector-sam-vit-b-lora-r8-all-img512-51265aec,51265aecd96858feeead19cc47f9bd3dc0af3fa7d793582482a9287a153c3e25,cpu
synth/pix2pix/pix2pix_img_01105.png,c9a0ba740bebc4bd9575568d604e174cb558455558c705c8b7b2e9858a5b1aed,generated,pix2pix,calibration,western-blot-01105,6.7145280838012695,0.9987882971763611,generated,0.5,detector-sam-vit-b-lora-r8-all-img512-51265aec,51265aecd96858feeead19cc47f9bd3dc0af3fa7d793582482a9287a153c3e25,cpu
synth/pix2pix/pix2pix_img_01109.png,f15a6e5d835e45688472a8320f226d9347d5217725fd15d667c4a363285668fc,generated,pix2pix,calibration,western-blot-01109,5.174853324890137,0.9943747520446777,generated,0.5,detector-sam-vit-b-lora-r8-all-img512-51265aec,51265aecd96858feeead19cc47f9bd3dc0af3fa7d793582482a9287a153c3e25,cpu
synth/pix2pix/pix2pix_img_01114.png,288f550616513fda2a4df94bd3e440e5fbdf8505c931495b71f68c26c6271ce4,generated,pix2pix,calibration,western-blot-01114,3.138594150543213,0.9584569931030273,generated,0.5,detector-sam-vit-b-lora-r8-all-img512-51265aec,51265aecd96858feeead19cc47f9bd3dc0af3fa7d793582482a9287a153c3e25,cpu
synth/pix2pix/pix2pix_img_01129.png,94667e19332b606dc65b5a68367df6786a0eb9ad049c3c9e5d71d8c62de15bbe,generated,pix2pix,calibration,western-blot-01129,0.5703697204589844,0.6388484835624695,generated,0.5,detector-sam-vit-b-lora-r8-all-img512-51265aec,51265aecd96858feeead19cc47f9bd3dc0af3fa7d793582482a9287a153c3e25,cpu
synth/pix2pix/pix2pix_img_01136.png,cbc0809011ad60c431e09321a114bdcbc456e7128575a99b16ab702fa8a3fd3a,generated,pix2pix,calibration,western-blot-01136,6.547765731811523,0.9985686540603638,generated,0.5,detector-sam-vit-b-lora-r8-all-img512-51265aec,51265aecd96858feeead19cc47f9bd3dc0af3fa7d793582482a9287a153c3e25,cpu
synth/pix2pix/pix2pix_img_01155.png,b6597702c59a14e63df2c0a64da51e7463b1a5cef487e0066d6ea40e2788386f,generated,pix2pix,calibration,western-blot-01155,12.649238586425781,0.9999967813491821,generated,0.5,detector-sam-vit-b-lora-r8-all-img512-51265aec,51265aecd96858feeead19cc47f9bd3dc0af3fa7d793582482a9287a153c3e25,cpu
synth/pix2pix/pix2pix_img_01164.png,d3f61cf42349a603549be815b8c0cfcdf2fa704cba19baccd41d3cf5eeaf35f6,generated,pix2pix,calibration,western-blot-01164,12.241761207580566,0.999995231628418,generated,0.5,detector-sam-vit-b-lora-r8-all-img512-51265aec,51265aecd96858feeead19cc47f9bd3dc0af3fa7d793582482a9287a153c3e25,cpu
synth/pix2pix/pix2pix_img_01173.png,f611b4e63418e720cbbe251fa75b70860aeb077c7e8972495751f54ff59235b7,generated,pix2pix,calibration,western-blot-01173,16.364164352416992,0.9999998807907104,generated,0.5,detector-sam-vit-b-lora-r8-all-img512-51265aec,51265aecd96858feeead19cc47f9bd3dc0af3fa7d793582482a9287a153c3e25,cpu
synth/pix2pix/pix2pix_img_01180.png,b1aaf3e5715b60c9e258d0cdd1f44f6fbbffb9cd8131823d5378c3c4afa7bb1f,generated,pix2pix,calibration,western-blot-01180,8.377138137817383,0.9997699856758118,generated,0.5,detector-sam-vit-b-lora-r8-all-img512-51265aec,51265aecd96858feeead19cc47f9bd3dc0af3fa7d793582482a9287a153c3e25,cpu
synth/pix2pix/pix2pix_img_01182.png,c29bd405158e0d609d6c45870174301513df24959d4621aa8afa5e41b59695f2,generated,pix2pix,calibration,western-blot-01182,11.516217231750488,0.9999899864196777,generated,0.5,detector-sam-vit-b-lora-r8-all-img512-51265aec,51265aecd96858feeead19cc47f9bd3dc0af3fa7d793582482a9287a153c3e25,cpu
synth/pix2pix/pix2pix_img_01202.png,b5a1c3080d98a414d246728f55b2f10d5be52af727c1f263d79b2fdc2ef48674,generated,pix2pix,calibration,western-blot-01202,12.240005493164062,0.9999951124191284,generated,0.5,detector-sam-vit-b-lora-r8-all-img512-51265aec,51265aecd96858feeead19cc47f9bd3dc0af3fa7d793582482a9287a153c3e25,cpu
synth/pix2pix/pix2pix_img_01203.png,0ead4182c976a3252a5a17c325fe1b6cfcb8dce01ee74474a28e0ceee3c42b9f,generated,pix2pix,calibration,western-blot-01203,12.8593111038208,0.9999973773956299,generated,0.5,detector-sam-vit-b-lora-r8-all-img512-51265aec,51265aecd96858feeead19cc47f9bd3dc0af3fa7d793582482a9287a153c3e25,cpu
synth/pix2pix/pix2pix_img_01235.png,1d8ae506be15575594c0d9134a1b5903cd056931dd40ce31e00252fcb9d3329f,generated,pix2pix,calibration,western-blot-01235,13.066485404968262,0.9999978542327881,generated,0.5,detector-sam-vit-b-lora-r8-all-img512-51265aec,51265aecd96858feeead19cc47f9bd3dc0af3fa7d793582482a9287a153c3e25,cpu
synth/pix2pix/pix2pix_img_01257.png,e210ef1f5b08bb7a4b8bd51f6ace4538731aa9da9ead8d1bbdabf0a1a98db4d1,generated,pix2pix,calibration,western-blot-01257,4.682376861572266,0.9908279180526733,generated,0.5,detector-sam-vit-b-lora-r8-all-img512-51265aec,51265aecd96858feeead19cc47f9bd3dc0af3fa7d793582482a9287a153c3e25,cpu
synth/pix2pix/pix2pix_img_01261.png,1068a8da5f72bdba38f9596bc9bd494ae2904963901cb14233b5135979607127,generated,pix2pix,calibration,western-blot-01261,8.753364562988281,0.9998420476913452,generated,0.5,detector-sam-vit-b-lora-r8-all-img512-51265aec,51265aecd96858feeead19cc47f9bd3dc0af3fa7d793582482a9287a153c3e25,cpu
synth/pix2pix/pix2pix_img_01298.png,97360f551b51026b0b0a1d3912fabc74001c11b041a1446fa297f86b4cee94a9,generated,pix2pix,calibration,western-blot-01298,12.790987014770508,0.9999972581863403,generated,0.5,detector-sam-vit-b-lora-r8-all-img512-51265aec,51265aecd96858feeead19cc47f9bd3dc0af3fa7d793582482a9287a153c3e25,cpu
synth/pix2pix/pix2pix_img_01308.png,b9167d71a8c1fc417cc81c0a28210c833dbfc44e94d2669aa5d12649875649ac,generated,pix2pix,calibration,western-blot-01308,2.1738779544830322,0.8978791236877441,generated,0.5,detector-sam-vit-b-lora-r8-all-img512-51265aec,51265aecd96858feeead19cc47f9bd3dc0af3fa7d793582482a9287a153c3e25,cpu
synth/pix2pix/pix2pix_img_01310.png,91c77ad8a81aadde4963cbc4deb3dae5ef7c0303f85859b2b2d861519bd8b54c,generated,pix2pix,calibration,western-blot-01310,-0.10930411517620087,0.47270116209983826,original,0.5,detector-sam-vit-b-lora-r8-all-img512-51265aec,51265aecd96858feeead19cc47f9bd3dc0af3fa7d793582482a9287a153c3e25,cpu
synth/pix2pix/pix2pix_img_01317.png,9cdb85158d26a73f49322abd94bfe644f442337865c2171e108c49ce8c3fef19,generated,pix2pix,calibration,western-blot-01317,9.091682434082031,0.9998873472213745,generated,0.5,detector-sam-vit-b-lora-r8-all-img512-51265aec,51265aecd96858feeead19cc47f9bd3dc0af3fa7d793582482a9287a153c3e25,cpu
synth/pix2pix/pix2pix_img_01320.png,04811bf083370a9e6fa9039314b1092464dbb1eb3a9f9a2a723529b78056a1e3,generated,pix2pix,calibration,western-blot-01320,6.100136756896973,0.9977624416351318,generated,0.5,detector-sam-vit-b-lora-r8-all-img512-51265aec,51265aecd96858feeead19cc47f9bd3dc0af3fa7d793582482a9287a153c3e25,cpu
synth/pix2pix/pix2pix_img_01327.png,5ccdea465460b27a665bd160a83fe74cb4cac396c4b30a3328aa2f786e66bd0c,generated,pix2pix,calibration,western-blot-01327,12.054201126098633,0.999994158744812,generated,0.5,detector-sam-vit-b-lora-r8-all-img512-51265aec,51265aecd96858feeead19cc47f9bd3dc0af3fa7d793582482a9287a153c3e25,cpu
synth/pix2pix/pix2pix_img_01332.png,0d45d258d16bd80a30e129a1eddffaf6ce75312b2ea35dffb48fbed62bbdf1cd,generated,pix2pix,calibration,western-blot-01332,1.3497151136398315,0.7940831184387207,generated,0.5,detector-sam-vit-b-lora-r8-all-img512-51265aec,51265aecd96858feeead19cc47f9bd3dc0af3fa7d793582482a9287a153c3e25,cpu
synth/pix2pix/pix2pix_img_01333.png,548a3da6dc3613e5402b38a13b000e831f41883da4aa101c62e486d11cd3eb83,generated,pix2pix,calibration,western-blot-01333,9.404253005981445,0.9999176263809204,generated,0.5,detector-sam-vit-b-lora-r8-all-img512-51265aec,51265aecd96858feeead19cc47f9bd3dc0af3fa7d793582482a9287a153c3e25,cpu
synth/pix2pix/pix2pix_img_01338.png,6184d12c79cd91441cc262d775bcbf17ff37713ba684079a6a7f6c63496d0204,generated,pix2pix,calibration,western-blot-01338,2.0703539848327637,0.8879882097244263,generated,0.5,detector-sam-vit-b-lora-r8-all-img512-51265aec,51265aecd96858feeead19cc47f9bd3dc0af3fa7d793582482a9287a153c3e25,cpu
synth/pix2pix/pix2pix_img_01373.png,9918ebd872605239182e76097df04fc540e0721d53bb92008a7b415c1eaddc37,generated,pix2pix,calibration,western-blot-01373,-0.12793748080730438,0.4680591821670532,original,0.5,detector-sam-vit-b-lora-r8-all-img512-51265aec,51265aecd96858feeead19cc47f9bd3dc0af3fa7d793582482a9287a153c3e25,cpu
synth/pix2pix/pix2pix_img_01383.png,b633494d9463f1550c8e7bfe1293a80b1c11229414d9649288437e522c76ea4d,generated,pix2pix,calibration,western-blot-01383,-0.965782105922699,0.27572202682495117,original,0.5,detector-sam-vit-b-lora-r8-all-img512-51265aec,51265aecd96858feeead19cc47f9bd3dc0af3fa7d793582482a9287a153c3e25,cpu
synth/pix2pix/pix2pix_img_01389.png,511a030bdb3d38f7e3d60f3d8bc5571855651d7afd5022959809b196c57ead9e,generated,pix2pix,calibration,western-blot-01389,-0.6884195804595947,0.3343847393989563,original,0.5,detector-sam-vit-b-lora-r8-all-img512-51265aec,51265aecd96858feeead19cc47f9bd3dc0af3fa7d793582482a9287a153c3e25,cpu
synth/pix2pix/pix2pix_img_01390.png,4a203ef00d248ec3f4d1cfaf6af0162053f65f0b225923574d9a2ae9c7595e67,generated,pix2pix,calibration,western-blot-01390,-1.2547279596328735,0.22188279032707214,original,0.5,detector-sam-vit-b-lora-r8-all-img512-51265aec,51265aecd96858feeead19cc47f9bd3dc0af3fa7d793582482a9287a153c3e25,cpu
synth/pix2pix/pix2pix_img_01392.png,b3121d6c2ca14f30614889488df1d8ae65ac3f7ad15e6d0b91b917a52d08d2d2,generated,pix2pix,calibration,western-blot-01392,-0.9589380025863647,0.2770908772945404,original,0.5,detector-sam-vit-b-lora-r8-all-img512-51265aec,51265aecd96858feeead19cc47f9bd3dc0af3fa7d793582482a9287a153c3e25,cpu
synth/pix2pix/pix2pix_img_01397.png,ac03c6a0d3ee71e4b18f45974445e7e18b4a035b7f67f0b091093f9a19629b1d,generated,pix2pix,calibration,western-blot-01397,-1.9967801570892334,0.11954139918088913,original,0.5,detector-sam-vit-b-lora-r8-all-img512-51265aec,51265aecd96858feeead19cc47f9bd3dc0af3fa7d793582482a9287a153c3e25,cpu
synth/pix2pix/pix2pix_img_01399.png,df1317b268e5a9f59dfeb94921489b6c5547c424930d3219960bf256223eb005,generated,pix2pix,calibration,western-blot-01399,-1.091880202293396,0.25126439332962036,original,0.5,detector-sam-vit-b-lora-r8-all-img512-51265aec,51265aecd96858feeead19cc47f9bd3dc0af3fa7d793582482a9287a153c3e25,cpu
synth/pix2pix/pix2pix_img_01400.png,390f83961dc3076eb1184316c331f40a4672654f0787db2c8544a76f6b79d6ad,generated,pix2pix,calibration,western-blot-01400,-0.7880071401596069,0.31259673833847046,original,0.5,detector-sam-vit-b-lora-r8-all-img512-51265aec,51265aecd96858feeead19cc47f9bd3dc0af3fa7d793582482a9287a153c3e25,cpu
synth/pix2pix/pix2pix_img_01411.png,c8779ee2b66837f1fe9c1ac03c25e2907de74a7e2237e25d930c3a1f79220396,generated,pix2pix,calibration,western-blot-01411,-0.7247415781021118,0.3263497054576874,original,0.5,detector-sam-vit-b-lora-r8-all-img512-51265aec,51265aecd96858feeead19cc47f9bd3dc0af3fa7d793582482a9287a153c3e25,cpu
synth/pix2pix/pix2pix_img_01413.png,05bd79e3621294a338a65656973aa6c0acbf6cea98cf8ab83391b5f1bae9a4b8,generated,pix2pix,calibration,western-blot-01413,-1.7188806533813477,0.15201540291309357,original,0.5,detector-sam-vit-b-lora-r8-all-img512-51265aec,51265aecd96858feeead19cc47f9bd3dc0af3fa7d793582482a9287a153c3e25,cpu
synth/pix2pix/pix2pix_img_01415.png,5ad399313128be177d24f9aae047754669ef7d6e1b5a08b99d9979fe71f2b755,generated,pix2pix,calibration,western-blot-01415,-0.6576855778694153,0.3412597179412842,original,0.5,detector-sam-vit-b-lora-r8-all-img512-51265aec,51265aecd96858feeead19cc47f9bd3dc0af3fa7d793582482a9287a153c3e25,cpu
synth/pix2pix/pix2pix_img_01421.png,429007d06ee6c17b675ac5c5514c39141c65a374cf000aa98367d116fe390896,generated,pix2pix,calibration,western-blot-01421,-1.5968607664108276,0.16842082142829895,original,0.5,detector-sam-vit-b-lora-r8-all-img512-51265aec,51265aecd96858feeead19cc47f9bd3dc0af3fa7d793582482a9287a153c3e25,cpu
synth/pix2pix/pix2pix_img_01422.png,d5f77543e911bfb96ab49c5ab2698be6e30c3b1e45a00931208242ecd5c52b25,generated,pix2pix,calibration,western-blot-01422,-1.2727140188217163,0.21879300475120544,original,0.5,detector-sam-vit-b-lora-r8-all-img512-51265aec,51265aecd96858feeead19cc47f9bd3dc0af3fa7d793582482a9287a153c3e25,cpu
synth/pix2pix/pix2pix_img_01427.png,3a4c6ce25a75c05ab5edf3c094e2e9dc9615a642e1b9e26ed59e6fc394f15533,generated,pix2pix,calibration,western-blot-01427,0.3877425491809845,0.5957391858100891,generated,0.5,detector-sam-vit-b-lora-r8-all-img512-51265aec,51265aecd96858feeead19cc47f9bd3dc0af3fa7d793582482a9287a153c3e25,cpu
synth/pix2pix/pix2pix_img_01429.png,0f90056665a39c44ab797d1c6b4f3a97cdd6a7f440286a74717abdea4d762000,generated,pix2pix,calibration,western-blot-01429,0.6310120224952698,0.6527189612388611,generated,0.5,detector-sam-vit-b-lora-r8-all-img512-51265aec,51265aecd96858feeead19cc47f9bd3dc0af3fa7d793582482a9287a153c3e25,cpu
synth/pix2pix/pix2pix_img_01434.png,48a08b0c84a1e242f281b0f31299c0981ce3dcf3d297f9e605827a5ef97cb0bf,generated,pix2pix,calibration,western-blot-01434,0.24422502517700195,0.5607545971870422,generated,0.5,detector-sam-vit-b-lora-r8-all-img512-51265aec,51265aecd96858feeead19cc47f9bd3dc0af3fa7d793582482a9287a153c3e25,cpu
synth/pix2pix/pix2pix_img_01435.png,98f123a98cc7d00f3f9d3422b26d00c8d4b92659ba08f36204e29952a159467e,generated,pix2pix,calibration,western-blot-01435,2.4481709003448486,0.9204276204109192,generated,0.5,detector-sam-vit-b-lora-r8-all-img512-51265aec,51265aecd96858feeead19cc47f9bd3dc0af3fa7d793582482a9287a153c3e25,cpu
synth/pix2pix/pix2pix_img_01445.png,b52399abe4c8250ee930d6c71837121a258d1ba5f9f0d95d9a5327a85f7cbfa5,generated,pix2pix,calibration,western-blot-01445,3.0921735763549805,0.9565687775611877,generated,0.5,detector-sam-vit-b-lora-r8-all-img512-51265aec,51265aecd96858feeead19cc47f9bd3dc0af3fa7d793582482a9287a153c3e25,cpu
synth/pix2pix/pix2pix_img_01450.png,e1c06f99f48eb72c38a3deac9579cd6f2f77a797393550417b01fb7cc6ceba1a,generated,pix2pix,calibration,western-blot-01450,10.534005165100098,0.9999734163284302,generated,0.5,detector-sam-vit-b-lora-r8-all-img512-51265aec,51265aecd96858feeead19cc47f9bd3dc0af3fa7d793582482a9287a153c3e25,cpu
synth/pix2pix/pix2pix_img_01477.png,934869fa48cfc2bf841465bd2bb983bc195d2f8f82662b78f6139d7a54324c64,generated,pix2pix,calibration,western-blot-01477,7.746501445770264,0.9995679259300232,generated,0.5,detector-sam-vit-b-lora-r8-all-img512-51265aec,51265aecd96858feeead19cc47f9bd3dc0af3fa7d793582482a9287a153c3e25,cpu
synth/pix2pix/pix2pix_img_01481.png,781b7d473409c2884f5905ce1fda4f09d8713a5116fbdb0f64c847e8e310f9d2,generated,pix2pix,calibration,western-blot-01481,7.091920375823975,0.999168872833252,generated,0.5,detector-sam-vit-b-lora-r8-all-img512-51265aec,51265aecd96858feeead19cc47f9bd3dc0af3fa7d793582482a9287a153c3e25,cpu
synth/pix2pix/pix2pix_img_01501.png,f984d0c85a43f797cd88bddf1a7346f572821f54134f60dcb15b0b9b461ac6fb,generated,pix2pix,calibration,western-blot-01501,1.0700668096542358,0.7446095943450928,generated,0.5,detector-sam-vit-b-lora-r8-all-img512-51265aec,51265aecd96858feeead19cc47f9bd3dc0af3fa7d793582482a9287a153c3e25,cpu
synth/pix2pix/pix2pix_img_01504.png,9db97010dd149580c944f2e4c75fac234440f0e6390616f6e4c73858c0346c4b,generated,pix2pix,calibration,western-blot-01504,-0.6130681037902832,0.35135963559150696,original,0.5,detector-sam-vit-b-lora-r8-all-img512-51265aec,51265aecd96858feeead19cc47f9bd3dc0af3fa7d793582482a9287a153c3e25,cpu
synth/pix2pix/pix2pix_img_01550.png,022dc54633b64f15b9c29fa6433b357b43d3e00dee1ee38641cbd1760f9e4e72,generated,pix2pix,calibration,western-blot-01550,1.923355221748352,0.8725121021270752,generated,0.5,detector-sam-vit-b-lora-r8-all-img512-51265aec,51265aecd96858feeead19cc47f9bd3dc0af3fa7d793582482a9287a153c3e25,cpu
synth/pix2pix/pix2pix_img_01568.png,5fcd3aba5399503c82d8998aee5a44da8346d2f2471c74e3752b8caf5d068da4,generated,pix2pix,calibration,western-blot-01568,-0.22480876743793488,0.44403329491615295,original,0.5,detector-sam-vit-b-lora-r8-all-img512-51265aec,51265aecd96858feeead19cc47f9bd3dc0af3fa7d793582482a9287a153c3e25,cpu
synth/pix2pix/pix2pix_img_01570.png,1ed5870ed99b6b12c2c83829032fecbaf018da1f16eeb4811fb93b190770cc7f,generated,pix2pix,calibration,western-blot-01570,0.673540472984314,0.6622954607009888,generated,0.5,detector-sam-vit-b-lora-r8-all-img512-51265aec,51265aecd96858feeead19cc47f9bd3dc0af3fa7d793582482a9287a153c3e25,cpu
synth/pix2pix/pix2pix_img_01604.png,835c5d03a6623198ae44d9232d2ee87fe39f9b6abfc4d4536fb7b9fe8781d7c8,generated,pix2pix,calibration,western-blot-01604,3.5330004692077637,0.971612274646759,generated,0.5,detector-sam-vit-b-lora-r8-all-img512-51265aec,51265aecd96858feeead19cc47f9bd3dc0af3fa7d793582482a9287a153c3e25,cpu
synth/pix2pix/pix2pix_img_01612.png,166b15b0f282ef0641499a534c094be1c699b1f49986321a8482229a5901f6f3,generated,pix2pix,calibration,western-blot-01612,3.0257019996643066,0.953721821308136,generated,0.5,detector-sam-vit-b-lora-r8-all-img512-51265aec,51265aecd96858feeead19cc47f9bd3dc0af3fa7d793582482a9287a153c3e25,cpu
synth/pix2pix/pix2pix_img_01628.png,8fcef9d94a75b1ff03b9cee52cc40f80e92249bc521fc0a8c464973d2fd0de11,generated,pix2pix,calibration,western-blot-01628,1.1844879388809204,0.7657538056373596,generated,0.5,detector-sam-vit-b-lora-r8-all-img512-51265aec,51265aecd96858feeead19cc47f9bd3dc0af3fa7d793582482a9287a153c3e25,cpu
synth/pix2pix/pix2pix_img_01630.png,8663e700faca71e2f7c0a0df0ab4295f02381d9c0a44b6defb011bcba2270fd1,generated,pix2pix,calibration,western-blot-01630,2.7725391387939453,0.9411737322807312,generated,0.5,detector-sam-vit-b-lora-r8-all-img512-51265aec,51265aecd96858feeead19cc47f9bd3dc0af3fa7d793582482a9287a153c3e25,cpu
synth/pix2pix/pix2pix_img_01632.png,45dde46bd148bb6473ff28e017172800ed9412fe7ad38ce4362b53f5a11134ce,generated,pix2pix,calibration,western-blot-01632,1.3531197309494019,0.7946392297744751,generated,0.5,detector-sam-vit-b-lora-r8-all-img512-51265aec,51265aecd96858feeead19cc47f9bd3dc0af3fa7d793582482a9287a153c3e25,cpu
synth/pix2pix/pix2pix_img_01655.png,47ff03fa542c5affd5d20200d3eac364b0fa60cc3e9f4184ba2422498b946782,generated,pix2pix,calibration,western-blot-01655,0.8265544176101685,0.6956258416175842,generated,0.5,detector-sam-vit-b-lora-r8-all-img512-51265aec,51265aecd96858feeead19cc47f9bd3dc0af3fa7d793582482a9287a153c3e25,cpu
synth/pix2pix/pix2pix_img_01666.png,ec813bd60df3760c03b010318be64b82178b0725cb39d7bd3898fa18713a82e1,generated,pix2pix,calibration,western-blot-01666,1.5892373323440552,0.8305087685585022,generated,0.5,detector-sam-vit-b-lora-r8-all-img512-51265aec,51265aecd96858feeead19cc47f9bd3dc0af3fa7d793582482a9287a153c3e25,cpu
synth/pix2pix/pix2pix_img_01680.png,04e335edd9b304d8bbaf0e51a4b9acf1b5d264f9c17a1d2522eab9d809d2d6a1,generated,pix2pix,calibration,western-blot-01680,1.4908016920089722,0.8161985278129578,generated,0.5,detector-sam-vit-b-lora-r8-all-img512-51265aec,51265aecd96858feeead19cc47f9bd3dc0af3fa7d793582482a9287a153c3e25,cpu
synth/pix2pix/pix2pix_img_01685.png,b72f94d9c23034603a8de9f2ef053aaf5e8d34397f9951f5c278202791e28d5c,generated,pix2pix,calibration,western-blot-01685,-0.11349046230316162,0.47165781259536743,original,0.5,detector-sam-vit-b-lora-r8-all-img512-51265aec,51265aecd96858feeead19cc47f9bd3dc0af3fa7d793582482a9287a153c3e25,cpu
synth/pix2pix/pix2pix_img_01695.png,a4079544aa4e8faae2f6d5e7db882af86ade4bd2fb6ccf93f4fa36cf6654332f,generated,pix2pix,calibration,western-blot-01695,0.14043982326984406,0.5350523591041565,generated,0.5,detector-sam-vit-b-lora-r8-all-img512-51265aec,51265aecd96858feeead19cc47f9bd3dc0af3fa7d793582482a9287a153c3e25,cpu
synth/pix2pix/pix2pix_img_01718.png,29530f8df8c2143cb8bde8408886303233d308fbbb09afd04c1a3c1a5715c3b3,generated,pix2pix,calibration,western-blot-01718,7.80117130279541,0.9995909333229065,generated,0.5,detector-sam-vit-b-lora-r8-all-img512-51265aec,51265aecd96858feeead19cc47f9bd3dc0af3fa7d793582482a9287a153c3e25,cpu
synth/pix2pix/pix2pix_img_01719.png,100e664883016b390463b71438201bec2631d9bb12c83b8fc27d923fe9f3206d,generated,pix2pix,calibration,western-blot-01719,2.5900444984436035,0.9302181005477905,generated,0.5,detector-sam-vit-b-lora-r8-all-img512-51265aec,51265aecd96858feeead19cc47f9bd3dc0af3fa7d793582482a9287a153c3e25,cpu
synth/pix2pix/pix2pix_img_01722.png,a81f0c6ed886ae781225bfc55ec9efbac3695747807c3b1c6f9a60ae9ebac246,generated,pix2pix,calibration,western-blot-01722,3.337068557739258,0.965678870677948,generated,0.5,detector-sam-vit-b-lora-r8-all-img512-51265aec,51265aecd96858feeead19cc47f9bd3dc0af3fa7d793582482a9287a153c3e25,cpu
synth/pix2pix/pix2pix_img_01738.png,3efa1c15b84cb2b80196c0effd5414d4bed6e70c2b9ce145fa2d136e87363cb1,generated,pix2pix,calibration,western-blot-01738,8.684955596923828,0.9998308420181274,generated,0.5,detector-sam-vit-b-lora-r8-all-img512-51265aec,51265aecd96858feeead19cc47f9bd3dc0af3fa7d793582482a9287a153c3e25,cpu
synth/pix2pix/pix2pix_img_01740.png,12b5b1dd094668fe344e0c454a9f3de04f9cd7f31d080e5a3e5e139e9af65d48,generated,pix2pix,calibration,western-blot-01740,1.1261337995529175,0.7551247477531433,generated,0.5,detector-sam-vit-b-lora-r8-all-img512-51265aec,51265aecd96858feeead19cc47f9bd3dc0af3fa7d793582482a9287a153c3e25,cpu
synth/pix2pix/pix2pix_img_01745.png,448647702bcbf2ee7d046a6f92efaf5aa7dbebb4b24a3db8c1ff1e4f948bafcc,generated,pix2pix,calibration,western-blot-01745,10.531574249267578,0.9999732971191406,generated,0.5,detector-sam-vit-b-lora-r8-all-img512-51265aec,51265aecd96858feeead19cc47f9bd3dc0af3fa7d793582482a9287a153c3e25,cpu
synth/pix2pix/pix2pix_img_01771.png,9093fa13ce07028d917813ef8f390c499249685732109c65c5e13e0f4002e39d,generated,pix2pix,calibration,western-blot-01771,10.128929138183594,0.9999600648880005,generated,0.5,detector-sam-vit-b-lora-r8-all-img512-51265aec,51265aecd96858feeead19cc47f9bd3dc0af3fa7d793582482a9287a153c3e25,cpu
synth/pix2pix/pix2pix_img_01788.png,059e6a6e8ca4495ce988ce2700ad490af5124820598e1671b935d6b712d8faf9,generated,pix2pix,calibration,western-blot-01788,3.8404088020324707,0.978967010974884,generated,0.5,detector-sam-vit-b-lora-r8-all-img512-51265aec,51265aecd96858feeead19cc47f9bd3dc0af3fa7d793582482a9287a153c3e25,cpu
synth/pix2pix/pix2pix_img_01792.png,2423016e56040b3c4ceac82ac321b5105604f919e87b6bb1cf36d5783829f7ba,generated,pix2pix,calibration,western-blot-01792,0.29950442910194397,0.5743213891983032,generated,0.5,detector-sam-vit-b-lora-r8-all-img512-51265aec,51265aecd96858feeead19cc47f9bd3dc0af3fa7d793582482a9287a153c3e25,cpu
synth/pix2pix/pix2pix_img_01793.png,bd2536a2986567006fdc648ac33e66ba11c3c5071336b56961f9d468d19973f5,generated,pix2pix,calibration,western-blot-01793,1.7511483430862427,0.8520976305007935,generated,0.5,detector-sam-vit-b-lora-r8-all-img512-51265aec,51265aecd96858feeead19cc47f9bd3dc0af3fa7d793582482a9287a153c3e25,cpu
synth/pix2pix/pix2pix_img_01794.png,a4eca72ca5fadd45a1ffba23ad090eb95ab8ef9f5d0841ec9f45f1b8e271c108,generated,pix2pix,calibration,western-blot-01794,2.396501064300537,0.9165600538253784,generated,0.5,detector-sam-vit-b-lora-r8-all-img512-51265aec,51265aecd96858feeead19cc47f9bd3dc0af3fa7d793582482a9287a153c3e25,cpu
synth/pix2pix/pix2pix_img_01804.png,43f509108e6b9c56aef58ee6d06bd54982e39bfc6ca9aa0a9042468fed5f1930,generated,pix2pix,calibration,western-blot-01804,0.011177899315953255,0.5027944445610046,generated,0.5,detector-sam-vit-b-lora-r8-all-img512-51265aec,51265aecd96858feeead19cc47f9bd3dc0af3fa7d793582482a9287a153c3e25,cpu
synth/pix2pix/pix2pix_img_01823.png,4ce805816a350a60411b7b3ad9088828fbd70b159a2748cbea6d443b5c500f13,generated,pix2pix,calibration,western-blot-01823,-0.7717012166976929,0.3161112070083618,original,0.5,detector-sam-vit-b-lora-r8-all-img512-51265aec,51265aecd96858feeead19cc47f9bd3dc0af3fa7d793582482a9287a153c3e25,cpu
synth/pix2pix/pix2pix_img_01826.png,1f970397c6c9fe3af6376395e0efb56c8c8eb1365110d290292517d8536a98c1,generated,pix2pix,calibration,western-blot-01826,4.729788303375244,0.9912489652633667,generated,0.5,detector-sam-vit-b-lora-r8-all-img512-51265aec,51265aecd96858feeead19cc47f9bd3dc0af3fa7d793582482a9287a153c3e25,cpu
synth/pix2pix/pix2pix_img_01843.png,db935ee406738140fef4c960d604ce100c3ccbed19761da32fdee100f17c96de,generated,pix2pix,calibration,western-blot-01843,-1.7359987497329712,0.14982187747955322,original,0.5,detector-sam-vit-b-lora-r8-all-img512-51265aec,51265aecd96858feeead19cc47f9bd3dc0af3fa7d793582482a9287a153c3e25,cpu
synth/pix2pix/pix2pix_img_01869.png,f97ad09321b00c94e9ba9a62f5a3b89795c315bec675b89cc219ef0d2183def4,generated,pix2pix,calibration,western-blot-01869,-1.4705928564071655,0.18685252964496613,original,0.5,detector-sam-vit-b-lora-r8-all-img512-51265aec,51265aecd96858feeead19cc47f9bd3dc0af3fa7d793582482a9287a153c3e25,cpu
synth/pix2pix/pix2pix_img_01876.png,7972760909876316a7e6ae018c3c65fecd1adf4408291ee08bda4719bbdc1a42,generated,pix2pix,calibration,western-blot-01876,-1.0187643766403198,0.2652681767940521,original,0.5,detector-sam-vit-b-lora-r8-all-img512-51265aec,51265aecd96858feeead19cc47f9bd3dc0af3fa7d793582482a9287a153c3e25,cpu
synth/pix2pix/pix2pix_img_01909.png,ed41814708d5868c702601af83cd741e7dea651207791451957d7766e1a70b38,generated,pix2pix,calibration,western-blot-01909,1.6884475946426392,0.844019889831543,generated,0.5,detector-sam-vit-b-lora-r8-all-img512-51265aec,51265aecd96858feeead19cc47f9bd3dc0af3fa7d793582482a9287a153c3e25,cpu
synth/pix2pix/pix2pix_img_01916.png,c2b0efff9896264ad4917ca6256b3ca6ab878ae1b91a14255f5d4b879603b0fc,generated,pix2pix,calibration,western-blot-01916,3.3621938228607178,0.9665018916130066,generated,0.5,detector-sam-vit-b-lora-r8-all-img512-51265aec,51265aecd96858feeead19cc47f9bd3dc0af3fa7d793582482a9287a153c3e25,cpu
synth/pix2pix/pix2pix_img_01936.png,ed15b36f94d3d5ed72994c3575d93a21ed799cd0be386ef3e8ae537d3e3b1ed6,generated,pix2pix,calibration,western-blot-01936,-1.0712345838546753,0.2551683783531189,original,0.5,detector-sam-vit-b-lora-r8-all-img512-51265aec,51265aecd96858feeead19cc47f9bd3dc0af3fa7d793582482a9287a153c3e25,cpu
synth/pix2pix/pix2pix_img_01942.png,5f080def6d8635d1ba4537822557b1f40e747c9c98300479661dd568ca29fdea,generated,pix2pix,calibration,western-blot-01942,-0.5971852540969849,0.3549879491329193,original,0.5,detector-sam-vit-b-lora-r8-all-img512-51265aec,51265aecd96858feeead19cc47f9bd3dc0af3fa7d793582482a9287a153c3e25,cpu
synth/pix2pix/pix2pix_img_01966.png,8acec6b44119d8bfbff0f6079984dc4891024d1507f6ebcfe91858a17aa3c788,generated,pix2pix,calibration,western-blot-01966,-0.5308408737182617,0.37032079696655273,original,0.5,detector-sam-vit-b-lora-r8-all-img512-51265aec,51265aecd96858feeead19cc47f9bd3dc0af3fa7d793582482a9287a153c3e25,cpu
synth/pix2pix/pix2pix_img_01990.png,0ec87587fe6b93a7a009993285dcdfaba462ebf13e39e37051236dc74d50194f,generated,pix2pix,calibration,western-blot-01990,-0.42483505606651306,0.3953603506088257,original,0.5,detector-sam-vit-b-lora-r8-all-img512-51265aec,51265aecd96858feeead19cc47f9bd3dc0af3fa7d793582482a9287a153c3e25,cpu
synth/pix2pix/pix2pix_img_01999.png,70c46c2d64337e288a7a570157251c7a39fc145c5f759488d58ec234e4b96404,generated,pix2pix,calibration,western-blot-01999,0.7462273836135864,0.6783561110496521,generated,0.5,detector-sam-vit-b-lora-r8-all-img512-51265aec,51265aecd96858feeead19cc47f9bd3dc0af3fa7d793582482a9287a153c3e25,cpu
synth/pix2pix/pix2pix_img_02005.png,b7d437f0fa211782a905a4639d08f32c1e72a62199f2a4459645dbe7df9ae62a,generated,pix2pix,calibration,western-blot-02005,2.22694730758667,0.9026433825492859,generated,0.5,detector-sam-vit-b-lora-r8-all-img512-51265aec,51265aecd96858feeead19cc47f9bd3dc0af3fa7d793582482a9287a153c3e25,cpu
synth/pix2pix/pix2pix_img_02015.png,3fe45d4d6bbf4b48d7b95047c30394f2d981f1443185936fe4e4847bbf14e4fd,generated,pix2pix,calibration,western-blot-02015,0.7803071141242981,0.6857462525367737,generated,0.5,detector-sam-vit-b-lora-r8-all-img512-51265aec,51265aecd96858feeead19cc47f9bd3dc0af3fa7d793582482a9287a153c3e25,cpu
synth/pix2pix/pix2pix_img_02021.png,b707c303c040ac96d840cef922d4ac5969ddb7a2949679983b4998e675c673dc,generated,pix2pix,calibration,western-blot-02021,1.5827410221099854,0.8295923471450806,generated,0.5,detector-sam-vit-b-lora-r8-all-img512-51265aec,51265aecd96858feeead19cc47f9bd3dc0af3fa7d793582482a9287a153c3e25,cpu
synth/pix2pix/pix2pix_img_02026.png,e9ffd8eb7061ad0e5608fec7e08180c5a16823216105022238057a2bed597430,generated,pix2pix,calibration,western-blot-02026,2.8755388259887695,0.9466239213943481,generated,0.5,detector-sam-vit-b-lora-r8-all-img512-51265aec,51265aecd96858feeead19cc47f9bd3dc0af3fa7d793582482a9287a153c3e25,cpu
synth/pix2pix/pix2pix_img_02041.png,82acbf51a59445bc4fba2b1a02476eb154b40db20ceb9317faaa31baa0c85fc9,generated,pix2pix,calibration,western-blot-02041,-0.602398693561554,0.3537951111793518,original,0.5,detector-sam-vit-b-lora-r8-all-img512-51265aec,51265aecd96858feeead19cc47f9bd3dc0af3fa7d793582482a9287a153c3e25,cpu
synth/pix2pix/pix2pix_img_02043.png,2f75e010fd216b2594a46396d983a877a85a7be3e42388e156889f7bfbb96809,generated,pix2pix,calibration,western-blot-02043,0.055552028119564056,0.513884425163269,generated,0.5,detector-sam-vit-b-lora-r8-all-img512-51265aec,51265aecd96858feeead19cc47f9bd3dc0af3fa7d793582482a9287a153c3e25,cpu
synth/pix2pix/pix2pix_img_02045.png,29b0aa6a4a0d3f3174005b1ba8d19dc03ea0ea81eae112b9bf4fb04bd5e201b0,generated,pix2pix,calibration,western-blot-02045,-0.5856200456619263,0.35764044523239136,original,0.5,detector-sam-vit-b-lora-r8-all-img512-51265aec,51265aecd96858feeead19cc47f9bd3dc0af3fa7d793582482a9287a153c3e25,cpu
synth/pix2pix/pix2pix_img_02046.png,33aea5fc3e901602f630bb52f00d06559665950ef5f4e84d0e434402120eae8d,generated,pix2pix,calibration,western-blot-02046,-0.33466637134552,0.41710567474365234,original,0.5,detector-sam-vit-b-lora-r8-all-img512-51265aec,51265aecd96858feeead19cc47f9bd3dc0af3fa7d793582482a9287a153c3e25,cpu
synth/pix2pix/pix2pix_img_02161.png,51e9f968e6709de3f88283dff1e6ae534aa86f252b6682c141217847c88bff03,generated,pix2pix,calibration,western-blot-02161,-0.421443909406662,0.3961712718009949,original,0.5,detector-sam-vit-b-lora-r8-all-img512-51265aec,51265aecd96858feeead19cc47f9bd3dc0af3fa7d793582482a9287a153c3e25,cpu
synth/pix2pix/pix2pix_img_02162.png,a8d4001184da510d0c9d1bc9614ae33de3f614334945341836ae9334cc5600c5,generated,pix2pix,calibration,western-blot-02162,0.7144631743431091,0.6713865995407104,generated,0.5,detector-sam-vit-b-lora-r8-all-img512-51265aec,51265aecd96858feeead19cc47f9bd3dc0af3fa7d793582482a9287a153c3e25,cpu
synth/pix2pix/pix2pix_img_02171.png,fbc5df60e0085764b42a76f63b7811d2a4edd7f421b30f2d08fed13dd7a61047,generated,pix2pix,calibration,western-blot-02171,0.13494081795215607,0.5336841344833374,generated,0.5,detector-sam-vit-b-lora-r8-all-img512-51265aec,51265aecd96858feeead19cc47f9bd3dc0af3fa7d793582482a9287a153c3e25,cpu
synth/pix2pix/pix2pix_img_02180.png,2481bb84c9a3b7d96321c662eccd03e9855f028376cfd7f6205d44e3342a4d4e,generated,pix2pix,calibration,western-blot-02180,0.8409682512283325,0.6986690759658813,generated,0.5,detector-sam-vit-b-lora-r8-all-img512-51265aec,51265aecd96858feeead19cc47f9bd3dc0af3fa7d793582482a9287a153c3e25,cpu
synth/pix2pix/pix2pix_img_02213.png,8be7adcd3162bf4cc849631170350b961b2a5ce48242a3f754ce61543454328a,generated,pix2pix,calibration,western-blot-02213,0.695023775100708,0.6670835614204407,generated,0.5,detector-sam-vit-b-lora-r8-all-img512-51265aec,51265aecd96858feeead19cc47f9bd3dc0af3fa7d793582482a9287a153c3e25,cpu
synth/pix2pix/pix2pix_img_02232.png,450247b9ce7d90d5e8be3c200f4686b159dd97f9ae7b7cac2bb2546921d20515,generated,pix2pix,calibration,western-blot-02232,4.312858581542969,0.986781895160675,generated,0.5,detector-sam-vit-b-lora-r8-all-img512-51265aec,51265aecd96858feeead19cc47f9bd3dc0af3fa7d793582482a9287a153c3e25,cpu
synth/pix2pix/pix2pix_img_02272.png,32ab67fc1ca890e52788649273c2786932c1dc00a543e9bfad9454a379c9f40a,generated,pix2pix,calibration,western-blot-02272,1.1201575994491577,0.7540179491043091,generated,0.5,detector-sam-vit-b-lora-r8-all-img512-51265aec,51265aecd96858feeead19cc47f9bd3dc0af3fa7d793582482a9287a153c3e25,cpu
synth/pix2pix/pix2pix_img_02293.png,b4307018d0a42be92bcfd989e25abb9fb82a5f6d91b10e7f1d7606487c58effe,generated,pix2pix,calibration,western-blot-02293,4.567721366882324,0.9897251129150391,generated,0.5,detector-sam-vit-b-lora-r8-all-img512-51265aec,51265aecd96858feeead19cc47f9bd3dc0af3fa7d793582482a9287a153c3e25,cpu
synth/pix2pix/pix2pix_img_02322.png,01333ed858b2c75df5b58ffaee19a5a8df24253cd3d80681423fb74ab66e730f,generated,pix2pix,calibration,western-blot-02322,0.8483115434646606,0.700212836265564,generated,0.5,detector-sam-vit-b-lora-r8-all-img512-51265aec,51265aecd96858feeead19cc47f9bd3dc0af3fa7d793582482a9287a153c3e25,cpu
synth/pix2pix/pix2pix_img_02327.png,e44838c05cc1f85b063895493527e3848d3a43797f31eacbe28c7875182afe27,generated,pix2pix,calibration,western-blot-02327,2.1042935848236084,0.8913198113441467,generated,0.5,detector-sam-vit-b-lora-r8-all-img512-51265aec,51265aecd96858feeead19cc47f9bd3dc0af3fa7d793582482a9287a153c3e25,cpu
synth/pix2pix/pix2pix_img_02333.png,9ed29b5b5b4c02f491e6427ec59c1b58d7af9d7ec9ebcf74d1636eb1ee1e2091,generated,pix2pix,calibration,western-blot-02333,1.1971890926361084,0.7680243849754333,generated,0.5,detector-sam-vit-b-lora-r8-all-img512-51265aec,51265aecd96858feeead19cc47f9bd3dc0af3fa7d793582482a9287a153c3e25,cpu
synth/pix2pix/pix2pix_img_02342.png,e278a1238e8e807c334304305ab4f259d3b23d80bf38bb4c43daeebc7a1dd7e5,generated,pix2pix,calibration,western-blot-02342,1.6266063451766968,0.8357042074203491,generated,0.5,detector-sam-vit-b-lora-r8-all-img512-51265aec,51265aecd96858feeead19cc47f9bd3dc0af3fa7d793582482a9287a153c3e25,cpu
synth/pix2pix/pix2pix_img_02363.png,f1470ad64958eaa152a71ab4923248b1ce18a6032ecc1703051fb092729c4e56,generated,pix2pix,calibration,western-blot-02363,0.9675375819206238,0.7246284484863281,generated,0.5,detector-sam-vit-b-lora-r8-all-img512-51265aec,51265aecd96858feeead19cc47f9bd3dc0af3fa7d793582482a9287a153c3e25,cpu
synth/pix2pix/pix2pix_img_02380.png,ca408e64fbbf034cbd7254ec1f520f852806a1db5a53c721e34360dc144d21fa,generated,pix2pix,calibration,western-blot-02380,0.6295756697654724,0.6523932218551636,generated,0.5,detector-sam-vit-b-lora-r8-all-img512-51265aec,51265aecd96858feeead19cc47f9bd3dc0af3fa7d793582482a9287a153c3e25,cpu
synth/pix2pix/pix2pix_img_02410.png,1a709fecefa012b1b86cf321c0e3671467ac737cce77026738aca18c1813007b,generated,pix2pix,calibration,western-blot-02410,8.175326347351074,0.9997184872627258,generated,0.5,detector-sam-vit-b-lora-r8-all-img512-51265aec,51265aecd96858feeead19cc47f9bd3dc0af3fa7d793582482a9287a153c3e25,cpu
synth/pix2pix/pix2pix_img_02432.png,4baefd4c731ccefed3339ac4d7b1cf9057338deb07e15ef5c5f41a81393bcba6,generated,pix2pix,calibration,western-blot-02432,12.364946365356445,0.9999957084655762,generated,0.5,detector-sam-vit-b-lora-r8-all-img512-51265aec,51265aecd96858feeead19cc47f9bd3dc0af3fa7d793582482a9287a153c3e25,cpu
synth/pix2pix/pix2pix_img_02433.png,886d5b90638d09a4c9f623c0d2e0d9c3b95271c5a4b04a8cef0bfca1a979c0f9,generated,pix2pix,calibration,western-blot-02433,0.9018212556838989,0.711323618888855,generated,0.5,detector-sam-vit-b-lora-r8-all-img512-51265aec,51265aecd96858feeead19cc47f9bd3dc0af3fa7d793582482a9287a153c3e25,cpu
synth/pix2pix/pix2pix_img_02437.png,dd3b80a825a741c5db13142898ba718b3bdaff9ac5f2c0503d63fc17898df117,generated,pix2pix,calibration,western-blot-02437,7.292691707611084,0.9993200302124023,generated,0.5,detector-sam-vit-b-lora-r8-all-img512-51265aec,51265aecd96858feeead19cc47f9bd3dc0af3fa7d793582482a9287a153c3e25,cpu
synth/pix2pix/pix2pix_img_02439.png,a28fc6c8f866940a550c7cd39a2c384ef0e0247cbf53c16f7fcc770bf44e941a,generated,pix2pix,calibration,western-blot-02439,10.837246894836426,0.9999803304672241,generated,0.5,detector-sam-vit-b-lora-r8-all-img512-51265aec,51265aecd96858feeead19cc47f9bd3dc0af3fa7d793582482a9287a153c3e25,cpu
synth/pix2pix/pix2pix_img_02461.png,b2f53aab8010113a9767d1044ad72e791807bb75d5c8ece0356be0c6d2c6f6ae,generated,pix2pix,calibration,western-blot-02461,15.400016784667969,0.9999997615814209,generated,0.5,detector-sam-vit-b-lora-r8-all-img512-51265aec,51265aecd96858feeead19cc47f9bd3dc0af3fa7d793582482a9287a153c3e25,cpu
synth/pix2pix/pix2pix_img_02479.png,af5c2b5c302ff9f8ad084667ed51d68ddcefd279661b97f19a98124bf9a13ac1,generated,pix2pix,calibration,western-blot-02479,10.40574836730957,0.9999697208404541,generated,0.5,detector-sam-vit-b-lora-r8-all-img512-51265aec,51265aecd96858feeead19cc47f9bd3dc0af3fa7d793582482a9287a153c3e25,cpu
synth/pix2pix/pix2pix_img_02541.png,d848581e3706af08a676f89bdcecad071b6c0bd7157f6ea6700a3c3d6d36d569,generated,pix2pix,calibration,western-blot-02541,4.1939921379089355,0.9851382970809937,generated,0.5,detector-sam-vit-b-lora-r8-all-img512-51265aec,51265aecd96858feeead19cc47f9bd3dc0af3fa7d793582482a9287a153c3e25,cpu
synth/pix2pix/pix2pix_img_02548.png,2da3c5e7fe247cb6975263405c0b03104d3940ae6098e2aa55ca7ee1af7cae0a,generated,pix2pix,calibration,western-blot-02548,6.562995433807373,0.9985902905464172,generated,0.5,detector-sam-vit-b-lora-r8-all-img512-51265aec,51265aecd96858feeead19cc47f9bd3dc0af3fa7d793582482a9287a153c3e25,cpu
synth/pix2pix/pix2pix_img_02565.png,e1adaa9576e03a97a9adefd06d08153cd754cb24cbdcd28b36d02bd56b99c541,generated,pix2pix,calibration,western-blot-02565,12.083301544189453,0.9999943971633911,generated,0.5,detector-sam-vit-b-lora-r8-all-img512-51265aec,51265aecd96858feeead19cc47f9bd3dc0af3fa7d793582482a9287a153c3e25,cpu
synth/pix2pix/pix2pix_img_02569.png,d448532a388cfdb46fa75022351ffa5c522694e9621ac4bc39d0fef3521d0c11,generated,pix2pix,calibration,western-blot-02569,12.839408874511719,0.9999973773956299,generated,0.5,detector-sam-vit-b-lora-r8-all-img512-51265aec,51265aecd96858feeead19cc47f9bd3dc0af3fa7d793582482a9287a153c3e25,cpu
synth/pix2pix/pix2pix_img_02570.png,99111dc941220e4fa92cf5e7c3cfa15b8e167ca5383c30aae530056e01597e89,generated,pix2pix,calibration,western-blot-02570,12.230217933654785,0.9999951124191284,generated,0.5,detector-sam-vit-b-lora-r8-all-img512-51265aec,51265aecd96858feeead19cc47f9bd3dc0af3fa7d793582482a9287a153c3e25,cpu
synth/pix2pix/pix2pix_img_02580.png,c4d4c8bc1dc213459f706b6a6e942a211a76416bb80eb70bb445b822ebe3e807,generated,pix2pix,calibration,western-blot-02580,11.263195991516113,0.9999871253967285,generated,0.5,detector-sam-vit-b-lora-r8-all-img512-51265aec,51265aecd96858feeead19cc47f9bd3dc0af3fa7d793582482a9287a153c3e25,cpu
synth/pix2pix/pix2pix_img_02594.png,fefab9f08fe65cdddd4c4daae227ded198fe8926ae86d4625d3997b855893500,generated,pix2pix,calibration,western-blot-02594,-0.4974829852581024,0.3781323730945587,original,0.5,detector-sam-vit-b-lora-r8-all-img512-51265aec,51265aecd96858feeead19cc47f9bd3dc0af3fa7d793582482a9287a153c3e25,cpu
synth/pix2pix/pix2pix_img_02605.png,01571f5f0e6e0b8f2bae6f72fae597b7bb90c56f3ceb9517ac9c863126941a57,generated,pix2pix,calibration,western-blot-02605,-0.7988408803939819,0.31027349829673767,original,0.5,detector-sam-vit-b-lora-r8-all-img512-51265aec,51265aecd96858feeead19cc47f9bd3dc0af3fa7d793582482a9287a153c3e25,cpu
synth/pix2pix/pix2pix_img_02606.png,48736522992d4608698cd7273b09434f42e5af27111719e5bcdb29b58acbc2c0,generated,pix2pix,calibration,western-blot-02606,-1.8375991582870483,0.13733547925949097,original,0.5,detector-sam-vit-b-lora-r8-all-img512-51265aec,51265aecd96858feeead19cc47f9bd3dc0af3fa7d793582482a9287a153c3e25,cpu
synth/pix2pix/pix2pix_img_02608.png,2ba33896547bc19d81acddf2184e0e1b6f6d0666dc3d5bc48d44444137f5e8a1,generated,pix2pix,calibration,western-blot-02608,-0.6036235094070435,0.3535151481628418,original,0.5,detector-sam-vit-b-lora-r8-all-img512-51265aec,51265aecd96858feeead19cc47f9bd3dc0af3fa7d793582482a9287a153c3e25,cpu
synth/pix2pix/pix2pix_img_02613.png,1384ad65b13fe070ebab98117e73bb9cf76fbe385d04c1b35be500ded989690c,generated,pix2pix,calibration,western-blot-02613,-1.158321499824524,0.23897239565849304,original,0.5,detector-sam-vit-b-lora-r8-all-img512-51265aec,51265aecd96858feeead19cc47f9bd3dc0af3fa7d793582482a9287a153c3e25,cpu
synth/pix2pix/pix2pix_img_02615.png,862b8f3af49a0bbc9fd285ca5b7be10049417b2b02786ebc9ac63a6b85c29ee2,generated,pix2pix,calibration,western-blot-02615,-0.6530877351760864,0.3422940671443939,original,0.5,detector-sam-vit-b-lora-r8-all-img512-51265aec,51265aecd96858feeead19cc47f9bd3dc0af3fa7d793582482a9287a153c3e25,cpu
synth/pix2pix/pix2pix_img_02618.png,6147bd4c760c9200835bb60fdcadf2c763ffba5fb16153ac44eaab87923cef12,generated,pix2pix,calibration,western-blot-02618,-1.0333162546157837,0.2624416947364807,original,0.5,detector-sam-vit-b-lora-r8-all-img512-51265aec,51265aecd96858feeead19cc47f9bd3dc0af3fa7d793582482a9287a153c3e25,cpu
synth/pix2pix/pix2pix_img_02621.png,7ed2d6252e1edf16f093a4cb5bef2582028d2a1056b496968e378924498bc3fd,generated,pix2pix,calibration,western-blot-02621,-0.5544795989990234,0.3648257255554199,original,0.5,detector-sam-vit-b-lora-r8-all-img512-51265aec,51265aecd96858feeead19cc47f9bd3dc0af3fa7d793582482a9287a153c3e25,cpu
synth/pix2pix/pix2pix_img_02623.png,9e86179db410d996d06b067467e5b87efa365d880036d72e7afcc9ca2db1840f,generated,pix2pix,calibration,western-blot-02623,-0.6780815124511719,0.33668962121009827,original,0.5,detector-sam-vit-b-lora-r8-all-img512-51265aec,51265aecd96858feeead19cc47f9bd3dc0af3fa7d793582482a9287a153c3e25,cpu
synth/pix2pix/pix2pix_img_02664.png,d56844a63b7023d18b2d1aaf322484bce7d130484223a850bd3f1397c04c3d21,generated,pix2pix,calibration,western-blot-02664,7.953102111816406,0.9996485710144043,generated,0.5,detector-sam-vit-b-lora-r8-all-img512-51265aec,51265aecd96858feeead19cc47f9bd3dc0af3fa7d793582482a9287a153c3e25,cpu
synth/pix2pix/pix2pix_img_02684.png,f5ad5070b26cfdf72e33e548a9f8a864f7fefc537f933557886915f2318261ac,generated,pix2pix,calibration,western-blot-02684,3.5893287658691406,0.9731253385543823,generated,0.5,detector-sam-vit-b-lora-r8-all-img512-51265aec,51265aecd96858feeead19cc47f9bd3dc0af3fa7d793582482a9287a153c3e25,cpu
synth/pix2pix/pix2pix_img_02689.png,23944ff670eb725ebeeaa18e507e90eb5ef32a2a32476cd984718b6a17bec28a,generated,pix2pix,calibration,western-blot-02689,8.386786460876465,0.9997722506523132,generated,0.5,detector-sam-vit-b-lora-r8-all-img512-51265aec,51265aecd96858feeead19cc47f9bd3dc0af3fa7d793582482a9287a153c3e25,cpu
synth/pix2pix/pix2pix_img_02699.png,e3ef273d35241861c739cce1469dd36bdfea1a13a6031d6bbe805ffc9e218855,generated,pix2pix,calibration,western-blot-02699,2.8621699810028076,0.9459443688392639,generated,0.5,detector-sam-vit-b-lora-r8-all-img512-51265aec,51265aecd96858feeead19cc47f9bd3dc0af3fa7d793582482a9287a153c3e25,cpu
synth/pix2pix/pix2pix_img_02741.png,40065c4975c6153553b068d5946ad61370343dc74a289b785da4b5ea69c84f6a,generated,pix2pix,calibration,western-blot-02741,6.3483428955078125,0.9982534050941467,generated,0.5,detector-sam-vit-b-lora-r8-all-img512-51265aec,51265aecd96858feeead19cc47f9bd3dc0af3fa7d793582482a9287a153c3e25,cpu
synth/pix2pix/pix2pix_img_02757.png,385fb18653f935bc0622835fc863cfca77a69759088f8b69e99165d0f2855809,generated,pix2pix,calibration,western-blot-02757,11.676597595214844,0.9999915361404419,generated,0.5,detector-sam-vit-b-lora-r8-all-img512-51265aec,51265aecd96858feeead19cc47f9bd3dc0af3fa7d793582482a9287a153c3e25,cpu
synth/pix2pix/pix2pix_img_02772.png,a1046a025f8e0a8dce1d2a17aa802d8ce31c6f5bd64ed9467a735a2ac5be1ed8,generated,pix2pix,calibration,western-blot-02772,5.66069221496582,0.9965319633483887,generated,0.5,detector-sam-vit-b-lora-r8-all-img512-51265aec,51265aecd96858feeead19cc47f9bd3dc0af3fa7d793582482a9287a153c3e25,cpu
synth/pix2pix/pix2pix_img_02783.png,401479d5c76b6d7346e2ac9d9f8f11771abedc62b3cd6e3fe75efc4a41abed61,generated,pix2pix,calibration,western-blot-02783,14.71381950378418,0.9999996423721313,generated,0.5,detector-sam-vit-b-lora-r8-all-img512-51265aec,51265aecd96858feeead19cc47f9bd3dc0af3fa7d793582482a9287a153c3e25,cpu
synth/pix2pix/pix2pix_img_02801.png,e1a336ddfa56d59bf12266021824ddfc189be0b1096fe5ec7e62a60016b62ff7,generated,pix2pix,calibration,western-blot-02801,13.455114364624023,0.9999985694885254,generated,0.5,detector-sam-vit-b-lora-r8-all-img512-51265aec,51265aecd96858feeead19cc47f9bd3dc0af3fa7d793582482a9287a153c3e25,cpu
synth/pix2pix/pix2pix_img_02802.png,eb91af61c5c19d51c8e01ecb629f2ab9e90f5384c4ca7491f22fe4457448c9fd,generated,pix2pix,calibration,western-blot-02802,3.5528430938720703,0.972154438495636,generated,0.5,detector-sam-vit-b-lora-r8-all-img512-51265aec,51265aecd96858feeead19cc47f9bd3dc0af3fa7d793582482a9287a153c3e25,cpu
synth/pix2pix/pix2pix_img_02833.png,3261cdbb4742214bc8f2b7aa6c98828568673058412d91805c92e65c106e40ce,generated,pix2pix,calibration,western-blot-02833,9.922592163085938,0.9999510049819946,generated,0.5,detector-sam-vit-b-lora-r8-all-img512-51265aec,51265aecd96858feeead19cc47f9bd3dc0af3fa7d793582482a9287a153c3e25,cpu
synth/pix2pix/pix2pix_img_02872.png,854e6f11034316a10728bb828193038268af27a45cb34b8afc0b0f8235eb0014,generated,pix2pix,calibration,western-blot-02872,0.9055930376052856,0.7120974659919739,generated,0.5,detector-sam-vit-b-lora-r8-all-img512-51265aec,51265aecd96858feeead19cc47f9bd3dc0af3fa7d793582482a9287a153c3e25,cpu
synth/pix2pix/pix2pix_img_02885.png,7f9818adf7d0a52e543a0b5a4131b696c8c72c6e4618e636e58cb0dfcbc05edb,generated,pix2pix,calibration,western-blot-02885,1.6053314208984375,0.8327622413635254,generated,0.5,detector-sam-vit-b-lora-r8-all-img512-51265aec,51265aecd96858feeead19cc47f9bd3dc0af3fa7d793582482a9287a153c3e25,cpu
synth/pix2pix/pix2pix_img_02889.png,71d533279c53533c7558487e0e9c5ba4ba195b9a92a2649fa73a0873b0f309e3,generated,pix2pix,calibration,western-blot-02889,6.3609113693237305,0.9982751607894897,generated,0.5,detector-sam-vit-b-lora-r8-all-img512-51265aec,51265aecd96858feeead19cc47f9bd3dc0af3fa7d793582482a9287a153c3e25,cpu
synth/pix2pix/pix2pix_img_02893.png,10f0f7fad9416d113ae756075ea1b4beafb0651f270e5ee38f1b7fea03b3e572,generated,pix2pix,calibration,western-blot-02893,9.445697784423828,0.9999209642410278,generated,0.5,detector-sam-vit-b-lora-r8-all-img512-51265aec,51265aecd96858feeead19cc47f9bd3dc0af3fa7d793582482a9287a153c3e25,cpu
synth/pix2pix/pix2pix_img_02898.png,2d74bcac7756146701aaae1e68b27a5b42d7553ba318c84597c38aefb3d34a33,generated,pix2pix,calibration,western-blot-02898,6.964784622192383,0.9990562796592712,generated,0.5,detector-sam-vit-b-lora-r8-all-img512-51265aec,51265aecd96858feeead19cc47f9bd3dc0af3fa7d793582482a9287a153c3e25,cpu
synth/pix2pix/pix2pix_img_02914.png,93eea04626b58e82f7a92546826e6ba0348bb9c505c7a603f44e7d3ac461047d,generated,pix2pix,calibration,western-blot-02914,2.9970264434814453,0.9524396061897278,generated,0.5,detector-sam-vit-b-lora-r8-all-img512-51265aec,51265aecd96858feeead19cc47f9bd3dc0af3fa7d793582482a9287a153c3e25,cpu
synth/pix2pix/pix2pix_img_02931.png,2e4946ad56b1b57be742b2cc99b4a9c169a53cacadf2f90117758e10c928abe2,generated,pix2pix,calibration,western-blot-02931,0.8822780251502991,0.7072940468788147,generated,0.5,detector-sam-vit-b-lora-r8-all-img512-51265aec,51265aecd96858feeead19cc47f9bd3dc0af3fa7d793582482a9287a153c3e25,cpu
synth/pix2pix/pix2pix_img_02932.png,683181d79f2c029550a17744c8afce095879b30334b1fbcbcf8fc7b8c8e540b4,generated,pix2pix,calibration,western-blot-02932,3.4288387298583984,0.9685937762260437,generated,0.5,detector-sam-vit-b-lora-r8-all-img512-51265aec,51265aecd96858feeead19cc47f9bd3dc0af3fa7d793582482a9287a153c3e25,cpu
synth/pix2pix/pix2pix_img_02954.png,d48e28408fc9c8c8a1a4cb2dc0a65e3111ace2cd3f46d1d0a806f54065694dc0,generated,pix2pix,calibration,western-blot-02954,3.143423557281494,0.9586487412452698,generated,0.5,detector-sam-vit-b-lora-r8-all-img512-51265aec,51265aecd96858feeead19cc47f9bd3dc0af3fa7d793582482a9287a153c3e25,cpu
synth/pix2pix/pix2pix_img_02971.png,0b6f0b38f31e373e981236ce9be406daf36d034cfda2258918bc9412127b8910,generated,pix2pix,calibration,western-blot-02971,9.336935043334961,0.999911904335022,generated,0.5,detector-sam-vit-b-lora-r8-all-img512-51265aec,51265aecd96858feeead19cc47f9bd3dc0af3fa7d793582482a9287a153c3e25,cpu
synth/pix2pix/pix2pix_img_02972.png,74bbf1f416693f509cb393ab7598cf857b6bbb86197d0b40297de05127dc07ea,generated,pix2pix,calibration,western-blot-02972,14.832609176635742,0.9999996423721313,generated,0.5,detector-sam-vit-b-lora-r8-all-img512-51265aec,51265aecd96858feeead19cc47f9bd3dc0af3fa7d793582482a9287a153c3e25,cpu
synth/pix2pix/pix2pix_img_02989.png,382f48204e2c61ca9d801448bf541a74e725449c495bb29b35657c2b4e8885eb,generated,pix2pix,calibration,western-blot-02989,11.391532897949219,0.9999886751174927,generated,0.5,detector-sam-vit-b-lora-r8-all-img512-51265aec,51265aecd96858feeead19cc47f9bd3dc0af3fa7d793582482a9287a153c3e25,cpu
synth/pix2pix/pix2pix_img_03008.png,2ada23124af770c05eae3d86f23f7a6afd1585a1de8afac2c0f05e69eb71c532,generated,pix2pix,calibration,western-blot-03008,12.558046340942383,0.999996542930603,generated,0.5,detector-sam-vit-b-lora-r8-all-img512-51265aec,51265aecd96858feeead19cc47f9bd3dc0af3fa7d793582482a9287a153c3e25,cpu
synth/pix2pix/pix2pix_img_03061.png,d8c5f1b5859355c5042caa5e4fffd022d28fbe1d120e7051f1300fbc4b12f999,generated,pix2pix,calibration,western-blot-03061,1.7900229692459106,0.856930136680603,generated,0.5,detector-sam-vit-b-lora-r8-all-img512-51265aec,51265aecd96858feeead19cc47f9bd3dc0af3fa7d793582482a9287a153c3e25,cpu
synth/pix2pix/pix2pix_img_03071.png,f73d88d882ac3a8bec2b06e76c80338045611b11110a5f662a3e00c46d7fcbcb,generated,pix2pix,calibration,western-blot-03071,4.929364204406738,0.9928207993507385,generated,0.5,detector-sam-vit-b-lora-r8-all-img512-51265aec,51265aecd96858feeead19cc47f9bd3dc0af3fa7d793582482a9287a153c3e25,cpu
synth/pix2pix/pix2pix_img_03101.png,c049077df7064a881e3ffedb167709ad3215dc5d67a97db599d6e797d376d4d1,generated,pix2pix,calibration,western-blot-03101,6.3877058029174805,0.9983206391334534,generated,0.5,detector-sam-vit-b-lora-r8-all-img512-51265aec,51265aecd96858feeead19cc47f9bd3dc0af3fa7d793582482a9287a153c3e25,cpu
synth/pix2pix/pix2pix_img_03111.png,4c608948b211631fc0c830ba34a104de3dda1dca494c1f30cf7f5c163a07ea8d,generated,pix2pix,calibration,western-blot-03111,8.184124946594238,0.9997209906578064,generated,0.5,detector-sam-vit-b-lora-r8-all-img512-51265aec,51265aecd96858feeead19cc47f9bd3dc0af3fa7d793582482a9287a153c3e25,cpu
synth/pix2pix/pix2pix_img_03139.png,f95791b220820996e1a5a8680f2c637e6d9fac4caf97632d6ce01b1cc2a17af3,generated,pix2pix,calibration,western-blot-03139,5.325348854064941,0.9951569437980652,generated,0.5,detector-sam-vit-b-lora-r8-all-img512-51265aec,51265aecd96858feeead19cc47f9bd3dc0af3fa7d793582482a9287a153c3e25,cpu
synth/pix2pix/pix2pix_img_03143.png,5efe46f78c6f95ed0456a85f410941d62cb78dd1a4d4397855d88fbf54f6b773,generated,pix2pix,calibration,western-blot-03143,12.217266082763672,0.9999951124191284,generated,0.5,detector-sam-vit-b-lora-r8-all-img512-51265aec,51265aecd96858feeead19cc47f9bd3dc0af3fa7d793582482a9287a153c3e25,cpu
synth/pix2pix/pix2pix_img_03144.png,3ccc9f9a9044a22de832853d252041ece3ad36dd19126410769189b7801bd2c1,generated,pix2pix,calibration,western-blot-03144,4.997915267944336,0.993293285369873,generated,0.5,detector-sam-vit-b-lora-r8-all-img512-51265aec,51265aecd96858feeead19cc47f9bd3dc0af3fa7d793582482a9287a153c3e25,cpu
synth/pix2pix/pix2pix_img_03153.png,47467b632c8d8886b64467e531db3b97410255027c272c541d657d59851de016,generated,pix2pix,calibration,western-blot-03153,9.244341850280762,0.9999033212661743,generated,0.5,detector-sam-vit-b-lora-r8-all-img512-51265aec,51265aecd96858feeead19cc47f9bd3dc0af3fa7d793582482a9287a153c3e25,cpu
synth/pix2pix/pix2pix_img_03184.png,9c5cf4ab6c944ab3e6e51bf96d56e2d6595da8b67951a59782900cb5a832097a,generated,pix2pix,calibration,western-blot-03184,2.509054660797119,0.924774169921875,generated,0.5,detector-sam-vit-b-lora-r8-all-img512-51265aec,51265aecd96858feeead19cc47f9bd3dc0af3fa7d793582482a9287a153c3e25,cpu
synth/pix2pix/pix2pix_img_03187.png,5ae26bad57dd3977b482608add03addeeff6ec8feda06ba27360ca261b36c4df,generated,pix2pix,calibration,western-blot-03187,3.969707489013672,0.9814708828926086,generated,0.5,detector-sam-vit-b-lora-r8-all-img512-51265aec,51265aecd96858feeead19cc47f9bd3dc0af3fa7d793582482a9287a153c3e25,cpu
synth/pix2pix/pix2pix_img_03199.png,289dffb10ad194199a371a125924613c8268ab26d9a3991a429bda0e00169e94,generated,pix2pix,calibration,western-blot-03199,9.758706092834473,0.9999421834945679,generated,0.5,detector-sam-vit-b-lora-r8-all-img512-51265aec,51265aecd96858feeead19cc47f9bd3dc0af3fa7d793582482a9287a153c3e25,cpu
synth/pix2pix/pix2pix_img_03208.png,81f92a3bab354674052213450a3083f5dbbe821d05c9de9f4b5ac3fc2be3dc35,generated,pix2pix,calibration,western-blot-03208,8.803119659423828,0.9998496770858765,generated,0.5,detector-sam-vit-b-lora-r8-all-img512-51265aec,51265aecd96858feeead19cc47f9bd3dc0af3fa7d793582482a9287a153c3e25,cpu
synth/pix2pix/pix2pix_img_03217.png,44b6fc39fab4fc1863fee3114bf2e08bc4ab8262e4cf6743eb3bad7a24ee3066,generated,pix2pix,calibration,western-blot-03217,1.4665230512619019,0.8125283122062683,generated,0.5,detector-sam-vit-b-lora-r8-all-img512-51265aec,51265aecd96858feeead19cc47f9bd3dc0af3fa7d793582482a9287a153c3e25,cpu
synth/pix2pix/pix2pix_img_03219.png,d43f60621f2293b1dc9f43e74233b57ba3853dc364087e86d5d7152c29997493,generated,pix2pix,calibration,western-blot-03219,1.2039834260940552,0.7692326307296753,generated,0.5,detector-sam-vit-b-lora-r8-all-img512-51265aec,51265aecd96858feeead19cc47f9bd3dc0af3fa7d793582482a9287a153c3e25,cpu
synth/pix2pix/pix2pix_img_03227.png,e1f161a1733eeef68a77883dab8b85e40b798d59532c6c568712cf49215e427a,generated,pix2pix,calibration,western-blot-03227,7.203539848327637,0.9992565512657166,generated,0.5,detector-sam-vit-b-lora-r8-all-img512-51265aec,51265aecd96858feeead19cc47f9bd3dc0af3fa7d793582482a9287a153c3e25,cpu
synth/pix2pix/pix2pix_img_03317.png,be4942fd63ea6a62175a3d36fd3801b38e316249a7352446d3d776b95103c15b,generated,pix2pix,calibration,western-blot-03317,8.783807754516602,0.9998468160629272,generated,0.5,detector-sam-vit-b-lora-r8-all-img512-51265aec,51265aecd96858feeead19cc47f9bd3dc0af3fa7d793582482a9287a153c3e25,cpu
synth/pix2pix/pix2pix_img_03322.png,d1e237d093c84ae40c52114c663160c716bd112ab2e3c57d7271a89b293b388f,generated,pix2pix,calibration,western-blot-03322,9.017004013061523,0.9998786449432373,generated,0.5,detector-sam-vit-b-lora-r8-all-img512-51265aec,51265aecd96858feeead19cc47f9bd3dc0af3fa7d793582482a9287a153c3e25,cpu
synth/pix2pix/pix2pix_img_03331.png,f56d3798da0e5ca62f8ea1909d1172b9862f8f34b22e34d8dff5c02d250f7520,generated,pix2pix,calibration,western-blot-03331,4.697052001953125,0.9909602999687195,generated,0.5,detector-sam-vit-b-lora-r8-all-img512-51265aec,51265aecd96858feeead19cc47f9bd3dc0af3fa7d793582482a9287a153c3e25,cpu
synth/pix2pix/pix2pix_img_03332.png,6279c3ba55017cbf9c86fda023dc49dda4529fb07fdbdb9b69c0c57f5463169b,generated,pix2pix,calibration,western-blot-03332,8.755071640014648,0.9998422861099243,generated,0.5,detector-sam-vit-b-lora-r8-all-img512-51265aec,51265aecd96858feeead19cc47f9bd3dc0af3fa7d793582482a9287a153c3e25,cpu
synth/pix2pix/pix2pix_img_03342.png,d7578185fa3d1a419a549545cdc1d258d198139777e8672ec0ebb02cbd9b158a,generated,pix2pix,calibration,western-blot-03342,8.102398872375488,0.9996973276138306,generated,0.5,detector-sam-vit-b-lora-r8-all-img512-51265aec,51265aecd96858feeead19cc47f9bd3dc0af3fa7d793582482a9287a153c3e25,cpu
synth/pix2pix/pix2pix_img_03348.png,d1223e5f873233deb9da4f4e680fa2832dd1c9fd7f861a5887027cca5b00eeeb,generated,pix2pix,calibration,western-blot-03348,6.965060234069824,0.9990566372871399,generated,0.5,detector-sam-vit-b-lora-r8-all-img512-51265aec,51265aecd96858feeead19cc47f9bd3dc0af3fa7d793582482a9287a153c3e25,cpu
synth/pix2pix/pix2pix_img_03384.png,eb8b456b3b58c1bfe5572d5d8bb522efab58ab3a5e9995124fed6436daa6b339,generated,pix2pix,calibration,western-blot-03384,5.967583656311035,0.9974461793899536,generated,0.5,detector-sam-vit-b-lora-r8-all-img512-51265aec,51265aecd96858feeead19cc47f9bd3dc0af3fa7d793582482a9287a153c3e25,cpu
synth/pix2pix/pix2pix_img_03427.png,ba7d79bd10fdbf407fd108fd667b3aa511f3b345fd801486d1c467e81b037014,generated,pix2pix,calibration,western-blot-03427,5.923293590545654,0.9973307847976685,generated,0.5,detector-sam-vit-b-lora-r8-all-img512-51265aec,51265aecd96858feeead19cc47f9bd3dc0af3fa7d793582482a9287a153c3e25,cpu
synth/pix2pix/pix2pix_img_03451.png,ab9de88334abcb97f21d4053c12b80a963e36dd13550f32c9f7e370926ea4f92,generated,pix2pix,calibration,western-blot-03451,12.815646171569824,0.9999972581863403,generated,0.5,detector-sam-vit-b-lora-r8-all-img512-51265aec,51265aecd96858feeead19cc47f9bd3dc0af3fa7d793582482a9287a153c3e25,cpu
synth/pix2pix/pix2pix_img_03464.png,8d897a230941c353f42df1381ad84b6f18349d14f8c61ec86103d4d04c46ef8a,generated,pix2pix,calibration,western-blot-03464,14.492743492126465,0.9999995231628418,generated,0.5,detector-sam-vit-b-lora-r8-all-img512-51265aec,51265aecd96858feeead19cc47f9bd3dc0af3fa7d793582482a9287a153c3e25,cpu
synth/pix2pix/pix2pix_img_03477.png,e2b0f89411866825a2f1a6938b5e7b25e8e8b5bc70c7ac57e390f4661420f4b8,generated,pix2pix,calibration,western-blot-03477,8.247882843017578,0.9997382760047913,generated,0.5,detector-sam-vit-b-lora-r8-all-img512-51265aec,51265aecd96858feeead19cc47f9bd3dc0af3fa7d793582482a9287a153c3e25,cpu
synth/pix2pix/pix2pix_img_03480.png,54246bfa11f8074832c701e983d7bb950ef43bf29ba7981783f65a12e682bd6d,generated,pix2pix,calibration,western-blot-03480,7.444914817810059,0.9994159936904907,generated,0.5,detector-sam-vit-b-lora-r8-all-img512-51265aec,51265aecd96858feeead19cc47f9bd3dc0af3fa7d793582482a9287a153c3e25,cpu
synth/pix2pix/pix2pix_img_03500.png,2976ddbe92200f00d573655422144072282d599a85c6374614f40e0dd7c3f2c2,generated,pix2pix,calibration,western-blot-03500,6.691328048706055,0.9987598657608032,generated,0.5,detector-sam-vit-b-lora-r8-all-img512-51265aec,51265aecd96858feeead19cc47f9bd3dc0af3fa7d793582482a9287a153c3e25,cpu
synth/pix2pix/pix2pix_img_03518.png,7decce53c08c6ccdd6ca36b23bd9fb9eb3ad8855f5ab40e495f7cba6b6556966,generated,pix2pix,calibration,western-blot-03518,7.920285224914551,0.9996367692947388,generated,0.5,detector-sam-vit-b-lora-r8-all-img512-51265aec,51265aecd96858feeead19cc47f9bd3dc0af3fa7d793582482a9287a153c3e25,cpu
synth/pix2pix/pix2pix_img_03520.png,4caf7cd1b76e82c6d86dc38cc82034d88aff067d945e949847c87191a788fb45,generated,pix2pix,calibration,western-blot-03520,2.7020814418792725,0.9371494054794312,generated,0.5,detector-sam-vit-b-lora-r8-all-img512-51265aec,51265aecd96858feeead19cc47f9bd3dc0af3fa7d793582482a9287a153c3e25,cpu
synth/pix2pix/pix2pix_img_03525.png,ad22cdffe4f73b9783ce72f37f6d63abd7f33631b22170cafdbdcad9a0fd4202,generated,pix2pix,calibration,western-blot-03525,8.895939826965332,0.9998630285263062,generated,0.5,detector-sam-vit-b-lora-r8-all-img512-51265aec,51265aecd96858feeead19cc47f9bd3dc0af3fa7d793582482a9287a153c3e25,cpu
synth/pix2pix/pix2pix_img_03526.png,8fa6f1e06eb089e04f57121d4917dd73e87f5dad46dbc81ce3b6db4c30c0f25c,generated,pix2pix,calibration,western-blot-03526,9.066125869750977,0.9998844861984253,generated,0.5,detector-sam-vit-b-lora-r8-all-img512-51265aec,51265aecd96858feeead19cc47f9bd3dc0af3fa7d793582482a9287a153c3e25,cpu
synth/pix2pix/pix2pix_img_03560.png,e1ed6fdc57fc4b3d476b61041eba1c1f2c4893c73ad7aa3c85367209bf3c3b76,generated,pix2pix,calibration,western-blot-03560,7.227478981018066,0.9992741942405701,generated,0.5,detector-sam-vit-b-lora-r8-all-img512-51265aec,51265aecd96858feeead19cc47f9bd3dc0af3fa7d793582482a9287a153c3e25,cpu
synth/pix2pix/pix2pix_img_03571.png,fc2cb2c499b6afc1afb940d0e21d854641dd5c1433b5c14bf1bded3ef395cf69,generated,pix2pix,calibration,western-blot-03571,3.444267749786377,0.9690597057342529,generated,0.5,detector-sam-vit-b-lora-r8-all-img512-51265aec,51265aecd96858feeead19cc47f9bd3dc0af3fa7d793582482a9287a153c3e25,cpu
synth/pix2pix/pix2pix_img_03592.png,c3c34c664aed25bc77476e2e869b87b01e82b5fd742dd4ffd94cb90c84c29c2b,generated,pix2pix,calibration,western-blot-03592,3.093263864517212,0.956614077091217,generated,0.5,detector-sam-vit-b-lora-r8-all-img512-51265aec,51265aecd96858feeead19cc47f9bd3dc0af3fa7d793582482a9287a153c3e25,cpu
synth/pix2pix/pix2pix_img_03593.png,dbf2fc29a8be0392ed47b7023a2293a2c0c43fbeb38c0da696e038709c53ce51,generated,pix2pix,calibration,western-blot-03593,5.791335105895996,0.996955394744873,generated,0.5,detector-sam-vit-b-lora-r8-all-img512-51265aec,51265aecd96858feeead19cc47f9bd3dc0af3fa7d793582482a9287a153c3e25,cpu
synth/pix2pix/pix2pix_img_03596.png,ced9a223061b75fc2fa28cbc05d4faae14ab12c8882df0d3f8b1a0be7ca93ff1,generated,pix2pix,calibration,western-blot-03596,4.13203239440918,0.9842033386230469,generated,0.5,detector-sam-vit-b-lora-r8-all-img512-51265aec,51265aecd96858feeead19cc47f9bd3dc0af3fa7d793582482a9287a153c3e25,cpu
synth/pix2pix/pix2pix_img_03597.png,b0bb335b831decff12d9ac9e3fbc658098878d2a75e074c23d6158ba3f3e08c0,generated,pix2pix,calibration,western-blot-03597,5.395998477935791,0.9954857230186462,generated,0.5,detector-sam-vit-b-lora-r8-all-img512-51265aec,51265aecd96858feeead19cc47f9bd3dc0af3fa7d793582482a9287a153c3e25,cpu
synth/pix2pix/pix2pix_img_03613.png,fe9762dc7d4695917d7329d32fd65836509a735a0e79e16421b4f2921cae5381,generated,pix2pix,calibration,western-blot-03613,0.760433554649353,0.6814478635787964,generated,0.5,detector-sam-vit-b-lora-r8-all-img512-51265aec,51265aecd96858feeead19cc47f9bd3dc0af3fa7d793582482a9287a153c3e25,cpu
synth/pix2pix/pix2pix_img_03617.png,6fea526e3a8cd8385d89222843c005ff86609738ce54afae3477114cb2203ca6,generated,pix2pix,calibration,western-blot-03617,1.0924654006958008,0.748845636844635,generated,0.5,detector-sam-vit-b-lora-r8-all-img512-51265aec,51265aecd96858feeead19cc47f9bd3dc0af3fa7d793582482a9287a153c3e25,cpu
synth/pix2pix/pix2pix_img_03631.png,b762d670fb77561425292035a64a97d9377d42b46daa3e67d7a872d6833c7596,generated,pix2pix,calibration,western-blot-03631,1.7427242994308472,0.8510327935218811,generated,0.5,detector-sam-vit-b-lora-r8-all-img512-51265aec,51265aecd96858feeead19cc47f9bd3dc0af3fa7d793582482a9287a153c3e25,cpu
synth/pix2pix/pix2pix_img_03667.png,036a5bf36f29b7693b49aa31db56e3f60547756ec6c6bd8dff42f8232d545a36,generated,pix2pix,calibration,western-blot-03667,13.480881690979004,0.9999985694885254,generated,0.5,detector-sam-vit-b-lora-r8-all-img512-51265aec,51265aecd96858feeead19cc47f9bd3dc0af3fa7d793582482a9287a153c3e25,cpu
synth/pix2pix/pix2pix_img_03745.png,8c944d62e3e08f9b86d90445ebdc292bbf0a7b21311466af26b0f9ba3d63b0d9,generated,pix2pix,calibration,western-blot-03745,5.1955718994140625,0.9944894313812256,generated,0.5,detector-sam-vit-b-lora-r8-all-img512-51265aec,51265aecd96858feeead19cc47f9bd3dc0af3fa7d793582482a9287a153c3e25,cpu
synth/pix2pix/pix2pix_img_03756.png,b3ca7a1756e5b36b54e1e35a90b1eb7646ed36496dcb112514b04be5c291e2f8,generated,pix2pix,calibration,western-blot-03756,5.775835990905762,0.9969080090522766,generated,0.5,detector-sam-vit-b-lora-r8-all-img512-51265aec,51265aecd96858feeead19cc47f9bd3dc0af3fa7d793582482a9287a153c3e25,cpu
synth/pix2pix/pix2pix_img_03777.png,843de76ac5974e62030921139c229bb9cf3ed1faecafdf27d491be5f841e85bd,generated,pix2pix,calibration,western-blot-03777,12.46106243133545,0.9999960660934448,generated,0.5,detector-sam-vit-b-lora-r8-all-img512-51265aec,51265aecd96858feeead19cc47f9bd3dc0af3fa7d793582482a9287a153c3e25,cpu
synth/pix2pix/pix2pix_img_03779.png,7dbbeb273999c5beace60fb580f59eaf133a1fecb262906e6deb79cc352b048f,generated,pix2pix,calibration,western-blot-03779,11.48685359954834,0.9999897480010986,generated,0.5,detector-sam-vit-b-lora-r8-all-img512-51265aec,51265aecd96858feeead19cc47f9bd3dc0af3fa7d793582482a9287a153c3e25,cpu
synth/pix2pix/pix2pix_img_03782.png,5e38c2d2a9c5559b5cf267a76e8b8ee6e2b6f92836014ab339d9caeda372901d,generated,pix2pix,calibration,western-blot-03782,13.320694923400879,0.9999983310699463,generated,0.5,detector-sam-vit-b-lora-r8-all-img512-51265aec,51265aecd96858feeead19cc47f9bd3dc0af3fa7d793582482a9287a153c3e25,cpu
synth/pix2pix/pix2pix_img_03793.png,c5cc7b0b03a1cb7b7c73b4a2acbe3f83f0c552800839c3fc013971e726e26376,generated,pix2pix,calibration,western-blot-03793,12.695591926574707,0.9999969005584717,generated,0.5,detector-sam-vit-b-lora-r8-all-img512-51265aec,51265aecd96858feeead19cc47f9bd3dc0af3fa7d793582482a9287a153c3e25,cpu
synth/pix2pix/pix2pix_img_03794.png,f7af62fcf7398729bd928ce067198f5c5dec9fb5fcfaae9ba1030d2501b85bb3,generated,pix2pix,calibration,western-blot-03794,12.239065170288086,0.9999951124191284,generated,0.5,detector-sam-vit-b-lora-r8-all-img512-51265aec,51265aecd96858feeead19cc47f9bd3dc0af3fa7d793582482a9287a153c3e25,cpu
synth/pix2pix/pix2pix_img_03852.png,75e3ea02963d99caa9aecc67ce9a6ad7d157a5da638f022b003d60e92768e844,generated,pix2pix,calibration,western-blot-03852,6.6761980056762695,0.998741090297699,generated,0.5,detector-sam-vit-b-lora-r8-all-img512-51265aec,51265aecd96858feeead19cc47f9bd3dc0af3fa7d793582482a9287a153c3e25,cpu
synth/pix2pix/pix2pix_img_03863.png,d7b89b2b549a2b0d3273b9633ffb3d3703af65fd371db600803221c77aeb2889,generated,pix2pix,calibration,western-blot-03863,9.009950637817383,0.9998778104782104,generated,0.5,detector-sam-vit-b-lora-r8-all-img512-51265aec,51265aecd96858feeead19cc47f9bd3dc0af3fa7d793582482a9287a153c3e25,cpu
synth/pix2pix/pix2pix_img_03869.png,f133c0e7c5f135ef99705340ddb23cd09a446310c3592dc466aab7029b4189e0,generated,pix2pix,calibration,western-blot-03869,7.928343772888184,0.9996397495269775,generated,0.5,detector-sam-vit-b-lora-r8-all-img512-51265aec,51265aecd96858feeead19cc47f9bd3dc0af3fa7d793582482a9287a153c3e25,cpu
synth/pix2pix/pix2pix_img_03883.png,bca1bafdc6a98b10dc917bc6e3f2400217ba638b5feb9d2a6f7d925b44750f5d,generated,pix2pix,calibration,western-blot-03883,8.139192581176758,0.9997082352638245,generated,0.5,detector-sam-vit-b-lora-r8-all-img512-51265aec,51265aecd96858feeead19cc47f9bd3dc0af3fa7d793582482a9287a153c3e25,cpu
synth/pix2pix/pix2pix_img_03889.png,588e344403fa461d1a3a586f43844836036980bd8a0fc63d3d736f5c6a4ae2be,generated,pix2pix,calibration,western-blot-03889,4.653779983520508,0.9905643463134766,generated,0.5,detector-sam-vit-b-lora-r8-all-img512-51265aec,51265aecd96858feeead19cc47f9bd3dc0af3fa7d793582482a9287a153c3e25,cpu
synth/pix2pix/pix2pix_img_03896.png,35fdd285bd25583c079a4962cf9c1465ada914ff5094a771cbc3ab9e043c84c0,generated,pix2pix,calibration,western-blot-03896,3.6026201248168945,0.9734708070755005,generated,0.5,detector-sam-vit-b-lora-r8-all-img512-51265aec,51265aecd96858feeead19cc47f9bd3dc0af3fa7d793582482a9287a153c3e25,cpu
synth/pix2pix/pix2pix_img_03903.png,35b262d57ee76647b69459c82be1b2801fb3d1b1279122a05c707c765a8347cc,generated,pix2pix,calibration,western-blot-03903,4.77949333190918,0.991669774055481,generated,0.5,detector-sam-vit-b-lora-r8-all-img512-51265aec,51265aecd96858feeead19cc47f9bd3dc0af3fa7d793582482a9287a153c3e25,cpu
synth/pix2pix/pix2pix_img_03904.png,76acf3f46c21b80af730068e94ec7e132b8ee9ee380fcddbd8ebb071190d15c8,generated,pix2pix,calibration,western-blot-03904,1.7826318740844727,0.856021523475647,generated,0.5,detector-sam-vit-b-lora-r8-all-img512-51265aec,51265aecd96858feeead19cc47f9bd3dc0af3fa7d793582482a9287a153c3e25,cpu
synth/pix2pix/pix2pix_img_03908.png,c2f77d7773b57f80f8562f27e1d2a7b6a2478f96aea804abe234cc631c5e286f,generated,pix2pix,calibration,western-blot-03908,4.308045387268066,0.9867189526557922,generated,0.5,detector-sam-vit-b-lora-r8-all-img512-51265aec,51265aecd96858feeead19cc47f9bd3dc0af3fa7d793582482a9287a153c3e25,cpu
synth/pix2pix/pix2pix_img_03909.png,aadec1dea98d79f2b45bf2c7e6fbe11b1e5c3e8ef07abc2f6e5f1bb0635ceb89,generated,pix2pix,calibration,western-blot-03909,2.5274972915649414,0.926047146320343,generated,0.5,detector-sam-vit-b-lora-r8-all-img512-51265aec,51265aecd96858feeead19cc47f9bd3dc0af3fa7d793582482a9287a153c3e25,cpu
synth/pix2pix/pix2pix_img_03916.png,dfd9cb27790a2f49621d79c3a064d45269cd2ccd7dfd96ecee9c9e06f7314210,generated,pix2pix,calibration,western-blot-03916,0.49503448605537415,0.6212916970252991,generated,0.5,detector-sam-vit-b-lora-r8-all-img512-51265aec,51265aecd96858feeead19cc47f9bd3dc0af3fa7d793582482a9287a153c3e25,cpu
synth/pix2pix/pix2pix_img_03921.png,b97f329a358b080367a76d6a61755b7ae105f53e2a47a89d4e3ff9f59abb09bb,generated,pix2pix,calibration,western-blot-03921,3.6519899368286133,0.9747163653373718,generated,0.5,detector-sam-vit-b-lora-r8-all-img512-51265aec,51265aecd96858feeead19cc47f9bd3dc0af3fa7d793582482a9287a153c3e25,cpu
synth/pix2pix/pix2pix_img_03932.png,c289360c61554dafec2c6f9d047c25040e81619bcc3ac997bb8e0de64e08d7f1,generated,pix2pix,calibration,western-blot-03932,6.443732261657715,0.998412013053894,generated,0.5,detector-sam-vit-b-lora-r8-all-img512-51265aec,51265aecd96858feeead19cc47f9bd3dc0af3fa7d793582482a9287a153c3e25,cpu
synth/pix2pix/pix2pix_img_03938.png,074b63a96108ac43d7bfb5dc1f084ac85416b967a77a07c2503123cab7389e47,generated,pix2pix,calibration,western-blot-03938,7.730976104736328,0.9995611310005188,generated,0.5,detector-sam-vit-b-lora-r8-all-img512-51265aec,51265aecd96858feeead19cc47f9bd3dc0af3fa7d793582482a9287a153c3e25,cpu
synth/pix2pix/pix2pix_img_03967.png,5d246816f1ada4d21435e0311bad1765666a9a164ca367ad0e46873e362767c7,generated,pix2pix,calibration,western-blot-03967,2.36800479888916,0.9143548011779785,generated,0.5,detector-sam-vit-b-lora-r8-all-img512-51265aec,51265aecd96858feeead19cc47f9bd3dc0af3fa7d793582482a9287a153c3e25,cpu
synth/pix2pix/pix2pix_img_03969.png,b5a89685a89f1cd6dd4dbd910c345be4ffa40ca2e869b3bf74d7c0afedcee704,generated,pix2pix,calibration,western-blot-03969,9.53648853302002,0.9999278783798218,generated,0.5,detector-sam-vit-b-lora-r8-all-img512-51265aec,51265aecd96858feeead19cc47f9bd3dc0af3fa7d793582482a9287a153c3e25,cpu
synth/pix2pix/pix2pix_img_03993.png,39d9b2e7b1d742a1a6561b8c6f983abf071fc8801bca1061ddd8c990120785b7,generated,pix2pix,calibration,western-blot-03993,2.9672083854675293,0.9510706067085266,generated,0.5,detector-sam-vit-b-lora-r8-all-img512-51265aec,51265aecd96858feeead19cc47f9bd3dc0af3fa7d793582482a9287a153c3e25,cpu
synth/pix2pix/pix2pix_img_03994.png,7329d7296cc54d56770dd67b9bdd5cc127ed1e07fd72839cd41e7538b8ad822a,generated,pix2pix,calibration,western-blot-03994,10.784795761108398,0.9999792575836182,generated,0.5,detector-sam-vit-b-lora-r8-all-img512-51265aec,51265aecd96858feeead19cc47f9bd3dc0af3fa7d793582482a9287a153c3e25,cpu
synth/pix2pix/pix2pix_img_03995.png,3517d3ea6feb632c67c49d4b6dcd80477f088159981f7cd6b0b3625f6439e9cb,generated,pix2pix,calibration,western-blot-03995,3.9951858520507812,0.9819285869598389,generated,0.5,detector-sam-vit-b-lora-r8-all-img512-51265aec,51265aecd96858feeead19cc47f9bd3dc0af3fa7d793582482a9287a153c3e25,cpu
synth/pix2pix/pix2pix_img_03996.png,f1fcfd005ccfc159ec280300c251135c5110149b4f3d87da7494bf2ed0987e8e,generated,pix2pix,calibration,western-blot-03996,5.93386697769165,0.9973587393760681,generated,0.5,detector-sam-vit-b-lora-r8-all-img512-51265aec,51265aecd96858feeead19cc47f9bd3dc0af3fa7d793582482a9287a153c3e25,cpu
synth/pix2pix/pix2pix_img_04005.png,94278f6b2f7cb5fd845bbee9a1c9da9d225bb59b328fe327dbbaf6f2e2f86668,generated,pix2pix,calibration,western-blot-04005,8.549566268920898,0.9998064637184143,generated,0.5,detector-sam-vit-b-lora-r8-all-img512-51265aec,51265aecd96858feeead19cc47f9bd3dc0af3fa7d793582482a9287a153c3e25,cpu
synth/pix2pix/pix2pix_img_04017.png,a8497b8997d12420ee836e2d99f50e3e7638d78e257dcc5d75915fb172923886,generated,pix2pix,calibration,western-blot-04017,12.289444923400879,0.9999953508377075,generated,0.5,detector-sam-vit-b-lora-r8-all-img512-51265aec,51265aecd96858feeead19cc47f9bd3dc0af3fa7d793582482a9287a153c3e25,cpu
synth/pix2pix/pix2pix_img_04023.png,9762e495399cd8fa7debb0a7ac52d1ddd17c8b8f3f424c8d3c2f43e852d2cedd,generated,pix2pix,calibration,western-blot-04023,2.6275901794433594,0.9326162338256836,generated,0.5,detector-sam-vit-b-lora-r8-all-img512-51265aec,51265aecd96858feeead19cc47f9bd3dc0af3fa7d793582482a9287a153c3e25,cpu
synth/pix2pix/pix2pix_img_04031.png,85cebb182845e606dc6882b3b6b0bd6879dd7f04d136fb79fa0c88684fc8072c,generated,pix2pix,calibration,western-blot-04031,3.4315686225891113,0.9686766266822815,generated,0.5,detector-sam-vit-b-lora-r8-all-img512-51265aec,51265aecd96858feeead19cc47f9bd3dc0af3fa7d793582482a9287a153c3e25,cpu
synth/pix2pix/pix2pix_img_04036.png,7710a00496ab7a7f83702404cf73060cc3fd915db69a749b75ce7bd785fa8c35,generated,pix2pix,calibration,western-blot-04036,8.477846145629883,0.9997920393943787,generated,0.5,detector-sam-vit-b-lora-r8-all-img512-51265aec,51265aecd96858feeead19cc47f9bd3dc0af3fa7d793582482a9287a153c3e25,cpu
synth/pix2pix/pix2pix_img_04046.png,9c4721e958724aed615fbbf2c58d19f94cc52c377a7303f66252a38eec3f54fc,generated,pix2pix,calibration,western-blot-04046,-0.5519009828567505,0.3654234707355499,original,0.5,detector-sam-vit-b-lora-r8-all-img512-51265aec,51265aecd96858feeead19cc47f9bd3dc0af3fa7d793582482a9287a153c3e25,cpu
synth/pix2pix/pix2pix_img_04051.png,4ae57e844152df8b5a766312753eb6a086da3956401b8590d8283886889c8570,generated,pix2pix,calibration,western-blot-04051,-0.40896692872047424,0.39915987849235535,original,0.5,detector-sam-vit-b-lora-r8-all-img512-51265aec,51265aecd96858feeead19cc47f9bd3dc0af3fa7d793582482a9287a153c3e25,cpu
synth/pix2pix/pix2pix_img_04052.png,a4609eefec71437dfbe2225b00cab08fedf8af9df50d65b4fea9e5640ae7689b,generated,pix2pix,calibration,western-blot-04052,-0.5027042627334595,0.3769053816795349,original,0.5,detector-sam-vit-b-lora-r8-all-img512-51265aec,51265aecd96858feeead19cc47f9bd3dc0af3fa7d793582482a9287a153c3e25,cpu
synth/pix2pix/pix2pix_img_04063.png,26cdd3db31ccdd2c364cd94d120ae2580e008b0cd9d23af895d74adc53e4b31e,generated,pix2pix,calibration,western-blot-04063,-0.7041598558425903,0.33089056611061096,original,0.5,detector-sam-vit-b-lora-r8-all-img512-51265aec,51265aecd96858feeead19cc47f9bd3dc0af3fa7d793582482a9287a153c3e25,cpu
synth/pix2pix/pix2pix_img_04071.png,6158df32d71f065061f458fdd94f3032ddf4bac2c2eab924ab7fc2d6e2a99b71,generated,pix2pix,calibration,western-blot-04071,-0.8053735494613647,0.30887722969055176,original,0.5,detector-sam-vit-b-lora-r8-all-img512-51265aec,51265aecd96858feeead19cc47f9bd3dc0af3fa7d793582482a9287a153c3e25,cpu
synth/pix2pix/pix2pix_img_04073.png,5d0ca9addc760d4402d1e5247faf075b8baf64482b0c73d86e5dec9a4102364a,generated,pix2pix,calibration,western-blot-04073,-0.5765149593353271,0.3597349226474762,original,0.5,detector-sam-vit-b-lora-r8-all-img512-51265aec,51265aecd96858feeead19cc47f9bd3dc0af3fa7d793582482a9287a153c3e25,cpu
synth/pix2pix/pix2pix_img_04119.png,fca91bbee96cf51f13965a23eee97af3a07e020bbeed8d8f712be083ca11e959,generated,pix2pix,calibration,western-blot-04119,-0.019028721377253532,0.49524298310279846,original,0.5,detector-sam-vit-b-lora-r8-all-img512-51265aec,51265aecd96858feeead19cc47f9bd3dc0af3fa7d793582482a9287a153c3e25,cpu
synth/pix2pix/pix2pix_img_04135.png,67cc79bff6885737b2f86460cc7117e20056d54d80932441191dfb99bf1a6cf8,generated,pix2pix,calibration,western-blot-04135,-0.07788509130477905,0.48053857684135437,original,0.5,detector-sam-vit-b-lora-r8-all-img512-51265aec,51265aecd96858feeead19cc47f9bd3dc0af3fa7d793582482a9287a153c3e25,cpu
synth/pix2pix/pix2pix_img_04142.png,83ec076f1207c1a751eb181f57b9422ac0681c11f272df8ce1fe5b475fcdce6c,generated,pix2pix,calibration,western-blot-04142,-0.21054956316947937,0.4475562274456024,original,0.5,detector-sam-vit-b-lora-r8-all-img512-51265aec,51265aecd96858feeead19cc47f9bd3dc0af3fa7d793582482a9287a153c3e25,cpu
synth/pix2pix/pix2pix_img_04167.png,97368e6621c62d1641d112903d2ac9fc435bad9e5a450f30c136ece1eabed156,generated,pix2pix,calibration,western-blot-04167,1.1145908832550049,0.7529840469360352,generated,0.5,detector-sam-vit-b-lora-r8-all-img512-51265aec,51265aecd96858feeead19cc47f9bd3dc0af3fa7d793582482a9287a153c3e25,cpu
synth/pix2pix/pix2pix_img_04171.png,1e794ea5a70d343b2aaccf2d5bdf3450beedc878fe7d8364851547cdb1d62f81,generated,pix2pix,calibration,western-blot-04171,0.9133550524711609,0.7136862277984619,generated,0.5,detector-sam-vit-b-lora-r8-all-img512-51265aec,51265aecd96858feeead19cc47f9bd3dc0af3fa7d793582482a9287a153c3e25,cpu
synth/pix2pix/pix2pix_img_04181.png,2a072c0a0e3af690b6cacb775e530a2c5aa0a42f2e3734751be547514a933ffa,generated,pix2pix,calibration,western-blot-04181,-0.2923232614994049,0.4274351894855499,original,0.5,detector-sam-vit-b-lora-r8-all-img512-51265aec,51265aecd96858feeead19cc47f9bd3dc0af3fa7d793582482a9287a153c3e25,cpu
synth/pix2pix/pix2pix_img_04187.png,447b5b8e41b1506d1aca63bae3589d382ff1c31d70738cfcefa85042c9c16e83,generated,pix2pix,calibration,western-blot-04187,0.30765214562416077,0.5763120651245117,generated,0.5,detector-sam-vit-b-lora-r8-all-img512-51265aec,51265aecd96858feeead19cc47f9bd3dc0af3fa7d793582482a9287a153c3e25,cpu
synth/pix2pix/pix2pix_img_04202.png,130e3cab09e891c7baa17686b6f087e89f7bff374dbb6b93d45c978d271bbd4c,generated,pix2pix,calibration,western-blot-04202,0.7032315135002136,0.6689038276672363,generated,0.5,detector-sam-vit-b-lora-r8-all-img512-51265aec,51265aecd96858feeead19cc47f9bd3dc0af3fa7d793582482a9287a153c3e25,cpu
synth/pix2pix/pix2pix_img_04209.png,f6cabac2ee5accacfaaf4f437973f65b822ff7d37e6d7f7b06f49de6c50e268e,generated,pix2pix,calibration,western-blot-04209,0.7753164172172546,0.6846697926521301,generated,0.5,detector-sam-vit-b-lora-r8-all-img512-51265aec,51265aecd96858feeead19cc47f9bd3dc0af3fa7d793582482a9287a153c3e25,cpu
synth/pix2pix/pix2pix_img_04213.png,77fab92a9390820a029aaf86ea4d8f54233066fc43c1ceea3126606f806af359,generated,pix2pix,calibration,western-blot-04213,-0.6395789384841919,0.3453417122364044,original,0.5,detector-sam-vit-b-lora-r8-all-img512-51265aec,51265aecd96858feeead19cc47f9bd3dc0af3fa7d793582482a9287a153c3e25,cpu
synth/pix2pix/pix2pix_img_04216.png,ce97c6f849df0ecce5d2cc2f9cdc2c531b9e114fe7b35f05881a05a74830c78b,generated,pix2pix,calibration,western-blot-04216,0.7837506532669067,0.6864879131317139,generated,0.5,detector-sam-vit-b-lora-r8-all-img512-51265aec,51265aecd96858feeead19cc47f9bd3dc0af3fa7d793582482a9287a153c3e25,cpu
synth/pix2pix/pix2pix_img_04244.png,1c9ceb3ec9f662fcad820ab06327cdf5683fa68643ccfdfec0e0f3771f8c3c1a,generated,pix2pix,calibration,western-blot-04244,-1.9846739768981934,0.12082147598266602,original,0.5,detector-sam-vit-b-lora-r8-all-img512-51265aec,51265aecd96858feeead19cc47f9bd3dc0af3fa7d793582482a9287a153c3e25,cpu
synth/pix2pix/pix2pix_img_04260.png,b21dad262382f66d30079b68cca840d40f09fde8bb13ea18cf083a154992c09e,generated,pix2pix,calibration,western-blot-04260,-2.003718376159668,0.11881307512521744,original,0.5,detector-sam-vit-b-lora-r8-all-img512-51265aec,51265aecd96858feeead19cc47f9bd3dc0af3fa7d793582482a9287a153c3e25,cpu
synth/pix2pix/pix2pix_img_04265.png,e7cbc384e143bbc0304e8c873c2ecfe3d5f45181adcf30a2ebb107b6bcb230bc,generated,pix2pix,calibration,western-blot-04265,-1.9811427593231201,0.12119707465171814,original,0.5,detector-sam-vit-b-lora-r8-all-img512-51265aec,51265aecd96858feeead19cc47f9bd3dc0af3fa7d793582482a9287a153c3e25,cpu
synth/pix2pix/pix2pix_img_04278.png,18f95eaa7bb78ea78c718af380facc610d5b44cfb996eae53d685672c5ea883d,generated,pix2pix,calibration,western-blot-04278,6.848499298095703,0.9989400506019592,generated,0.5,detector-sam-vit-b-lora-r8-all-img512-51265aec,51265aecd96858feeead19cc47f9bd3dc0af3fa7d793582482a9287a153c3e25,cpu
synth/pix2pix/pix2pix_img_04288.png,ed6fb0caab4b05b45299b594f1b953ade97cb8d416b1060eb073defa0cc58ea1,generated,pix2pix,calibration,western-blot-04288,14.081624984741211,0.9999992847442627,generated,0.5,detector-sam-vit-b-lora-r8-all-img512-51265aec,51265aecd96858feeead19cc47f9bd3dc0af3fa7d793582482a9287a153c3e25,cpu
synth/pix2pix/pix2pix_img_04292.png,aca20cfee584b509799a60e5fbe6c56d29f208460ebca6fe6536959ab746f331,generated,pix2pix,calibration,western-blot-04292,10.204046249389648,0.9999629259109497,generated,0.5,detector-sam-vit-b-lora-r8-all-img512-51265aec,51265aecd96858feeead19cc47f9bd3dc0af3fa7d793582482a9287a153c3e25,cpu
synth/pix2pix/pix2pix_img_04300.png,1d7837df8b95850779c7fa80759fbe21603611f136f2f1bac0415b1266724492,generated,pix2pix,calibration,western-blot-04300,17.068511962890625,1.0,generated,0.5,detector-sam-vit-b-lora-r8-all-img512-51265aec,51265aecd96858feeead19cc47f9bd3dc0af3fa7d793582482a9287a153c3e25,cpu
synth/pix2pix/pix2pix_img_04307.png,beb3ec43d6899bad58dc421fd730594c149aaac746b7f37799943df810972095,generated,pix2pix,calibration,western-blot-04307,13.653828620910645,0.9999988079071045,generated,0.5,detector-sam-vit-b-lora-r8-all-img512-51265aec,51265aecd96858feeead19cc47f9bd3dc0af3fa7d793582482a9287a153c3e25,cpu
synth/pix2pix/pix2pix_img_04309.png,880d2851cb99bd88b744e9fd679e0d9fe1968987d41a524fdc9c4411c20cc4dd,generated,pix2pix,calibration,western-blot-04309,19.220327377319336,1.0,generated,0.5,detector-sam-vit-b-lora-r8-all-img512-51265aec,51265aecd96858feeead19cc47f9bd3dc0af3fa7d793582482a9287a153c3e25,cpu
synth/pix2pix/pix2pix_img_04315.png,b14971e5e2a9bc4a8b9d2f4cc2117b4397dc5c9383398aff2f6bb73f04b8e821,generated,pix2pix,calibration,western-blot-04315,12.831029891967773,0.9999973773956299,generated,0.5,detector-sam-vit-b-lora-r8-all-img512-51265aec,51265aecd96858feeead19cc47f9bd3dc0af3fa7d793582482a9287a153c3e25,cpu
synth/pix2pix/pix2pix_img_04317.png,2bdde4dcb9238639bf77183f3dfba30c6484334972225bfa0d22c40bbf840d5c,generated,pix2pix,calibration,western-blot-04317,12.3502836227417,0.9999957084655762,generated,0.5,detector-sam-vit-b-lora-r8-all-img512-51265aec,51265aecd96858feeead19cc47f9bd3dc0af3fa7d793582482a9287a153c3e25,cpu
synth/pix2pix/pix2pix_img_04324.png,1c075e2b7ed037cb6d8daa15f20fc922cc8bbdfb4d2e3b2e679b35a9a32f1693,generated,pix2pix,calibration,western-blot-04324,7.535782814025879,0.999466598033905,generated,0.5,detector-sam-vit-b-lora-r8-all-img512-51265aec,51265aecd96858feeead19cc47f9bd3dc0af3fa7d793582482a9287a153c3e25,cpu
synth/pix2pix/pix2pix_img_04329.png,2d226b16ef9a709979884e05a5d3595905d97c0df3f2ba64067ad973322076af,generated,pix2pix,calibration,western-blot-04329,6.433551788330078,0.9983958601951599,generated,0.5,detector-sam-vit-b-lora-r8-all-img512-51265aec,51265aecd96858feeead19cc47f9bd3dc0af3fa7d793582482a9287a153c3e25,cpu
synth/pix2pix/pix2pix_img_04360.png,4413afc17d6a7ed54143b54dd1646de4a1639d98cee55bdfa06e50b83ab6f329,generated,pix2pix,calibration,western-blot-04360,5.844500541687012,0.997112512588501,generated,0.5,detector-sam-vit-b-lora-r8-all-img512-51265aec,51265aecd96858feeead19cc47f9bd3dc0af3fa7d793582482a9287a153c3e25,cpu
synth/pix2pix/pix2pix_img_04372.png,695f2bc715bfeab1f7f1b550db8e3f15f949ff26dcd73132bb77f5968817389c,generated,pix2pix,calibration,western-blot-04372,-1.7073774337768555,0.1535041779279709,original,0.5,detector-sam-vit-b-lora-r8-all-img512-51265aec,51265aecd96858feeead19cc47f9bd3dc0af3fa7d793582482a9287a153c3e25,cpu
synth/pix2pix/pix2pix_img_04376.png,2f8042f0d6804c0371c0cfb8ac9e454e371059d55d1b29966632891403207f16,generated,pix2pix,calibration,western-blot-04376,-1.216981291770935,0.2284681349992752,original,0.5,detector-sam-vit-b-lora-r8-all-img512-51265aec,51265aecd96858feeead19cc47f9bd3dc0af3fa7d793582482a9287a153c3e25,cpu
synth/pix2pix/pix2pix_img_04377.png,572df3da0e986e80404b7b248d5469a0d352274004d611c8917efe1b0817c6e8,generated,pix2pix,calibration,western-blot-04377,-0.41441842913627625,0.39785316586494446,original,0.5,detector-sam-vit-b-lora-r8-all-img512-51265aec,51265aecd96858feeead19cc47f9bd3dc0af3fa7d793582482a9287a153c3e25,cpu
synth/pix2pix/pix2pix_img_04395.png,f0787a425009abe8e42bd340b682c58931a58baf7896a8093ad6ee06bdc21450,generated,pix2pix,calibration,western-blot-04395,0.7172614932060242,0.6720036864280701,generated,0.5,detector-sam-vit-b-lora-r8-all-img512-51265aec,51265aecd96858feeead19cc47f9bd3dc0af3fa7d793582482a9287a153c3e25,cpu
synth/pix2pix/pix2pix_img_04400.png,90ae41760ccc8c50ac589a7f40f2ddbc046907fb6bdf77989c88cca4721c6b68,generated,pix2pix,calibration,western-blot-04400,-1.06804358959198,0.2557753324508667,original,0.5,detector-sam-vit-b-lora-r8-all-img512-51265aec,51265aecd96858feeead19cc47f9bd3dc0af3fa7d793582482a9287a153c3e25,cpu
synth/pix2pix/pix2pix_img_04401.png,72d6ec024d413e4e7ab89bd867e9211674ad7be11045987bac9b34ce01491f23,generated,pix2pix,calibration,western-blot-04401,-0.33602502942085266,0.4167753756046295,original,0.5,detector-sam-vit-b-lora-r8-all-img512-51265aec,51265aecd96858feeead19cc47f9bd3dc0af3fa7d793582482a9287a153c3e25,cpu
synth/pix2pix/pix2pix_img_04423.png,e681e1616bcae09202fe27b33b281f1a6827860f3750b6a8000151a1cb319eab,generated,pix2pix,calibration,western-blot-04423,7.234431743621826,0.9992792010307312,generated,0.5,detector-sam-vit-b-lora-r8-all-img512-51265aec,51265aecd96858feeead19cc47f9bd3dc0af3fa7d793582482a9287a153c3e25,cpu
synth/pix2pix/pix2pix_img_04433.png,31b8566c088d5ae8df3d3520af50a4e546c22c040abd2c93b7c9723b3875e1f4,generated,pix2pix,calibration,western-blot-04433,12.743975639343262,0.9999971389770508,generated,0.5,detector-sam-vit-b-lora-r8-all-img512-51265aec,51265aecd96858feeead19cc47f9bd3dc0af3fa7d793582482a9287a153c3e25,cpu
synth/pix2pix/pix2pix_img_04434.png,954dd087c36227a170c7d700521efda1bee41756e5ecd895fcb29a9ad878d419,generated,pix2pix,calibration,western-blot-04434,10.555218696594238,0.9999738931655884,generated,0.5,detector-sam-vit-b-lora-r8-all-img512-51265aec,51265aecd96858feeead19cc47f9bd3dc0af3fa7d793582482a9287a153c3e25,cpu
synth/pix2pix/pix2pix_img_04456.png,effcc7e02f7d3949b205acb7cbcfd27954cc0544eabb3f830d2e2eb83e065281,generated,pix2pix,calibration,western-blot-04456,6.405080795288086,0.9983495473861694,generated,0.5,detector-sam-vit-b-lora-r8-all-img512-51265aec,51265aecd96858feeead19cc47f9bd3dc0af3fa7d793582482a9287a153c3e25,cpu
synth/pix2pix/pix2pix_img_04462.png,a95a9117c89d1837b8a73c2e35bda8909c335c1d0c1ee04c530c9cd32fc7f795,generated,pix2pix,calibration,western-blot-04462,2.668344497680664,0.9351327419281006,generated,0.5,detector-sam-vit-b-lora-r8-all-img512-51265aec,51265aecd96858feeead19cc47f9bd3dc0af3fa7d793582482a9287a153c3e25,cpu
synth/pix2pix/pix2pix_img_04475.png,8d2b3787a3fa1ee01a3d8b533077c7d1e88a3dbe1262211b3e76f6641183b1c7,generated,pix2pix,calibration,western-blot-04475,6.32105016708374,0.9982051849365234,generated,0.5,detector-sam-vit-b-lora-r8-all-img512-51265aec,51265aecd96858feeead19cc47f9bd3dc0af3fa7d793582482a9287a153c3e25,cpu
synth/pix2pix/pix2pix_img_04477.png,1b244cb210b00bc19cba2155b8966cd0c9495fb39e2ffeb83bd623bc4cc74de9,generated,pix2pix,calibration,western-blot-04477,3.978661060333252,0.9816329479217529,generated,0.5,detector-sam-vit-b-lora-r8-all-img512-51265aec,51265aecd96858feeead19cc47f9bd3dc0af3fa7d793582482a9287a153c3e25,cpu
synth/pix2pix/pix2pix_img_04496.png,28e60de97245cd60bd1a3506a0c43b425044c2191f1585813a73d21780dac032,generated,pix2pix,calibration,western-blot-04496,5.019972324371338,0.9934386610984802,generated,0.5,detector-sam-vit-b-lora-r8-all-img512-51265aec,51265aecd96858feeead19cc47f9bd3dc0af3fa7d793582482a9287a153c3e25,cpu
synth/pix2pix/pix2pix_img_04508.png,50e7baca3d8b8bc3a159e2b45e20757ed79cb6b19ec08f26e289abbbe24fee72,generated,pix2pix,calibration,western-blot-04508,3.9713385105133057,0.981500506401062,generated,0.5,detector-sam-vit-b-lora-r8-all-img512-51265aec,51265aecd96858feeead19cc47f9bd3dc0af3fa7d793582482a9287a153c3e25,cpu
synth/pix2pix/pix2pix_img_04513.png,eb33d56b655739334beb452d449593f2a8647f5ed46bad98bb7a7ad61817664f,generated,pix2pix,calibration,western-blot-04513,3.7120940685272217,0.9761560559272766,generated,0.5,detector-sam-vit-b-lora-r8-all-img512-51265aec,51265aecd96858feeead19cc47f9bd3dc0af3fa7d793582482a9287a153c3e25,cpu
synth/pix2pix/pix2pix_img_04516.png,f289ef4b3b82ae8691a5992e402f021429bd8ba4e76cda7c4017f905d7438aaa,generated,pix2pix,calibration,western-blot-04516,6.651947021484375,0.9987101554870605,generated,0.5,detector-sam-vit-b-lora-r8-all-img512-51265aec,51265aecd96858feeead19cc47f9bd3dc0af3fa7d793582482a9287a153c3e25,cpu
synth/pix2pix/pix2pix_img_04517.png,48cc22f1112dde68e5a474432bd68f0d1008fd911259228cb3b3c0199f8fbaab,generated,pix2pix,calibration,western-blot-04517,4.9446868896484375,0.9929292798042297,generated,0.5,detector-sam-vit-b-lora-r8-all-img512-51265aec,51265aecd96858feeead19cc47f9bd3dc0af3fa7d793582482a9287a153c3e25,cpu
synth/pix2pix/pix2pix_img_04519.png,95f895ea2943e1c34143c33ec6ea29e12213793cc0acf3631d2763f572335cfd,generated,pix2pix,calibration,western-blot-04519,7.807319641113281,0.9995934367179871,generated,0.5,detector-sam-vit-b-lora-r8-all-img512-51265aec,51265aecd96858feeead19cc47f9bd3dc0af3fa7d793582482a9287a153c3e25,cpu
synth/pix2pix/pix2pix_img_04534.png,0cc5def03d0a76f5cfb4a93eff17f5462d8344cc8433897fb57c1e562dc3540a,generated,pix2pix,calibration,western-blot-04534,15.135623931884766,0.9999997615814209,generated,0.5,detector-sam-vit-b-lora-r8-all-img512-51265aec,51265aecd96858feeead19cc47f9bd3dc0af3fa7d793582482a9287a153c3e25,cpu
synth/pix2pix/pix2pix_img_04539.png,d8bb2e548b2b2831c8195dd62c4d6ee006fce1ee33ef7e447f7cc09680248b4b,generated,pix2pix,calibration,western-blot-04539,16.365646362304688,0.9999998807907104,generated,0.5,detector-sam-vit-b-lora-r8-all-img512-51265aec,51265aecd96858feeead19cc47f9bd3dc0af3fa7d793582482a9287a153c3e25,cpu
synth/pix2pix/pix2pix_img_04546.png,10f6052b942a88b685f66cf5afadcebfddaf87dc9da576befb81783fe809847c,generated,pix2pix,calibration,western-blot-04546,14.195638656616211,0.9999992847442627,generated,0.5,detector-sam-vit-b-lora-r8-all-img512-51265aec,51265aecd96858feeead19cc47f9bd3dc0af3fa7d793582482a9287a153c3e25,cpu
synth/pix2pix/pix2pix_img_04570.png,4d39212b045c2e3624c25c69348d686a71dd9415bc9f8b63d04d2054f5c94747,generated,pix2pix,calibration,western-blot-04570,-0.3670184016227722,0.40926167368888855,original,0.5,detector-sam-vit-b-lora-r8-all-img512-51265aec,51265aecd96858feeead19cc47f9bd3dc0af3fa7d793582482a9287a153c3e25,cpu
synth/pix2pix/pix2pix_img_04575.png,ac626bcda0eb59cbd0cf28aed0514edb6fd17df84a01a80de31ff64bc68e08a1,generated,pix2pix,calibration,western-blot-04575,-0.12227194756269455,0.4694700241088867,original,0.5,detector-sam-vit-b-lora-r8-all-img512-51265aec,51265aecd96858feeead19cc47f9bd3dc0af3fa7d793582482a9287a153c3e25,cpu
synth/pix2pix/pix2pix_img_04584.png,5a04261cd5ca2b0b674f9556aa2adc79feff0048217c061608b67ecbf73f19a5,generated,pix2pix,calibration,western-blot-04584,0.09060995280742645,0.5226370096206665,generated,0.5,detector-sam-vit-b-lora-r8-all-img512-51265aec,51265aecd96858feeead19cc47f9bd3dc0af3fa7d793582482a9287a153c3e25,cpu
synth/pix2pix/pix2pix_img_04595.png,96df066f432526285df56702137f490e6149b275d8c0912857bf473c105f4bb9,generated,pix2pix,calibration,western-blot-04595,0.13572648167610168,0.5338796377182007,generated,0.5,detector-sam-vit-b-lora-r8-all-img512-51265aec,51265aecd96858feeead19cc47f9bd3dc0af3fa7d793582482a9287a153c3e25,cpu
synth/pix2pix/pix2pix_img_04608.png,6887af847f07577a83f9da511dbf4206eba8a80a0290d75c7355e48bd795bfe3,generated,pix2pix,calibration,western-blot-04608,14.601625442504883,0.9999995231628418,generated,0.5,detector-sam-vit-b-lora-r8-all-img512-51265aec,51265aecd96858feeead19cc47f9bd3dc0af3fa7d793582482a9287a153c3e25,cpu
synth/pix2pix/pix2pix_img_04613.png,d236b85e513849403e71aa95ec722de70863e14344c5eadefb42c57c1b24b187,generated,pix2pix,calibration,western-blot-04613,16.7193660736084,1.0,generated,0.5,detector-sam-vit-b-lora-r8-all-img512-51265aec,51265aecd96858feeead19cc47f9bd3dc0af3fa7d793582482a9287a153c3e25,cpu
synth/pix2pix/pix2pix_img_04616.png,32bb70edbaee177cdd84a988906606197facc0c22821b0baf1c7c24f9b7093b9,generated,pix2pix,calibration,western-blot-04616,13.98654842376709,0.9999991655349731,generated,0.5,detector-sam-vit-b-lora-r8-all-img512-51265aec,51265aecd96858feeead19cc47f9bd3dc0af3fa7d793582482a9287a153c3e25,cpu
synth/pix2pix/pix2pix_img_04648.png,e927509c86e7467f97e69748a41a86879757f3a1ebd40cdec1b300e8d8461465,generated,pix2pix,calibration,western-blot-04648,9.143529891967773,0.999893069267273,generated,0.5,detector-sam-vit-b-lora-r8-all-img512-51265aec,51265aecd96858feeead19cc47f9bd3dc0af3fa7d793582482a9287a153c3e25,cpu
synth/pix2pix/pix2pix_img_04655.png,8a3fc459adb545fc9543403e4ec602b3c9c5b385b1507ccfe5e04fb90c5ba6dc,generated,pix2pix,calibration,western-blot-04655,10.447813034057617,0.9999710321426392,generated,0.5,detector-sam-vit-b-lora-r8-all-img512-51265aec,51265aecd96858feeead19cc47f9bd3dc0af3fa7d793582482a9287a153c3e25,cpu
synth/pix2pix/pix2pix_img_04665.png,1f091332715f81d40ed3b156dbfac95a836322ccab7f72a995a8f61c55817767,generated,pix2pix,calibration,western-blot-04665,8.677141189575195,0.9998295307159424,generated,0.5,detector-sam-vit-b-lora-r8-all-img512-51265aec,51265aecd96858feeead19cc47f9bd3dc0af3fa7d793582482a9287a153c3e25,cpu
synth/pix2pix/pix2pix_img_04679.png,4f7793d65aa730e34b40c35faa96db2ce440c4ee331aac159682654936919620,generated,pix2pix,calibration,western-blot-04679,-0.3217826187610626,0.4202413856983185,original,0.5,detector-sam-vit-b-lora-r8-all-img512-51265aec,51265aecd96858feeead19cc47f9bd3dc0af3fa7d793582482a9287a153c3e25,cpu
synth/pix2pix/pix2pix_img_04698.png,20beed501e70fc91d755825bdd89a3089b73419196e01f2c552aaf1d01ce7441,generated,pix2pix,calibration,western-blot-04698,0.02108972705900669,0.5052722096443176,generated,0.5,detector-sam-vit-b-lora-r8-all-img512-51265aec,51265aecd96858feeead19cc47f9bd3dc0af3fa7d793582482a9287a153c3e25,cpu
synth/pix2pix/pix2pix_img_04708.png,34f4167d15fa8de27d33b2c26e45e4c5b102b4390c6e1c8ba9614823fdb714d5,generated,pix2pix,calibration,western-blot-04708,-1.0923863649368286,0.2511691749095917,original,0.5,detector-sam-vit-b-lora-r8-all-img512-51265aec,51265aecd96858feeead19cc47f9bd3dc0af3fa7d793582482a9287a153c3e25,cpu
synth/pix2pix/pix2pix_img_04709.png,70af4234cc07c3a718ce64daafd0cc92cb9b1572b2f2d361c624a8d7def15332,generated,pix2pix,calibration,western-blot-04709,-0.06894820183515549,0.48276978731155396,original,0.5,detector-sam-vit-b-lora-r8-all-img512-51265aec,51265aecd96858feeead19cc47f9bd3dc0af3fa7d793582482a9287a153c3e25,cpu
synth/pix2pix/pix2pix_img_04726.png,1e5527f68ac3c26b1aa5668dbd82245dc795807ebd7540b311f88518229d3d8e,generated,pix2pix,calibration,western-blot-04726,15.335865020751953,0.9999997615814209,generated,0.5,detector-sam-vit-b-lora-r8-all-img512-51265aec,51265aecd96858feeead19cc47f9bd3dc0af3fa7d793582482a9287a153c3e25,cpu
synth/pix2pix/pix2pix_img_04727.png,9773e2d62ff5c9c72e1146b3c7a2afe9ea14b9da965b7dab37254f36c20e1cc9,generated,pix2pix,calibration,western-blot-04727,12.600504875183105,0.9999966621398926,generated,0.5,detector-sam-vit-b-lora-r8-all-img512-51265aec,51265aecd96858feeead19cc47f9bd3dc0af3fa7d793582482a9287a153c3e25,cpu
synth/pix2pix/pix2pix_img_04728.png,b4684edf9e294c57aa7dd79076955fadf9d1d8d8548c9586d2eb282dc08b4ffc,generated,pix2pix,calibration,western-blot-04728,14.747272491455078,0.9999996423721313,generated,0.5,detector-sam-vit-b-lora-r8-all-img512-51265aec,51265aecd96858feeead19cc47f9bd3dc0af3fa7d793582482a9287a153c3e25,cpu
synth/pix2pix/pix2pix_img_04743.png,dd26d34eaaed33525ae9502e687de0191f031990773c1bc5e299a69bb3989a6e,generated,pix2pix,calibration,western-blot-04743,16.086122512817383,0.9999998807907104,generated,0.5,detector-sam-vit-b-lora-r8-all-img512-51265aec,51265aecd96858feeead19cc47f9bd3dc0af3fa7d793582482a9287a153c3e25,cpu
synth/pix2pix/pix2pix_img_04760.png,4e260c5c47f9461355c2e2a81d190f61d3f59461a74fa2a2bd45b1e02ff7255e,generated,pix2pix,calibration,western-blot-04760,1.8461873531341553,0.8636787533760071,generated,0.5,detector-sam-vit-b-lora-r8-all-img512-51265aec,51265aecd96858feeead19cc47f9bd3dc0af3fa7d793582482a9287a153c3e25,cpu
synth/pix2pix/pix2pix_img_04762.png,b52f7e915f4405e7fea79b4011ea8eea0061a36e628a12d41de527c24bc6853f,generated,pix2pix,calibration,western-blot-04762,-0.4653896689414978,0.3857080340385437,original,0.5,detector-sam-vit-b-lora-r8-all-img512-51265aec,51265aecd96858feeead19cc47f9bd3dc0af3fa7d793582482a9287a153c3e25,cpu
synth/pix2pix/pix2pix_img_04782.png,483f460dc95577214948e58308afb16df59befe18258187efd98251bdd0db1c3,generated,pix2pix,calibration,western-blot-04782,-0.5966153740882874,0.35511842370033264,original,0.5,detector-sam-vit-b-lora-r8-all-img512-51265aec,51265aecd96858feeead19cc47f9bd3dc0af3fa7d793582482a9287a153c3e25,cpu
synth/pix2pix/pix2pix_img_04791.png,8861dfb31c06c3c5d79f6a21e7b5459660ac8007b253605ca4d1a9a478a006b7,generated,pix2pix,calibration,western-blot-04791,7.756169319152832,0.9995720982551575,generated,0.5,detector-sam-vit-b-lora-r8-all-img512-51265aec,51265aecd96858feeead19cc47f9bd3dc0af3fa7d793582482a9287a153c3e25,cpu
synth/pix2pix/pix2pix_img_04806.png,0a2cfe450c3ca31be0aa42d5883bf92995f01ce103f45636aeaa789e276faf17,generated,pix2pix,calibration,western-blot-04806,4.130101203918457,0.9841732978820801,generated,0.5,detector-sam-vit-b-lora-r8-all-img512-51265aec,51265aecd96858feeead19cc47f9bd3dc0af3fa7d793582482a9287a153c3e25,cpu
synth/pix2pix/pix2pix_img_04809.png,8c9a4ab7abeefe61a96afcdcf80a041ef742d05f240cd1e29ee898a991f26757,generated,pix2pix,calibration,western-blot-04809,0.595653772354126,0.6446613669395447,generated,0.5,detector-sam-vit-b-lora-r8-all-img512-51265aec,51265aecd96858feeead19cc47f9bd3dc0af3fa7d793582482a9287a153c3e25,cpu
synth/pix2pix/pix2pix_img_04810.png,5f95424f47051e6892ca6970ac36ae5b30b4b496082146a7abcc6a581c08e851,generated,pix2pix,calibration,western-blot-04810,0.13975009322166443,0.5348807573318481,generated,0.5,detector-sam-vit-b-lora-r8-all-img512-51265aec,51265aecd96858feeead19cc47f9bd3dc0af3fa7d793582482a9287a153c3e25,cpu
synth/pix2pix/pix2pix_img_04820.png,8aca7cca627e7ea28fd69bb1c4a91724241902c96733eb9c9eaed65741da8ec1,generated,pix2pix,calibration,western-blot-04820,1.9203981161117554,0.8721827864646912,generated,0.5,detector-sam-vit-b-lora-r8-all-img512-51265aec,51265aecd96858feeead19cc47f9bd3dc0af3fa7d793582482a9287a153c3e25,cpu
synth/pix2pix/pix2pix_img_04831.png,b05ba1cb0614e79c8b95e570a1bcbf7b384e41575e550cb4facb3645d85a7fcc,generated,pix2pix,calibration,western-blot-04831,0.1231207475066185,0.5307413339614868,generated,0.5,detector-sam-vit-b-lora-r8-all-img512-51265aec,51265aecd96858feeead19cc47f9bd3dc0af3fa7d793582482a9287a153c3e25,cpu
synth/pix2pix/pix2pix_img_04837.png,97456b38c9fcfedaef6200ace15895c70a52e35c23a1084832dd895f41e4cf0d,generated,pix2pix,calibration,western-blot-04837,6.147621154785156,0.9978659749031067,generated,0.5,detector-sam-vit-b-lora-r8-all-img512-51265aec,51265aecd96858feeead19cc47f9bd3dc0af3fa7d793582482a9287a153c3e25,cpu
synth/pix2pix/pix2pix_img_04847.png,e0f73c7aecaa0df5cf7691df41b39af16a2f62188f1c3ada744c201e447b5ac7,generated,pix2pix,calibration,western-blot-04847,-0.45009806752204895,0.3893374502658844,original,0.5,detector-sam-vit-b-lora-r8-all-img512-51265aec,51265aecd96858feeead19cc47f9bd3dc0af3fa7d793582482a9287a153c3e25,cpu
synth/pix2pix/pix2pix_img_04859.png,ce89c57acfd3dc5272acec52fc34c21779bd546285be2be59b0a828e7eeac8c1,generated,pix2pix,calibration,western-blot-04859,-2.8278353214263916,0.055838409811258316,original,0.5,detector-sam-vit-b-lora-r8-all-img512-51265aec,51265aecd96858feeead19cc47f9bd3dc0af3fa7d793582482a9287a153c3e25,cpu
synth/pix2pix/pix2pix_img_04861.png,3fa5f799f3f60a87d87b2ca46cced8c80c8ac2cd14caae37c60a9093c54b1337,generated,pix2pix,calibration,western-blot-04861,0.5087390542030334,0.6245108246803284,generated,0.5,detector-sam-vit-b-lora-r8-all-img512-51265aec,51265aecd96858feeead19cc47f9bd3dc0af3fa7d793582482a9287a153c3e25,cpu
synth/pix2pix/pix2pix_img_04866.png,1c23da84731b311525464659b6c90139b2f9bbd4636217f222e714a5914d2ef9,generated,pix2pix,calibration,western-blot-04866,-0.5835456252098083,0.35811716318130493,original,0.5,detector-sam-vit-b-lora-r8-all-img512-51265aec,51265aecd96858feeead19cc47f9bd3dc0af3fa7d793582482a9287a153c3e25,cpu
synth/pix2pix/pix2pix_img_04867.png,529188b3f7cb897ed4ade90b1666788b4b1b223af374788952b8f4b74a694b53,generated,pix2pix,calibration,western-blot-04867,-1.0016506910324097,0.26861700415611267,original,0.5,detector-sam-vit-b-lora-r8-all-img512-51265aec,51265aecd96858feeead19cc47f9bd3dc0af3fa7d793582482a9287a153c3e25,cpu
synth/pix2pix/pix2pix_img_04871.png,925e481976f0c60ef7dcbd7918aa8bdfc94beefa6c903698803659dc35174bb7,generated,pix2pix,calibration,western-blot-04871,-1.0129889249801636,0.26639533042907715,original,0.5,detector-sam-vit-b-lora-r8-all-img512-51265aec,51265aecd96858feeead19cc47f9bd3dc0af3fa7d793582482a9287a153c3e25,cpu
synth/pix2pix/pix2pix_img_04879.png,52a38f16e1ea86f4dd483aa1bdae4b9ebfa58fcb8fee20dd59b55f4604777f03,generated,pix2pix,calibration,western-blot-04879,4.4114460945129395,0.9880079030990601,generated,0.5,detector-sam-vit-b-lora-r8-all-img512-51265aec,51265aecd96858feeead19cc47f9bd3dc0af3fa7d793582482a9287a153c3e25,cpu
synth/pix2pix/pix2pix_img_04900.png,643a12d7d71c010a245d458c95f9f6586e51fb2d0e66cf0a560ba6bfbe95d44b,generated,pix2pix,calibration,western-blot-04900,6.015822410583496,0.9975661039352417,generated,0.5,detector-sam-vit-b-lora-r8-all-img512-51265aec,51265aecd96858feeead19cc47f9bd3dc0af3fa7d793582482a9287a153c3e25,cpu
synth/pix2pix/pix2pix_img_04936.png,6d36b2c704841dcff112960d71583f078dd2cdf34022076e1ce62c99f7e07743,generated,pix2pix,calibration,western-blot-04936,8.749959945678711,0.999841570854187,generated,0.5,detector-sam-vit-b-lora-r8-all-img512-51265aec,51265aecd96858feeead19cc47f9bd3dc0af3fa7d793582482a9287a153c3e25,cpu
synth/pix2pix/pix2pix_img_04942.png,34e5bcc4a8136498eba7e49b9a18313f471526395978a2dd713e7bfbfcd3c752,generated,pix2pix,calibration,western-blot-04942,14.544815063476562,0.9999995231628418,generated,0.5,detector-sam-vit-b-lora-r8-all-img512-51265aec,51265aecd96858feeead19cc47f9bd3dc0af3fa7d793582482a9287a153c3e25,cpu
synth/pix2pix/pix2pix_img_04953.png,96088081785f6053ebe6fb84b88e854c32df7f2791237a6e6692ffa3aac23a5a,generated,pix2pix,calibration,western-blot-04953,13.377623558044434,0.9999984502792358,generated,0.5,detector-sam-vit-b-lora-r8-all-img512-51265aec,51265aecd96858feeead19cc47f9bd3dc0af3fa7d793582482a9287a153c3e25,cpu
synth/pix2pix/pix2pix_img_04974.png,cd2ae105c84bd6a2c2d3075c248e72d41363f5c13d78ad44c8a26d8399554276,generated,pix2pix,calibration,western-blot-04974,7.546021938323975,0.9994720816612244,generated,0.5,detector-sam-vit-b-lora-r8-all-img512-51265aec,51265aecd96858feeead19cc47f9bd3dc0af3fa7d793582482a9287a153c3e25,cpu
synth/pix2pix/pix2pix_img_04998.png,80f72fe4589cb4e5c5708420f5ea036f055e86e1557a2734bbcef4dd67e97ee0,generated,pix2pix,calibration,western-blot-04998,0.5786111354827881,0.6407477259635925,generated,0.5,detector-sam-vit-b-lora-r8-all-img512-51265aec,51265aecd96858feeead19cc47f9bd3dc0af3fa7d793582482a9287a153c3e25,cpu
synth/pix2pix/pix2pix_img_04999.png,fc7dd1f03cd5d03102af196e7aeb5e5f77bf3c19e9b75e080ea25d3f8996bbb0,generated,pix2pix,calibration,western-blot-04999,-0.6442145109176636,0.3442944586277008,original,0.5,detector-sam-vit-b-lora-r8-all-img512-51265aec,51265aecd96858feeead19cc47f9bd3dc0af3fa7d793582482a9287a153c3e25,cpu
synth/pix2pix/pix2pix_img_05008.png,525c0c90d701492aa33504592c1e05a55314600a7fd3472df58e0a55525a93cf,generated,pix2pix,calibration,western-blot-05008,-0.13114416599273682,0.46726086735725403,original,0.5,detector-sam-vit-b-lora-r8-all-img512-51265aec,51265aecd96858feeead19cc47f9bd3dc0af3fa7d793582482a9287a153c3e25,cpu
synth/pix2pix/pix2pix_img_05022.png,4c5f6a67c46626ff7fd3ea296ce900e94469b3ed3a419f10eb499dd0544df590,generated,pix2pix,calibration,western-blot-05022,0.3118340075016022,0.5773328542709351,generated,0.5,detector-sam-vit-b-lora-r8-all-img512-51265aec,51265aecd96858feeead19cc47f9bd3dc0af3fa7d793582482a9287a153c3e25,cpu
synth/pix2pix/pix2pix_img_05028.png,eba26cf2719dde8395d2046fa29dcb4d155618085c540ac4ff88272dc2d105ea,generated,pix2pix,calibration,western-blot-05028,0.34561219811439514,0.5855531692504883,generated,0.5,detector-sam-vit-b-lora-r8-all-img512-51265aec,51265aecd96858feeead19cc47f9bd3dc0af3fa7d793582482a9287a153c3e25,cpu
synth/pix2pix/pix2pix_img_05029.png,1154419f781701ea137298ca7687894919430a2846dbb8d0b57627bdf3b505b6,generated,pix2pix,calibration,western-blot-05029,1.103102445602417,0.7508409023284912,generated,0.5,detector-sam-vit-b-lora-r8-all-img512-51265aec,51265aecd96858feeead19cc47f9bd3dc0af3fa7d793582482a9287a153c3e25,cpu
synth/pix2pix/pix2pix_img_05032.png,89a1847c3e6c648b43f4407ad641b429b6b642e33d5d529d14d888948555f20d,generated,pix2pix,calibration,western-blot-05032,0.09415307641029358,0.5235208868980408,generated,0.5,detector-sam-vit-b-lora-r8-all-img512-51265aec,51265aecd96858feeead19cc47f9bd3dc0af3fa7d793582482a9287a153c3e25,cpu
synth/pix2pix/pix2pix_img_05052.png,96e020b28421d150f02f4e33742f8c1fb7063d018f027bab0a2aabda1f30ac69,generated,pix2pix,calibration,western-blot-05052,7.530731678009033,0.9994639754295349,generated,0.5,detector-sam-vit-b-lora-r8-all-img512-51265aec,51265aecd96858feeead19cc47f9bd3dc0af3fa7d793582482a9287a153c3e25,cpu
synth/pix2pix/pix2pix_img_05063.png,9a331c5183128a35c0ee4639716acb09870955b11142558d2b7afab9878962d5,generated,pix2pix,calibration,western-blot-05063,8.536684036254883,0.9998039603233337,generated,0.5,detector-sam-vit-b-lora-r8-all-img512-51265aec,51265aecd96858feeead19cc47f9bd3dc0af3fa7d793582482a9287a153c3e25,cpu
synth/pix2pix/pix2pix_img_05069.png,25dd831d724bbf14497a6dc3a6c3d891f783294d31a7b1e104ce52e7cd674d5d,generated,pix2pix,calibration,western-blot-05069,6.972622871398926,0.9990636706352234,generated,0.5,detector-sam-vit-b-lora-r8-all-img512-51265aec,51265aecd96858feeead19cc47f9bd3dc0af3fa7d793582482a9287a153c3e25,cpu
synth/pix2pix/pix2pix_img_05076.png,357a9995bf95e72db581648be28042773ec46398852b656b81b2861e5a5fd491,generated,pix2pix,calibration,western-blot-05076,3.209606170654297,0.9611942172050476,generated,0.5,detector-sam-vit-b-lora-r8-all-img512-51265aec,51265aecd96858feeead19cc47f9bd3dc0af3fa7d793582482a9287a153c3e25,cpu
synth/pix2pix/pix2pix_img_05094.png,4976b8971e2098fe14f5ee5dae2c5f6c1daa3f699ca3d43129348d9071c09711,generated,pix2pix,calibration,western-blot-05094,-0.07834276556968689,0.48042431473731995,original,0.5,detector-sam-vit-b-lora-r8-all-img512-51265aec,51265aecd96858feeead19cc47f9bd3dc0af3fa7d793582482a9287a153c3e25,cpu
synth/pix2pix/pix2pix_img_05097.png,ca7e2e003c78d19954fa231aa0415f570e3fa5b59f6bf1a1b544b64ca58a8296,generated,pix2pix,calibration,western-blot-05097,-1.4076825380325317,0.1965998411178589,original,0.5,detector-sam-vit-b-lora-r8-all-img512-51265aec,51265aecd96858feeead19cc47f9bd3dc0af3fa7d793582482a9287a153c3e25,cpu
synth/pix2pix/pix2pix_img_05104.png,ff5c0d0fbad39c4895c046b96a0d8a29b84f000760a77e814b0339d8bd93cead,generated,pix2pix,calibration,western-blot-05104,-1.4986733198165894,0.1826234757900238,original,0.5,detector-sam-vit-b-lora-r8-all-img512-51265aec,51265aecd96858feeead19cc47f9bd3dc0af3fa7d793582482a9287a153c3e25,cpu
synth/pix2pix/pix2pix_img_05105.png,112cde2f6b74f479e97b8ec3e6052bd7977592566b4eb6f29062b3f73044a826,generated,pix2pix,calibration,western-blot-05105,-1.2245299816131592,0.22714024782180786,original,0.5,detector-sam-vit-b-lora-r8-all-img512-51265aec,51265aecd96858feeead19cc47f9bd3dc0af3fa7d793582482a9287a153c3e25,cpu
synth/pix2pix/pix2pix_img_05110.png,b8db1a9f74b12262766adaae755e09c353556d47850a5a47247089697d99721f,generated,pix2pix,calibration,western-blot-05110,-1.8348785638809204,0.13765811920166016,original,0.5,detector-sam-vit-b-lora-r8-all-img512-51265aec,51265aecd96858feeead19cc47f9bd3dc0af3fa7d793582482a9287a153c3e25,cpu
synth/pix2pix/pix2pix_img_05113.png,b0830fc47bfec9cc416d05cafbf7b13b51b682f5e4c5700753ef547f19251a01,generated,pix2pix,calibration,western-blot-05113,-1.9390925168991089,0.12574759125709534,original,0.5,detector-sam-vit-b-lora-r8-all-img512-51265aec,51265aecd96858feeead19cc47f9bd3dc0af3fa7d793582482a9287a153c3e25,cpu
synth/pix2pix/pix2pix_img_05129.png,5a873f8197ec4d3883dd783056a426fef2a990c5cb5eca2924c903d39b085ee6,generated,pix2pix,calibration,western-blot-05129,6.4950761795043945,0.9984914064407349,generated,0.5,detector-sam-vit-b-lora-r8-all-img512-51265aec,51265aecd96858feeead19cc47f9bd3dc0af3fa7d793582482a9287a153c3e25,cpu
synth/pix2pix/pix2pix_img_05146.png,bceba683cd5a64093fb275f5218cbd092ad063e7a7f1588b63a44488fca1659e,generated,pix2pix,calibration,western-blot-05146,6.049887657165527,0.9976474642753601,generated,0.5,detector-sam-vit-b-lora-r8-all-img512-51265aec,51265aecd96858feeead19cc47f9bd3dc0af3fa7d793582482a9287a153c3e25,cpu
synth/pix2pix/pix2pix_img_05173.png,eb84c842cca64c3c016d7446af0177786162d93d52aaa6dee9b5f29c0cdc2c50,generated,pix2pix,calibration,western-blot-05173,5.592747211456299,0.9962890148162842,generated,0.5,detector-sam-vit-b-lora-r8-all-img512-51265aec,51265aecd96858feeead19cc47f9bd3dc0af3fa7d793582482a9287a153c3e25,cpu
synth/pix2pix/pix2pix_img_05175.png,37f48b163867035d371add983f9a25f4da2ffa876c98095b71366a366731fab4,generated,pix2pix,calibration,western-blot-05175,5.773268699645996,0.9969000816345215,generated,0.5,detector-sam-vit-b-lora-r8-all-img512-51265aec,51265aecd96858feeead19cc47f9bd3dc0af3fa7d793582482a9287a153c3e25,cpu
synth/pix2pix/pix2pix_img_05214.png,aa97c7b1bd30e1cfe371004d747e557f7cc91dd2cf99478ff378dd02768b92ab,generated,pix2pix,calibration,western-blot-05214,1.0581003427505493,0.7423273324966431,generated,0.5,detector-sam-vit-b-lora-r8-all-img512-51265aec,51265aecd96858feeead19cc47f9bd3dc0af3fa7d793582482a9287a153c3e25,cpu
synth/pix2pix/pix2pix_img_05219.png,f0a762a9ad5b590b566a668259d1b0fe82e07820f59d0e2289fbaf81e47c57e3,generated,pix2pix,calibration,western-blot-05219,0.13812591135501862,0.534476637840271,generated,0.5,detector-sam-vit-b-lora-r8-all-img512-51265aec,51265aecd96858feeead19cc47f9bd3dc0af3fa7d793582482a9287a153c3e25,cpu
synth/pix2pix/pix2pix_img_05226.png,eaad13ecc3bf2bb9384fbf02cbe2862f4dca64d04101bb84be9acd37ae4fac85,generated,pix2pix,calibration,western-blot-05226,1.4728803634643555,0.8134948015213013,generated,0.5,detector-sam-vit-b-lora-r8-all-img512-51265aec,51265aecd96858feeead19cc47f9bd3dc0af3fa7d793582482a9287a153c3e25,cpu
synth/pix2pix/pix2pix_img_05240.png,0381973adbc94682765d28b0028a1fb92078aee72007e58c260d9064ae70d57f,generated,pix2pix,calibration,western-blot-05240,0.8390777111053467,0.6982709169387817,generated,0.5,detector-sam-vit-b-lora-r8-all-img512-51265aec,51265aecd96858feeead19cc47f9bd3dc0af3fa7d793582482a9287a153c3e25,cpu
synth/pix2pix/pix2pix_img_05247.png,9b5ea09f1f57b50864676af2bb3ca6489d572a77713da0d3b3e2e59c80deb75e,generated,pix2pix,calibration,western-blot-05247,3.371131181716919,0.9667900204658508,generated,0.5,detector-sam-vit-b-lora-r8-all-img512-51265aec,51265aecd96858feeead19cc47f9bd3dc0af3fa7d793582482a9287a153c3e25,cpu
synth/pix2pix/pix2pix_img_05248.png,9a883b3af616e408b9879a3bbbb6b94c046eb16ff64b96ef48892283178cf635,generated,pix2pix,calibration,western-blot-05248,4.159893989562988,0.9846306443214417,generated,0.5,detector-sam-vit-b-lora-r8-all-img512-51265aec,51265aecd96858feeead19cc47f9bd3dc0af3fa7d793582482a9287a153c3e25,cpu
synth/pix2pix/pix2pix_img_05249.png,8a93d6cb81a48a528dfb6be592ffafbe66f08fe9be2d1171491ba71f9c007a48,generated,pix2pix,calibration,western-blot-05249,4.140293121337891,0.9843313097953796,generated,0.5,detector-sam-vit-b-lora-r8-all-img512-51265aec,51265aecd96858feeead19cc47f9bd3dc0af3fa7d793582482a9287a153c3e25,cpu
synth/pix2pix/pix2pix_img_05260.png,e1934261c1519579ab2dc3bf78bd30eedd908cb0c82f63cca790f5a854012506,generated,pix2pix,calibration,western-blot-05260,5.798602104187012,0.9969774484634399,generated,0.5,detector-sam-vit-b-lora-r8-all-img512-51265aec,51265aecd96858feeead19cc47f9bd3dc0af3fa7d793582482a9287a153c3e25,cpu
synth/pix2pix/pix2pix_img_05261.png,1aadaf4fadb501a3d8fb9ba078e976cbb3ad2a8f31d42df9305815f3fcedf251,generated,pix2pix,calibration,western-blot-05261,3.0622010231018066,0.955306351184845,generated,0.5,detector-sam-vit-b-lora-r8-all-img512-51265aec,51265aecd96858feeead19cc47f9bd3dc0af3fa7d793582482a9287a153c3e25,cpu
synth/pix2pix/pix2pix_img_05267.png,a72971d5268f728abc9afa1c018d98c92b1da3f7c28c285a19e193c91a24bc75,generated,pix2pix,calibration,western-blot-05267,3.6103804111480713,0.9736704230308533,generated,0.5,detector-sam-vit-b-lora-r8-all-img512-51265aec,51265aecd96858feeead19cc47f9bd3dc0af3fa7d793582482a9287a153c3e25,cpu
synth/pix2pix/pix2pix_img_05270.png,481e89b1cc98834ad863ec6f463b83474d18d0fa92cc61f315319ecd8b260116,generated,pix2pix,calibration,western-blot-05270,4.204967498779297,0.9852980375289917,generated,0.5,detector-sam-vit-b-lora-r8-all-img512-51265aec,51265aecd96858feeead19cc47f9bd3dc0af3fa7d793582482a9287a153c3e25,cpu
synth/pix2pix/pix2pix_img_05292.png,9861cc133a0c5cb3ff2cecf79fb6f811b5e9ec64378898e58d2015bec108dc90,generated,pix2pix,calibration,western-blot-05292,16.188344955444336,0.9999998807907104,generated,0.5,detector-sam-vit-b-lora-r8-all-img512-51265aec,51265aecd96858feeead19cc47f9bd3dc0af3fa7d793582482a9287a153c3e25,cpu
synth/pix2pix/pix2pix_img_05294.png,ba45be45adfb1eab11a57c285e03ee7bc1c5d03e79b021709c4013dabc1d7cfe,generated,pix2pix,calibration,western-blot-05294,22.86724281311035,1.0,generated,0.5,detector-sam-vit-b-lora-r8-all-img512-51265aec,51265aecd96858feeead19cc47f9bd3dc0af3fa7d793582482a9287a153c3e25,cpu
synth/pix2pix/pix2pix_img_05296.png,b638ff05c492442010eb63d31d9d9a747f6c6658e1d5495952a0ad357c42cb08,generated,pix2pix,calibration,western-blot-05296,22.409711837768555,1.0,generated,0.5,detector-sam-vit-b-lora-r8-all-img512-51265aec,51265aecd96858feeead19cc47f9bd3dc0af3fa7d793582482a9287a153c3e25,cpu
synth/pix2pix/pix2pix_img_05298.png,94e84b6444deb6ad049497a177f90b84a21da91e5cb41cd155f89be006bd3c00,generated,pix2pix,calibration,western-blot-05298,20.148569107055664,1.0,generated,0.5,detector-sam-vit-b-lora-r8-all-img512-51265aec,51265aecd96858feeead19cc47f9bd3dc0af3fa7d793582482a9287a153c3e25,cpu
synth/pix2pix/pix2pix_img_05299.png,971fe4ac7d336fe16c3ffdd2831becb24df6aa8407038cf0c3f51884fd5a7786,generated,pix2pix,calibration,western-blot-05299,21.70964813232422,1.0,generated,0.5,detector-sam-vit-b-lora-r8-all-img512-51265aec,51265aecd96858feeead19cc47f9bd3dc0af3fa7d793582482a9287a153c3e25,cpu
synth/pix2pix/pix2pix_img_05326.png,591172a9cf3176120a519d707ccd3c6a78034b8417fa42ce5356af8069123183,generated,pix2pix,calibration,western-blot-05326,15.78838062286377,0.9999998807907104,generated,0.5,detector-sam-vit-b-lora-r8-all-img512-51265aec,51265aecd96858feeead19cc47f9bd3dc0af3fa7d793582482a9287a153c3e25,cpu
synth/pix2pix/pix2pix_img_05327.png,52e3e4f9991b36ad66912adbacf9de08082bf49816259c8d44484017b3e88ac4,generated,pix2pix,calibration,western-blot-05327,4.176303386688232,0.9848771095275879,generated,0.5,detector-sam-vit-b-lora-r8-all-img512-51265aec,51265aecd96858feeead19cc47f9bd3dc0af3fa7d793582482a9287a153c3e25,cpu
synth/pix2pix/pix2pix_img_05331.png,187ff0b5f1b87e46edfec10c6549cdc820479d579cbc8afaeed6dec05ed39793,generated,pix2pix,calibration,western-blot-05331,5.4972147941589355,0.9959185719490051,generated,0.5,detector-sam-vit-b-lora-r8-all-img512-51265aec,51265aecd96858feeead19cc47f9bd3dc0af3fa7d793582482a9287a153c3e25,cpu
synth/pix2pix/pix2pix_img_05395.png,5139417dc8f726c4aa7b25c8aab984015eb0e1e1fc822197ac8e3b66a3d97b52,generated,pix2pix,calibration,western-blot-05395,7.916499614715576,0.9996354579925537,generated,0.5,detector-sam-vit-b-lora-r8-all-img512-51265aec,51265aecd96858feeead19cc47f9bd3dc0af3fa7d793582482a9287a153c3e25,cpu
synth/pix2pix/pix2pix_img_05419.png,8504e89a4550c7e5abfef7c2514ce5b507b254ff2aa332a2a3fa65ea432f4a0c,generated,pix2pix,calibration,western-blot-05419,3.081477403640747,0.9561222195625305,generated,0.5,detector-sam-vit-b-lora-r8-all-img512-51265aec,51265aecd96858feeead19cc47f9bd3dc0af3fa7d793582482a9287a153c3e25,cpu
synth/pix2pix/pix2pix_img_05431.png,ebed943549df31cd24a3b7a2a1f5205cf4ccd0943bf98263dc178defc5f6a6f0,generated,pix2pix,calibration,western-blot-05431,1.4747165441513062,0.8137732148170471,generated,0.5,detector-sam-vit-b-lora-r8-all-img512-51265aec,51265aecd96858feeead19cc47f9bd3dc0af3fa7d793582482a9287a153c3e25,cpu
synth/pix2pix/pix2pix_img_05458.png,f0540d663fb08feb6365bd04576f2c76e7f1622311194e797d3b6245e4f7547d,generated,pix2pix,calibration,western-blot-05458,-0.20244070887565613,0.4495619237422943,original,0.5,detector-sam-vit-b-lora-r8-all-img512-51265aec,51265aecd96858feeead19cc47f9bd3dc0af3fa7d793582482a9287a153c3e25,cpu
synth/pix2pix/pix2pix_img_05481.png,c72f69f5337b7c359183754955506b47a827168dbe06909ca422459d8407c923,generated,pix2pix,calibration,western-blot-05481,3.873995542526245,0.9796476364135742,generated,0.5,detector-sam-vit-b-lora-r8-all-img512-51265aec,51265aecd96858feeead19cc47f9bd3dc0af3fa7d793582482a9287a153c3e25,cpu
synth/pix2pix/pix2pix_img_05485.png,64715c5c58cd69dc21f6d5e5eae9876b543b925dd38860631c7987d0822049e4,generated,pix2pix,calibration,western-blot-05485,6.5082502365112305,0.9985111355781555,generated,0.5,detector-sam-vit-b-lora-r8-all-img512-51265aec,51265aecd96858feeead19cc47f9bd3dc0af3fa7d793582482a9287a153c3e25,cpu
synth/pix2pix/pix2pix_img_05491.png,04ac3969aacf26985d699d98e287f496682af94a3947dff5d792dd5ddc3f8c6c,generated,pix2pix,calibration,western-blot-05491,11.244003295898438,0.9999868869781494,generated,0.5,detector-sam-vit-b-lora-r8-all-img512-51265aec,51265aecd96858feeead19cc47f9bd3dc0af3fa7d793582482a9287a153c3e25,cpu
synth/pix2pix/pix2pix_img_05498.png,3fcaf5c3324362e6af325f210466cde7c81fcfe7d27eeccab096140a734c8aed,generated,pix2pix,calibration,western-blot-05498,6.35324764251709,0.9982619881629944,generated,0.5,detector-sam-vit-b-lora-r8-all-img512-51265aec,51265aecd96858feeead19cc47f9bd3dc0af3fa7d793582482a9287a153c3e25,cpu
synth/pix2pix/pix2pix_img_05517.png,8f84c3623e7f4f0fc792ec75e07dd3c1cd81072ec43de53a823c465310c82a41,generated,pix2pix,calibration,western-blot-05517,-0.759039580821991,0.31885480880737305,original,0.5,detector-sam-vit-b-lora-r8-all-img512-51265aec,51265aecd96858feeead19cc47f9bd3dc0af3fa7d793582482a9287a153c3e25,cpu
synth/pix2pix/pix2pix_img_05528.png,460dc46b6ff806b35ffa805ca22e79a3edd5fe38e9a0620030fb1ad83bdf328c,generated,pix2pix,calibration,western-blot-05528,-1.1092010736465454,0.24801985919475555,original,0.5,detector-sam-vit-b-lora-r8-all-img512-51265aec,51265aecd96858feeead19cc47f9bd3dc0af3fa7d793582482a9287a153c3e25,cpu
synth/pix2pix/pix2pix_img_05544.png,0862d8407a821747163134cbc342aab31bd9c74115570dd37d08917ea20fc289,generated,pix2pix,calibration,western-blot-05544,-1.1351304054260254,0.24321553111076355,original,0.5,detector-sam-vit-b-lora-r8-all-img512-51265aec,51265aecd96858feeead19cc47f9bd3dc0af3fa7d793582482a9287a153c3e25,cpu
synth/pix2pix/pix2pix_img_05553.png,48c5a1dee406a61efcfa131b8ad0c6b3c0152e3e9f030590ded97d35a9fc4123,generated,pix2pix,calibration,western-blot-05553,-1.3282681703567505,0.209445983171463,original,0.5,detector-sam-vit-b-lora-r8-all-img512-51265aec,51265aecd96858feeead19cc47f9bd3dc0af3fa7d793582482a9287a153c3e25,cpu
synth/pix2pix/pix2pix_img_05556.png,d712331fd6125bb1d8b50c32bffec958ea82555667f0e5533fdd9d73716fae2e,generated,pix2pix,calibration,western-blot-05556,-0.5684075355529785,0.36160436272621155,original,0.5,detector-sam-vit-b-lora-r8-all-img512-51265aec,51265aecd96858feeead19cc47f9bd3dc0af3fa7d793582482a9287a153c3e25,cpu
synth/pix2pix/pix2pix_img_05563.png,02005e421065f21f2a5d055b987853f408beaf8f2ec0cf1382adf27863478041,generated,pix2pix,calibration,western-blot-05563,0.2405032366514206,0.5598376393318176,generated,0.5,detector-sam-vit-b-lora-r8-all-img512-51265aec,51265aecd96858feeead19cc47f9bd3dc0af3fa7d793582482a9287a153c3e25,cpu
synth/pix2pix/pix2pix_img_05569.png,06e5289abfb813595dd3c409b1915da20bcf66b6d200c27f972fcae210ba1f2b,generated,pix2pix,calibration,western-blot-05569,11.516579627990723,0.9999899864196777,generated,0.5,detector-sam-vit-b-lora-r8-all-img512-51265aec,51265aecd96858feeead19cc47f9bd3dc0af3fa7d793582482a9287a153c3e25,cpu
synth/pix2pix/pix2pix_img_05597.png,82a76b1ed74bead8e5725e5154989430ebfed1e5e0fd78d41ea7955ae8bc707f,generated,pix2pix,calibration,western-blot-05597,0.8689746260643005,0.704532265663147,generated,0.5,detector-sam-vit-b-lora-r8-all-img512-51265aec,51265aecd96858feeead19cc47f9bd3dc0af3fa7d793582482a9287a153c3e25,cpu
synth/pix2pix/pix2pix_img_05615.png,046c33b5fc56bf6752479f533ba02bc1e2c2fee3267e37da6caa926dae00ff63,generated,pix2pix,calibration,western-blot-05615,9.101598739624023,0.99988853931427,generated,0.5,detector-sam-vit-b-lora-r8-all-img512-51265aec,51265aecd96858feeead19cc47f9bd3dc0af3fa7d793582482a9287a153c3e25,cpu
synth/pix2pix/pix2pix_img_05622.png,3ab99af6627c79de30351ca9b71e51fcb5cd548c5bfcf10a477d0e8d5258d4fc,generated,pix2pix,calibration,western-blot-05622,11.279542922973633,0.9999873638153076,generated,0.5,detector-sam-vit-b-lora-r8-all-img512-51265aec,51265aecd96858feeead19cc47f9bd3dc0af3fa7d793582482a9287a153c3e25,cpu
synth/pix2pix/pix2pix_img_05627.png,5888f886751300d2370f08f758eb4a40ea6458e0f94da046fded267d64960e49,generated,pix2pix,calibration,western-blot-05627,3.409031391143799,0.9679856300354004,generated,0.5,detector-sam-vit-b-lora-r8-all-img512-51265aec,51265aecd96858feeead19cc47f9bd3dc0af3fa7d793582482a9287a153c3e25,cpu
synth/pix2pix/pix2pix_img_05632.png,546268143ca5d916942eebdfc4a4a0ca9155187fc61fb5e4c4380254cf831858,generated,pix2pix,calibration,western-blot-05632,9.237283706665039,0.999902606010437,generated,0.5,detector-sam-vit-b-lora-r8-all-img512-51265aec,51265aecd96858feeead19cc47f9bd3dc0af3fa7d793582482a9287a153c3e25,cpu
synth/pix2pix/pix2pix_img_05646.png,3a25a5b94e17e8ae0d260697eaa659a1379bbf420bcf8ee56722bba2f499b465,generated,pix2pix,calibration,western-blot-05646,-0.9029616117477417,0.2884422838687897,original,0.5,detector-sam-vit-b-lora-r8-all-img512-51265aec,51265aecd96858feeead19cc47f9bd3dc0af3fa7d793582482a9287a153c3e25,cpu
synth/pix2pix/pix2pix_img_05648.png,0f9772bdeda04a90759df53ad08e15d3f3cbe15830445c8196654ab52c9150e1,generated,pix2pix,calibration,western-blot-05648,0.33272719383239746,0.5824227929115295,generated,0.5,detector-sam-vit-b-lora-r8-all-img512-51265aec,51265aecd96858feeead19cc47f9bd3dc0af3fa7d793582482a9287a153c3e25,cpu
synth/pix2pix/pix2pix_img_05649.png,b186e8a7afab6eaaa1448f74c9702669614d49cd493fadd6732ec94de6686f2f,generated,pix2pix,calibration,western-blot-05649,0.8686782121658325,0.7044705748558044,generated,0.5,detector-sam-vit-b-lora-r8-all-img512-51265aec,51265aecd96858feeead19cc47f9bd3dc0af3fa7d793582482a9287a153c3e25,cpu
synth/pix2pix/pix2pix_img_05652.png,953d6fbb052edff90740290f0d01a715ee20bad7183f61681c29cf514ee7c8fb,generated,pix2pix,calibration,western-blot-05652,-1.0912963151931763,0.2513742446899414,original,0.5,detector-sam-vit-b-lora-r8-all-img512-51265aec,51265aecd96858feeead19cc47f9bd3dc0af3fa7d793582482a9287a153c3e25,cpu
synth/pix2pix/pix2pix_img_05664.png,d16de8835de6cfbe2eb9e033fb13da1b8e89b2bbfeb1b40eb0a6a746bccb46bf,generated,pix2pix,calibration,western-blot-05664,-0.7063066959381104,0.33041542768478394,original,0.5,detector-sam-vit-b-lora-r8-all-img512-51265aec,51265aecd96858feeead19cc47f9bd3dc0af3fa7d793582482a9287a153c3e25,cpu
synth/pix2pix/pix2pix_img_05685.png,f4991b4efa0780244176f4752fcfe44b2e7c916c05887980897d1e032e2773f1,generated,pix2pix,calibration,western-blot-05685,0.009888364002108574,0.5024721026420593,generated,0.5,detector-sam-vit-b-lora-r8-all-img512-51265aec,51265aecd96858feeead19cc47f9bd3dc0af3fa7d793582482a9287a153c3e25,cpu
synth/pix2pix/pix2pix_img_05696.png,df9491a43c730659bc2b8125ec35e51962547338fe7c871cf21cdd9aed1bd7aa,generated,pix2pix,calibration,western-blot-05696,0.8232498168945312,0.6949257850646973,generated,0.5,detector-sam-vit-b-lora-r8-all-img512-51265aec,51265aecd96858feeead19cc47f9bd3dc0af3fa7d793582482a9287a153c3e25,cpu
synth/pix2pix/pix2pix_img_05713.png,970d36a4866b54f34deb630f86f29ef7dc46ebb0e5f30004171ad17e865671be,generated,pix2pix,calibration,western-blot-05713,0.024474674835801125,0.5061183571815491,generated,0.5,detector-sam-vit-b-lora-r8-all-img512-51265aec,51265aecd96858feeead19cc47f9bd3dc0af3fa7d793582482a9287a153c3e25,cpu
synth/pix2pix/pix2pix_img_05716.png,c387503ed9b936a0c1ce6b6599dc1eba42de2d7883aabbbd7f96c587449f28a2,generated,pix2pix,calibration,western-blot-05716,0.6571498513221741,0.6586198806762695,generated,0.5,detector-sam-vit-b-lora-r8-all-img512-51265aec,51265aecd96858feeead19cc47f9bd3dc0af3fa7d793582482a9287a153c3e25,cpu
synth/pix2pix/pix2pix_img_05723.png,6db60ab89871beb8e62cdaa3ca8961dfdb58599b9313e3852a9e494002dc69bd,generated,pix2pix,calibration,western-blot-05723,1.194383978843689,0.7675241827964783,generated,0.5,detector-sam-vit-b-lora-r8-all-img512-51265aec,51265aecd96858feeead19cc47f9bd3dc0af3fa7d793582482a9287a153c3e25,cpu
synth/pix2pix/pix2pix_img_05728.png,e8b9e9bdc803e20ed019f54fea1672000b764a532a263b4cac21e09c4704eae5,generated,pix2pix,calibration,western-blot-05728,1.045986533164978,0.7400034666061401,generated,0.5,detector-sam-vit-b-lora-r8-all-img512-51265aec,51265aecd96858feeead19cc47f9bd3dc0af3fa7d793582482a9287a153c3e25,cpu
synth/pix2pix/pix2pix_img_05735.png,e07ac626798f8d12f58158e82cf6967541f16237145e5830d09b650103c97d20,generated,pix2pix,calibration,western-blot-05735,1.4017709493637085,0.8024647831916809,generated,0.5,detector-sam-vit-b-lora-r8-all-img512-51265aec,51265aecd96858feeead19cc47f9bd3dc0af3fa7d793582482a9287a153c3e25,cpu
synth/pix2pix/pix2pix_img_05785.png,e88a795465f22e9b8b0ea433cce308d19d292cc9deeaf4f61651e6210e45a6af,generated,pix2pix,calibration,western-blot-05785,12.096565246582031,0.9999943971633911,generated,0.5,detector-sam-vit-b-lora-r8-all-img512-51265aec,51265aecd96858feeead19cc47f9bd3dc0af3fa7d793582482a9287a153c3e25,cpu
synth/pix2pix/pix2pix_img_05793.png,bc5eaf77eef7e1a37fed920eccf5be0a5a4e9424a063c79f723a75dcc7687827,generated,pix2pix,calibration,western-blot-05793,7.707510948181152,0.9995507597923279,generated,0.5,detector-sam-vit-b-lora-r8-all-img512-51265aec,51265aecd96858feeead19cc47f9bd3dc0af3fa7d793582482a9287a153c3e25,cpu
synth/pix2pix/pix2pix_img_05801.png,a4c24701729b6a1cc283e0aaf70187746cc1e62d5a4f88c188d4f9788551fc67,generated,pix2pix,calibration,western-blot-05801,0.20251043140888214,0.5504553318023682,generated,0.5,detector-sam-vit-b-lora-r8-all-img512-51265aec,51265aecd96858feeead19cc47f9bd3dc0af3fa7d793582482a9287a153c3e25,cpu
synth/pix2pix/pix2pix_img_05844.png,25e8fb21306bc6d1da085dc97169a003aee36ed8362289bce8c2ee2c5c6587fd,generated,pix2pix,calibration,western-blot-05844,9.58130931854248,0.9999309778213501,generated,0.5,detector-sam-vit-b-lora-r8-all-img512-51265aec,51265aecd96858feeead19cc47f9bd3dc0af3fa7d793582482a9287a153c3e25,cpu
synth/pix2pix/pix2pix_img_05858.png,85b0ea61d94fae029953464bd2a874b8fad08f191ac2e74c8950f9afb87c42c9,generated,pix2pix,calibration,western-blot-05858,18.01409339904785,1.0,generated,0.5,detector-sam-vit-b-lora-r8-all-img512-51265aec,51265aecd96858feeead19cc47f9bd3dc0af3fa7d793582482a9287a153c3e25,cpu
synth/pix2pix/pix2pix_img_05861.png,ec99e591f33ef5819e6661728210d91148b03ac5fe84a4231b9dae5189948f50,generated,pix2pix,calibration,western-blot-05861,10.008416175842285,0.9999549388885498,generated,0.5,detector-sam-vit-b-lora-r8-all-img512-51265aec,51265aecd96858feeead19cc47f9bd3dc0af3fa7d793582482a9287a153c3e25,cpu
synth/pix2pix/pix2pix_img_05879.png,16f7092404292255a2382b175517dd51cc0893079e64addce76bef58ee0d10c1,generated,pix2pix,calibration,western-blot-05879,13.63766098022461,0.9999988079071045,generated,0.5,detector-sam-vit-b-lora-r8-all-img512-51265aec,51265aecd96858feeead19cc47f9bd3dc0af3fa7d793582482a9287a153c3e25,cpu
synth/pix2pix/pix2pix_img_05884.png,13560604ed2a5b69538ec5512f05db279581723b8344f28eec41cf5881e22e3c,generated,pix2pix,calibration,western-blot-05884,3.297210693359375,0.9643329381942749,generated,0.5,detector-sam-vit-b-lora-r8-all-img512-51265aec,51265aecd96858feeead19cc47f9bd3dc0af3fa7d793582482a9287a153c3e25,cpu
synth/pix2pix/pix2pix_img_05886.png,3803f9179b0fcf9ef572fced28bc1630e181fa2fa571b213ce4da30ad9c9c556,generated,pix2pix,calibration,western-blot-05886,6.004817008972168,0.9975392818450928,generated,0.5,detector-sam-vit-b-lora-r8-all-img512-51265aec,51265aecd96858feeead19cc47f9bd3dc0af3fa7d793582482a9287a153c3e25,cpu
synth/pix2pix/pix2pix_img_05894.png,863812f89310ab2d79af23a80a814ab5966de6fd9364b92a48dc1403d8582ae0,generated,pix2pix,calibration,western-blot-05894,2.652259111404419,0.9341500997543335,generated,0.5,detector-sam-vit-b-lora-r8-all-img512-51265aec,51265aecd96858feeead19cc47f9bd3dc0af3fa7d793582482a9287a153c3e25,cpu
synth/pix2pix/pix2pix_img_05899.png,ef8773bc3addd34a22b5ea23d343a1084b0ec50402cfaa9628e2625d5a535b1a,generated,pix2pix,calibration,western-blot-05899,6.838010787963867,0.9989288449287415,generated,0.5,detector-sam-vit-b-lora-r8-all-img512-51265aec,51265aecd96858feeead19cc47f9bd3dc0af3fa7d793582482a9287a153c3e25,cpu
synth/pix2pix/pix2pix_img_05927.png,404f07c7f37f20f59caf78a82a08944f18d2ee62e876ce6c1638508cdaa9c81d,generated,pix2pix,calibration,western-blot-05927,5.962810516357422,0.9974339604377747,generated,0.5,detector-sam-vit-b-lora-r8-all-img512-51265aec,51265aecd96858feeead19cc47f9bd3dc0af3fa7d793582482a9287a153c3e25,cpu
synth/pix2pix/pix2pix_img_05934.png,cbff9cac6f996dbaf629a373b3816a55494a40451d545e126b84cbfb5daf18ad,generated,pix2pix,calibration,western-blot-05934,1.1750818490982056,0.7640624046325684,generated,0.5,detector-sam-vit-b-lora-r8-all-img512-51265aec,51265aecd96858feeead19cc47f9bd3dc0af3fa7d793582482a9287a153c3e25,cpu
synth/pix2pix/pix2pix_img_05944.png,af2552cb2bb1148d3c595f5c5860de2d3c49c6c7c9f2c8147f7d28f2b66d55a5,generated,pix2pix,calibration,western-blot-05944,9.164816856384277,0.9998953342437744,generated,0.5,detector-sam-vit-b-lora-r8-all-img512-51265aec,51265aecd96858feeead19cc47f9bd3dc0af3fa7d793582482a9287a153c3e25,cpu
synth/pix2pix/pix2pix_img_05949.png,85e7fa74cc7f28545271077921f1ea3787a0c7d7c585c880b2b0088612e3ab2a,generated,pix2pix,calibration,western-blot-05949,2.0683987140655518,0.8877936005592346,generated,0.5,detector-sam-vit-b-lora-r8-all-img512-51265aec,51265aecd96858feeead19cc47f9bd3dc0af3fa7d793582482a9287a153c3e25,cpu
synth/pix2pix/pix2pix_img_05953.png,4b4ea2d5950392fdd398d7f9454e8c88ffae04b11455e73890b6153a0cce32e7,generated,pix2pix,calibration,western-blot-05953,7.466176986694336,0.9994282126426697,generated,0.5,detector-sam-vit-b-lora-r8-all-img512-51265aec,51265aecd96858feeead19cc47f9bd3dc0af3fa7d793582482a9287a153c3e25,cpu
synth/pix2pix/pix2pix_img_05956.png,a274e2897cf7aebca06c1df2f58284a4aa811a4af17183cdce03cec204cd97c3,generated,pix2pix,calibration,western-blot-05956,2.890866279602051,0.9473931193351746,generated,0.5,detector-sam-vit-b-lora-r8-all-img512-51265aec,51265aecd96858feeead19cc47f9bd3dc0af3fa7d793582482a9287a153c3e25,cpu
synth/pix2pix/pix2pix_img_05961.png,2b6cdc12f66e1187c2dec5b3ad0d598ad5f6ef7e4a2b9a1372baf2f3bd8de71b,generated,pix2pix,calibration,western-blot-05961,3.310141086578369,0.964775025844574,generated,0.5,detector-sam-vit-b-lora-r8-all-img512-51265aec,51265aecd96858feeead19cc47f9bd3dc0af3fa7d793582482a9287a153c3e25,cpu
synth/pix2pix/pix2pix_img_05965.png,a3ac9c991689346928d20696b46451846b5063f3ea7ec0566876df9417cb417e,generated,pix2pix,calibration,western-blot-05965,0.004176551941782236,0.5010441541671753,generated,0.5,detector-sam-vit-b-lora-r8-all-img512-51265aec,51265aecd96858feeead19cc47f9bd3dc0af3fa7d793582482a9287a153c3e25,cpu
synth/pix2pix/pix2pix_img_05967.png,28d19b2bc2b716677ab9e5c5ac46ebb6ad45e41cb92e29686f2b23bd98e92ae0,generated,pix2pix,calibration,western-blot-05967,0.9022793769836426,0.7114177346229553,generated,0.5,detector-sam-vit-b-lora-r8-all-img512-51265aec,51265aecd96858feeead19cc47f9bd3dc0af3fa7d793582482a9287a153c3e25,cpu
synth/pix2pix/pix2pix_img_05968.png,baa2161505fc832a69534b95be456d73d8fbea6e6adb3794e0272776c4bc2865,generated,pix2pix,calibration,western-blot-05968,2.0805859565734863,0.8890018463134766,generated,0.5,detector-sam-vit-b-lora-r8-all-img512-51265aec,51265aecd96858feeead19cc47f9bd3dc0af3fa7d793582482a9287a153c3e25,cpu
synth/pix2pix/pix2pix_img_05998.png,78cd58e84c0bddbb919961b1cf4674ffb216b3b6ae6a23d18c81741438279d5d,generated,pix2pix,calibration,western-blot-05998,1.9738885164260864,0.878028154373169,generated,0.5,detector-sam-vit-b-lora-r8-all-img512-51265aec,51265aecd96858feeead19cc47f9bd3dc0af3fa7d793582482a9287a153c3e25,cpu
synth/stylegan2ada/stylegan2ada_img_00006.png,a1e1af4ebaadcfac5e59e57226a56a1a58a9642b03c5e8c618318508d513bee2,generated,stylegan2ada,calibration,western-blot-00006,11.403564453125,0.9999887943267822,generated,0.5,detector-sam-vit-b-lora-r8-all-img512-51265aec,51265aecd96858feeead19cc47f9bd3dc0af3fa7d793582482a9287a153c3e25,cpu
synth/stylegan2ada/stylegan2ada_img_00008.png,4f84bb5f91562a32d8433fb3b5dfdc04cd337f2965ee60fff924c7346e0414bf,generated,stylegan2ada,calibration,western-blot-00008,4.800195217132568,0.9918389916419983,generated,0.5,detector-sam-vit-b-lora-r8-all-img512-51265aec,51265aecd96858feeead19cc47f9bd3dc0af3fa7d793582482a9287a153c3e25,cpu
synth/stylegan2ada/stylegan2ada_img_00010.png,cd8cebcd2451c44f7fca6adefa311fe2ebe18a4d98def2bcd0b8d87da61b397c,generated,stylegan2ada,calibration,western-blot-00010,17.114986419677734,1.0,generated,0.5,detector-sam-vit-b-lora-r8-all-img512-51265aec,51265aecd96858feeead19cc47f9bd3dc0af3fa7d793582482a9287a153c3e25,cpu
synth/stylegan2ada/stylegan2ada_img_00026.png,295db33f5725dab1e2246fbb896fb4983e61122b666fcbd8e12338722ed7d47e,generated,stylegan2ada,calibration,western-blot-00026,19.640180587768555,1.0,generated,0.5,detector-sam-vit-b-lora-r8-all-img512-51265aec,51265aecd96858feeead19cc47f9bd3dc0af3fa7d793582482a9287a153c3e25,cpu
synth/stylegan2ada/stylegan2ada_img_00049.png,bad44a8b18eb93dff5b687a96b71628111de169f68f21ccaaf417711c6a55924,generated,stylegan2ada,calibration,western-blot-00049,9.013399124145508,0.9998782873153687,generated,0.5,detector-sam-vit-b-lora-r8-all-img512-51265aec,51265aecd96858feeead19cc47f9bd3dc0af3fa7d793582482a9287a153c3e25,cpu
synth/stylegan2ada/stylegan2ada_img_00054.png,f6442bad622903b78118591f4e714a87e9d762bcd1a7128bb8991133cb2bef24,generated,stylegan2ada,calibration,western-blot-00054,1.123488187789917,0.754635214805603,generated,0.5,detector-sam-vit-b-lora-r8-all-img512-51265aec,51265aecd96858feeead19cc47f9bd3dc0af3fa7d793582482a9287a153c3e25,cpu
synth/stylegan2ada/stylegan2ada_img_00109.png,f5dff26f11c39a870277e7d856e16d1916ea45430d7d31d82e5361426b00cd15,generated,stylegan2ada,calibration,western-blot-00109,0.940211832523346,0.7191424369812012,generated,0.5,detector-sam-vit-b-lora-r8-all-img512-51265aec,51265aecd96858feeead19cc47f9bd3dc0af3fa7d793582482a9287a153c3e25,cpu
synth/stylegan2ada/stylegan2ada_img_00111.png,5aa5c51cfc1aea161534f8d66499537f4eb3e9f79fa5a8a2faaa49a9a3c33664,generated,stylegan2ada,calibration,western-blot-00111,7.037883758544922,0.9991227984428406,generated,0.5,detector-sam-vit-b-lora-r8-all-img512-51265aec,51265aecd96858feeead19cc47f9bd3dc0af3fa7d793582482a9287a153c3e25,cpu
synth/stylegan2ada/stylegan2ada_img_00139.png,317d2f058f08c8a8080d3e46deabb41c752f1491580d0e64752f5b75321093fc,generated,stylegan2ada,calibration,western-blot-00139,15.334821701049805,0.9999997615814209,generated,0.5,detector-sam-vit-b-lora-r8-all-img512-51265aec,51265aecd96858feeead19cc47f9bd3dc0af3fa7d793582482a9287a153c3e25,cpu
synth/stylegan2ada/stylegan2ada_img_00162.png,19c130c6754e8e738ed478922e99c6b82e93b529f03e097b94e7c5cf318cd07a,generated,stylegan2ada,calibration,western-blot-00162,5.381131172180176,0.9954184293746948,generated,0.5,detector-sam-vit-b-lora-r8-all-img512-51265aec,51265aecd96858feeead19cc47f9bd3dc0af3fa7d793582482a9287a153c3e25,cpu
synth/stylegan2ada/stylegan2ada_img_00193.png,cc26b29834d128c2d2bbb76097becdb5432ccba5c1c6492c056183170d9ddec8,generated,stylegan2ada,calibration,western-blot-00193,10.320444107055664,0.999967098236084,generated,0.5,detector-sam-vit-b-lora-r8-all-img512-51265aec,51265aecd96858feeead19cc47f9bd3dc0af3fa7d793582482a9287a153c3e25,cpu
synth/stylegan2ada/stylegan2ada_img_00204.png,e49a0716798139bb893d067f62840c4a401e89044acee003eea731e22c4b217d,generated,stylegan2ada,calibration,western-blot-00204,21.212839126586914,1.0,generated,0.5,detector-sam-vit-b-lora-r8-all-img512-51265aec,51265aecd96858feeead19cc47f9bd3dc0af3fa7d793582482a9287a153c3e25,cpu
synth/stylegan2ada/stylegan2ada_img_00208.png,74e5871d8972c39762801755ccff048cb10d8249263d07259eb010c74e185148,generated,stylegan2ada,calibration,western-blot-00208,4.3075151443481445,0.9867119789123535,generated,0.5,detector-sam-vit-b-lora-r8-all-img512-51265aec,51265aecd96858feeead19cc47f9bd3dc0af3fa7d793582482a9287a153c3e25,cpu
synth/stylegan2ada/stylegan2ada_img_00237.png,a3f0cc0a6f273b46e62f193d6bc3f20278e700fea8f27d4ee594c1a714d4456a,generated,stylegan2ada,calibration,western-blot-00237,1.5765315294265747,0.8287127017974854,generated,0.5,detector-sam-vit-b-lora-r8-all-img512-51265aec,51265aecd96858feeead19cc47f9bd3dc0af3fa7d793582482a9287a153c3e25,cpu
synth/stylegan2ada/stylegan2ada_img_00258.png,d7169eb2ce814c972eccb5adbbf9e85091f1c545ed203faf33ead303de63248e,generated,stylegan2ada,calibration,western-blot-00258,-0.17232802510261536,0.45702430605888367,original,0.5,detector-sam-vit-b-lora-r8-all-img512-51265aec,51265aecd96858feeead19cc47f9bd3dc0af3fa7d793582482a9287a153c3e25,cpu
synth/stylegan2ada/stylegan2ada_img_00277.png,634da9ede24d88c33a1c6749f4c14045ea9eafc782859cff94ce70d5f2d76257,generated,stylegan2ada,calibration,western-blot-00277,14.057684898376465,0.9999991655349731,generated,0.5,detector-sam-vit-b-lora-r8-all-img512-51265aec,51265aecd96858feeead19cc47f9bd3dc0af3fa7d793582482a9287a153c3e25,cpu
synth/stylegan2ada/stylegan2ada_img_00309.png,3e6bd278fb2fc9da5c5995420c0e7de85aaf75af280ecf4a669b0be1c96fbad3,generated,stylegan2ada,calibration,western-blot-00309,2.602327585220337,0.9310112595558167,generated,0.5,detector-sam-vit-b-lora-r8-all-img512-51265aec,51265aecd96858feeead19cc47f9bd3dc0af3fa7d793582482a9287a153c3e25,cpu
synth/stylegan2ada/stylegan2ada_img_00311.png,3094c6a63f354e1ea67c0cb80733c4e4f0d5b6dd5579cf582892baba57a406d0,generated,stylegan2ada,calibration,western-blot-00311,18.48782730102539,1.0,generated,0.5,detector-sam-vit-b-lora-r8-all-img512-51265aec,51265aecd96858feeead19cc47f9bd3dc0af3fa7d793582482a9287a153c3e25,cpu
synth/stylegan2ada/stylegan2ada_img_00331.png,20c410fcfa585b1ce92c3c440aab7dcd7f49c5d106d333fb6972f626d80a88e1,generated,stylegan2ada,calibration,western-blot-00331,0.40909409523010254,0.6008706092834473,generated,0.5,detector-sam-vit-b-lora-r8-all-img512-51265aec,51265aecd96858feeead19cc47f9bd3dc0af3fa7d793582482a9287a153c3e25,cpu
synth/stylegan2ada/stylegan2ada_img_00348.png,102ebcd49f4a60bb8380f45d637202b96c40317f6c68217247733791d9fd1657,generated,stylegan2ada,calibration,western-blot-00348,0.8087167739868164,0.6918359994888306,generated,0.5,detector-sam-vit-b-lora-r8-all-img512-51265aec,51265aecd96858feeead19cc47f9bd3dc0af3fa7d793582482a9287a153c3e25,cpu
synth/stylegan2ada/stylegan2ada_img_00402.png,2ea54afff58835b833121b7228db0beb446cd014e89612e20e490e69f982d47f,generated,stylegan2ada,calibration,western-blot-00402,12.832456588745117,0.9999973773956299,generated,0.5,detector-sam-vit-b-lora-r8-all-img512-51265aec,51265aecd96858feeead19cc47f9bd3dc0af3fa7d793582482a9287a153c3e25,cpu
synth/stylegan2ada/stylegan2ada_img_00403.png,f886c8cf1b09af09093c741509f052d0504f922a89b19f620d626f1a1714b603,generated,stylegan2ada,calibration,western-blot-00403,20.160097122192383,1.0,generated,0.5,detector-sam-vit-b-lora-r8-all-img512-51265aec,51265aecd96858feeead19cc47f9bd3dc0af3fa7d793582482a9287a153c3e25,cpu
synth/stylegan2ada/stylegan2ada_img_00405.png,896a63df1a7c8e0d7f2145ba138aa4e60c0dc55bc0246966b09d5e039054b833,generated,stylegan2ada,calibration,western-blot-00405,4.650457382202148,0.9905332326889038,generated,0.5,detector-sam-vit-b-lora-r8-all-img512-51265aec,51265aecd96858feeead19cc47f9bd3dc0af3fa7d793582482a9287a153c3e25,cpu
synth/stylegan2ada/stylegan2ada_img_00408.png,1f87628d20835d04cf3a066f8ff6aa031bb9bcc9da16749668980aa3911eb096,generated,stylegan2ada,calibration,western-blot-00408,17.312328338623047,1.0,generated,0.5,detector-sam-vit-b-lora-r8-all-img512-51265aec,51265aecd96858feeead19cc47f9bd3dc0af3fa7d793582482a9287a153c3e25,cpu
synth/stylegan2ada/stylegan2ada_img_00410.png,2c34b7f6eb0ae4c3623c2eef714a74f77c8a5c0473ad2ab211ac3717d4adfe9c,generated,stylegan2ada,calibration,western-blot-00410,19.96933937072754,1.0,generated,0.5,detector-sam-vit-b-lora-r8-all-img512-51265aec,51265aecd96858feeead19cc47f9bd3dc0af3fa7d793582482a9287a153c3e25,cpu
synth/stylegan2ada/stylegan2ada_img_00418.png,88e33750773a7c15575a7cc9d060d9ed9f323530756aaa1d76b528aabf32bc48,generated,stylegan2ada,calibration,western-blot-00418,12.370161056518555,0.9999957084655762,generated,0.5,detector-sam-vit-b-lora-r8-all-img512-51265aec,51265aecd96858feeead19cc47f9bd3dc0af3fa7d793582482a9287a153c3e25,cpu
synth/stylegan2ada/stylegan2ada_img_00436.png,be46749600ddb4ebd2aeb76fe580eb3199afce60d49005be48a74e2620fb4fce,generated,stylegan2ada,calibration,western-blot-00436,13.56569766998291,0.9999986886978149,generated,0.5,detector-sam-vit-b-lora-r8-all-img512-51265aec,51265aecd96858feeead19cc47f9bd3dc0af3fa7d793582482a9287a153c3e25,cpu
synth/stylegan2ada/stylegan2ada_img_00440.png,2226b69f61c3b510d3c8fec9c7c00e748c566b8c9100fedda835158d1050be05,generated,stylegan2ada,calibration,western-blot-00440,18.66608238220215,1.0,generated,0.5,detector-sam-vit-b-lora-r8-all-img512-51265aec,51265aecd96858feeead19cc47f9bd3dc0af3fa7d793582482a9287a153c3e25,cpu
synth/stylegan2ada/stylegan2ada_img_00448.png,f85b387e330681000e015d0739ebc3de68a1bd191562b5e88acc4bbba0db5fd1,generated,stylegan2ada,calibration,western-blot-00448,13.530399322509766,0.9999986886978149,generated,0.5,detector-sam-vit-b-lora-r8-all-img512-51265aec,51265aecd96858feeead19cc47f9bd3dc0af3fa7d793582482a9287a153c3e25,cpu
synth/stylegan2ada/stylegan2ada_img_00464.png,e48c27a0e0dd15dbc6f851433c8ae66b229310853f6ad07413d2388b4f4a9b6e,generated,stylegan2ada,calibration,western-blot-00464,0.4132547080516815,0.6018680334091187,generated,0.5,detector-sam-vit-b-lora-r8-all-img512-51265aec,51265aecd96858feeead19cc47f9bd3dc0af3fa7d793582482a9287a153c3e25,cpu
synth/stylegan2ada/stylegan2ada_img_00476.png,803483af61eeb0e2b15ea5abd9e310af0bf455ad9d10b94d7c8cdcbc6263ee56,generated,stylegan2ada,calibration,western-blot-00476,1.7131928205490112,0.8472499251365662,generated,0.5,detector-sam-vit-b-lora-r8-all-img512-51265aec,51265aecd96858feeead19cc47f9bd3dc0af3fa7d793582482a9287a153c3e25,cpu
synth/stylegan2ada/stylegan2ada_img_00509.png,cabfbfd44dc5b122886d1f18fe5139e1c339d5834655b57da8772e0ed58e2ddb,generated,stylegan2ada,calibration,western-blot-00509,12.582517623901367,0.999996542930603,generated,0.5,detector-sam-vit-b-lora-r8-all-img512-51265aec,51265aecd96858feeead19cc47f9bd3dc0af3fa7d793582482a9287a153c3e25,cpu
synth/stylegan2ada/stylegan2ada_img_00514.png,fbbb1c1b08c714f0d6aaa467570b11fb0afdeb2eaa6c672bc3c419a293c67af3,generated,stylegan2ada,calibration,western-blot-00514,23.26613426208496,1.0,generated,0.5,detector-sam-vit-b-lora-r8-all-img512-51265aec,51265aecd96858feeead19cc47f9bd3dc0af3fa7d793582482a9287a153c3e25,cpu
synth/stylegan2ada/stylegan2ada_img_00530.png,674289dccc1af6677fa15cef23311887f45412f9d89fac6ad94920735ce47487,generated,stylegan2ada,calibration,western-blot-00530,18.44220733642578,1.0,generated,0.5,detector-sam-vit-b-lora-r8-all-img512-51265aec,51265aecd96858feeead19cc47f9bd3dc0af3fa7d793582482a9287a153c3e25,cpu
synth/stylegan2ada/stylegan2ada_img_00531.png,46c84dc1c78541ae9f3b490625d1dd61e480e7b887dad765e030d89b2665225e,generated,stylegan2ada,calibration,western-blot-00531,12.231038093566895,0.9999951124191284,generated,0.5,detector-sam-vit-b-lora-r8-all-img512-51265aec,51265aecd96858feeead19cc47f9bd3dc0af3fa7d793582482a9287a153c3e25,cpu
synth/stylegan2ada/stylegan2ada_img_00547.png,1943caf269e1de87f26af228c6537c9a893793c2f89bed821a29783395686988,generated,stylegan2ada,calibration,western-blot-00547,20.55643653869629,1.0,generated,0.5,detector-sam-vit-b-lora-r8-all-img512-51265aec,51265aecd96858feeead19cc47f9bd3dc0af3fa7d793582482a9287a153c3e25,cpu
synth/stylegan2ada/stylegan2ada_img_00560.png,0509dfd1733662440f0c414936ebb1c7dbb55d4c8c728b5ed71bc2bfebcb0a7c,generated,stylegan2ada,calibration,western-blot-00560,-0.08003875613212585,0.48000094294548035,original,0.5,detector-sam-vit-b-lora-r8-all-img512-51265aec,51265aecd96858feeead19cc47f9bd3dc0af3fa7d793582482a9287a153c3e25,cpu
synth/stylegan2ada/stylegan2ada_img_00561.png,2d0c90ba2e1df4f8f0e1b5c5f54c08ba4a38784c8a61e9d1ce322090d7face34,generated,stylegan2ada,calibration,western-blot-00561,21.84312629699707,1.0,generated,0.5,detector-sam-vit-b-lora-r8-all-img512-51265aec,51265aecd96858feeead19cc47f9bd3dc0af3fa7d793582482a9287a153c3e25,cpu
synth/stylegan2ada/stylegan2ada_img_00564.png,005e88da6a94b2e72662c4288f5a26bce0fe8d1bf41cf905fb8b523bae61f9bb,generated,stylegan2ada,calibration,western-blot-00564,6.720904350280762,0.9987959861755371,generated,0.5,detector-sam-vit-b-lora-r8-all-img512-51265aec,51265aecd96858feeead19cc47f9bd3dc0af3fa7d793582482a9287a153c3e25,cpu
synth/stylegan2ada/stylegan2ada_img_00567.png,2373940d3270aaddaf8385687221c95d0672c4c7e3e04f5ff9f1701f5b150c1f,generated,stylegan2ada,calibration,western-blot-00567,20.44117546081543,1.0,generated,0.5,detector-sam-vit-b-lora-r8-all-img512-51265aec,51265aecd96858feeead19cc47f9bd3dc0af3fa7d793582482a9287a153c3e25,cpu
synth/stylegan2ada/stylegan2ada_img_00595.png,5bacd57b03784066d8762d9264c76a25ab5ef1b960bf6e54f37685e5324617c7,generated,stylegan2ada,calibration,western-blot-00595,5.768022537231445,0.9968838095664978,generated,0.5,detector-sam-vit-b-lora-r8-all-img512-51265aec,51265aecd96858feeead19cc47f9bd3dc0af3fa7d793582482a9287a153c3e25,cpu
synth/stylegan2ada/stylegan2ada_img_00605.png,321c8389b8ed6b4aab7f7b9350e2584b15a5e5b25f21909d7a88107055269c60,generated,stylegan2ada,calibration,western-blot-00605,6.128251552581787,0.9978244304656982,generated,0.5,detector-sam-vit-b-lora-r8-all-img512-51265aec,51265aecd96858feeead19cc47f9bd3dc0af3fa7d793582482a9287a153c3e25,cpu
synth/stylegan2ada/stylegan2ada_img_00626.png,709e36fab8d36a41a7deaeb2c95b103d48f2403079e0be5d3d25d22ab7759fc5,generated,stylegan2ada,calibration,western-blot-00626,16.643503189086914,1.0,generated,0.5,detector-sam-vit-b-lora-r8-all-img512-51265aec,51265aecd96858feeead19cc47f9bd3dc0af3fa7d793582482a9287a153c3e25,cpu
synth/stylegan2ada/stylegan2ada_img_00627.png,4b1a4e79b1fda7170fab7a294f86ecd26275f3df58b432acb98089fbe861c493,generated,stylegan2ada,calibration,western-blot-00627,7.355066776275635,0.9993610978126526,generated,0.5,detector-sam-vit-b-lora-r8-all-img512-51265aec,51265aecd96858feeead19cc47f9bd3dc0af3fa7d793582482a9287a153c3e25,cpu
synth/stylegan2ada/stylegan2ada_img_00642.png,2947e3b93267aae3c31170039efc6a47d26d0248ee45913393280da673d9a718,generated,stylegan2ada,calibration,western-blot-00642,14.471179008483887,0.9999995231628418,generated,0.5,detector-sam-vit-b-lora-r8-all-img512-51265aec,51265aecd96858feeead19cc47f9bd3dc0af3fa7d793582482a9287a153c3e25,cpu
synth/stylegan2ada/stylegan2ada_img_00649.png,3b019d4a0498396e38975d43000aec99f7b11dab33f92b08dd012db4a49e6759,generated,stylegan2ada,calibration,western-blot-00649,11.490337371826172,0.9999897480010986,generated,0.5,detector-sam-vit-b-lora-r8-all-img512-51265aec,51265aecd96858feeead19cc47f9bd3dc0af3fa7d793582482a9287a153c3e25,cpu
synth/stylegan2ada/stylegan2ada_img_00650.png,750fb2f926946bcd8719afdd33ab4fc5f9afdd761a3f69a932302e558516e2b3,generated,stylegan2ada,calibration,western-blot-00650,16.938331604003906,1.0,generated,0.5,detector-sam-vit-b-lora-r8-all-img512-51265aec,51265aecd96858feeead19cc47f9bd3dc0af3fa7d793582482a9287a153c3e25,cpu
synth/stylegan2ada/stylegan2ada_img_00657.png,9dcca81091e7019d9651aa2f10c3cda614093aa0c4af6810cb0c8a6d7534c29c,generated,stylegan2ada,calibration,western-blot-00657,2.0756425857543945,0.8885131478309631,generated,0.5,detector-sam-vit-b-lora-r8-all-img512-51265aec,51265aecd96858feeead19cc47f9bd3dc0af3fa7d793582482a9287a153c3e25,cpu
synth/stylegan2ada/stylegan2ada_img_00658.png,3483e1383702290c5a877d0c27889b3a68ccbbfdcb1b91537f8c467109e474c6,generated,stylegan2ada,calibration,western-blot-00658,9.460122108459473,0.9999221563339233,generated,0.5,detector-sam-vit-b-lora-r8-all-img512-51265aec,51265aecd96858feeead19cc47f9bd3dc0af3fa7d793582482a9287a153c3e25,cpu
synth/stylegan2ada/stylegan2ada_img_00660.png,10610e697e2410c227ae26a13594cbad949b80759dc538f0d8145841e849486f,generated,stylegan2ada,calibration,western-blot-00660,11.296095848083496,0.9999876022338867,generated,0.5,detector-sam-vit-b-lora-r8-all-img512-51265aec,51265aecd96858feeead19cc47f9bd3dc0af3fa7d793582482a9287a153c3e25,cpu
synth/stylegan2ada/stylegan2ada_img_00668.png,79e6afc9bfd22dd374b47230d2b761baf2763d9c0f6a0ccf8eed4113bbbb70f1,generated,stylegan2ada,calibration,western-blot-00668,0.7836492657661438,0.6864660978317261,generated,0.5,detector-sam-vit-b-lora-r8-all-img512-51265aec,51265aecd96858feeead19cc47f9bd3dc0af3fa7d793582482a9287a153c3e25,cpu
synth/stylegan2ada/stylegan2ada_img_00684.png,5c4c5e391b29d612156aa072d3f058059ddf874a53a78ee1930ed8a7512b35ed,generated,stylegan2ada,calibration,western-blot-00684,17.385452270507812,1.0,generated,0.5,detector-sam-vit-b-lora-r8-all-img512-51265aec,51265aecd96858feeead19cc47f9bd3dc0af3fa7d793582482a9287a153c3e25,cpu
synth/stylegan2ada/stylegan2ada_img_00699.png,cc2e0d1bd1920355ebb32cb267f533c6dfeb8bd2bbed8b5aef9f21eac2955370,generated,stylegan2ada,calibration,western-blot-00699,11.562244415283203,0.9999904632568359,generated,0.5,detector-sam-vit-b-lora-r8-all-img512-51265aec,51265aecd96858feeead19cc47f9bd3dc0af3fa7d793582482a9287a153c3e25,cpu
synth/stylegan2ada/stylegan2ada_img_00705.png,1029022d876ecf4a2730bdf90fea88a95def16319d4a352b6c793f842d51f282,generated,stylegan2ada,calibration,western-blot-00705,18.0865421295166,1.0,generated,0.5,detector-sam-vit-b-lora-r8-all-img512-51265aec,51265aecd96858feeead19cc47f9bd3dc0af3fa7d793582482a9287a153c3e25,cpu
synth/stylegan2ada/stylegan2ada_img_00716.png,f6388c5fd476f273b2254be99340f108672be339f6f3e1008785018baf33536d,generated,stylegan2ada,calibration,western-blot-00716,11.552508354187012,0.9999903440475464,generated,0.5,detector-sam-vit-b-lora-r8-all-img512-51265aec,51265aecd96858feeead19cc47f9bd3dc0af3fa7d793582482a9287a153c3e25,cpu
synth/stylegan2ada/stylegan2ada_img_00719.png,9e624a02ae79e384c655499888d0afeeb9257382090c79d5217f1a3c99af7998,generated,stylegan2ada,calibration,western-blot-00719,7.90231990814209,0.9996302127838135,generated,0.5,detector-sam-vit-b-lora-r8-all-img512-51265aec,51265aecd96858feeead19cc47f9bd3dc0af3fa7d793582482a9287a153c3e25,cpu
synth/stylegan2ada/stylegan2ada_img_00721.png,4326f1e23b65d1685f167528fcf0334eb4499bd7a098241b709fcf8387593c08,generated,stylegan2ada,calibration,western-blot-00721,4.019086837768555,0.982347846031189,generated,0.5,detector-sam-vit-b-lora-r8-all-img512-51265aec,51265aecd96858feeead19cc47f9bd3dc0af3fa7d793582482a9287a153c3e25,cpu
synth/stylegan2ada/stylegan2ada_img_00752.png,6e923713eea53fae125e007068e845429d4f0489b80ab5b1cba8eaa606d88c28,generated,stylegan2ada,calibration,western-blot-00752,19.183198928833008,1.0,generated,0.5,detector-sam-vit-b-lora-r8-all-img512-51265aec,51265aecd96858feeead19cc47f9bd3dc0af3fa7d793582482a9287a153c3e25,cpu
synth/stylegan2ada/stylegan2ada_img_00758.png,fc2732b1f6313ebe7c5696211aeb29f120374b25d9aa13661526dd59589ee0ef,generated,stylegan2ada,calibration,western-blot-00758,14.293344497680664,0.9999994039535522,generated,0.5,detector-sam-vit-b-lora-r8-all-img512-51265aec,51265aecd96858feeead19cc47f9bd3dc0af3fa7d793582482a9287a153c3e25,cpu
synth/stylegan2ada/stylegan2ada_img_00761.png,2efe3c823466d82a4272984cb74064b9a6b217ab019991025aa5fd94d83c208b,generated,stylegan2ada,calibration,western-blot-00761,8.146114349365234,0.9997101426124573,generated,0.5,detector-sam-vit-b-lora-r8-all-img512-51265aec,51265aecd96858feeead19cc47f9bd3dc0af3fa7d793582482a9287a153c3e25,cpu
synth/stylegan2ada/stylegan2ada_img_00783.png,d3f0612905f8ddf974ade7992766e97b9c758c0d825644ab797d0c3611153f49,generated,stylegan2ada,calibration,western-blot-00783,14.26211166381836,0.9999994039535522,generated,0.5,detector-sam-vit-b-lora-r8-all-img512-51265aec,51265aecd96858feeead19cc47f9bd3dc0af3fa7d793582482a9287a153c3e25,cpu
synth/stylegan2ada/stylegan2ada_img_00797.png,009ab0bec950dcb368b40e2c69bc7d47f0983de9641c49d5b1d5cc2471c17644,generated,stylegan2ada,calibration,western-blot-00797,5.113042831420898,0.9940183162689209,generated,0.5,detector-sam-vit-b-lora-r8-all-img512-51265aec,51265aecd96858feeead19cc47f9bd3dc0af3fa7d793582482a9287a153c3e25,cpu
synth/stylegan2ada/stylegan2ada_img_00915.png,da47f8e79269e0b6c17d96c23f7cd2ae23952d1663dc80990c801e551eb78075,generated,stylegan2ada,calibration,western-blot-00915,8.985395431518555,0.9998748302459717,generated,0.5,detector-sam-vit-b-lora-r8-all-img512-51265aec,51265aecd96858feeead19cc47f9bd3dc0af3fa7d793582482a9287a153c3e25,cpu
synth/stylegan2ada/stylegan2ada_img_00916.png,cdd3014d158b0de397c3b222d7d331d1532d5cd22965f475ed1bc7119482a372,generated,stylegan2ada,calibration,western-blot-00916,8.783843040466309,0.9998468160629272,generated,0.5,detector-sam-vit-b-lora-r8-all-img512-51265aec,51265aecd96858feeead19cc47f9bd3dc0af3fa7d793582482a9287a153c3e25,cpu
synth/stylegan2ada/stylegan2ada_img_00920.png,b3a62d25d9a12f511950d61f110775d0b50014f822eb89f2018e90ee97beb13b,generated,stylegan2ada,calibration,western-blot-00920,20.917194366455078,1.0,generated,0.5,detector-sam-vit-b-lora-r8-all-img512-51265aec,51265aecd96858feeead19cc47f9bd3dc0af3fa7d793582482a9287a153c3e25,cpu
synth/stylegan2ada/stylegan2ada_img_00929.png,d2c84ab8c74ffa2383a0173a31a2e830e9b5cdcf4a3ff09c4ab8541215310739,generated,stylegan2ada,calibration,western-blot-00929,14.88653564453125,0.9999996423721313,generated,0.5,detector-sam-vit-b-lora-r8-all-img512-51265aec,51265aecd96858feeead19cc47f9bd3dc0af3fa7d793582482a9287a153c3e25,cpu
synth/stylegan2ada/stylegan2ada_img_00933.png,d3e35c4a449ca1ecf23dfe19ead01e982f991133159c3ed351751bc466d1a3b2,generated,stylegan2ada,calibration,western-blot-00933,9.350358963012695,0.9999130964279175,generated,0.5,detector-sam-vit-b-lora-r8-all-img512-51265aec,51265aecd96858feeead19cc47f9bd3dc0af3fa7d793582482a9287a153c3e25,cpu
synth/stylegan2ada/stylegan2ada_img_00937.png,1cc0b0755f5bd7f1cf7752aad74216ea7125de247736bf036b708ee26ae96e58,generated,stylegan2ada,calibration,western-blot-00937,13.620162963867188,0.9999988079071045,generated,0.5,detector-sam-vit-b-lora-r8-all-img512-51265aec,51265aecd96858feeead19cc47f9bd3dc0af3fa7d793582482a9287a153c3e25,cpu
synth/stylegan2ada/stylegan2ada_img_00938.png,9692f4743c2c1c44ef4063f82bd4a6682cd15159866bf70e7ba339c866f7d021,generated,stylegan2ada,calibration,western-blot-00938,10.026321411132812,0.9999557733535767,generated,0.5,detector-sam-vit-b-lora-r8-all-img512-51265aec,51265aecd96858feeead19cc47f9bd3dc0af3fa7d793582482a9287a153c3e25,cpu
synth/stylegan2ada/stylegan2ada_img_00941.png,6eda72ac0aa27499c4a471f4ce5096ec2efd99bb9806e9e430a5c0e5d97b96b5,generated,stylegan2ada,calibration,western-blot-00941,6.728700160980225,0.9988052845001221,generated,0.5,detector-sam-vit-b-lora-r8-all-img512-51265aec,51265aecd96858feeead19cc47f9bd3dc0af3fa7d793582482a9287a153c3e25,cpu
synth/stylegan2ada/stylegan2ada_img_00943.png,624d4bbee053572443157642df00f30728df8833f1bab24e1511db5dc4602a41,generated,stylegan2ada,calibration,western-blot-00943,13.437817573547363,0.9999985694885254,generated,0.5,detector-sam-vit-b-lora-r8-all-img512-51265aec,51265aecd96858feeead19cc47f9bd3dc0af3fa7d793582482a9287a153c3e25,cpu
synth/stylegan2ada/stylegan2ada_img_00951.png,a34951ba1bec1cc4ad958f3cd803131766d10a89de1f42f836aba92d610ce7c2,generated,stylegan2ada,calibration,western-blot-00951,12.736812591552734,0.9999970197677612,generated,0.5,detector-sam-vit-b-lora-r8-all-img512-51265aec,51265aecd96858feeead19cc47f9bd3dc0af3fa7d793582482a9287a153c3e25,cpu
synth/stylegan2ada/stylegan2ada_img_00958.png,778c7eba820ff5b81511bcc9d8a1dfcc65b9a0a0dc3d2dfea18755c0ce70f1c6,generated,stylegan2ada,calibration,western-blot-00958,21.518699645996094,1.0,generated,0.5,detector-sam-vit-b-lora-r8-all-img512-51265aec,51265aecd96858feeead19cc47f9bd3dc0af3fa7d793582482a9287a153c3e25,cpu
synth/stylegan2ada/stylegan2ada_img_00961.png,423ea8ed7b86a49bf3d628bcf1eb4b7970ee19345c47de7ffcf0cb3936700a9e,generated,stylegan2ada,calibration,western-blot-00961,3.9982645511627197,0.9819830656051636,generated,0.5,detector-sam-vit-b-lora-r8-all-img512-51265aec,51265aecd96858feeead19cc47f9bd3dc0af3fa7d793582482a9287a153c3e25,cpu
synth/stylegan2ada/stylegan2ada_img_00965.png,51b76755fd999f0e960ee17bfc42eb382dad0d2aaabdf107a108adfc62126eb7,generated,stylegan2ada,calibration,western-blot-00965,-2.047170639038086,0.11433857679367065,original,0.5,detector-sam-vit-b-lora-r8-all-img512-51265aec,51265aecd96858feeead19cc47f9bd3dc0af3fa7d793582482a9287a153c3e25,cpu
synth/stylegan2ada/stylegan2ada_img_00966.png,a23f75828ca831c541f1afd7bc0b6a0bf2a5a429da7d279a7132a3b0a571a042,generated,stylegan2ada,calibration,western-blot-00966,1.9291646480560303,0.8731569051742554,generated,0.5,detector-sam-vit-b-lora-r8-all-img512-51265aec,51265aecd96858feeead19cc47f9bd3dc0af3fa7d793582482a9287a153c3e25,cpu
synth/stylegan2ada/stylegan2ada_img_00979.png,4662cfb9b48ffd2f16df18f75feb6d190560c69de371aca1705385b877e2d169,generated,stylegan2ada,calibration,western-blot-00979,21.747737884521484,1.0,generated,0.5,detector-sam-vit-b-lora-r8-all-img512-51265aec,51265aecd96858feeead19cc47f9bd3dc0af3fa7d793582482a9287a153c3e25,cpu
synth/stylegan2ada/stylegan2ada_img_01030.png,2288fb93a196ba074bca68a4dcf1b72f2c1f34ba766a9ddf18c257871f9a00d2,generated,stylegan2ada,calibration,western-blot-01030,21.308963775634766,1.0,generated,0.5,detector-sam-vit-b-lora-r8-all-img512-51265aec,51265aecd96858feeead19cc47f9bd3dc0af3fa7d793582482a9287a153c3e25,cpu
synth/stylegan2ada/stylegan2ada_img_01040.png,f4670b00c7c62c6cd5976bfd64432604f9d706b592bc607d270ca46d125a8798,generated,stylegan2ada,calibration,western-blot-01040,26.337583541870117,1.0,generated,0.5,detector-sam-vit-b-lora-r8-all-img512-51265aec,51265aecd96858feeead19cc47f9bd3dc0af3fa7d793582482a9287a153c3e25,cpu
synth/stylegan2ada/stylegan2ada_img_01055.png,07fd53069d27a8750aea03face0c942708996b2e13496f5f15d81682543774ce,generated,stylegan2ada,calibration,western-blot-01055,22.6480770111084,1.0,generated,0.5,detector-sam-vit-b-lora-r8-all-img512-51265aec,51265aecd96858feeead19cc47f9bd3dc0af3fa7d793582482a9287a153c3e25,cpu
synth/stylegan2ada/stylegan2ada_img_01061.png,ae5ac8944be3e54a8196878871dae9c99a3a87ce63213470a11df21b712bec47,generated,stylegan2ada,calibration,western-blot-01061,24.042564392089844,1.0,generated,0.5,detector-sam-vit-b-lora-r8-all-img512-51265aec,51265aecd96858feeead19cc47f9bd3dc0af3fa7d793582482a9287a153c3e25,cpu
synth/stylegan2ada/stylegan2ada_img_01069.png,d9920845c7a81292dba80bf85aca16454be2cf71358fd887174b5ea2dcf2f2d0,generated,stylegan2ada,calibration,western-blot-01069,16.229982376098633,0.9999998807907104,generated,0.5,detector-sam-vit-b-lora-r8-all-img512-51265aec,51265aecd96858feeead19cc47f9bd3dc0af3fa7d793582482a9287a153c3e25,cpu
synth/stylegan2ada/stylegan2ada_img_01080.png,c21fc0c2bd42eadae5e64162f2e540c65df73462909ac7d7d4d99621b2c34a84,generated,stylegan2ada,calibration,western-blot-01080,23.093446731567383,1.0,generated,0.5,detector-sam-vit-b-lora-r8-all-img512-51265aec,51265aecd96858feeead19cc47f9bd3dc0af3fa7d793582482a9287a153c3e25,cpu
synth/stylegan2ada/stylegan2ada_img_01081.png,aa4b54d532da0b18b660a2f1ac42fbf040e4e5f3c3195492baf1331d2d202826,generated,stylegan2ada,calibration,western-blot-01081,24.697784423828125,1.0,generated,0.5,detector-sam-vit-b-lora-r8-all-img512-51265aec,51265aecd96858feeead19cc47f9bd3dc0af3fa7d793582482a9287a153c3e25,cpu
synth/stylegan2ada/stylegan2ada_img_01083.png,7fb1a73de44fffbc6f9ecfb37194adab661acf4ff5b64e0885719f00b0c800aa,generated,stylegan2ada,calibration,western-blot-01083,26.36104393005371,1.0,generated,0.5,detector-sam-vit-b-lora-r8-all-img512-51265aec,51265aecd96858feeead19cc47f9bd3dc0af3fa7d793582482a9287a153c3e25,cpu
synth/stylegan2ada/stylegan2ada_img_01091.png,f7735dd5b02ae085f8429302ca7cc75853f93317f677fee7e073a8e76c0ca60b,generated,stylegan2ada,calibration,western-blot-01091,17.29097557067871,1.0,generated,0.5,detector-sam-vit-b-lora-r8-all-img512-51265aec,51265aecd96858feeead19cc47f9bd3dc0af3fa7d793582482a9287a153c3e25,cpu
synth/stylegan2ada/stylegan2ada_img_01096.png,6540470950c675db72854b75681260f671420765812d98753fd79974719cd5d1,generated,stylegan2ada,calibration,western-blot-01096,17.9732666015625,1.0,generated,0.5,detector-sam-vit-b-lora-r8-all-img512-51265aec,51265aecd96858feeead19cc47f9bd3dc0af3fa7d793582482a9287a153c3e25,cpu
synth/stylegan2ada/stylegan2ada_img_01105.png,5517e2c036bf4c1159c3ea294578d2f714c80c56c2cf4aaa22713dbcaa7d456f,generated,stylegan2ada,calibration,western-blot-01105,21.249736785888672,1.0,generated,0.5,detector-sam-vit-b-lora-r8-all-img512-51265aec,51265aecd96858feeead19cc47f9bd3dc0af3fa7d793582482a9287a153c3e25,cpu
synth/stylegan2ada/stylegan2ada_img_01109.png,105fca649341377d8198704f2d1b1f8d0e08d6e49ca23134f0e8df2ed9824773,generated,stylegan2ada,calibration,western-blot-01109,18.1873836517334,1.0,generated,0.5,detector-sam-vit-b-lora-r8-all-img512-51265aec,51265aecd96858feeead19cc47f9bd3dc0af3fa7d793582482a9287a153c3e25,cpu
synth/stylegan2ada/stylegan2ada_img_01114.png,5935de13aa1c8dbaea927260dc56168c6fd0d5997993e9b74b9500f932c01e51,generated,stylegan2ada,calibration,western-blot-01114,21.608572006225586,1.0,generated,0.5,detector-sam-vit-b-lora-r8-all-img512-51265aec,51265aecd96858feeead19cc47f9bd3dc0af3fa7d793582482a9287a153c3e25,cpu
synth/stylegan2ada/stylegan2ada_img_01129.png,81093c42ab29723210f9f31f924ada00f2ff1c08fc22700d1026130a36c5ceeb,generated,stylegan2ada,calibration,western-blot-01129,19.542722702026367,1.0,generated,0.5,detector-sam-vit-b-lora-r8-all-img512-51265aec,51265aecd96858feeead19cc47f9bd3dc0af3fa7d793582482a9287a153c3e25,cpu
synth/stylegan2ada/stylegan2ada_img_01136.png,5990c7c2fdb22eae86af8904cf66930902eb872c5aec977f2a9c3263ec9909cc,generated,stylegan2ada,calibration,western-blot-01136,17.55019760131836,1.0,generated,0.5,detector-sam-vit-b-lora-r8-all-img512-51265aec,51265aecd96858feeead19cc47f9bd3dc0af3fa7d793582482a9287a153c3e25,cpu
synth/stylegan2ada/stylegan2ada_img_01155.png,cf4bc124dc84cc66fda5aa24359f1322088ed5de4027e55b8afeb5f9a1654d45,generated,stylegan2ada,calibration,western-blot-01155,20.989221572875977,1.0,generated,0.5,detector-sam-vit-b-lora-r8-all-img512-51265aec,51265aecd96858feeead19cc47f9bd3dc0af3fa7d793582482a9287a153c3e25,cpu
synth/stylegan2ada/stylegan2ada_img_01164.png,4597269021daefb173026a407755a984ee47cc13740748727b0e4701de99d47b,generated,stylegan2ada,calibration,western-blot-01164,18.106037139892578,1.0,generated,0.5,detector-sam-vit-b-lora-r8-all-img512-51265aec,51265aecd96858feeead19cc47f9bd3dc0af3fa7d793582482a9287a153c3e25,cpu
synth/stylegan2ada/stylegan2ada_img_01173.png,56b6b72c0555844664033e3369c2f72d38113090139088b10935a893092e601e,generated,stylegan2ada,calibration,western-blot-01173,19.58354377746582,1.0,generated,0.5,detector-sam-vit-b-lora-r8-all-img512-51265aec,51265aecd96858feeead19cc47f9bd3dc0af3fa7d793582482a9287a153c3e25,cpu
synth/stylegan2ada/stylegan2ada_img_01180.png,8ada045a21302b96cdda933a0356edeb0e8e4515cf5ddd4ef8e11c9152d48cdc,generated,stylegan2ada,calibration,western-blot-01180,15.054682731628418,0.9999997615814209,generated,0.5,detector-sam-vit-b-lora-r8-all-img512-51265aec,51265aecd96858feeead19cc47f9bd3dc0af3fa7d793582482a9287a153c3e25,cpu
synth/stylegan2ada/stylegan2ada_img_01182.png,044b8999fd314c400c05e6aee0a244e2908bff194e1420fbbf650997a8c27ad3,generated,stylegan2ada,calibration,western-blot-01182,21.63535499572754,1.0,generated,0.5,detector-sam-vit-b-lora-r8-all-img512-51265aec,51265aecd96858feeead19cc47f9bd3dc0af3fa7d793582482a9287a153c3e25,cpu
synth/stylegan2ada/stylegan2ada_img_01202.png,a18528cdffa5eed9757b55fc63b9a01c3dd76c64973d9e438b4b7ea96cb6346e,generated,stylegan2ada,calibration,western-blot-01202,23.91558074951172,1.0,generated,0.5,detector-sam-vit-b-lora-r8-all-img512-51265aec,51265aecd96858feeead19cc47f9bd3dc0af3fa7d793582482a9287a153c3e25,cpu
synth/stylegan2ada/stylegan2ada_img_01203.png,4070c05e0a1508b5255ec8b5dec2d98bcb39978f0ff0e153236a88bd4326d421,generated,stylegan2ada,calibration,western-blot-01203,24.338415145874023,1.0,generated,0.5,detector-sam-vit-b-lora-r8-all-img512-51265aec,51265aecd96858feeead19cc47f9bd3dc0af3fa7d793582482a9287a153c3e25,cpu
synth/stylegan2ada/stylegan2ada_img_01235.png,83b2c64d011ae0721452d1e80d2fcd6235ae155dff21a641986200116a27b0c9,generated,stylegan2ada,calibration,western-blot-01235,28.801109313964844,1.0,generated,0.5,detector-sam-vit-b-lora-r8-all-img512-51265aec,51265aecd96858feeead19cc47f9bd3dc0af3fa7d793582482a9287a153c3e25,cpu
synth/stylegan2ada/stylegan2ada_img_01257.png,1c847946de463fdf063e610e71584e52d0121daaf638b9a99cd392707586bb41,generated,stylegan2ada,calibration,western-blot-01257,15.695014953613281,0.9999998807907104,generated,0.5,detector-sam-vit-b-lora-r8-all-img512-51265aec,51265aecd96858feeead19cc47f9bd3dc0af3fa7d793582482a9287a153c3e25,cpu
synth/stylegan2ada/stylegan2ada_img_01261.png,35d20b22abad54ceb08a6e1d399cf5387d7c025f5af572532a69574e7913f686,generated,stylegan2ada,calibration,western-blot-01261,16.8599796295166,1.0,generated,0.5,detector-sam-vit-b-lora-r8-all-img512-51265aec,51265aecd96858feeead19cc47f9bd3dc0af3fa7d793582482a9287a153c3e25,cpu
synth/stylegan2ada/stylegan2ada_img_01298.png,38630561a5045a0b26897526eb56d4fbd4db73f70c5a535903fed4e49948ae72,generated,stylegan2ada,calibration,western-blot-01298,14.34439754486084,0.9999994039535522,generated,0.5,detector-sam-vit-b-lora-r8-all-img512-51265aec,51265aecd96858feeead19cc47f9bd3dc0af3fa7d793582482a9287a153c3e25,cpu
synth/stylegan2ada/stylegan2ada_img_01308.png,89f7292ed86bf8e1422b6c21775e5e1213b6699622c5347672c69a24a1beee9c,generated,stylegan2ada,calibration,western-blot-01308,14.681947708129883,0.9999995231628418,generated,0.5,detector-sam-vit-b-lora-r8-all-img512-51265aec,51265aecd96858feeead19cc47f9bd3dc0af3fa7d793582482a9287a153c3e25,cpu
synth/stylegan2ada/stylegan2ada_img_01310.png,7a05a804b2001a65749688a9068f020c8876a450f11dee68c1337fe1262631d9,generated,stylegan2ada,calibration,western-blot-01310,23.4248104095459,1.0,generated,0.5,detector-sam-vit-b-lora-r8-all-img512-51265aec,51265aecd96858feeead19cc47f9bd3dc0af3fa7d793582482a9287a153c3e25,cpu
synth/stylegan2ada/stylegan2ada_img_01317.png,c0e7f88e7d0fec6e0746d19798f8ab4134851670cd73ba5c058d8ff4924738ce,generated,stylegan2ada,calibration,western-blot-01317,18.0550537109375,1.0,generated,0.5,detector-sam-vit-b-lora-r8-all-img512-51265aec,51265aecd96858feeead19cc47f9bd3dc0af3fa7d793582482a9287a153c3e25,cpu
synth/stylegan2ada/stylegan2ada_img_01320.png,b4ce651afdd3e41c084bd676045551d671a18a5928051941e2c5e29aecb5fa36,generated,stylegan2ada,calibration,western-blot-01320,19.40166664123535,1.0,generated,0.5,detector-sam-vit-b-lora-r8-all-img512-51265aec,51265aecd96858feeead19cc47f9bd3dc0af3fa7d793582482a9287a153c3e25,cpu
synth/stylegan2ada/stylegan2ada_img_01327.png,b5ec1ca55c383ae90319da0ad0a47094c524f1d8acb5f573679eaf1fa9f0e102,generated,stylegan2ada,calibration,western-blot-01327,20.57917594909668,1.0,generated,0.5,detector-sam-vit-b-lora-r8-all-img512-51265aec,51265aecd96858feeead19cc47f9bd3dc0af3fa7d793582482a9287a153c3e25,cpu
synth/stylegan2ada/stylegan2ada_img_01332.png,8d1b80fb3786fbd9c64ca64b70847ec29429a40287fffe0e5040f9fab0d43d1c,generated,stylegan2ada,calibration,western-blot-01332,25.470191955566406,1.0,generated,0.5,detector-sam-vit-b-lora-r8-all-img512-51265aec,51265aecd96858feeead19cc47f9bd3dc0af3fa7d793582482a9287a153c3e25,cpu
synth/stylegan2ada/stylegan2ada_img_01333.png,65f61c94114dafa4e69c27701d886d37c0d74e1ed7b6b05ef61501be44cf3f07,generated,stylegan2ada,calibration,western-blot-01333,24.56856918334961,1.0,generated,0.5,detector-sam-vit-b-lora-r8-all-img512-51265aec,51265aecd96858feeead19cc47f9bd3dc0af3fa7d793582482a9287a153c3e25,cpu
synth/stylegan2ada/stylegan2ada_img_01338.png,73757c030261b4733ccd8718c582c78cf9b14b4b33e4456cc4cd827cc8159e55,generated,stylegan2ada,calibration,western-blot-01338,16.911470413208008,1.0,generated,0.5,detector-sam-vit-b-lora-r8-all-img512-51265aec,51265aecd96858feeead19cc47f9bd3dc0af3fa7d793582482a9287a153c3e25,cpu
synth/stylegan2ada/stylegan2ada_img_01373.png,dfc70e7c51d74e7e97e8258813ff39c0771896c4b41c71b4c64f20e2132874cd,generated,stylegan2ada,calibration,western-blot-01373,23.82619857788086,1.0,generated,0.5,detector-sam-vit-b-lora-r8-all-img512-51265aec,51265aecd96858feeead19cc47f9bd3dc0af3fa7d793582482a9287a153c3e25,cpu
synth/stylegan2ada/stylegan2ada_img_01383.png,6e9f94031f625c8d9e4ee94d032079eef547dabbdcb7b3d6aaba4fd08530cb2c,generated,stylegan2ada,calibration,western-blot-01383,21.686281204223633,1.0,generated,0.5,detector-sam-vit-b-lora-r8-all-img512-51265aec,51265aecd96858feeead19cc47f9bd3dc0af3fa7d793582482a9287a153c3e25,cpu
synth/stylegan2ada/stylegan2ada_img_01389.png,1498341f09258b94b43d378a7f29a524c55bd2222a6b5208fc46eda2d6d76e39,generated,stylegan2ada,calibration,western-blot-01389,16.218969345092773,0.9999998807907104,generated,0.5,detector-sam-vit-b-lora-r8-all-img512-51265aec,51265aecd96858feeead19cc47f9bd3dc0af3fa7d793582482a9287a153c3e25,cpu
synth/stylegan2ada/stylegan2ada_img_01390.png,885ea7de16708a02bfc3dfeeb1533415143df6b13837e1ec350fe9c1ee0fbc1b,generated,stylegan2ada,calibration,western-blot-01390,24.069250106811523,1.0,generated,0.5,detector-sam-vit-b-lora-r8-all-img512-51265aec,51265aecd96858feeead19cc47f9bd3dc0af3fa7d793582482a9287a153c3e25,cpu
synth/stylegan2ada/stylegan2ada_img_01392.png,e2d527fef95e1f2209713c28f57f6db2aa8987942336a067a3f694765a8e9ab7,generated,stylegan2ada,calibration,western-blot-01392,20.39887809753418,1.0,generated,0.5,detector-sam-vit-b-lora-r8-all-img512-51265aec,51265aecd96858feeead19cc47f9bd3dc0af3fa7d793582482a9287a153c3e25,cpu
synth/stylegan2ada/stylegan2ada_img_01397.png,86f0f11537b7a1f2d304947702597029159acd156566fc27ec731563e9c8d5f7,generated,stylegan2ada,calibration,western-blot-01397,23.025951385498047,1.0,generated,0.5,detector-sam-vit-b-lora-r8-all-img512-51265aec,51265aecd96858feeead19cc47f9bd3dc0af3fa7d793582482a9287a153c3e25,cpu
synth/stylegan2ada/stylegan2ada_img_01399.png,c8b6d4346c21e948fe36e4703e2e0d137ebf688cf459b70179fa97055ff2f4ca,generated,stylegan2ada,calibration,western-blot-01399,27.140125274658203,1.0,generated,0.5,detector-sam-vit-b-lora-r8-all-img512-51265aec,51265aecd96858feeead19cc47f9bd3dc0af3fa7d793582482a9287a153c3e25,cpu
synth/stylegan2ada/stylegan2ada_img_01400.png,77e8f49eda3a492071719ece478071118ff1da545e60c07600ec146f3d00b330,generated,stylegan2ada,calibration,western-blot-01400,22.059755325317383,1.0,generated,0.5,detector-sam-vit-b-lora-r8-all-img512-51265aec,51265aecd96858feeead19cc47f9bd3dc0af3fa7d793582482a9287a153c3e25,cpu
synth/stylegan2ada/stylegan2ada_img_01411.png,fee5bb05cc175635224ae76407d2a9fc81f51f41678b986fdb2e1a0d480dcc4e,generated,stylegan2ada,calibration,western-blot-01411,18.390151977539062,1.0,generated,0.5,detector-sam-vit-b-lora-r8-all-img512-51265aec,51265aecd96858feeead19cc47f9bd3dc0af3fa7d793582482a9287a153c3e25,cpu
synth/stylegan2ada/stylegan2ada_img_01413.png,9af37df900e1cfce7eed66810a20ad1bf95d9ddc57048c1c5014b9f44b25a164,generated,stylegan2ada,calibration,western-blot-01413,23.76284408569336,1.0,generated,0.5,detector-sam-vit-b-lora-r8-all-img512-51265aec,51265aecd96858feeead19cc47f9bd3dc0af3fa7d793582482a9287a153c3e25,cpu
synth/stylegan2ada/stylegan2ada_img_01415.png,fd836050fb94984631cf046f34caa5414b4748062074978ca3dc4c0dcbf50002,generated,stylegan2ada,calibration,western-blot-01415,28.800874710083008,1.0,generated,0.5,detector-sam-vit-b-lora-r8-all-img512-51265aec,51265aecd96858feeead19cc47f9bd3dc0af3fa7d793582482a9287a153c3e25,cpu
synth/stylegan2ada/stylegan2ada_img_01421.png,4310fa8f461484fcdec62e81dd8138e1adf9b6269d4c56344fed1baa4f9d4493,generated,stylegan2ada,calibration,western-blot-01421,15.861146926879883,0.9999998807907104,generated,0.5,detector-sam-vit-b-lora-r8-all-img512-51265aec,51265aecd96858feeead19cc47f9bd3dc0af3fa7d793582482a9287a153c3e25,cpu
synth/stylegan2ada/stylegan2ada_img_01422.png,11352e69eaaecee0eecd616fc1ed2df504618423f9b15c592f2c7bc0ef3e99b6,generated,stylegan2ada,calibration,western-blot-01422,28.352602005004883,1.0,generated,0.5,detector-sam-vit-b-lora-r8-all-img512-51265aec,51265aecd96858feeead19cc47f9bd3dc0af3fa7d793582482a9287a153c3e25,cpu
synth/stylegan2ada/stylegan2ada_img_01427.png,58d4892c7fd0c7b4ae4606329caf1beba88836913da6b1d7291736196c3eee6e,generated,stylegan2ada,calibration,western-blot-01427,22.756103515625,1.0,generated,0.5,detector-sam-vit-b-lora-r8-all-img512-51265aec,51265aecd96858feeead19cc47f9bd3dc0af3fa7d793582482a9287a153c3e25,cpu
synth/stylegan2ada/stylegan2ada_img_01429.png,76be8aaeb1aaf8a7dba25a91e9811a3344135a8dd0f3a26cfea7f7f32a60468f,generated,stylegan2ada,calibration,western-blot-01429,19.63865089416504,1.0,generated,0.5,detector-sam-vit-b-lora-r8-all-img512-51265aec,51265aecd96858feeead19cc47f9bd3dc0af3fa7d793582482a9287a153c3e25,cpu
synth/stylegan2ada/stylegan2ada_img_01434.png,5bdfe397d4d0b047c7618cf58d8feb404bf920dec6be64ed52e417bb32e606ed,generated,stylegan2ada,calibration,western-blot-01434,23.50444221496582,1.0,generated,0.5,detector-sam-vit-b-lora-r8-all-img512-51265aec,51265aecd96858feeead19cc47f9bd3dc0af3fa7d793582482a9287a153c3e25,cpu
synth/stylegan2ada/stylegan2ada_img_01435.png,7269359e907f6a223f74dba64adf48e63338092849c23af34db4ea9758b5d4b1,generated,stylegan2ada,calibration,western-blot-01435,28.333547592163086,1.0,generated,0.5,detector-sam-vit-b-lora-r8-all-img512-51265aec,51265aecd96858feeead19cc47f9bd3dc0af3fa7d793582482a9287a153c3e25,cpu
synth/stylegan2ada/stylegan2ada_img_01445.png,064984db4a318713a75f45b6654afe7f03a0603ffae7beea8ee6a7ddbbee829e,generated,stylegan2ada,calibration,western-blot-01445,19.196325302124023,1.0,generated,0.5,detector-sam-vit-b-lora-r8-all-img512-51265aec,51265aecd96858feeead19cc47f9bd3dc0af3fa7d793582482a9287a153c3e25,cpu
synth/stylegan2ada/stylegan2ada_img_01450.png,2eb8d5a2541e0c46481c6ba96b6b4e5e523e9d46a533afb82dd5a6b823adcca4,generated,stylegan2ada,calibration,western-blot-01450,23.242177963256836,1.0,generated,0.5,detector-sam-vit-b-lora-r8-all-img512-51265aec,51265aecd96858feeead19cc47f9bd3dc0af3fa7d793582482a9287a153c3e25,cpu
synth/stylegan2ada/stylegan2ada_img_01477.png,e07bbb13f515441ea50cbfbcb0eb9131ade8ceeb0bd1530abd849a8b302d41ea,generated,stylegan2ada,calibration,western-blot-01477,27.195127487182617,1.0,generated,0.5,detector-sam-vit-b-lora-r8-all-img512-51265aec,51265aecd96858feeead19cc47f9bd3dc0af3fa7d793582482a9287a153c3e25,cpu
synth/stylegan2ada/stylegan2ada_img_01481.png,f3758f3fd1e1e4bb11fe918f75ba4824b915fe5f5fe94d3c3fee486ad6f8f01c,generated,stylegan2ada,calibration,western-blot-01481,28.48130226135254,1.0,generated,0.5,detector-sam-vit-b-lora-r8-all-img512-51265aec,51265aecd96858feeead19cc47f9bd3dc0af3fa7d793582482a9287a153c3e25,cpu
synth/stylegan2ada/stylegan2ada_img_01501.png,6f3283d71758578bb3ebe565e5a7ddf2cfe86d8c97ec9318edc21132a121d219,generated,stylegan2ada,calibration,western-blot-01501,30.08635139465332,1.0,generated,0.5,detector-sam-vit-b-lora-r8-all-img512-51265aec,51265aecd96858feeead19cc47f9bd3dc0af3fa7d793582482a9287a153c3e25,cpu
synth/stylegan2ada/stylegan2ada_img_01504.png,22cf73ef0d358f1699f076f5bd345823fba724c65b1fb495dd92f05a37a2343d,generated,stylegan2ada,calibration,western-blot-01504,25.244426727294922,1.0,generated,0.5,detector-sam-vit-b-lora-r8-all-img512-51265aec,51265aecd96858feeead19cc47f9bd3dc0af3fa7d793582482a9287a153c3e25,cpu
synth/stylegan2ada/stylegan2ada_img_01550.png,74f2992822023d434a62023a121709ba9fe9017a035e52bb1bfc7533a3982c64,generated,stylegan2ada,calibration,western-blot-01550,25.197839736938477,1.0,generated,0.5,detector-sam-vit-b-lora-r8-all-img512-51265aec,51265aecd96858feeead19cc47f9bd3dc0af3fa7d793582482a9287a153c3e25,cpu
synth/stylegan2ada/stylegan2ada_img_01568.png,88bad8c6f9cf83c3f80a92ac8e9096aa64d5dc566a4c4f98c3bed4c838d30142,generated,stylegan2ada,calibration,western-blot-01568,21.480266571044922,1.0,generated,0.5,detector-sam-vit-b-lora-r8-all-img512-51265aec,51265aecd96858feeead19cc47f9bd3dc0af3fa7d793582482a9287a153c3e25,cpu
synth/stylegan2ada/stylegan2ada_img_01570.png,8a50b91af48da8238895f215b79fb1586005bee9e05fb2be7f934f771a5daa10,generated,stylegan2ada,calibration,western-blot-01570,25.22411346435547,1.0,generated,0.5,detector-sam-vit-b-lora-r8-all-img512-51265aec,51265aecd96858feeead19cc47f9bd3dc0af3fa7d793582482a9287a153c3e25,cpu
synth/stylegan2ada/stylegan2ada_img_01604.png,6670ae89a4f2e110685544b9e67ca2a1e34710b3ba4d84ab33a8d5b81a61e81d,generated,stylegan2ada,calibration,western-blot-01604,21.222396850585938,1.0,generated,0.5,detector-sam-vit-b-lora-r8-all-img512-51265aec,51265aecd96858feeead19cc47f9bd3dc0af3fa7d793582482a9287a153c3e25,cpu
synth/stylegan2ada/stylegan2ada_img_01612.png,718c6ff95cd03d0cd4fb93e2b08a2d42c11cba403d9177fed73a30170119ce9b,generated,stylegan2ada,calibration,western-blot-01612,11.095588684082031,0.999984860420227,generated,0.5,detector-sam-vit-b-lora-r8-all-img512-51265aec,51265aecd96858feeead19cc47f9bd3dc0af3fa7d793582482a9287a153c3e25,cpu
synth/stylegan2ada/stylegan2ada_img_01628.png,f48ceba0d967b9d8cf3af2c6031e0828a3af54c4ce2a4ddff41e8031c2b276e6,generated,stylegan2ada,calibration,western-blot-01628,25.076339721679688,1.0,generated,0.5,detector-sam-vit-b-lora-r8-all-img512-51265aec,51265aecd96858feeead19cc47f9bd3dc0af3fa7d793582482a9287a153c3e25,cpu
synth/stylegan2ada/stylegan2ada_img_01630.png,e08560fd7ce669e25782c1bd807fab3e3e8735b8c3aff7f1af9fe6faad35b0d1,generated,stylegan2ada,calibration,western-blot-01630,21.55870246887207,1.0,generated,0.5,detector-sam-vit-b-lora-r8-all-img512-51265aec,51265aecd96858feeead19cc47f9bd3dc0af3fa7d793582482a9287a153c3e25,cpu
synth/stylegan2ada/stylegan2ada_img_01632.png,4ebac902e70443e0374700b28ed1f6a630242e72c9aa39794e1100f8f49054a0,generated,stylegan2ada,calibration,western-blot-01632,17.340166091918945,1.0,generated,0.5,detector-sam-vit-b-lora-r8-all-img512-51265aec,51265aecd96858feeead19cc47f9bd3dc0af3fa7d793582482a9287a153c3e25,cpu
synth/stylegan2ada/stylegan2ada_img_01655.png,e7c6c02d34ee70e6abe03e368d92370521665ea86b059e570ad9a8f39d5788d0,generated,stylegan2ada,calibration,western-blot-01655,21.804580688476562,1.0,generated,0.5,detector-sam-vit-b-lora-r8-all-img512-51265aec,51265aecd96858feeead19cc47f9bd3dc0af3fa7d793582482a9287a153c3e25,cpu
synth/stylegan2ada/stylegan2ada_img_01666.png,27c0fdcd3c4b512bc81658b3dc4754cccbc09440d5ae7c6b8d404a913a6cc3ce,generated,stylegan2ada,calibration,western-blot-01666,21.569156646728516,1.0,generated,0.5,detector-sam-vit-b-lora-r8-all-img512-51265aec,51265aecd96858feeead19cc47f9bd3dc0af3fa7d793582482a9287a153c3e25,cpu
synth/stylegan2ada/stylegan2ada_img_01680.png,f315b18de4fad1979f86444a09f864d14707d242071419a93b9c049fce3e0ca5,generated,stylegan2ada,calibration,western-blot-01680,17.539731979370117,1.0,generated,0.5,detector-sam-vit-b-lora-r8-all-img512-51265aec,51265aecd96858feeead19cc47f9bd3dc0af3fa7d793582482a9287a153c3e25,cpu
synth/stylegan2ada/stylegan2ada_img_01685.png,ebbbe0d0bc6de518cc52de887606b9096a9be816b4425ae57197147854d02b86,generated,stylegan2ada,calibration,western-blot-01685,28.017316818237305,1.0,generated,0.5,detector-sam-vit-b-lora-r8-all-img512-51265aec,51265aecd96858feeead19cc47f9bd3dc0af3fa7d793582482a9287a153c3e25,cpu
synth/stylegan2ada/stylegan2ada_img_01695.png,76616c1e9f0acc73e3fe51f86ebb8b38a6ae7dd175baba9fb1fdd1a4984ae77c,generated,stylegan2ada,calibration,western-blot-01695,27.820268630981445,1.0,generated,0.5,detector-sam-vit-b-lora-r8-all-img512-51265aec,51265aecd96858feeead19cc47f9bd3dc0af3fa7d793582482a9287a153c3e25,cpu
synth/stylegan2ada/stylegan2ada_img_01718.png,b8a315babb6d143bed2b5f90a1f1e868c83b5b2b6b52c282a33e79efe2cf3105,generated,stylegan2ada,calibration,western-blot-01718,24.62180519104004,1.0,generated,0.5,detector-sam-vit-b-lora-r8-all-img512-51265aec,51265aecd96858feeead19cc47f9bd3dc0af3fa7d793582482a9287a153c3e25,cpu
synth/stylegan2ada/stylegan2ada_img_01719.png,108fe65f4ebd26347aa4ec04456bdd7d3bec7fb4dd8c4ae8e19a4c86a08f637b,generated,stylegan2ada,calibration,western-blot-01719,22.990346908569336,1.0,generated,0.5,detector-sam-vit-b-lora-r8-all-img512-51265aec,51265aecd96858feeead19cc47f9bd3dc0af3fa7d793582482a9287a153c3e25,cpu
synth/stylegan2ada/stylegan2ada_img_01722.png,33a3deb48178cdcc654221f12db20b49ee2fa80e93b19c0aefca972a3a007f02,generated,stylegan2ada,calibration,western-blot-01722,23.490171432495117,1.0,generated,0.5,detector-sam-vit-b-lora-r8-all-img512-51265aec,51265aecd96858feeead19cc47f9bd3dc0af3fa7d793582482a9287a153c3e25,cpu
synth/stylegan2ada/stylegan2ada_img_01738.png,061c40b5c6903ec7e7e8d285930cfbc5d4ee6066188a6bd537bf49020456d68e,generated,stylegan2ada,calibration,western-blot-01738,15.389530181884766,0.9999997615814209,generated,0.5,detector-sam-vit-b-lora-r8-all-img512-51265aec,51265aecd96858feeead19cc47f9bd3dc0af3fa7d793582482a9287a153c3e25,cpu
synth/stylegan2ada/stylegan2ada_img_01740.png,928a4835e601176fd0d951064dc93f3c305b95934949c67156cb6a2a3059d8f5,generated,stylegan2ada,calibration,western-blot-01740,25.7485294342041,1.0,generated,0.5,detector-sam-vit-b-lora-r8-all-img512-51265aec,51265aecd96858feeead19cc47f9bd3dc0af3fa7d793582482a9287a153c3e25,cpu
synth/stylegan2ada/stylegan2ada_img_01745.png,6548911b602b666f7cecd9395599d97390c0b3ce95fc8ad085092c1ab94c02db,generated,stylegan2ada,calibration,western-blot-01745,21.402982711791992,1.0,generated,0.5,detector-sam-vit-b-lora-r8-all-img512-51265aec,51265aecd96858feeead19cc47f9bd3dc0af3fa7d793582482a9287a153c3e25,cpu
synth/stylegan2ada/stylegan2ada_img_01771.png,02fe7d6ad1ed9e460b06e056d98f91ea8fa1f3401835c0556b7e7d3bc92558bb,generated,stylegan2ada,calibration,western-blot-01771,22.314556121826172,1.0,generated,0.5,detector-sam-vit-b-lora-r8-all-img512-51265aec,51265aecd96858feeead19cc47f9bd3dc0af3fa7d793582482a9287a153c3e25,cpu
synth/stylegan2ada/stylegan2ada_img_01788.png,fff25b9a0cbd050746bdb27be299a86327f0c51e89c0766a97c9f21ac8db0bf2,generated,stylegan2ada,calibration,western-blot-01788,17.882503509521484,1.0,generated,0.5,detector-sam-vit-b-lora-r8-all-img512-51265aec,51265aecd96858feeead19cc47f9bd3dc0af3fa7d793582482a9287a153c3e25,cpu
synth/stylegan2ada/stylegan2ada_img_01792.png,adbcaf75fbc77f9a937f6fa4d5ab37cf34137e7acf1a5a8f5cbc6156b8a837e6,generated,stylegan2ada,calibration,western-blot-01792,17.06351661682129,1.0,generated,0.5,detector-sam-vit-b-lora-r8-all-img512-51265aec,51265aecd96858feeead19cc47f9bd3dc0af3fa7d793582482a9287a153c3e25,cpu
synth/stylegan2ada/stylegan2ada_img_01793.png,85f252d95fc1b1207f8ea2613ab8f460e11e46166f786dc5b9eff2823d66c03b,generated,stylegan2ada,calibration,western-blot-01793,23.938796997070312,1.0,generated,0.5,detector-sam-vit-b-lora-r8-all-img512-51265aec,51265aecd96858feeead19cc47f9bd3dc0af3fa7d793582482a9287a153c3e25,cpu
synth/stylegan2ada/stylegan2ada_img_01794.png,076f592d500038576edacd1e7fa4fccb5aadfc1a8da1b00f6f0a4b2bd1036fe9,generated,stylegan2ada,calibration,western-blot-01794,17.81020736694336,1.0,generated,0.5,detector-sam-vit-b-lora-r8-all-img512-51265aec,51265aecd96858feeead19cc47f9bd3dc0af3fa7d793582482a9287a153c3e25,cpu
synth/stylegan2ada/stylegan2ada_img_01804.png,806bb7350af1d185ee2dc92ab42792acfe94b8c7bea78d483c103024fc1a0454,generated,stylegan2ada,calibration,western-blot-01804,23.479957580566406,1.0,generated,0.5,detector-sam-vit-b-lora-r8-all-img512-51265aec,51265aecd96858feeead19cc47f9bd3dc0af3fa7d793582482a9287a153c3e25,cpu
synth/stylegan2ada/stylegan2ada_img_01823.png,356c2ffec7c79352fe9419633f187c8422e805ae40c9ecf8bb9e401a5a549971,generated,stylegan2ada,calibration,western-blot-01823,24.99907875061035,1.0,generated,0.5,detector-sam-vit-b-lora-r8-all-img512-51265aec,51265aecd96858feeead19cc47f9bd3dc0af3fa7d793582482a9287a153c3e25,cpu
synth/stylegan2ada/stylegan2ada_img_01826.png,6573a51642a9ad76bc575bf4d7c7add09a36c838d4028ad2c22e7f52b487b6ec,generated,stylegan2ada,calibration,western-blot-01826,19.34944725036621,1.0,generated,0.5,detector-sam-vit-b-lora-r8-all-img512-51265aec,51265aecd96858feeead19cc47f9bd3dc0af3fa7d793582482a9287a153c3e25,cpu
synth/stylegan2ada/stylegan2ada_img_01843.png,60dcaeba65e5a35b6474e33f158894eed411dedf202e908b8398b2dacd7b57c3,generated,stylegan2ada,calibration,western-blot-01843,21.716596603393555,1.0,generated,0.5,detector-sam-vit-b-lora-r8-all-img512-51265aec,51265aecd96858feeead19cc47f9bd3dc0af3fa7d793582482a9287a153c3e25,cpu
synth/stylegan2ada/stylegan2ada_img_01869.png,b03b513cb496e4ceda93e41ee541c380b31c3e3ddd9bc028f6100c98070f8834,generated,stylegan2ada,calibration,western-blot-01869,25.57783317565918,1.0,generated,0.5,detector-sam-vit-b-lora-r8-all-img512-51265aec,51265aecd96858feeead19cc47f9bd3dc0af3fa7d793582482a9287a153c3e25,cpu
synth/stylegan2ada/stylegan2ada_img_01876.png,0361ef0dcba191d33b206d207cfe09ccb37ebc14a1a0a9717a06658d87ba50fa,generated,stylegan2ada,calibration,western-blot-01876,21.304704666137695,1.0,generated,0.5,detector-sam-vit-b-lora-r8-all-img512-51265aec,51265aecd96858feeead19cc47f9bd3dc0af3fa7d793582482a9287a153c3e25,cpu
synth/stylegan2ada/stylegan2ada_img_01909.png,e3fab595504ae014f7d32c1316e4173ce2d089bcd431b8984c33a77f56c43f76,generated,stylegan2ada,calibration,western-blot-01909,25.255006790161133,1.0,generated,0.5,detector-sam-vit-b-lora-r8-all-img512-51265aec,51265aecd96858feeead19cc47f9bd3dc0af3fa7d793582482a9287a153c3e25,cpu
synth/stylegan2ada/stylegan2ada_img_01916.png,1306be8a502ac7f7a8444b6d8ada0dfc7d60b7f7d26bc9f997a2bbf95cbb64dd,generated,stylegan2ada,calibration,western-blot-01916,23.626569747924805,1.0,generated,0.5,detector-sam-vit-b-lora-r8-all-img512-51265aec,51265aecd96858feeead19cc47f9bd3dc0af3fa7d793582482a9287a153c3e25,cpu
synth/stylegan2ada/stylegan2ada_img_01936.png,ea3d8fe7e93f015f543df6fa0e26de2b0260cd1f7b22db27fc156b525d7361c2,generated,stylegan2ada,calibration,western-blot-01936,24.09711456298828,1.0,generated,0.5,detector-sam-vit-b-lora-r8-all-img512-51265aec,51265aecd96858feeead19cc47f9bd3dc0af3fa7d793582482a9287a153c3e25,cpu
synth/stylegan2ada/stylegan2ada_img_01942.png,d3c1276b2c375e53c2d7d5fcf8f2257494ff12f0114f595e620743320ada6202,generated,stylegan2ada,calibration,western-blot-01942,29.490644454956055,1.0,generated,0.5,detector-sam-vit-b-lora-r8-all-img512-51265aec,51265aecd96858feeead19cc47f9bd3dc0af3fa7d793582482a9287a153c3e25,cpu
synth/stylegan2ada/stylegan2ada_img_01966.png,d855df5bb47ee3bbc21a45a1bbfbc7355ba2d57be8ebcac32bb6c76022c69e29,generated,stylegan2ada,calibration,western-blot-01966,17.2727108001709,1.0,generated,0.5,detector-sam-vit-b-lora-r8-all-img512-51265aec,51265aecd96858feeead19cc47f9bd3dc0af3fa7d793582482a9287a153c3e25,cpu
synth/stylegan2ada/stylegan2ada_img_01990.png,d75ce7cae03374df3121efcc6d08d271a17029dc7843ef381106281b4e3dc8a8,generated,stylegan2ada,calibration,western-blot-01990,16.04652976989746,0.9999998807907104,generated,0.5,detector-sam-vit-b-lora-r8-all-img512-51265aec,51265aecd96858feeead19cc47f9bd3dc0af3fa7d793582482a9287a153c3e25,cpu
synth/stylegan2ada/stylegan2ada_img_01999.png,4cf3d98c79b406365c3714a4d90d6b7611f31d62ccf045d18814526c4a258153,generated,stylegan2ada,calibration,western-blot-01999,18.993270874023438,1.0,generated,0.5,detector-sam-vit-b-lora-r8-all-img512-51265aec,51265aecd96858feeead19cc47f9bd3dc0af3fa7d793582482a9287a153c3e25,cpu
synth/stylegan2ada/stylegan2ada_img_02005.png,6e555a4cdd26d2f7cd94cbad1776b7451a12f76136e18b232ee001cdead06703,generated,stylegan2ada,calibration,western-blot-02005,21.706960678100586,1.0,generated,0.5,detector-sam-vit-b-lora-r8-all-img512-51265aec,51265aecd96858feeead19cc47f9bd3dc0af3fa7d793582482a9287a153c3e25,cpu
synth/stylegan2ada/stylegan2ada_img_02015.png,201ad478fa0d4a52ac251418697f38a149434ed513a9b4b3f84c1197c22ebf61,generated,stylegan2ada,calibration,western-blot-02015,26.104204177856445,1.0,generated,0.5,detector-sam-vit-b-lora-r8-all-img512-51265aec,51265aecd96858feeead19cc47f9bd3dc0af3fa7d793582482a9287a153c3e25,cpu
synth/stylegan2ada/stylegan2ada_img_02021.png,4a8a7136f66cad8544b7faf26258d6d687bb52dbf2d84e54f4d3b7fa8ca9b51a,generated,stylegan2ada,calibration,western-blot-02021,22.519315719604492,1.0,generated,0.5,detector-sam-vit-b-lora-r8-all-img512-51265aec,51265aecd96858feeead19cc47f9bd3dc0af3fa7d793582482a9287a153c3e25,cpu
synth/stylegan2ada/stylegan2ada_img_02026.png,df7619c3c1796e90fc977d5b70a7c964b31405774fa5e86bca024249b42f32f0,generated,stylegan2ada,calibration,western-blot-02026,22.08733558654785,1.0,generated,0.5,detector-sam-vit-b-lora-r8-all-img512-51265aec,51265aecd96858feeead19cc47f9bd3dc0af3fa7d793582482a9287a153c3e25,cpu
synth/stylegan2ada/stylegan2ada_img_02041.png,f936d44cd74f0046e6cd3231dcc213981c6550661d55172bc0b0f870231beca0,generated,stylegan2ada,calibration,western-blot-02041,1.1269094944000244,0.7552680969238281,generated,0.5,detector-sam-vit-b-lora-r8-all-img512-51265aec,51265aecd96858feeead19cc47f9bd3dc0af3fa7d793582482a9287a153c3e25,cpu
synth/stylegan2ada/stylegan2ada_img_02043.png,a870f263ab0ed31a6521118d2d490e7bbf0381974838c177e5c4f5d5c845347e,generated,stylegan2ada,calibration,western-blot-02043,23.143980026245117,1.0,generated,0.5,detector-sam-vit-b-lora-r8-all-img512-51265aec,51265aecd96858feeead19cc47f9bd3dc0af3fa7d793582482a9287a153c3e25,cpu
synth/stylegan2ada/stylegan2ada_img_02045.png,5392b10701e76bff274097c9f1da30fd3bc317288af946e5f9b5e7e54f5c8cf6,generated,stylegan2ada,calibration,western-blot-02045,23.46541976928711,1.0,generated,0.5,detector-sam-vit-b-lora-r8-all-img512-51265aec,51265aecd96858feeead19cc47f9bd3dc0af3fa7d793582482a9287a153c3e25,cpu
synth/stylegan2ada/stylegan2ada_img_02046.png,4d360535fbe19b580015f7ff0062413bebff3ac29d88947ec46e52549bef229a,generated,stylegan2ada,calibration,western-blot-02046,19.875608444213867,1.0,generated,0.5,detector-sam-vit-b-lora-r8-all-img512-51265aec,51265aecd96858feeead19cc47f9bd3dc0af3fa7d793582482a9287a153c3e25,cpu
synth/stylegan2ada/stylegan2ada_img_02161.png,13da0f176d6c424d6c33cbcf41ed1b9bd4213dbb40ef4a2dc7e837ae9361afa3,generated,stylegan2ada,calibration,western-blot-02161,17.593164443969727,1.0,generated,0.5,detector-sam-vit-b-lora-r8-all-img512-51265aec,51265aecd96858feeead19cc47f9bd3dc0af3fa7d793582482a9287a153c3e25,cpu
synth/stylegan2ada/stylegan2ada_img_02162.png,6ff5c02f67f98daa5a2434b0e1e1be33e7069108dd05c43486003bdff9dd4f50,generated,stylegan2ada,calibration,western-blot-02162,15.161523818969727,0.9999997615814209,generated,0.5,detector-sam-vit-b-lora-r8-all-img512-51265aec,51265aecd96858feeead19cc47f9bd3dc0af3fa7d793582482a9287a153c3e25,cpu
synth/stylegan2ada/stylegan2ada_img_02171.png,26b5b6eb9d3f5e9da8379b66944f907035f8415afe07cade1d8245f318d5fdb6,generated,stylegan2ada,calibration,western-blot-02171,24.046977996826172,1.0,generated,0.5,detector-sam-vit-b-lora-r8-all-img512-51265aec,51265aecd96858feeead19cc47f9bd3dc0af3fa7d793582482a9287a153c3e25,cpu
synth/stylegan2ada/stylegan2ada_img_02180.png,ecb58657c1f52cad3f14d7313670bafe8164ddbf079282ff0c36b8da15fb12be,generated,stylegan2ada,calibration,western-blot-02180,16.41575813293457,0.9999998807907104,generated,0.5,detector-sam-vit-b-lora-r8-all-img512-51265aec,51265aecd96858feeead19cc47f9bd3dc0af3fa7d793582482a9287a153c3e25,cpu
synth/stylegan2ada/stylegan2ada_img_02213.png,fcda2aa0634c29f8b239548a45216096e976e0fd096e126f706b450972e39038,generated,stylegan2ada,calibration,western-blot-02213,13.53521728515625,0.9999986886978149,generated,0.5,detector-sam-vit-b-lora-r8-all-img512-51265aec,51265aecd96858feeead19cc47f9bd3dc0af3fa7d793582482a9287a153c3e25,cpu
synth/stylegan2ada/stylegan2ada_img_02232.png,399075c58e295d959785f940dbdebb77259aee135673b9eae9f7e8bee49423f2,generated,stylegan2ada,calibration,western-blot-02232,14.690237045288086,0.9999996423721313,generated,0.5,detector-sam-vit-b-lora-r8-all-img512-51265aec,51265aecd96858feeead19cc47f9bd3dc0af3fa7d793582482a9287a153c3e25,cpu
synth/stylegan2ada/stylegan2ada_img_02272.png,95b9f579b9dc68fb0750b41576b1c236544116de0c23f07e2305cfbc5b49b5c0,generated,stylegan2ada,calibration,western-blot-02272,22.10049819946289,1.0,generated,0.5,detector-sam-vit-b-lora-r8-all-img512-51265aec,51265aecd96858feeead19cc47f9bd3dc0af3fa7d793582482a9287a153c3e25,cpu
synth/stylegan2ada/stylegan2ada_img_02293.png,d89682fa25a990916b737ab9dc8115e002240d0df72aa1b1c2779e1baef8cf1b,generated,stylegan2ada,calibration,western-blot-02293,23.974912643432617,1.0,generated,0.5,detector-sam-vit-b-lora-r8-all-img512-51265aec,51265aecd96858feeead19cc47f9bd3dc0af3fa7d793582482a9287a153c3e25,cpu
synth/stylegan2ada/stylegan2ada_img_02322.png,179c4e13d86cd696aa8a0ca54efaba37339d172a47299b811afc87bc652d94cb,generated,stylegan2ada,calibration,western-blot-02322,22.417024612426758,1.0,generated,0.5,detector-sam-vit-b-lora-r8-all-img512-51265aec,51265aecd96858feeead19cc47f9bd3dc0af3fa7d793582482a9287a153c3e25,cpu
synth/stylegan2ada/stylegan2ada_img_02327.png,4557a007c80a8e9987c4112fb5f7ba5a17ffcf0b31167fc39ac0aaf53922bb11,generated,stylegan2ada,calibration,western-blot-02327,16.924646377563477,1.0,generated,0.5,detector-sam-vit-b-lora-r8-all-img512-51265aec,51265aecd96858feeead19cc47f9bd3dc0af3fa7d793582482a9287a153c3e25,cpu
synth/stylegan2ada/stylegan2ada_img_02333.png,e783958c7dd90f0eae5d2792fb43019c096b81811e05f2e45bbfd01974a05a8c,generated,stylegan2ada,calibration,western-blot-02333,14.917448043823242,0.9999996423721313,generated,0.5,detector-sam-vit-b-lora-r8-all-img512-51265aec,51265aecd96858feeead19cc47f9bd3dc0af3fa7d793582482a9287a153c3e25,cpu
synth/stylegan2ada/stylegan2ada_img_02342.png,0b747cf0b80af80285dd8f2b3b59f2e11c1955be1fa1f2ecfd49aa9d5b1162fa,generated,stylegan2ada,calibration,western-blot-02342,18.585222244262695,1.0,generated,0.5,detector-sam-vit-b-lora-r8-all-img512-51265aec,51265aecd96858feeead19cc47f9bd3dc0af3fa7d793582482a9287a153c3e25,cpu
synth/stylegan2ada/stylegan2ada_img_02363.png,5c40ae11a8eeeb5b22a4fde0ccab1c372eaadcc43eed0e774cba6683c2e2ab22,generated,stylegan2ada,calibration,western-blot-02363,18.775712966918945,1.0,generated,0.5,detector-sam-vit-b-lora-r8-all-img512-51265aec,51265aecd96858feeead19cc47f9bd3dc0af3fa7d793582482a9287a153c3e25,cpu
synth/stylegan2ada/stylegan2ada_img_02380.png,688b3ed790424ce187b0e4e4df30db045c98d7f2dc92c32393fc734fccf50272,generated,stylegan2ada,calibration,western-blot-02380,21.101301193237305,1.0,generated,0.5,detector-sam-vit-b-lora-r8-all-img512-51265aec,51265aecd96858feeead19cc47f9bd3dc0af3fa7d793582482a9287a153c3e25,cpu
synth/stylegan2ada/stylegan2ada_img_02410.png,2e419d5429d25c0a70c09a5da4bbe1f74171c20a7f88a42d7c73810646e16f71,generated,stylegan2ada,calibration,western-blot-02410,22.26140594482422,1.0,generated,0.5,detector-sam-vit-b-lora-r8-all-img512-51265aec,51265aecd96858feeead19cc47f9bd3dc0af3fa7d793582482a9287a153c3e25,cpu
synth/stylegan2ada/stylegan2ada_img_02432.png,a62e8d7572707cde6928695abaa888a6a7b273c3ffbbfa91db2daf80819c72a3,generated,stylegan2ada,calibration,western-blot-02432,14.577794075012207,0.9999995231628418,generated,0.5,detector-sam-vit-b-lora-r8-all-img512-51265aec,51265aecd96858feeead19cc47f9bd3dc0af3fa7d793582482a9287a153c3e25,cpu
synth/stylegan2ada/stylegan2ada_img_02433.png,634b10f9452026e6fb0c80f0e72f5d1f90bffe94ad0ddf103b7c5f01d41d3074,generated,stylegan2ada,calibration,western-blot-02433,13.664820671081543,0.9999988079071045,generated,0.5,detector-sam-vit-b-lora-r8-all-img512-51265aec,51265aecd96858feeead19cc47f9bd3dc0af3fa7d793582482a9287a153c3e25,cpu
synth/stylegan2ada/stylegan2ada_img_02437.png,8a6d01f791d66ca6df5f633905ebc42e7e8469374880bacc038bb29ca8438b13,generated,stylegan2ada,calibration,western-blot-02437,20.97653579711914,1.0,generated,0.5,detector-sam-vit-b-lora-r8-all-img512-51265aec,51265aecd96858feeead19cc47f9bd3dc0af3fa7d793582482a9287a153c3e25,cpu
synth/stylegan2ada/stylegan2ada_img_02439.png,2b5e39537b97beded3b5d9af28600e210b7277e82ec0179585a83af5bc1121d2,generated,stylegan2ada,calibration,western-blot-02439,16.688230514526367,1.0,generated,0.5,detector-sam-vit-b-lora-r8-all-img512-51265aec,51265aecd96858feeead19cc47f9bd3dc0af3fa7d793582482a9287a153c3e25,cpu
synth/stylegan2ada/stylegan2ada_img_02461.png,db73ada0471ab5c9993f6762b5e43f8f4a6c7856b83bdc2ebf48755c0f4efd4e,generated,stylegan2ada,calibration,western-blot-02461,15.692036628723145,0.9999998807907104,generated,0.5,detector-sam-vit-b-lora-r8-all-img512-51265aec,51265aecd96858feeead19cc47f9bd3dc0af3fa7d793582482a9287a153c3e25,cpu
synth/stylegan2ada/stylegan2ada_img_02479.png,8d7014c67c7be39c78a208b9539642062854cd33a804eb3d62d4124f0da5f332,generated,stylegan2ada,calibration,western-blot-02479,16.24924659729004,0.9999998807907104,generated,0.5,detector-sam-vit-b-lora-r8-all-img512-51265aec,51265aecd96858feeead19cc47f9bd3dc0af3fa7d793582482a9287a153c3e25,cpu
synth/stylegan2ada/stylegan2ada_img_02541.png,c204549bfb3d95ad65d9c5c5bc7e5c491d06dbc9141dcbb8316f8de2c09c4705,generated,stylegan2ada,calibration,western-blot-02541,21.678958892822266,1.0,generated,0.5,detector-sam-vit-b-lora-r8-all-img512-51265aec,51265aecd96858feeead19cc47f9bd3dc0af3fa7d793582482a9287a153c3e25,cpu
synth/stylegan2ada/stylegan2ada_img_02548.png,7d5505373a475cfa06a0721ff0c0462bbe9af4d336679328c93be32bf4a08e6e,generated,stylegan2ada,calibration,western-blot-02548,12.618145942687988,0.9999966621398926,generated,0.5,detector-sam-vit-b-lora-r8-all-img512-51265aec,51265aecd96858feeead19cc47f9bd3dc0af3fa7d793582482a9287a153c3e25,cpu
synth/stylegan2ada/stylegan2ada_img_02565.png,738ccd822bd79de906a310c7ef0f7daefcc54b661e0c2b50361ce2081986b916,generated,stylegan2ada,calibration,western-blot-02565,18.040807723999023,1.0,generated,0.5,detector-sam-vit-b-lora-r8-all-img512-51265aec,51265aecd96858feeead19cc47f9bd3dc0af3fa7d793582482a9287a153c3e25,cpu
synth/stylegan2ada/stylegan2ada_img_02569.png,bc673d4e6b77614e58dd2cb4b092bcab50749bab19d5b9c7e6a3622d009d275f,generated,stylegan2ada,calibration,western-blot-02569,18.110170364379883,1.0,generated,0.5,detector-sam-vit-b-lora-r8-all-img512-51265aec,51265aecd96858feeead19cc47f9bd3dc0af3fa7d793582482a9287a153c3e25,cpu
synth/stylegan2ada/stylegan2ada_img_02570.png,c31adeefaa8caf6cff421582262e90605943d3f1f568e6c602668d750fae6f35,generated,stylegan2ada,calibration,western-blot-02570,23.144912719726562,1.0,generated,0.5,detector-sam-vit-b-lora-r8-all-img512-51265aec,51265aecd96858feeead19cc47f9bd3dc0af3fa7d793582482a9287a153c3e25,cpu
synth/stylegan2ada/stylegan2ada_img_02580.png,0afae05b37cf635532910be92c75d25907c5a0c74b07c644b4a88216efd90f40,generated,stylegan2ada,calibration,western-blot-02580,18.9885196685791,1.0,generated,0.5,detector-sam-vit-b-lora-r8-all-img512-51265aec,51265aecd96858feeead19cc47f9bd3dc0af3fa7d793582482a9287a153c3e25,cpu
synth/stylegan2ada/stylegan2ada_img_02594.png,0890941aa5b9240e6962855dc55e647e16597b5b7590f701d6e7f5e7881e9758,generated,stylegan2ada,calibration,western-blot-02594,18.357412338256836,1.0,generated,0.5,detector-sam-vit-b-lora-r8-all-img512-51265aec,51265aecd96858feeead19cc47f9bd3dc0af3fa7d793582482a9287a153c3e25,cpu
synth/stylegan2ada/stylegan2ada_img_02605.png,7b55da286ddd39c2b8736577092b048dd85b429c91af19289483d10f3c0d8c3f,generated,stylegan2ada,calibration,western-blot-02605,15.884054183959961,0.9999998807907104,generated,0.5,detector-sam-vit-b-lora-r8-all-img512-51265aec,51265aecd96858feeead19cc47f9bd3dc0af3fa7d793582482a9287a153c3e25,cpu
synth/stylegan2ada/stylegan2ada_img_02606.png,7c9bc04084986afdca45bf210db153d67db343fecc5b3987c63249b610cf2a48,generated,stylegan2ada,calibration,western-blot-02606,24.372522354125977,1.0,generated,0.5,detector-sam-vit-b-lora-r8-all-img512-51265aec,51265aecd96858feeead19cc47f9bd3dc0af3fa7d793582482a9287a153c3e25,cpu
synth/stylegan2ada/stylegan2ada_img_02608.png,32f7cc0abdc7e79e9583d3c0e2469e350bab9f73f6762be884b2a50a2d6d9c6f,generated,stylegan2ada,calibration,western-blot-02608,20.97506332397461,1.0,generated,0.5,detector-sam-vit-b-lora-r8-all-img512-51265aec,51265aecd96858feeead19cc47f9bd3dc0af3fa7d793582482a9287a153c3e25,cpu
synth/stylegan2ada/stylegan2ada_img_02613.png,54fe7b0414040bd0363ac032e6a40e6c5c6745c3cce4079641c9d3310e160cc3,generated,stylegan2ada,calibration,western-blot-02613,23.75159454345703,1.0,generated,0.5,detector-sam-vit-b-lora-r8-all-img512-51265aec,51265aecd96858feeead19cc47f9bd3dc0af3fa7d793582482a9287a153c3e25,cpu
synth/stylegan2ada/stylegan2ada_img_02615.png,910e68bd0741aa21c41875079e0ac7ca9babf94ad91d47960072a1f13436f2eb,generated,stylegan2ada,calibration,western-blot-02615,16.82407569885254,1.0,generated,0.5,detector-sam-vit-b-lora-r8-all-img512-51265aec,51265aecd96858feeead19cc47f9bd3dc0af3fa7d793582482a9287a153c3e25,cpu
synth/stylegan2ada/stylegan2ada_img_02618.png,51fdc1a0188681fa88eaa1b0573d8cf8fd4f07cee70e99ca3219292e9440250c,generated,stylegan2ada,calibration,western-blot-02618,19.514541625976562,1.0,generated,0.5,detector-sam-vit-b-lora-r8-all-img512-51265aec,51265aecd96858feeead19cc47f9bd3dc0af3fa7d793582482a9287a153c3e25,cpu
synth/stylegan2ada/stylegan2ada_img_02621.png,1cb925322136ebe924115171da9c4869e9b0710eaf201a1eb84dd962dd866b7b,generated,stylegan2ada,calibration,western-blot-02621,22.918306350708008,1.0,generated,0.5,detector-sam-vit-b-lora-r8-all-img512-51265aec,51265aecd96858feeead19cc47f9bd3dc0af3fa7d793582482a9287a153c3e25,cpu
synth/stylegan2ada/stylegan2ada_img_02623.png,a4a5a9745701b76a9fdcc63633de40eefa797e858668359d7076bfcee50696a3,generated,stylegan2ada,calibration,western-blot-02623,21.282739639282227,1.0,generated,0.5,detector-sam-vit-b-lora-r8-all-img512-51265aec,51265aecd96858feeead19cc47f9bd3dc0af3fa7d793582482a9287a153c3e25,cpu
synth/stylegan2ada/stylegan2ada_img_02664.png,76b43df71f2f3c772d2dae77acfbf330218c582a64ed776b813c23f8a892465b,generated,stylegan2ada,calibration,western-blot-02664,18.927507400512695,1.0,generated,0.5,detector-sam-vit-b-lora-r8-all-img512-51265aec,51265aecd96858feeead19cc47f9bd3dc0af3fa7d793582482a9287a153c3e25,cpu
synth/stylegan2ada/stylegan2ada_img_02684.png,891953cb48cbfc102328ec7f429ca41d58db055a0bc08392eb6806683107c143,generated,stylegan2ada,calibration,western-blot-02684,23.275461196899414,1.0,generated,0.5,detector-sam-vit-b-lora-r8-all-img512-51265aec,51265aecd96858feeead19cc47f9bd3dc0af3fa7d793582482a9287a153c3e25,cpu
synth/stylegan2ada/stylegan2ada_img_02689.png,6a4782ab2febee6f15c380f7f0e0002339355f1a7490763dc8b2677b04edb41e,generated,stylegan2ada,calibration,western-blot-02689,17.145734786987305,1.0,generated,0.5,detector-sam-vit-b-lora-r8-all-img512-51265aec,51265aecd96858feeead19cc47f9bd3dc0af3fa7d793582482a9287a153c3e25,cpu
synth/stylegan2ada/stylegan2ada_img_02699.png,de4aefcf29f1866ff294d49f3b4fc0895e68a19b378fae8dcf20a9996d4ecce6,generated,stylegan2ada,calibration,western-blot-02699,15.926477432250977,0.9999998807907104,generated,0.5,detector-sam-vit-b-lora-r8-all-img512-51265aec,51265aecd96858feeead19cc47f9bd3dc0af3fa7d793582482a9287a153c3e25,cpu
synth/stylegan2ada/stylegan2ada_img_02741.png,af20943b4ac687454811ad3d46c4a47b37402e767f696c569f77476cb8a3548d,generated,stylegan2ada,calibration,western-blot-02741,16.373708724975586,0.9999998807907104,generated,0.5,detector-sam-vit-b-lora-r8-all-img512-51265aec,51265aecd96858feeead19cc47f9bd3dc0af3fa7d793582482a9287a153c3e25,cpu
synth/stylegan2ada/stylegan2ada_img_02757.png,f1b2bd8941da3b0709084f88058510253aff8e81038a2ad8fd40140cca4de36a,generated,stylegan2ada,calibration,western-blot-02757,14.371963500976562,0.9999994039535522,generated,0.5,detector-sam-vit-b-lora-r8-all-img512-51265aec,51265aecd96858feeead19cc47f9bd3dc0af3fa7d793582482a9287a153c3e25,cpu
synth/stylegan2ada/stylegan2ada_img_02772.png,2609a8a54e3b2dab02e534640d072067f0c8e898bbf4911994f4d73c6f7a79fb,generated,stylegan2ada,calibration,western-blot-02772,21.153833389282227,1.0,generated,0.5,detector-sam-vit-b-lora-r8-all-img512-51265aec,51265aecd96858feeead19cc47f9bd3dc0af3fa7d793582482a9287a153c3e25,cpu
synth/stylegan2ada/stylegan2ada_img_02783.png,39e5ec7cef857593c7661b3ef8fd12f5cd20f3842f02c7c0f7cacb1b85f73d4a,generated,stylegan2ada,calibration,western-blot-02783,18.337854385375977,1.0,generated,0.5,detector-sam-vit-b-lora-r8-all-img512-51265aec,51265aecd96858feeead19cc47f9bd3dc0af3fa7d793582482a9287a153c3e25,cpu
synth/stylegan2ada/stylegan2ada_img_02801.png,91e9287167c930bbc314379ef414f8006693ee8a9bf0c4566f0c25e03ed28d1c,generated,stylegan2ada,calibration,western-blot-02801,17.049198150634766,1.0,generated,0.5,detector-sam-vit-b-lora-r8-all-img512-51265aec,51265aecd96858feeead19cc47f9bd3dc0af3fa7d793582482a9287a153c3e25,cpu
synth/stylegan2ada/stylegan2ada_img_02802.png,755cb1afc88c03e58c24815b3226dbce50959de4e28e865db0b49cde2be1087e,generated,stylegan2ada,calibration,western-blot-02802,15.067368507385254,0.9999997615814209,generated,0.5,detector-sam-vit-b-lora-r8-all-img512-51265aec,51265aecd96858feeead19cc47f9bd3dc0af3fa7d793582482a9287a153c3e25,cpu
synth/stylegan2ada/stylegan2ada_img_02833.png,210eb0138650f50ea53975d0f6d76b86f0395e2e4075c4acad50f4fb1e038784,generated,stylegan2ada,calibration,western-blot-02833,20.977754592895508,1.0,generated,0.5,detector-sam-vit-b-lora-r8-all-img512-51265aec,51265aecd96858feeead19cc47f9bd3dc0af3fa7d793582482a9287a153c3e25,cpu
synth/stylegan2ada/stylegan2ada_img_02872.png,a9a87eddecdf86d6b6bc20f265737aab424b934d7d1fd05291c207524d810635,generated,stylegan2ada,calibration,western-blot-02872,23.952051162719727,1.0,generated,0.5,detector-sam-vit-b-lora-r8-all-img512-51265aec,51265aecd96858feeead19cc47f9bd3dc0af3fa7d793582482a9287a153c3e25,cpu
synth/stylegan2ada/stylegan2ada_img_02885.png,26c08c13e2b7dfa95a1a8c8dcd433c536b2261cc0386628f8c521fd8e0ba68b1,generated,stylegan2ada,calibration,western-blot-02885,20.711145401000977,1.0,generated,0.5,detector-sam-vit-b-lora-r8-all-img512-51265aec,51265aecd96858feeead19cc47f9bd3dc0af3fa7d793582482a9287a153c3e25,cpu
synth/stylegan2ada/stylegan2ada_img_02889.png,b584d4f10e4dcdf18274271e4fbb16642ce2a3c5ecca747dbd396592c4087015,generated,stylegan2ada,calibration,western-blot-02889,20.08780860900879,1.0,generated,0.5,detector-sam-vit-b-lora-r8-all-img512-51265aec,51265aecd96858feeead19cc47f9bd3dc0af3fa7d793582482a9287a153c3e25,cpu
synth/stylegan2ada/stylegan2ada_img_02893.png,8f6fb3ba6364faf33f1973380497769cff69b9b989c0ffba37f905e52e90e3f6,generated,stylegan2ada,calibration,western-blot-02893,23.861621856689453,1.0,generated,0.5,detector-sam-vit-b-lora-r8-all-img512-51265aec,51265aecd96858feeead19cc47f9bd3dc0af3fa7d793582482a9287a153c3e25,cpu
synth/stylegan2ada/stylegan2ada_img_02898.png,8df70f42e18067d82c64669ccd9d1e5f655dfe080190ac6d57201862d2573f6c,generated,stylegan2ada,calibration,western-blot-02898,16.742624282836914,1.0,generated,0.5,detector-sam-vit-b-lora-r8-all-img512-51265aec,51265aecd96858feeead19cc47f9bd3dc0af3fa7d793582482a9287a153c3e25,cpu
synth/stylegan2ada/stylegan2ada_img_02914.png,6258c04b8f9ab9bac705f7de9cb5b1cc67d8aa8d76174704ea46694748bb9f7a,generated,stylegan2ada,calibration,western-blot-02914,17.515729904174805,1.0,generated,0.5,detector-sam-vit-b-lora-r8-all-img512-51265aec,51265aecd96858feeead19cc47f9bd3dc0af3fa7d793582482a9287a153c3e25,cpu
synth/stylegan2ada/stylegan2ada_img_02931.png,89ab730eb2acd11febe08e8cbe6a504bcd6797b0d4b3aeec4d3bd9a23acb8242,generated,stylegan2ada,calibration,western-blot-02931,17.096982955932617,1.0,generated,0.5,detector-sam-vit-b-lora-r8-all-img512-51265aec,51265aecd96858feeead19cc47f9bd3dc0af3fa7d793582482a9287a153c3e25,cpu
synth/stylegan2ada/stylegan2ada_img_02932.png,fdeec307a1cfe8b26799aa3b508238ddaf3d4b1ef1375f817eea9afd8451759e,generated,stylegan2ada,calibration,western-blot-02932,19.699270248413086,1.0,generated,0.5,detector-sam-vit-b-lora-r8-all-img512-51265aec,51265aecd96858feeead19cc47f9bd3dc0af3fa7d793582482a9287a153c3e25,cpu
synth/stylegan2ada/stylegan2ada_img_02954.png,99471e16a18ecfea0e9d21429ba74aad1d425112a4979005e1fa008610e75079,generated,stylegan2ada,calibration,western-blot-02954,23.378583908081055,1.0,generated,0.5,detector-sam-vit-b-lora-r8-all-img512-51265aec,51265aecd96858feeead19cc47f9bd3dc0af3fa7d793582482a9287a153c3e25,cpu
synth/stylegan2ada/stylegan2ada_img_02971.png,32a7fce7477fd85d4b6809395a2d9a9d03535c23385607042b2aa488065f00c7,generated,stylegan2ada,calibration,western-blot-02971,17.2407169342041,1.0,generated,0.5,detector-sam-vit-b-lora-r8-all-img512-51265aec,51265aecd96858feeead19cc47f9bd3dc0af3fa7d793582482a9287a153c3e25,cpu
synth/stylegan2ada/stylegan2ada_img_02972.png,c406ae4abfd73def0d3bbef7cebb7ba002ddca19e7c0dfb5be18b727af908c18,generated,stylegan2ada,calibration,western-blot-02972,24.428956985473633,1.0,generated,0.5,detector-sam-vit-b-lora-r8-all-img512-51265aec,51265aecd96858feeead19cc47f9bd3dc0af3fa7d793582482a9287a153c3e25,cpu
synth/stylegan2ada/stylegan2ada_img_02989.png,0aa48efd0ab23fec601cee124d3593c0926c6b3b4cec3d3a4416b606417f021c,generated,stylegan2ada,calibration,western-blot-02989,22.692575454711914,1.0,generated,0.5,detector-sam-vit-b-lora-r8-all-img512-51265aec,51265aecd96858feeead19cc47f9bd3dc0af3fa7d793582482a9287a153c3e25,cpu
synth/stylegan2ada/stylegan2ada_img_03008.png,ab51b5f7bfce11dc002d0f048bbc7eac8ab6676cacd53a7ab68da9120841a085,generated,stylegan2ada,calibration,western-blot-03008,2.9455394744873047,0.9500522613525391,generated,0.5,detector-sam-vit-b-lora-r8-all-img512-51265aec,51265aecd96858feeead19cc47f9bd3dc0af3fa7d793582482a9287a153c3e25,cpu
synth/stylegan2ada/stylegan2ada_img_03061.png,9b5dd0cbca06be60d631f5bfc5ed87996ef9d48df0ee8189150d7c59d682c33b,generated,stylegan2ada,calibration,western-blot-03061,11.84339714050293,0.999992847442627,generated,0.5,detector-sam-vit-b-lora-r8-all-img512-51265aec,51265aecd96858feeead19cc47f9bd3dc0af3fa7d793582482a9287a153c3e25,cpu
synth/stylegan2ada/stylegan2ada_img_03071.png,d8e2bfe490299685553f3229daa8452ae78b09e2f5abecaf26196478a6e4e47a,generated,stylegan2ada,calibration,western-blot-03071,15.499289512634277,0.9999997615814209,generated,0.5,detector-sam-vit-b-lora-r8-all-img512-51265aec,51265aecd96858feeead19cc47f9bd3dc0af3fa7d793582482a9287a153c3e25,cpu
synth/stylegan2ada/stylegan2ada_img_03101.png,3d74d48591c90d4c728d79a9e758ef64428a57404dbbf9f74d88f3232dbefd0d,generated,stylegan2ada,calibration,western-blot-03101,15.611454010009766,0.9999998807907104,generated,0.5,detector-sam-vit-b-lora-r8-all-img512-51265aec,51265aecd96858feeead19cc47f9bd3dc0af3fa7d793582482a9287a153c3e25,cpu
synth/stylegan2ada/stylegan2ada_img_03111.png,456d23dc4110c44650b31691336eb5966dc75530c2f6e8d703b1f5f4f51db5fe,generated,stylegan2ada,calibration,western-blot-03111,7.955236434936523,0.9996492862701416,generated,0.5,detector-sam-vit-b-lora-r8-all-img512-51265aec,51265aecd96858feeead19cc47f9bd3dc0af3fa7d793582482a9287a153c3e25,cpu
synth/stylegan2ada/stylegan2ada_img_03139.png,8ea2ffb58f51b8366eab53f1d7392078c6a07a900bd3e70382c617253dba9dc8,generated,stylegan2ada,calibration,western-blot-03139,13.953167915344238,0.9999991655349731,generated,0.5,detector-sam-vit-b-lora-r8-all-img512-51265aec,51265aecd96858feeead19cc47f9bd3dc0af3fa7d793582482a9287a153c3e25,cpu
synth/stylegan2ada/stylegan2ada_img_03143.png,9691a798076f4c030febab870cca0cb32726fb5a06f1880824c890b45debcef5,generated,stylegan2ada,calibration,western-blot-03143,14.296308517456055,0.9999994039535522,generated,0.5,detector-sam-vit-b-lora-r8-all-img512-51265aec,51265aecd96858feeead19cc47f9bd3dc0af3fa7d793582482a9287a153c3e25,cpu
synth/stylegan2ada/stylegan2ada_img_03144.png,da0b6060b565e344bba6bac24614a28772607dc58610f733aea6b5090a7019fa,generated,stylegan2ada,calibration,western-blot-03144,1.610934853553772,0.8335411548614502,generated,0.5,detector-sam-vit-b-lora-r8-all-img512-51265aec,51265aecd96858feeead19cc47f9bd3dc0af3fa7d793582482a9287a153c3e25,cpu
synth/stylegan2ada/stylegan2ada_img_03153.png,fc0cc6c01d93ab6ed577d2c31149f581e36f3ad64f06c4731563bb70ed7f1837,generated,stylegan2ada,calibration,western-blot-03153,2.1632442474365234,0.896899938583374,generated,0.5,detector-sam-vit-b-lora-r8-all-img512-51265aec,51265aecd96858feeead19cc47f9bd3dc0af3fa7d793582482a9287a153c3e25,cpu
synth/stylegan2ada/stylegan2ada_img_03184.png,5683104e39498309daab18973ba1e3413dcab903c8c6eb1e79648a31e21f95e6,generated,stylegan2ada,calibration,western-blot-03184,17.113779067993164,1.0,generated,0.5,detector-sam-vit-b-lora-r8-all-img512-51265aec,51265aecd96858feeead19cc47f9bd3dc0af3fa7d793582482a9287a153c3e25,cpu
synth/stylegan2ada/stylegan2ada_img_03187.png,53d0e47300d62db5cae6c13532b58dcedb9b80ee321a10c4e99aa33afef4d30f,generated,stylegan2ada,calibration,western-blot-03187,6.464348793029785,0.9984444975852966,generated,0.5,detector-sam-vit-b-lora-r8-all-img512-51265aec,51265aecd96858feeead19cc47f9bd3dc0af3fa7d793582482a9287a153c3e25,cpu
synth/stylegan2ada/stylegan2ada_img_03199.png,ee290acf9291fa2337cd8be310f0a03346570947c7a2897aa1efee55542670c3,generated,stylegan2ada,calibration,western-blot-03199,7.416190147399902,0.999398946762085,generated,0.5,detector-sam-vit-b-lora-r8-all-img512-51265aec,51265aecd96858feeead19cc47f9bd3dc0af3fa7d793582482a9287a153c3e25,cpu
synth/stylegan2ada/stylegan2ada_img_03208.png,4b22f75bb203d996d8b7d405e867d731e4d801ef9d09d2b28b0d034cc1e08519,generated,stylegan2ada,calibration,western-blot-03208,5.617978096008301,0.9963812232017517,generated,0.5,detector-sam-vit-b-lora-r8-all-img512-51265aec,51265aecd96858feeead19cc47f9bd3dc0af3fa7d793582482a9287a153c3e25,cpu
synth/stylegan2ada/stylegan2ada_img_03217.png,33dea906fc55ecefc56558ddbbe5483fac686f1571ce6da1a79cf1a20c4ed1ad,generated,stylegan2ada,calibration,western-blot-03217,7.923955917358398,0.9996381998062134,generated,0.5,detector-sam-vit-b-lora-r8-all-img512-51265aec,51265aecd96858feeead19cc47f9bd3dc0af3fa7d793582482a9287a153c3e25,cpu
synth/stylegan2ada/stylegan2ada_img_03219.png,9d475a86c5142618eabfa5ce3a65d6ecaeb5f5b6a6cbe26c3c683ab144acb0b0,generated,stylegan2ada,calibration,western-blot-03219,6.464469909667969,0.9984446167945862,generated,0.5,detector-sam-vit-b-lora-r8-all-img512-51265aec,51265aecd96858feeead19cc47f9bd3dc0af3fa7d793582482a9287a153c3e25,cpu
synth/stylegan2ada/stylegan2ada_img_03227.png,6db9d5c68d47a834efc53c7ce661ae343309b2584b6901f923994ae3f9b5f9a0,generated,stylegan2ada,calibration,western-blot-03227,2.2212448120117188,0.9021411538124084,generated,0.5,detector-sam-vit-b-lora-r8-all-img512-51265aec,51265aecd96858feeead19cc47f9bd3dc0af3fa7d793582482a9287a153c3e25,cpu
synth/stylegan2ada/stylegan2ada_img_03317.png,ea865de1166c5cee9901e3b46ccf13d794e6f9814adb80bb696e50c326a6b515,generated,stylegan2ada,calibration,western-blot-03317,8.089799880981445,0.9996935129165649,generated,0.5,detector-sam-vit-b-lora-r8-all-img512-51265aec,51265aecd96858feeead19cc47f9bd3dc0af3fa7d793582482a9287a153c3e25,cpu
synth/stylegan2ada/stylegan2ada_img_03322.png,9af33c131960f02e81c462a5cde716bcc6e595eb8cbc551d7070a8a4997adf50,generated,stylegan2ada,calibration,western-blot-03322,19.009275436401367,1.0,generated,0.5,detector-sam-vit-b-lora-r8-all-img512-51265aec,51265aecd96858feeead19cc47f9bd3dc0af3fa7d793582482a9287a153c3e25,cpu
synth/stylegan2ada/stylegan2ada_img_03331.png,2b87bd203d11ba7ddef7377a2f75ed61c9eefaec0824b5fc5772e8b975124e78,generated,stylegan2ada,calibration,western-blot-03331,0.9370770454406738,0.7185088396072388,generated,0.5,detector-sam-vit-b-lora-r8-all-img512-51265aec,51265aecd96858feeead19cc47f9bd3dc0af3fa7d793582482a9287a153c3e25,cpu
synth/stylegan2ada/stylegan2ada_img_03332.png,3449e2d069e4fc72a1600f1d462884dd32e2377852382cf1ee0947d8e2308094,generated,stylegan2ada,calibration,western-blot-03332,-3.124023199081421,0.04212712496519089,original,0.5,detector-sam-vit-b-lora-r8-all-img512-51265aec,51265aecd96858feeead19cc47f9bd3dc0af3fa7d793582482a9287a153c3e25,cpu
synth/stylegan2ada/stylegan2ada_img_03342.png,0236de2f385caf1ed6b228cb7dd99c598c58e066f2c40457077d44ed49c1cc66,generated,stylegan2ada,calibration,western-blot-03342,14.153078079223633,0.9999992847442627,generated,0.5,detector-sam-vit-b-lora-r8-all-img512-51265aec,51265aecd96858feeead19cc47f9bd3dc0af3fa7d793582482a9287a153c3e25,cpu
synth/stylegan2ada/stylegan2ada_img_03348.png,b971ec5838972beb051e5cebeb25c41c242a66fbfe81fbd8acc25c2acb6f4867,generated,stylegan2ada,calibration,western-blot-03348,2.0792794227600098,0.8888728618621826,generated,0.5,detector-sam-vit-b-lora-r8-all-img512-51265aec,51265aecd96858feeead19cc47f9bd3dc0af3fa7d793582482a9287a153c3e25,cpu
synth/stylegan2ada/stylegan2ada_img_03384.png,0bdd713d1a1c8423e9b9ab8129a37edbf81aeccfc2cba19050f6544c7eb60c33,generated,stylegan2ada,calibration,western-blot-03384,18.18616485595703,1.0,generated,0.5,detector-sam-vit-b-lora-r8-all-img512-51265aec,51265aecd96858feeead19cc47f9bd3dc0af3fa7d793582482a9287a153c3e25,cpu
synth/stylegan2ada/stylegan2ada_img_03427.png,b04af330cde0cf97c7596c7a99e0953ac182721e5975524b1b77f1951784b92f,generated,stylegan2ada,calibration,western-blot-03427,3.602741003036499,0.973473846912384,generated,0.5,detector-sam-vit-b-lora-r8-all-img512-51265aec,51265aecd96858feeead19cc47f9bd3dc0af3fa7d793582482a9287a153c3e25,cpu
synth/stylegan2ada/stylegan2ada_img_03451.png,00df77f2209a5042501177d2a9f4f9b1c2778e77d581f59ebadd70b38266450a,generated,stylegan2ada,calibration,western-blot-03451,19.940776824951172,1.0,generated,0.5,detector-sam-vit-b-lora-r8-all-img512-51265aec,51265aecd96858feeead19cc47f9bd3dc0af3fa7d793582482a9287a153c3e25,cpu
synth/stylegan2ada/stylegan2ada_img_03464.png,ce430729d1ec175a0ed94009850cb153b35b9bc02d9b6434b0addbb56f7970dd,generated,stylegan2ada,calibration,western-blot-03464,1.521046757698059,0.8206925392150879,generated,0.5,detector-sam-vit-b-lora-r8-all-img512-51265aec,51265aecd96858feeead19cc47f9bd3dc0af3fa7d793582482a9287a153c3e25,cpu
synth/stylegan2ada/stylegan2ada_img_03477.png,103a751ed4e82263f82399e97720ce1a626049fa53cc3acdeb90667422eec2de,generated,stylegan2ada,calibration,western-blot-03477,21.4943904876709,1.0,generated,0.5,detector-sam-vit-b-lora-r8-all-img512-51265aec,51265aecd96858feeead19cc47f9bd3dc0af3fa7d793582482a9287a153c3e25,cpu
synth/stylegan2ada/stylegan2ada_img_03480.png,464b349b6a3bcd6f1b6d186bdda8d3d7ebc36a992d1f2135ec2f28b460539aa7,generated,stylegan2ada,calibration,western-blot-03480,17.886653900146484,1.0,generated,0.5,detector-sam-vit-b-lora-r8-all-img512-51265aec,51265aecd96858feeead19cc47f9bd3dc0af3fa7d793582482a9287a153c3e25,cpu
synth/stylegan2ada/stylegan2ada_img_03500.png,57efe4f93dd916ae9d70c690b72c48c06c06ba674cc8e67a789cfea0492dd726,generated,stylegan2ada,calibration,western-blot-03500,12.248462677001953,0.999995231628418,generated,0.5,detector-sam-vit-b-lora-r8-all-img512-51265aec,51265aecd96858feeead19cc47f9bd3dc0af3fa7d793582482a9287a153c3e25,cpu
synth/stylegan2ada/stylegan2ada_img_03518.png,c86ff5b53e7a5ab6b53e312d760b153c43e0891628f1dcfab81f1773f62eaebc,generated,stylegan2ada,calibration,western-blot-03518,19.85902976989746,1.0,generated,0.5,detector-sam-vit-b-lora-r8-all-img512-51265aec,51265aecd96858feeead19cc47f9bd3dc0af3fa7d793582482a9287a153c3e25,cpu
synth/stylegan2ada/stylegan2ada_img_03520.png,e0dace3abdd407f1675a978941efd34948d6a1691a5a97149d6c803044573177,generated,stylegan2ada,calibration,western-blot-03520,12.349729537963867,0.9999957084655762,generated,0.5,detector-sam-vit-b-lora-r8-all-img512-51265aec,51265aecd96858feeead19cc47f9bd3dc0af3fa7d793582482a9287a153c3e25,cpu
synth/stylegan2ada/stylegan2ada_img_03525.png,b65811c18c445b19bdef57cb93959fb61d1354bd71cc984329c3c9c2df175e9e,generated,stylegan2ada,calibration,western-blot-03525,12.279672622680664,0.9999953508377075,generated,0.5,detector-sam-vit-b-lora-r8-all-img512-51265aec,51265aecd96858feeead19cc47f9bd3dc0af3fa7d793582482a9287a153c3e25,cpu
synth/stylegan2ada/stylegan2ada_img_03526.png,46239f9f29bb51f69fcf7757941a1397daf190dfbeac917aa2ed8bb49fd7a257,generated,stylegan2ada,calibration,western-blot-03526,23.86161231994629,1.0,generated,0.5,detector-sam-vit-b-lora-r8-all-img512-51265aec,51265aecd96858feeead19cc47f9bd3dc0af3fa7d793582482a9287a153c3e25,cpu
synth/stylegan2ada/stylegan2ada_img_03560.png,5cddb06d1595ff30a34614102013997935e360a1b0326f6528972a4265cf00dd,generated,stylegan2ada,calibration,western-blot-03560,0.4236583709716797,0.6043583154678345,generated,0.5,detector-sam-vit-b-lora-r8-all-img512-51265aec,51265aecd96858feeead19cc47f9bd3dc0af3fa7d793582482a9287a153c3e25,cpu
synth/stylegan2ada/stylegan2ada_img_03571.png,06e43b6390dec5aee775e672d5fef0328bfc09bb7c5f871ace47c35190f32bf9,generated,stylegan2ada,calibration,western-blot-03571,4.458200454711914,0.9885494112968445,generated,0.5,detector-sam-vit-b-lora-r8-all-img512-51265aec,51265aecd96858feeead19cc47f9bd3dc0af3fa7d793582482a9287a153c3e25,cpu
synth/stylegan2ada/stylegan2ada_img_03592.png,fd0e24a58efccda2d65cd4007e473eb9fb977b7dbf75a362e24422320fa24ae7,generated,stylegan2ada,calibration,western-blot-03592,14.68832778930664,0.9999995231628418,generated,0.5,detector-sam-vit-b-lora-r8-all-img512-51265aec,51265aecd96858feeead19cc47f9bd3dc0af3fa7d793582482a9287a153c3e25,cpu
synth/stylegan2ada/stylegan2ada_img_03593.png,a12bc4aafb313a548ac6a7de10a291dde57cd66fc83a0ba67c68d065b0ae6ae5,generated,stylegan2ada,calibration,western-blot-03593,10.805335998535156,0.9999797344207764,generated,0.5,detector-sam-vit-b-lora-r8-all-img512-51265aec,51265aecd96858feeead19cc47f9bd3dc0af3fa7d793582482a9287a153c3e25,cpu
synth/stylegan2ada/stylegan2ada_img_03596.png,9c595a45586253abadb6545bad701b75986c501e55a4359416b477e09e645b5a,generated,stylegan2ada,calibration,western-blot-03596,0.18702010810375214,0.5466192364692688,generated,0.5,detector-sam-vit-b-lora-r8-all-img512-51265aec,51265aecd96858feeead19cc47f9bd3dc0af3fa7d793582482a9287a153c3e25,cpu
synth/stylegan2ada/stylegan2ada_img_03597.png,f284011428985d19e36a0eb3c0fd91ad10bd027d3a46de69b39909aeefcc72a8,generated,stylegan2ada,calibration,western-blot-03597,12.436332702636719,0.9999960660934448,generated,0.5,detector-sam-vit-b-lora-r8-all-img512-51265aec,51265aecd96858feeead19cc47f9bd3dc0af3fa7d793582482a9287a153c3e25,cpu
synth/stylegan2ada/stylegan2ada_img_03613.png,b18d742bbb30954f5d15f9c35adde80ee91135b49eb59b8c2a2ac40a09d0722e,generated,stylegan2ada,calibration,western-blot-03613,12.40504264831543,0.9999959468841553,generated,0.5,detector-sam-vit-b-lora-r8-all-img512-51265aec,51265aecd96858feeead19cc47f9bd3dc0af3fa7d793582482a9287a153c3e25,cpu
synth/stylegan2ada/stylegan2ada_img_03617.png,612f63cf633a046410ed248285c665f9e8eadda088862f613d67f08787f9d937,generated,stylegan2ada,calibration,western-blot-03617,5.0683746337890625,0.9937467575073242,generated,0.5,detector-sam-vit-b-lora-r8-all-img512-51265aec,51265aecd96858feeead19cc47f9bd3dc0af3fa7d793582482a9287a153c3e25,cpu
synth/stylegan2ada/stylegan2ada_img_03631.png,41371504e20ffa6116722a42daf515f84e0cb4e8753f47e682887d5b5b865b5e,generated,stylegan2ada,calibration,western-blot-03631,20.071229934692383,1.0,generated,0.5,detector-sam-vit-b-lora-r8-all-img512-51265aec,51265aecd96858feeead19cc47f9bd3dc0af3fa7d793582482a9287a153c3e25,cpu
synth/stylegan2ada/stylegan2ada_img_03667.png,0f7f65e34f8a7079c851d91f3b600e8dac31169f9bfaeb4e8c60624a4d944d48,generated,stylegan2ada,calibration,western-blot-03667,22.409059524536133,1.0,generated,0.5,detector-sam-vit-b-lora-r8-all-img512-51265aec,51265aecd96858feeead19cc47f9bd3dc0af3fa7d793582482a9287a153c3e25,cpu
synth/stylegan2ada/stylegan2ada_img_03745.png,f56609e4b572777b6d22eb1e2ace4a39bcb60870bcb8696bfd73cd9ce5598851,generated,stylegan2ada,calibration,western-blot-03745,18.07168960571289,1.0,generated,0.5,detector-sam-vit-b-lora-r8-all-img512-51265aec,51265aecd96858feeead19cc47f9bd3dc0af3fa7d793582482a9287a153c3e25,cpu
synth/stylegan2ada/stylegan2ada_img_03756.png,06483c573d5d19b181e41a2a51ee8e2d732209436efdee58632f24b9ef5d5b44,generated,stylegan2ada,calibration,western-blot-03756,11.200756072998047,0.9999862909317017,generated,0.5,detector-sam-vit-b-lora-r8-all-img512-51265aec,51265aecd96858feeead19cc47f9bd3dc0af3fa7d793582482a9287a153c3e25,cpu
synth/stylegan2ada/stylegan2ada_img_03777.png,7047f72131ef98510b103cb42a50a3390c279a062ee2321f774ab1651a5818a4,generated,stylegan2ada,calibration,western-blot-03777,8.388214111328125,0.9997724890708923,generated,0.5,detector-sam-vit-b-lora-r8-all-img512-51265aec,51265aecd96858feeead19cc47f9bd3dc0af3fa7d793582482a9287a153c3e25,cpu
synth/stylegan2ada/stylegan2ada_img_03779.png,f083d999b56e9c6b64aec298902f92ced6c250cb6132c58a59c822c269223c0c,generated,stylegan2ada,calibration,western-blot-03779,20.002538681030273,1.0,generated,0.5,detector-sam-vit-b-lora-r8-all-img512-51265aec,51265aecd96858feeead19cc47f9bd3dc0af3fa7d793582482a9287a153c3e25,cpu
synth/stylegan2ada/stylegan2ada_img_03782.png,6da9d96f99433bd72197ea8720c3131eda41a43a3057b19756719ae486897146,generated,stylegan2ada,calibration,western-blot-03782,14.261104583740234,0.9999994039535522,generated,0.5,detector-sam-vit-b-lora-r8-all-img512-51265aec,51265aecd96858feeead19cc47f9bd3dc0af3fa7d793582482a9287a153c3e25,cpu
synth/stylegan2ada/stylegan2ada_img_03793.png,07dcf333f76090ce7026b5a27441589666f7dd8869c6dc7f915b35660f738dff,generated,stylegan2ada,calibration,western-blot-03793,17.74464225769043,1.0,generated,0.5,detector-sam-vit-b-lora-r8-all-img512-51265aec,51265aecd96858feeead19cc47f9bd3dc0af3fa7d793582482a9287a153c3e25,cpu
synth/stylegan2ada/stylegan2ada_img_03794.png,bbee9c706f35c1926d135055e6a095b389cdeeae9fa1c41c5880093d4af6ba08,generated,stylegan2ada,calibration,western-blot-03794,6.000335216522217,0.9975282549858093,generated,0.5,detector-sam-vit-b-lora-r8-all-img512-51265aec,51265aecd96858feeead19cc47f9bd3dc0af3fa7d793582482a9287a153c3e25,cpu
synth/stylegan2ada/stylegan2ada_img_03852.png,3bd7fa7e8cd3c32e6ded9ccd32834eca417072dd4d2f14cc8db518a11d04f032,generated,stylegan2ada,calibration,western-blot-03852,16.214393615722656,0.9999998807907104,generated,0.5,detector-sam-vit-b-lora-r8-all-img512-51265aec,51265aecd96858feeead19cc47f9bd3dc0af3fa7d793582482a9287a153c3e25,cpu
synth/stylegan2ada/stylegan2ada_img_03863.png,21efb5b06f99582754cb65d143884cf8b34ecc1fb53f969177018419a5d9fed7,generated,stylegan2ada,calibration,western-blot-03863,19.59581756591797,1.0,generated,0.5,detector-sam-vit-b-lora-r8-all-img512-51265aec,51265aecd96858feeead19cc47f9bd3dc0af3fa7d793582482a9287a153c3e25,cpu
synth/stylegan2ada/stylegan2ada_img_03869.png,72b8bfd5198e0462f352af595de4a968306fc62da6793477ee39b9875dbd7db8,generated,stylegan2ada,calibration,western-blot-03869,16.936800003051758,1.0,generated,0.5,detector-sam-vit-b-lora-r8-all-img512-51265aec,51265aecd96858feeead19cc47f9bd3dc0af3fa7d793582482a9287a153c3e25,cpu
synth/stylegan2ada/stylegan2ada_img_03883.png,790c7992424a0f18697ee4f6b1117072bb3eab9c78f3861650a9f15291b275d3,generated,stylegan2ada,calibration,western-blot-03883,12.68919563293457,0.9999969005584717,generated,0.5,detector-sam-vit-b-lora-r8-all-img512-51265aec,51265aecd96858feeead19cc47f9bd3dc0af3fa7d793582482a9287a153c3e25,cpu
synth/stylegan2ada/stylegan2ada_img_03889.png,b043164b96db57685140ece9a51963e3e4aee37c1942aeea2273b84e6c6a335c,generated,stylegan2ada,calibration,western-blot-03889,17.923696517944336,1.0,generated,0.5,detector-sam-vit-b-lora-r8-all-img512-51265aec,51265aecd96858feeead19cc47f9bd3dc0af3fa7d793582482a9287a153c3e25,cpu
synth/stylegan2ada/stylegan2ada_img_03896.png,4b1ef82fb9638e1213f41ac36adef40373fc43ade2ed565f1fabe9805bffe0e0,generated,stylegan2ada,calibration,western-blot-03896,12.66745376586914,0.9999969005584717,generated,0.5,detector-sam-vit-b-lora-r8-all-img512-51265aec,51265aecd96858feeead19cc47f9bd3dc0af3fa7d793582482a9287a153c3e25,cpu
synth/stylegan2ada/stylegan2ada_img_03903.png,722c25be1308cef2fedcbe1a60306323ac73f448a89a36833e2a206009cc0eb9,generated,stylegan2ada,calibration,western-blot-03903,6.671506881713867,0.9987351298332214,generated,0.5,detector-sam-vit-b-lora-r8-all-img512-51265aec,51265aecd96858feeead19cc47f9bd3dc0af3fa7d793582482a9287a153c3e25,cpu
synth/stylegan2ada/stylegan2ada_img_03904.png,4cfb9c31c07694737bbda31c87eb52aa14bc444d3cc0f6f91c2031563c56b57d,generated,stylegan2ada,calibration,western-blot-03904,7.885136604309082,0.9996237754821777,generated,0.5,detector-sam-vit-b-lora-r8-all-img512-51265aec,51265aecd96858feeead19cc47f9bd3dc0af3fa7d793582482a9287a153c3e25,cpu
synth/stylegan2ada/stylegan2ada_img_03908.png,47cc654ad9f9e34ee423fc3897619c31dc3a9ee2029d811a0fef2e4651ab3ac1,generated,stylegan2ada,calibration,western-blot-03908,13.941835403442383,0.9999991655349731,generated,0.5,detector-sam-vit-b-lora-r8-all-img512-51265aec,51265aecd96858feeead19cc47f9bd3dc0af3fa7d793582482a9287a153c3e25,cpu
synth/stylegan2ada/stylegan2ada_img_03909.png,b0ec6331dd28f566bddc55e070cfc2d56b61105d294785cb832a251f8b33209c,generated,stylegan2ada,calibration,western-blot-03909,11.952439308166504,0.9999935626983643,generated,0.5,detector-sam-vit-b-lora-r8-all-img512-51265aec,51265aecd96858feeead19cc47f9bd3dc0af3fa7d793582482a9287a153c3e25,cpu
synth/stylegan2ada/stylegan2ada_img_03916.png,73406704bcda4c1a9ab49a36f51b056c87a8f4b145eca547c42b5fc10fdac23e,generated,stylegan2ada,calibration,western-blot-03916,8.28738784790039,0.9997484087944031,generated,0.5,detector-sam-vit-b-lora-r8-all-img512-51265aec,51265aecd96858feeead19cc47f9bd3dc0af3fa7d793582482a9287a153c3e25,cpu
synth/stylegan2ada/stylegan2ada_img_03921.png,cd185d00108d2589ca01cf9fa34932458fb5230d8ed39a863a2a55cffd676345,generated,stylegan2ada,calibration,western-blot-03921,14.594124794006348,0.9999995231628418,generated,0.5,detector-sam-vit-b-lora-r8-all-img512-51265aec,51265aecd96858feeead19cc47f9bd3dc0af3fa7d793582482a9287a153c3e25,cpu
synth/stylegan2ada/stylegan2ada_img_03932.png,fdfc319cc2932d13fab8118c1fb46a9731bc15cbcb19662b7836a05fc555e36f,generated,stylegan2ada,calibration,western-blot-03932,7.075924396514893,0.9991555213928223,generated,0.5,detector-sam-vit-b-lora-r8-all-img512-51265aec,51265aecd96858feeead19cc47f9bd3dc0af3fa7d793582482a9287a153c3e25,cpu
synth/stylegan2ada/stylegan2ada_img_03938.png,d6a083a13f75649b149cc0c160e244c88410f7b4f573290ea4c87524e577a808,generated,stylegan2ada,calibration,western-blot-03938,1.492878794670105,0.8165099620819092,generated,0.5,detector-sam-vit-b-lora-r8-all-img512-51265aec,51265aecd96858feeead19cc47f9bd3dc0af3fa7d793582482a9287a153c3e25,cpu
synth/stylegan2ada/stylegan2ada_img_03967.png,6aacf55994e51ce24634b20b59f23271401228cb6963025954426002911cde15,generated,stylegan2ada,calibration,western-blot-03967,13.295427322387695,0.9999983310699463,generated,0.5,detector-sam-vit-b-lora-r8-all-img512-51265aec,51265aecd96858feeead19cc47f9bd3dc0af3fa7d793582482a9287a153c3e25,cpu
synth/stylegan2ada/stylegan2ada_img_03969.png,1f4003b59fa73158abc62203221e9b263c8e477e8b2b99ba3687f5009c1f5c46,generated,stylegan2ada,calibration,western-blot-03969,16.38871192932129,0.9999998807907104,generated,0.5,detector-sam-vit-b-lora-r8-all-img512-51265aec,51265aecd96858feeead19cc47f9bd3dc0af3fa7d793582482a9287a153c3e25,cpu
synth/stylegan2ada/stylegan2ada_img_03993.png,a16545115e0e3592f668c73d4e819b377c90777ffc26795773f7cf508ba76b4d,generated,stylegan2ada,calibration,western-blot-03993,14.543466567993164,0.9999995231628418,generated,0.5,detector-sam-vit-b-lora-r8-all-img512-51265aec,51265aecd96858feeead19cc47f9bd3dc0af3fa7d793582482a9287a153c3e25,cpu
synth/stylegan2ada/stylegan2ada_img_03994.png,8092175ce694d0ca6105afb310ed886eeb3353faf4c7f12433f71efcf17cbea5,generated,stylegan2ada,calibration,western-blot-03994,13.223546981811523,0.9999982118606567,generated,0.5,detector-sam-vit-b-lora-r8-all-img512-51265aec,51265aecd96858feeead19cc47f9bd3dc0af3fa7d793582482a9287a153c3e25,cpu
synth/stylegan2ada/stylegan2ada_img_03995.png,5e29c4fe82f54c3923eb9937f21403488e16fe7ef45c1ac9b4bdc9b8f62fd670,generated,stylegan2ada,calibration,western-blot-03995,5.278866767883301,0.9949276447296143,generated,0.5,detector-sam-vit-b-lora-r8-all-img512-51265aec,51265aecd96858feeead19cc47f9bd3dc0af3fa7d793582482a9287a153c3e25,cpu
synth/stylegan2ada/stylegan2ada_img_03996.png,30c63b64454d0e3400252d6c081cc021ebb7612ad00c1d25511a7a58b91f1821,generated,stylegan2ada,calibration,western-blot-03996,18.542316436767578,1.0,generated,0.5,detector-sam-vit-b-lora-r8-all-img512-51265aec,51265aecd96858feeead19cc47f9bd3dc0af3fa7d793582482a9287a153c3e25,cpu
synth/stylegan2ada/stylegan2ada_img_04005.png,8ae1a8f7c3ea6e97712914cc169531b6a5e5211c3e7942e7743d3de8417b8a02,generated,stylegan2ada,calibration,western-blot-04005,27.4915828704834,1.0,generated,0.5,detector-sam-vit-b-lora-r8-all-img512-51265aec,51265aecd96858feeead19cc47f9bd3dc0af3fa7d793582482a9287a153c3e25,cpu
synth/stylegan2ada/stylegan2ada_img_04017.png,c747b5a082c2057befc80150c1894b3b68ca8d3d8b68d63345c37647713bb62d,generated,stylegan2ada,calibration,western-blot-04017,22.8686466217041,1.0,generated,0.5,detector-sam-vit-b-lora-r8-all-img512-51265aec,51265aecd96858feeead19cc47f9bd3dc0af3fa7d793582482a9287a153c3e25,cpu
synth/stylegan2ada/stylegan2ada_img_04023.png,9bc507ad34575856560a004f347378974c1f8ebf73d4abd22e90a201a385490b,generated,stylegan2ada,calibration,western-blot-04023,6.212153434753418,0.9979991316795349,generated,0.5,detector-sam-vit-b-lora-r8-all-img512-51265aec,51265aecd96858feeead19cc47f9bd3dc0af3fa7d793582482a9287a153c3e25,cpu
synth/stylegan2ada/stylegan2ada_img_04031.png,05fd6c29f9013522a3b29f1c780274bc72597546a9ddc20304ffdb84b9a674f8,generated,stylegan2ada,calibration,western-blot-04031,10.963720321655273,0.9999827146530151,generated,0.5,detector-sam-vit-b-lora-r8-all-img512-51265aec,51265aecd96858feeead19cc47f9bd3dc0af3fa7d793582482a9287a153c3e25,cpu
synth/stylegan2ada/stylegan2ada_img_04036.png,39904b623f620746bc27dcc8cf6db45a41b88058b9445256865881003666f6d7,generated,stylegan2ada,calibration,western-blot-04036,23.328495025634766,1.0,generated,0.5,detector-sam-vit-b-lora-r8-all-img512-51265aec,51265aecd96858feeead19cc47f9bd3dc0af3fa7d793582482a9287a153c3e25,cpu
synth/stylegan2ada/stylegan2ada_img_04046.png,c74e6c55f3150b8962d703b1dd3cdb420680fc3b627cee0d749020fff5045f69,generated,stylegan2ada,calibration,western-blot-04046,14.30306339263916,0.9999994039535522,generated,0.5,detector-sam-vit-b-lora-r8-all-img512-51265aec,51265aecd96858feeead19cc47f9bd3dc0af3fa7d793582482a9287a153c3e25,cpu
synth/stylegan2ada/stylegan2ada_img_04051.png,344418fb9c24828c91ae94096719e0b645ab041739946a95122c97b9ddbeb31f,generated,stylegan2ada,calibration,western-blot-04051,12.622289657592773,0.9999966621398926,generated,0.5,detector-sam-vit-b-lora-r8-all-img512-51265aec,51265aecd96858feeead19cc47f9bd3dc0af3fa7d793582482a9287a153c3e25,cpu
synth/stylegan2ada/stylegan2ada_img_04052.png,0846e84b0aa50836723479e6658e78f55c8524dd4df150e9ccc323a6ca27460a,generated,stylegan2ada,calibration,western-blot-04052,16.346477508544922,0.9999998807907104,generated,0.5,detector-sam-vit-b-lora-r8-all-img512-51265aec,51265aecd96858feeead19cc47f9bd3dc0af3fa7d793582482a9287a153c3e25,cpu
synth/stylegan2ada/stylegan2ada_img_04063.png,00a40d257d7c20642293f696841c73127c44a5201f80bfa2d38ff82f6867b241,generated,stylegan2ada,calibration,western-blot-04063,16.45486068725586,0.9999998807907104,generated,0.5,detector-sam-vit-b-lora-r8-all-img512-51265aec,51265aecd96858feeead19cc47f9bd3dc0af3fa7d793582482a9287a153c3e25,cpu
synth/stylegan2ada/stylegan2ada_img_04071.png,367c6712e1a351f3226ed0d24d58c5ffbb046e5c1146ba05638acab166fb4d4c,generated,stylegan2ada,calibration,western-blot-04071,18.39359474182129,1.0,generated,0.5,detector-sam-vit-b-lora-r8-all-img512-51265aec,51265aecd96858feeead19cc47f9bd3dc0af3fa7d793582482a9287a153c3e25,cpu
synth/stylegan2ada/stylegan2ada_img_04073.png,15f7f96bf7b6777ea20c33dfc2d2d6b17121304dc05b27a0c1474c0c773131cc,generated,stylegan2ada,calibration,western-blot-04073,20.71200180053711,1.0,generated,0.5,detector-sam-vit-b-lora-r8-all-img512-51265aec,51265aecd96858feeead19cc47f9bd3dc0af3fa7d793582482a9287a153c3e25,cpu
synth/stylegan2ada/stylegan2ada_img_04119.png,e10386beea7ce70f8355fa6c00e27615d714c97413009508588f49413773c263,generated,stylegan2ada,calibration,western-blot-04119,17.331912994384766,1.0,generated,0.5,detector-sam-vit-b-lora-r8-all-img512-51265aec,51265aecd96858feeead19cc47f9bd3dc0af3fa7d793582482a9287a153c3e25,cpu
synth/stylegan2ada/stylegan2ada_img_04135.png,42b09d90dc293b5d78a5a3a5059ad22399880a7b0fbe0ba5c4cbec8adaa16224,generated,stylegan2ada,calibration,western-blot-04135,20.158613204956055,1.0,generated,0.5,detector-sam-vit-b-lora-r8-all-img512-51265aec,51265aecd96858feeead19cc47f9bd3dc0af3fa7d793582482a9287a153c3e25,cpu
synth/stylegan2ada/stylegan2ada_img_04142.png,157455b11ff03f00f59014c7ff9091744b0e16243781683db5e30ac38c91275b,generated,stylegan2ada,calibration,western-blot-04142,22.266681671142578,1.0,generated,0.5,detector-sam-vit-b-lora-r8-all-img512-51265aec,51265aecd96858feeead19cc47f9bd3dc0af3fa7d793582482a9287a153c3e25,cpu
synth/stylegan2ada/stylegan2ada_img_04167.png,d7770686fb44429cfd138096eb964a9aa4d7f17f58b61a23337390bbcf642d1d,generated,stylegan2ada,calibration,western-blot-04167,13.12859058380127,0.9999979734420776,generated,0.5,detector-sam-vit-b-lora-r8-all-img512-51265aec,51265aecd96858feeead19cc47f9bd3dc0af3fa7d793582482a9287a153c3e25,cpu
synth/stylegan2ada/stylegan2ada_img_04171.png,0a7af4dd33bb7f06001cfd81bb2bd3424b894f93edbb3891edddd52779bcd0ee,generated,stylegan2ada,calibration,western-blot-04171,13.846746444702148,0.9999990463256836,generated,0.5,detector-sam-vit-b-lora-r8-all-img512-51265aec,51265aecd96858feeead19cc47f9bd3dc0af3fa7d793582482a9287a153c3e25,cpu
synth/stylegan2ada/stylegan2ada_img_04181.png,3bc1b5a80bc406309cdc6bc24104b0a20eb62577af64d3513f606d53c3df3269,generated,stylegan2ada,calibration,western-blot-04181,8.792569160461426,0.9998481273651123,generated,0.5,detector-sam-vit-b-lora-r8-all-img512-51265aec,51265aecd96858feeead19cc47f9bd3dc0af3fa7d793582482a9287a153c3e25,cpu
synth/stylegan2ada/stylegan2ada_img_04187.png,08bf220dcb3778be7dafdb2f7741ac5cb5b952cb282c0bc44b64dad468028039,generated,stylegan2ada,calibration,western-blot-04187,24.7607364654541,1.0,generated,0.5,detector-sam-vit-b-lora-r8-all-img512-51265aec,51265aecd96858feeead19cc47f9bd3dc0af3fa7d793582482a9287a153c3e25,cpu
synth/stylegan2ada/stylegan2ada_img_04202.png,3a10a1ed8aeb1ccd3a6f7da03d42b16e28b9dfb04bfcbb4b741ebf18d1436bfd,generated,stylegan2ada,calibration,western-blot-04202,17.31148910522461,1.0,generated,0.5,detector-sam-vit-b-lora-r8-all-img512-51265aec,51265aecd96858feeead19cc47f9bd3dc0af3fa7d793582482a9287a153c3e25,cpu
synth/stylegan2ada/stylegan2ada_img_04209.png,15baecd1f6fa9cd16a90107682d8f551158a45992304204c20444edf09a51975,generated,stylegan2ada,calibration,western-blot-04209,24.438644409179688,1.0,generated,0.5,detector-sam-vit-b-lora-r8-all-img512-51265aec,51265aecd96858feeead19cc47f9bd3dc0af3fa7d793582482a9287a153c3e25,cpu
synth/stylegan2ada/stylegan2ada_img_04213.png,8d439b8a5256388e8eaccc9442ee3a2cb7aee9225c16708c7826c7c8311ccdd8,generated,stylegan2ada,calibration,western-blot-04213,20.47439956665039,1.0,generated,0.5,detector-sam-vit-b-lora-r8-all-img512-51265aec,51265aecd96858feeead19cc47f9bd3dc0af3fa7d793582482a9287a153c3e25,cpu
synth/stylegan2ada/stylegan2ada_img_04216.png,30f293c9e52c637f3308ac4a3978bbb4234efb01a27350a9290bb8d5c9884fbd,generated,stylegan2ada,calibration,western-blot-04216,11.185909271240234,0.9999861717224121,generated,0.5,detector-sam-vit-b-lora-r8-all-img512-51265aec,51265aecd96858feeead19cc47f9bd3dc0af3fa7d793582482a9287a153c3e25,cpu
synth/stylegan2ada/stylegan2ada_img_04244.png,cd8797c62d0df172e50f3cd940147ffe8a033e46ceec431ff411bbd1ceb0fcc8,generated,stylegan2ada,calibration,western-blot-04244,19.402009963989258,1.0,generated,0.5,detector-sam-vit-b-lora-r8-all-img512-51265aec,51265aecd96858feeead19cc47f9bd3dc0af3fa7d793582482a9287a153c3e25,cpu
synth/stylegan2ada/stylegan2ada_img_04260.png,f33b3f69cdeaf6a02c8e8ce816118d4756fb6fd1f4668e142d9dc896b16eb5f8,generated,stylegan2ada,calibration,western-blot-04260,14.629838943481445,0.9999995231628418,generated,0.5,detector-sam-vit-b-lora-r8-all-img512-51265aec,51265aecd96858feeead19cc47f9bd3dc0af3fa7d793582482a9287a153c3e25,cpu
synth/stylegan2ada/stylegan2ada_img_04265.png,cd20320769a438468dbee98c2ba1f99df7fd9adffd9f9029fd4beb0eca75cf08,generated,stylegan2ada,calibration,western-blot-04265,17.93781852722168,1.0,generated,0.5,detector-sam-vit-b-lora-r8-all-img512-51265aec,51265aecd96858feeead19cc47f9bd3dc0af3fa7d793582482a9287a153c3e25,cpu
synth/stylegan2ada/stylegan2ada_img_04278.png,0744e410f343a07949027a6e74c75283dc2e44eead40e34d20b9e503fad8206a,generated,stylegan2ada,calibration,western-blot-04278,17.653549194335938,1.0,generated,0.5,detector-sam-vit-b-lora-r8-all-img512-51265aec,51265aecd96858feeead19cc47f9bd3dc0af3fa7d793582482a9287a153c3e25,cpu
synth/stylegan2ada/stylegan2ada_img_04288.png,693545c6abe3a329ce6e9d1cda126a6a454b50c2349bebfa1725d6008118d5e5,generated,stylegan2ada,calibration,western-blot-04288,20.822946548461914,1.0,generated,0.5,detector-sam-vit-b-lora-r8-all-img512-51265aec,51265aecd96858feeead19cc47f9bd3dc0af3fa7d793582482a9287a153c3e25,cpu
synth/stylegan2ada/stylegan2ada_img_04292.png,1bb62e44746cbf6db9893327b82001b6197cd6046124601c388870082ce4a8c0,generated,stylegan2ada,calibration,western-blot-04292,12.564722061157227,0.999996542930603,generated,0.5,detector-sam-vit-b-lora-r8-all-img512-51265aec,51265aecd96858feeead19cc47f9bd3dc0af3fa7d793582482a9287a153c3e25,cpu
synth/stylegan2ada/stylegan2ada_img_04300.png,214d2f27894a530c5164e48f19e4d8eb6903562d551b8073051262c9b240771a,generated,stylegan2ada,calibration,western-blot-04300,19.57002067565918,1.0,generated,0.5,detector-sam-vit-b-lora-r8-all-img512-51265aec,51265aecd96858feeead19cc47f9bd3dc0af3fa7d793582482a9287a153c3e25,cpu
synth/stylegan2ada/stylegan2ada_img_04307.png,5d56eeea2d3ae51d7c32378c026cec1931dbc657c6004f7c6616ad7bf04db657,generated,stylegan2ada,calibration,western-blot-04307,18.71906280517578,1.0,generated,0.5,detector-sam-vit-b-lora-r8-all-img512-51265aec,51265aecd96858feeead19cc47f9bd3dc0af3fa7d793582482a9287a153c3e25,cpu
synth/stylegan2ada/stylegan2ada_img_04309.png,b38caea67c1dc5bc1ed2be36130ea55f624843e7e354da964fa2df746b55d3f3,generated,stylegan2ada,calibration,western-blot-04309,16.045753479003906,0.9999998807907104,generated,0.5,detector-sam-vit-b-lora-r8-all-img512-51265aec,51265aecd96858feeead19cc47f9bd3dc0af3fa7d793582482a9287a153c3e25,cpu
synth/stylegan2ada/stylegan2ada_img_04315.png,4a51142cb864b282d5a9102237cf765a46714dd50b258ee19310d7c9eda6d9ef,generated,stylegan2ada,calibration,western-blot-04315,15.178537368774414,0.9999997615814209,generated,0.5,detector-sam-vit-b-lora-r8-all-img512-51265aec,51265aecd96858feeead19cc47f9bd3dc0af3fa7d793582482a9287a153c3e25,cpu
synth/stylegan2ada/stylegan2ada_img_04317.png,7e43c6a923f7f8ef3db6b55fc8ad0a46798fd1f0de8b09499bd8dfde1a7a8700,generated,stylegan2ada,calibration,western-blot-04317,18.93390655517578,1.0,generated,0.5,detector-sam-vit-b-lora-r8-all-img512-51265aec,51265aecd96858feeead19cc47f9bd3dc0af3fa7d793582482a9287a153c3e25,cpu
synth/stylegan2ada/stylegan2ada_img_04324.png,c9f51a5f94f0d7e6aac5e22e2d810a6be26922aa2cd4799761dc5ecddea4812e,generated,stylegan2ada,calibration,western-blot-04324,18.121936798095703,1.0,generated,0.5,detector-sam-vit-b-lora-r8-all-img512-51265aec,51265aecd96858feeead19cc47f9bd3dc0af3fa7d793582482a9287a153c3e25,cpu
synth/stylegan2ada/stylegan2ada_img_04329.png,7fdd411e989e30e6eec417989b81f06827f097be3902f6bd20e079b807ea2f00,generated,stylegan2ada,calibration,western-blot-04329,19.40652847290039,1.0,generated,0.5,detector-sam-vit-b-lora-r8-all-img512-51265aec,51265aecd96858feeead19cc47f9bd3dc0af3fa7d793582482a9287a153c3e25,cpu
synth/stylegan2ada/stylegan2ada_img_04360.png,9ca8bf6c81b6ff13f6be69df945412df685c1d49be42c772159da058f23878c3,generated,stylegan2ada,calibration,western-blot-04360,18.992849349975586,1.0,generated,0.5,detector-sam-vit-b-lora-r8-all-img512-51265aec,51265aecd96858feeead19cc47f9bd3dc0af3fa7d793582482a9287a153c3e25,cpu
synth/stylegan2ada/stylegan2ada_img_04372.png,c73f19ed8d473fadd9bc435d7b9b95fb6e08fd671eff6a2ab9898e65210d9242,generated,stylegan2ada,calibration,western-blot-04372,19.733013153076172,1.0,generated,0.5,detector-sam-vit-b-lora-r8-all-img512-51265aec,51265aecd96858feeead19cc47f9bd3dc0af3fa7d793582482a9287a153c3e25,cpu
synth/stylegan2ada/stylegan2ada_img_04376.png,a161a50fc20541a2798abf84a641a2bc2189f1223c619b339510d5de9be6e13a,generated,stylegan2ada,calibration,western-blot-04376,22.22410011291504,1.0,generated,0.5,detector-sam-vit-b-lora-r8-all-img512-51265aec,51265aecd96858feeead19cc47f9bd3dc0af3fa7d793582482a9287a153c3e25,cpu
synth/stylegan2ada/stylegan2ada_img_04377.png,b5150b85e0489f653fd58be8ebacb16c74c23603c7ee351ee6de81c11f7f00f2,generated,stylegan2ada,calibration,western-blot-04377,24.254194259643555,1.0,generated,0.5,detector-sam-vit-b-lora-r8-all-img512-51265aec,51265aecd96858feeead19cc47f9bd3dc0af3fa7d793582482a9287a153c3e25,cpu
synth/stylegan2ada/stylegan2ada_img_04395.png,1675f676d8816486f92cd1f0777a5f208511639af2b76ab41f14bf3afc2a3288,generated,stylegan2ada,calibration,western-blot-04395,21.986650466918945,1.0,generated,0.5,detector-sam-vit-b-lora-r8-all-img512-51265aec,51265aecd96858feeead19cc47f9bd3dc0af3fa7d793582482a9287a153c3e25,cpu
synth/stylegan2ada/stylegan2ada_img_04400.png,6d1eaa6551cbdc0ba7874b097c52bdb725bdee9b3c493b31f0c773e0e269422a,generated,stylegan2ada,calibration,western-blot-04400,18.42983627319336,1.0,generated,0.5,detector-sam-vit-b-lora-r8-all-img512-51265aec,51265aecd96858feeead19cc47f9bd3dc0af3fa7d793582482a9287a153c3e25,cpu
synth/stylegan2ada/stylegan2ada_img_04401.png,49d4bcf5e7b478521874bc8f9896748670ec29673f8b3361c1d465caf7adfe63,generated,stylegan2ada,calibration,western-blot-04401,16.34857940673828,0.9999998807907104,generated,0.5,detector-sam-vit-b-lora-r8-all-img512-51265aec,51265aecd96858feeead19cc47f9bd3dc0af3fa7d793582482a9287a153c3e25,cpu
synth/stylegan2ada/stylegan2ada_img_04423.png,3c2b69312d06df9fc2ef2040412451a0f043effd3b1074d6ac033f974bd0a283,generated,stylegan2ada,calibration,western-blot-04423,23.643369674682617,1.0,generated,0.5,detector-sam-vit-b-lora-r8-all-img512-51265aec,51265aecd96858feeead19cc47f9bd3dc0af3fa7d793582482a9287a153c3e25,cpu
synth/stylegan2ada/stylegan2ada_img_04433.png,041fc97e83d180ae517f90aa95a4c17e63b2ff057f9c7c6835e6d6bc53edb79d,generated,stylegan2ada,calibration,western-blot-04433,17.368785858154297,1.0,generated,0.5,detector-sam-vit-b-lora-r8-all-img512-51265aec,51265aecd96858feeead19cc47f9bd3dc0af3fa7d793582482a9287a153c3e25,cpu
synth/stylegan2ada/stylegan2ada_img_04434.png,b8b06bd5597419c60d6849a22860ec83013a066649a2d7e88d18cd28545eb3d5,generated,stylegan2ada,calibration,western-blot-04434,20.994604110717773,1.0,generated,0.5,detector-sam-vit-b-lora-r8-all-img512-51265aec,51265aecd96858feeead19cc47f9bd3dc0af3fa7d793582482a9287a153c3e25,cpu
synth/stylegan2ada/stylegan2ada_img_04456.png,0509d15ac9484444f816a91b2cefcac835f78134afc6ee0cb1323c7e4f342ce9,generated,stylegan2ada,calibration,western-blot-04456,17.666431427001953,1.0,generated,0.5,detector-sam-vit-b-lora-r8-all-img512-51265aec,51265aecd96858feeead19cc47f9bd3dc0af3fa7d793582482a9287a153c3e25,cpu
synth/stylegan2ada/stylegan2ada_img_04462.png,c03d37d5238d2baa82a51ec6139cbca1dcb4ec7096126aa1868803c19e057ca7,generated,stylegan2ada,calibration,western-blot-04462,25.56417465209961,1.0,generated,0.5,detector-sam-vit-b-lora-r8-all-img512-51265aec,51265aecd96858feeead19cc47f9bd3dc0af3fa7d793582482a9287a153c3e25,cpu
synth/stylegan2ada/stylegan2ada_img_04475.png,994bbf5d9e4d767ab0483bf60c2dad184202122d5cf534471a022a2bb3313718,generated,stylegan2ada,calibration,western-blot-04475,25.415884017944336,1.0,generated,0.5,detector-sam-vit-b-lora-r8-all-img512-51265aec,51265aecd96858feeead19cc47f9bd3dc0af3fa7d793582482a9287a153c3e25,cpu
synth/stylegan2ada/stylegan2ada_img_04477.png,8f35caa991a56df0c1b7d917d5bfb1d78c7bf9a7020bdff453726b1e53507b98,generated,stylegan2ada,calibration,western-blot-04477,24.876035690307617,1.0,generated,0.5,detector-sam-vit-b-lora-r8-all-img512-51265aec,51265aecd96858feeead19cc47f9bd3dc0af3fa7d793582482a9287a153c3e25,cpu
synth/stylegan2ada/stylegan2ada_img_04496.png,005c39d9a7163b06566e696a62f7ed707198e7fd6df13c45fb6d548313bb815b,generated,stylegan2ada,calibration,western-blot-04496,14.763253211975098,0.9999996423721313,generated,0.5,detector-sam-vit-b-lora-r8-all-img512-51265aec,51265aecd96858feeead19cc47f9bd3dc0af3fa7d793582482a9287a153c3e25,cpu
synth/stylegan2ada/stylegan2ada_img_04508.png,077acf25cbe30cde86f7da0d5184a906c9f13807f32065e06d30896b2e752f52,generated,stylegan2ada,calibration,western-blot-04508,20.477815628051758,1.0,generated,0.5,detector-sam-vit-b-lora-r8-all-img512-51265aec,51265aecd96858feeead19cc47f9bd3dc0af3fa7d793582482a9287a153c3e25,cpu
synth/stylegan2ada/stylegan2ada_img_04513.png,d01eded7075f31ba331ee6984e07538742d4378988c88d05c1e9a1fafae5978b,generated,stylegan2ada,calibration,western-blot-04513,16.03032684326172,0.9999998807907104,generated,0.5,detector-sam-vit-b-lora-r8-all-img512-51265aec,51265aecd96858feeead19cc47f9bd3dc0af3fa7d793582482a9287a153c3e25,cpu
synth/stylegan2ada/stylegan2ada_img_04516.png,8677102ae017ccbb16a03f9e585156fa7fddebfd22a75f006f098ee4627bd1e4,generated,stylegan2ada,calibration,western-blot-04516,16.24758529663086,0.9999998807907104,generated,0.5,detector-sam-vit-b-lora-r8-all-img512-51265aec,51265aecd96858feeead19cc47f9bd3dc0af3fa7d793582482a9287a153c3e25,cpu
synth/stylegan2ada/stylegan2ada_img_04517.png,ace62d007bab2816043eb79538c663b1c72d35a4fd2bcf9a91315d86962a52b0,generated,stylegan2ada,calibration,western-blot-04517,14.330105781555176,0.9999994039535522,generated,0.5,detector-sam-vit-b-lora-r8-all-img512-51265aec,51265aecd96858feeead19cc47f9bd3dc0af3fa7d793582482a9287a153c3e25,cpu
synth/stylegan2ada/stylegan2ada_img_04519.png,8cd3764dad5287a5a67be700541146d09a93bfffe21c47e0198454e0436dd35f,generated,stylegan2ada,calibration,western-blot-04519,24.125598907470703,1.0,generated,0.5,detector-sam-vit-b-lora-r8-all-img512-51265aec,51265aecd96858feeead19cc47f9bd3dc0af3fa7d793582482a9287a153c3e25,cpu
synth/stylegan2ada/stylegan2ada_img_04534.png,05e78c1c656b3faed888e73c4d8e7f74254e2a2964d6f119e75fb590040079b4,generated,stylegan2ada,calibration,western-blot-04534,25.952556610107422,1.0,generated,0.5,detector-sam-vit-b-lora-r8-all-img512-51265aec,51265aecd96858feeead19cc47f9bd3dc0af3fa7d793582482a9287a153c3e25,cpu
synth/stylegan2ada/stylegan2ada_img_04539.png,e9eb801e61a3e12cfb05f9a96038b91d33b588c09b7c4d2e4a2d7b51f9442343,generated,stylegan2ada,calibration,western-blot-04539,12.461382865905762,0.9999961853027344,generated,0.5,detector-sam-vit-b-lora-r8-all-img512-51265aec,51265aecd96858feeead19cc47f9bd3dc0af3fa7d793582482a9287a153c3e25,cpu
synth/stylegan2ada/stylegan2ada_img_04546.png,0f218075eb2ed8411f22377ec72a6245cfa594161a85c8b41a589982e5e7ae1f,generated,stylegan2ada,calibration,western-blot-04546,24.825439453125,1.0,generated,0.5,detector-sam-vit-b-lora-r8-all-img512-51265aec,51265aecd96858feeead19cc47f9bd3dc0af3fa7d793582482a9287a153c3e25,cpu
synth/stylegan2ada/stylegan2ada_img_04570.png,6e98b40d790106d10379f49ec4acc5de007d5c5b21ae6580caa92de6ccd00f5c,generated,stylegan2ada,calibration,western-blot-04570,24.846498489379883,1.0,generated,0.5,detector-sam-vit-b-lora-r8-all-img512-51265aec,51265aecd96858feeead19cc47f9bd3dc0af3fa7d793582482a9287a153c3e25,cpu
synth/stylegan2ada/stylegan2ada_img_04575.png,7e3b48d914a79e92a367b04436c960b1412ad9827692967b60bc80bc126ad1b8,generated,stylegan2ada,calibration,western-blot-04575,15.301998138427734,0.9999997615814209,generated,0.5,detector-sam-vit-b-lora-r8-all-img512-51265aec,51265aecd96858feeead19cc47f9bd3dc0af3fa7d793582482a9287a153c3e25,cpu
synth/stylegan2ada/stylegan2ada_img_04584.png,1287366a092889f7ac2cf5a2d6e0a901df0bd29d146a639c5f6aacca07362715,generated,stylegan2ada,calibration,western-blot-04584,25.350576400756836,1.0,generated,0.5,detector-sam-vit-b-lora-r8-all-img512-51265aec,51265aecd96858feeead19cc47f9bd3dc0af3fa7d793582482a9287a153c3e25,cpu
synth/stylegan2ada/stylegan2ada_img_04595.png,97b486eb60b835e583147bef9e4a25e1c5d2aff721274db5484a8e29821b08ea,generated,stylegan2ada,calibration,western-blot-04595,14.440864562988281,0.9999995231628418,generated,0.5,detector-sam-vit-b-lora-r8-all-img512-51265aec,51265aecd96858feeead19cc47f9bd3dc0af3fa7d793582482a9287a153c3e25,cpu
synth/stylegan2ada/stylegan2ada_img_04608.png,5c8c2b0cab2687babb7f7484e3f68c0c5290582dc975c27e070f3e1a2bff7a68,generated,stylegan2ada,calibration,western-blot-04608,18.375642776489258,1.0,generated,0.5,detector-sam-vit-b-lora-r8-all-img512-51265aec,51265aecd96858feeead19cc47f9bd3dc0af3fa7d793582482a9287a153c3e25,cpu
synth/stylegan2ada/stylegan2ada_img_04613.png,643700fbf67e86e07c71a930865bb91abb814ad2e3fe4930aef22b06f9b69eb8,generated,stylegan2ada,calibration,western-blot-04613,14.142616271972656,0.9999992847442627,generated,0.5,detector-sam-vit-b-lora-r8-all-img512-51265aec,51265aecd96858feeead19cc47f9bd3dc0af3fa7d793582482a9287a153c3e25,cpu
synth/stylegan2ada/stylegan2ada_img_04616.png,cd3e211db09ec76f006cb8a5ec2da80e2669780b634b059029c25f234a45890b,generated,stylegan2ada,calibration,western-blot-04616,17.678861618041992,1.0,generated,0.5,detector-sam-vit-b-lora-r8-all-img512-51265aec,51265aecd96858feeead19cc47f9bd3dc0af3fa7d793582482a9287a153c3e25,cpu
synth/stylegan2ada/stylegan2ada_img_04648.png,f79f6477e872326e0f96fe5736bd3b7901d2ba97f101df98f09364068cedb29e,generated,stylegan2ada,calibration,western-blot-04648,18.744895935058594,1.0,generated,0.5,detector-sam-vit-b-lora-r8-all-img512-51265aec,51265aecd96858feeead19cc47f9bd3dc0af3fa7d793582482a9287a153c3e25,cpu
synth/stylegan2ada/stylegan2ada_img_04655.png,98084fec627cd14f7c7112ab12e920d5f49fac09b6910333d3caa7c80361b9c2,generated,stylegan2ada,calibration,western-blot-04655,16.62944984436035,0.9999998807907104,generated,0.5,detector-sam-vit-b-lora-r8-all-img512-51265aec,51265aecd96858feeead19cc47f9bd3dc0af3fa7d793582482a9287a153c3e25,cpu
synth/stylegan2ada/stylegan2ada_img_04665.png,fc24d276e998eec4eeac7ac1b7e5c8ad50770ba21a6ff2f7e209e3372f79d3c1,generated,stylegan2ada,calibration,western-blot-04665,16.026264190673828,0.9999998807907104,generated,0.5,detector-sam-vit-b-lora-r8-all-img512-51265aec,51265aecd96858feeead19cc47f9bd3dc0af3fa7d793582482a9287a153c3e25,cpu
synth/stylegan2ada/stylegan2ada_img_04679.png,560cf93ca9475c409ef4715632ca58ea985607ffa785618a9212e4a9af53d08e,generated,stylegan2ada,calibration,western-blot-04679,14.100383758544922,0.9999992847442627,generated,0.5,detector-sam-vit-b-lora-r8-all-img512-51265aec,51265aecd96858feeead19cc47f9bd3dc0af3fa7d793582482a9287a153c3e25,cpu
synth/stylegan2ada/stylegan2ada_img_04698.png,39b004bc403a557fd8f355148bc5de6f74247d574e9f26cfb62887c3fcb13a87,generated,stylegan2ada,calibration,western-blot-04698,16.26453399658203,0.9999998807907104,generated,0.5,detector-sam-vit-b-lora-r8-all-img512-51265aec,51265aecd96858feeead19cc47f9bd3dc0af3fa7d793582482a9287a153c3e25,cpu
synth/stylegan2ada/stylegan2ada_img_04708.png,c8ac41ee75fa4dcca7cb5174a9e1acc6d8406d8186fe0cb3dcfdd528f4b2abbc,generated,stylegan2ada,calibration,western-blot-04708,18.080442428588867,1.0,generated,0.5,detector-sam-vit-b-lora-r8-all-img512-51265aec,51265aecd96858feeead19cc47f9bd3dc0af3fa7d793582482a9287a153c3e25,cpu
synth/stylegan2ada/stylegan2ada_img_04709.png,568cfec72de7b71503328ba6db1081a0be719fbb08abbcea7230b0312e81f58d,generated,stylegan2ada,calibration,western-blot-04709,12.810489654541016,0.9999972581863403,generated,0.5,detector-sam-vit-b-lora-r8-all-img512-51265aec,51265aecd96858feeead19cc47f9bd3dc0af3fa7d793582482a9287a153c3e25,cpu
synth/stylegan2ada/stylegan2ada_img_04726.png,9fe89c85fc1ec5a58ce6f160457954e7ce04978d5f491703f2de4f43ded0f330,generated,stylegan2ada,calibration,western-blot-04726,24.40977668762207,1.0,generated,0.5,detector-sam-vit-b-lora-r8-all-img512-51265aec,51265aecd96858feeead19cc47f9bd3dc0af3fa7d793582482a9287a153c3e25,cpu
synth/stylegan2ada/stylegan2ada_img_04727.png,0270a3271042aeb1d13a322ec4f1995094431e21e107d1b17c127b9d61f0f3ce,generated,stylegan2ada,calibration,western-blot-04727,23.23806381225586,1.0,generated,0.5,detector-sam-vit-b-lora-r8-all-img512-51265aec,51265aecd96858feeead19cc47f9bd3dc0af3fa7d793582482a9287a153c3e25,cpu
synth/stylegan2ada/stylegan2ada_img_04728.png,971c5594443d748dafa7aede6b715b150c74fc761c6a3d2779290ee7f1120587,generated,stylegan2ada,calibration,western-blot-04728,19.60645866394043,1.0,generated,0.5,detector-sam-vit-b-lora-r8-all-img512-51265aec,51265aecd96858feeead19cc47f9bd3dc0af3fa7d793582482a9287a153c3e25,cpu
synth/stylegan2ada/stylegan2ada_img_04743.png,ffea54c5562d8f7b35bd90af94690ca3a305c3ed3b1e39a05396a76320ad22f3,generated,stylegan2ada,calibration,western-blot-04743,17.458223342895508,1.0,generated,0.5,detector-sam-vit-b-lora-r8-all-img512-51265aec,51265aecd96858feeead19cc47f9bd3dc0af3fa7d793582482a9287a153c3e25,cpu
synth/stylegan2ada/stylegan2ada_img_04760.png,1f1ba296e0d7deeeeffde4cd47fad1b08efcbbaab1f8f7216817cd9c71d6e438,generated,stylegan2ada,calibration,western-blot-04760,21.764738082885742,1.0,generated,0.5,detector-sam-vit-b-lora-r8-all-img512-51265aec,51265aecd96858feeead19cc47f9bd3dc0af3fa7d793582482a9287a153c3e25,cpu
synth/stylegan2ada/stylegan2ada_img_04762.png,041c6141d56e9ca5cb2f91e4c5c92e572d1684572a825dcd7a2cc56106d44203,generated,stylegan2ada,calibration,western-blot-04762,16.031892776489258,0.9999998807907104,generated,0.5,detector-sam-vit-b-lora-r8-all-img512-51265aec,51265aecd96858feeead19cc47f9bd3dc0af3fa7d793582482a9287a153c3e25,cpu
synth/stylegan2ada/stylegan2ada_img_04782.png,deaa20abf61289b71da31620b429931371f1591d211c7e3fbec417024fddb710,generated,stylegan2ada,calibration,western-blot-04782,22.51312828063965,1.0,generated,0.5,detector-sam-vit-b-lora-r8-all-img512-51265aec,51265aecd96858feeead19cc47f9bd3dc0af3fa7d793582482a9287a153c3e25,cpu
synth/stylegan2ada/stylegan2ada_img_04791.png,7086eab41234ce3047163f1895b1639fed2bbb67430c7b60b0871cff5bdee87f,generated,stylegan2ada,calibration,western-blot-04791,25.039216995239258,1.0,generated,0.5,detector-sam-vit-b-lora-r8-all-img512-51265aec,51265aecd96858feeead19cc47f9bd3dc0af3fa7d793582482a9287a153c3e25,cpu
synth/stylegan2ada/stylegan2ada_img_04806.png,b99ab848c5ec89e423e31e5b444906a3db1d70ca82f90320fb0403f3472a4c95,generated,stylegan2ada,calibration,western-blot-04806,24.11899757385254,1.0,generated,0.5,detector-sam-vit-b-lora-r8-all-img512-51265aec,51265aecd96858feeead19cc47f9bd3dc0af3fa7d793582482a9287a153c3e25,cpu
synth/stylegan2ada/stylegan2ada_img_04809.png,7258fda0f9984e143f06a9c4352e73ca00725a0856ede9675bb38ba87a5f215e,generated,stylegan2ada,calibration,western-blot-04809,21.552980422973633,1.0,generated,0.5,detector-sam-vit-b-lora-r8-all-img512-51265aec,51265aecd96858feeead19cc47f9bd3dc0af3fa7d793582482a9287a153c3e25,cpu
synth/stylegan2ada/stylegan2ada_img_04810.png,ce38ab04ffa255e28359495e6ceba6ef8fbc14e0f31793780e973ff935b29aca,generated,stylegan2ada,calibration,western-blot-04810,20.557130813598633,1.0,generated,0.5,detector-sam-vit-b-lora-r8-all-img512-51265aec,51265aecd96858feeead19cc47f9bd3dc0af3fa7d793582482a9287a153c3e25,cpu
synth/stylegan2ada/stylegan2ada_img_04820.png,9ec66647ee4a2cb1b89c0aac3b9170cb2319f3f170095e6dfff190a61383da53,generated,stylegan2ada,calibration,western-blot-04820,12.28846263885498,0.9999953508377075,generated,0.5,detector-sam-vit-b-lora-r8-all-img512-51265aec,51265aecd96858feeead19cc47f9bd3dc0af3fa7d793582482a9287a153c3e25,cpu
synth/stylegan2ada/stylegan2ada_img_04831.png,263d6a50b041fd9f286cd0e0bcfd78664fc41d21122eeff390f2156a4ffedf76,generated,stylegan2ada,calibration,western-blot-04831,21.732336044311523,1.0,generated,0.5,detector-sam-vit-b-lora-r8-all-img512-51265aec,51265aecd96858feeead19cc47f9bd3dc0af3fa7d793582482a9287a153c3e25,cpu
synth/stylegan2ada/stylegan2ada_img_04837.png,85ad1eff278c7d930ab06ad82f4c5e44f27df090d0e5905dd55962527594ebab,generated,stylegan2ada,calibration,western-blot-04837,12.356660842895508,0.9999957084655762,generated,0.5,detector-sam-vit-b-lora-r8-all-img512-51265aec,51265aecd96858feeead19cc47f9bd3dc0af3fa7d793582482a9287a153c3e25,cpu
synth/stylegan2ada/stylegan2ada_img_04847.png,5f6bf646ddeb2aa7b842846f56c8045e36db8688c7c667b16ea67afc2a3eb01f,generated,stylegan2ada,calibration,western-blot-04847,16.92362403869629,1.0,generated,0.5,detector-sam-vit-b-lora-r8-all-img512-51265aec,51265aecd96858feeead19cc47f9bd3dc0af3fa7d793582482a9287a153c3e25,cpu
synth/stylegan2ada/stylegan2ada_img_04859.png,95538bd532112bc1c56d29b81d32510e77d63133c85e2568490db8d0a021c2bc,generated,stylegan2ada,calibration,western-blot-04859,18.159666061401367,1.0,generated,0.5,detector-sam-vit-b-lora-r8-all-img512-51265aec,51265aecd96858feeead19cc47f9bd3dc0af3fa7d793582482a9287a153c3e25,cpu
synth/stylegan2ada/stylegan2ada_img_04861.png,c7fcb5a7ce7e97a7a3de068c5d8c8413c64a331ba221987a80e4df35f647bf06,generated,stylegan2ada,calibration,western-blot-04861,12.304418563842773,0.9999954700469971,generated,0.5,detector-sam-vit-b-lora-r8-all-img512-51265aec,51265aecd96858feeead19cc47f9bd3dc0af3fa7d793582482a9287a153c3e25,cpu
synth/stylegan2ada/stylegan2ada_img_04866.png,9ad3403d37ce581c89e5b57139b35aa9c358d43ce223221f7907b16394e078c9,generated,stylegan2ada,calibration,western-blot-04866,26.66800308227539,1.0,generated,0.5,detector-sam-vit-b-lora-r8-all-img512-51265aec,51265aecd96858feeead19cc47f9bd3dc0af3fa7d793582482a9287a153c3e25,cpu
synth/stylegan2ada/stylegan2ada_img_04867.png,fb57c453be3f493fc7aca37adec5bc6aff62ca56267a8e6c1ab4d5bd8191c65d,generated,stylegan2ada,calibration,western-blot-04867,11.095613479614258,0.999984860420227,generated,0.5,detector-sam-vit-b-lora-r8-all-img512-51265aec,51265aecd96858feeead19cc47f9bd3dc0af3fa7d793582482a9287a153c3e25,cpu
synth/stylegan2ada/stylegan2ada_img_04871.png,8977a932aae5c1001e19d9f7862409e3934c50788d36eeee8ec14b1cd33e3bd6,generated,stylegan2ada,calibration,western-blot-04871,22.6356143951416,1.0,generated,0.5,detector-sam-vit-b-lora-r8-all-img512-51265aec,51265aecd96858feeead19cc47f9bd3dc0af3fa7d793582482a9287a153c3e25,cpu
synth/stylegan2ada/stylegan2ada_img_04879.png,86aed14bd7e23092d0d873b3e739c696b1a4c05690f30305867b030c37f98381,generated,stylegan2ada,calibration,western-blot-04879,20.264848709106445,1.0,generated,0.5,detector-sam-vit-b-lora-r8-all-img512-51265aec,51265aecd96858feeead19cc47f9bd3dc0af3fa7d793582482a9287a153c3e25,cpu
synth/stylegan2ada/stylegan2ada_img_04900.png,71779d41d09931ccfe4251019424b02cccc15cc59b087b30d734c264554bb3b9,generated,stylegan2ada,calibration,western-blot-04900,23.925540924072266,1.0,generated,0.5,detector-sam-vit-b-lora-r8-all-img512-51265aec,51265aecd96858feeead19cc47f9bd3dc0af3fa7d793582482a9287a153c3e25,cpu
synth/stylegan2ada/stylegan2ada_img_04936.png,e147922431636c6690d445ffe0858106322629c92fb76e7948c639e4a9dcb17f,generated,stylegan2ada,calibration,western-blot-04936,24.351388931274414,1.0,generated,0.5,detector-sam-vit-b-lora-r8-all-img512-51265aec,51265aecd96858feeead19cc47f9bd3dc0af3fa7d793582482a9287a153c3e25,cpu
synth/stylegan2ada/stylegan2ada_img_04942.png,c56b3b144c53478cd8801e4471bde1d4f515ec0db559ee6e59e6a507e152ddb0,generated,stylegan2ada,calibration,western-blot-04942,26.91737174987793,1.0,generated,0.5,detector-sam-vit-b-lora-r8-all-img512-51265aec,51265aecd96858feeead19cc47f9bd3dc0af3fa7d793582482a9287a153c3e25,cpu
synth/stylegan2ada/stylegan2ada_img_04953.png,06fae3d5f5ca8025983cab7f53bbcfa73b94d4d0ad5d749788ff99bb09a99dc2,generated,stylegan2ada,calibration,western-blot-04953,8.847779273986816,0.9998563528060913,generated,0.5,detector-sam-vit-b-lora-r8-all-img512-51265aec,51265aecd96858feeead19cc47f9bd3dc0af3fa7d793582482a9287a153c3e25,cpu
synth/stylegan2ada/stylegan2ada_img_04974.png,11b6d0006c8b55ff1ad4192390d1b55eb07e5adcb7b5f09fe6668c5234be8849,generated,stylegan2ada,calibration,western-blot-04974,18.20128059387207,1.0,generated,0.5,detector-sam-vit-b-lora-r8-all-img512-51265aec,51265aecd96858feeead19cc47f9bd3dc0af3fa7d793582482a9287a153c3e25,cpu
synth/stylegan2ada/stylegan2ada_img_04998.png,0f17bcdab98cd0627dccf1162d1eeab0e6998c546bc5cc17bcf5ea2a496ab2a8,generated,stylegan2ada,calibration,western-blot-04998,29.881704330444336,1.0,generated,0.5,detector-sam-vit-b-lora-r8-all-img512-51265aec,51265aecd96858feeead19cc47f9bd3dc0af3fa7d793582482a9287a153c3e25,cpu
synth/stylegan2ada/stylegan2ada_img_04999.png,1602a778ff33cdf5b5c834ba9dd7dea3d717022abb9e53e545279ce7ac60b0c0,generated,stylegan2ada,calibration,western-blot-04999,17.571374893188477,1.0,generated,0.5,detector-sam-vit-b-lora-r8-all-img512-51265aec,51265aecd96858feeead19cc47f9bd3dc0af3fa7d793582482a9287a153c3e25,cpu
synth/stylegan2ada/stylegan2ada_img_05008.png,67f8391d8dc0fb74ed7034a83163fc0941322f8ddf776bf87f90031c1d82982d,generated,stylegan2ada,calibration,western-blot-05008,18.1581974029541,1.0,generated,0.5,detector-sam-vit-b-lora-r8-all-img512-51265aec,51265aecd96858feeead19cc47f9bd3dc0af3fa7d793582482a9287a153c3e25,cpu
synth/stylegan2ada/stylegan2ada_img_05022.png,7252bc4c44cd106a1eb24a00773acd1547b6f64567584956fa0a895062e5543d,generated,stylegan2ada,calibration,western-blot-05022,20.349260330200195,1.0,generated,0.5,detector-sam-vit-b-lora-r8-all-img512-51265aec,51265aecd96858feeead19cc47f9bd3dc0af3fa7d793582482a9287a153c3e25,cpu
synth/stylegan2ada/stylegan2ada_img_05028.png,5e4226a30fad8fce7ad81e5606fdadc1f097fcf66cb52819c1a190424b83c99b,generated,stylegan2ada,calibration,western-blot-05028,8.530878067016602,0.9998027682304382,generated,0.5,detector-sam-vit-b-lora-r8-all-img512-51265aec,51265aecd96858feeead19cc47f9bd3dc0af3fa7d793582482a9287a153c3e25,cpu
synth/stylegan2ada/stylegan2ada_img_05029.png,e80cef6260002cdb2e7f24530e14fa8f07b8f57843b646d2c151361256574cf7,generated,stylegan2ada,calibration,western-blot-05029,13.103534698486328,0.9999979734420776,generated,0.5,detector-sam-vit-b-lora-r8-all-img512-51265aec,51265aecd96858feeead19cc47f9bd3dc0af3fa7d793582482a9287a153c3e25,cpu
synth/stylegan2ada/stylegan2ada_img_05032.png,e950850267d9343cf95a011aedd82ab57e0455ecda4b5cf511be2b51eab5d935,generated,stylegan2ada,calibration,western-blot-05032,23.656124114990234,1.0,generated,0.5,detector-sam-vit-b-lora-r8-all-img512-51265aec,51265aecd96858feeead19cc47f9bd3dc0af3fa7d793582482a9287a153c3e25,cpu
synth/stylegan2ada/stylegan2ada_img_05052.png,a33829d2b506d2e555d9303b327875cd2f2a6d130c1a80898ce381c731b3262e,generated,stylegan2ada,calibration,western-blot-05052,26.0609188079834,1.0,generated,0.5,detector-sam-vit-b-lora-r8-all-img512-51265aec,51265aecd96858feeead19cc47f9bd3dc0af3fa7d793582482a9287a153c3e25,cpu
synth/stylegan2ada/stylegan2ada_img_05063.png,fe1cbaf6d35f6c3cc98af6ab8fcbccbaf1884802f8b5ad44bc43e3b331bf1c89,generated,stylegan2ada,calibration,western-blot-05063,6.751840114593506,0.998832643032074,generated,0.5,detector-sam-vit-b-lora-r8-all-img512-51265aec,51265aecd96858feeead19cc47f9bd3dc0af3fa7d793582482a9287a153c3e25,cpu
synth/stylegan2ada/stylegan2ada_img_05069.png,9cc2dfce42993c4fe472197fcdfb7223288e849f252a7aa3b8e53f15e7c5d433,generated,stylegan2ada,calibration,western-blot-05069,16.907014846801758,1.0,generated,0.5,detector-sam-vit-b-lora-r8-all-img512-51265aec,51265aecd96858feeead19cc47f9bd3dc0af3fa7d793582482a9287a153c3e25,cpu
synth/stylegan2ada/stylegan2ada_img_05076.png,94d7b82ff199b07647db8c9d3bb96d57ce92101df4a9709c8cd6776236162858,generated,stylegan2ada,calibration,western-blot-05076,12.823088645935059,0.9999972581863403,generated,0.5,detector-sam-vit-b-lora-r8-all-img512-51265aec,51265aecd96858feeead19cc47f9bd3dc0af3fa7d793582482a9287a153c3e25,cpu
synth/stylegan2ada/stylegan2ada_img_05094.png,843a5a580125276558bafc5c1bf20918b069b63ff454fe9f55d22c58a21dea5a,generated,stylegan2ada,calibration,western-blot-05094,19.65729522705078,1.0,generated,0.5,detector-sam-vit-b-lora-r8-all-img512-51265aec,51265aecd96858feeead19cc47f9bd3dc0af3fa7d793582482a9287a153c3e25,cpu
synth/stylegan2ada/stylegan2ada_img_05097.png,9c61f88f488a0aa50eb2c21a85bb72f68252f6fab8436db3d9e1adb0fb3c30e1,generated,stylegan2ada,calibration,western-blot-05097,20.160737991333008,1.0,generated,0.5,detector-sam-vit-b-lora-r8-all-img512-51265aec,51265aecd96858feeead19cc47f9bd3dc0af3fa7d793582482a9287a153c3e25,cpu
synth/stylegan2ada/stylegan2ada_img_05104.png,674dfc0bdc6bdcb964c37ae2e5d5ac70df5e221ac0b5517601c6ab557538dc61,generated,stylegan2ada,calibration,western-blot-05104,22.369943618774414,1.0,generated,0.5,detector-sam-vit-b-lora-r8-all-img512-51265aec,51265aecd96858feeead19cc47f9bd3dc0af3fa7d793582482a9287a153c3e25,cpu
synth/stylegan2ada/stylegan2ada_img_05105.png,e0dedf2b8154d3ad914195d7acaeb47241259044dbebaa973d6ba1e14953deff,generated,stylegan2ada,calibration,western-blot-05105,4.263169288635254,0.9861177802085876,generated,0.5,detector-sam-vit-b-lora-r8-all-img512-51265aec,51265aecd96858feeead19cc47f9bd3dc0af3fa7d793582482a9287a153c3e25,cpu
synth/stylegan2ada/stylegan2ada_img_05110.png,78839b3156a2233053021daa4bf582f78189e8de1b5fa80d8240fbaa521c91c2,generated,stylegan2ada,calibration,western-blot-05110,13.754388809204102,0.999998927116394,generated,0.5,detector-sam-vit-b-lora-r8-all-img512-51265aec,51265aecd96858feeead19cc47f9bd3dc0af3fa7d793582482a9287a153c3e25,cpu
synth/stylegan2ada/stylegan2ada_img_05113.png,c989603ea6691ecf585b45a796b0727f8dc7682a269b51ef872e3cd2bacc70dc,generated,stylegan2ada,calibration,western-blot-05113,8.958913803100586,0.9998713731765747,generated,0.5,detector-sam-vit-b-lora-r8-all-img512-51265aec,51265aecd96858feeead19cc47f9bd3dc0af3fa7d793582482a9287a153c3e25,cpu
synth/stylegan2ada/stylegan2ada_img_05129.png,fb73853f96d9580369799330e3f273d34e01f34a43ba53cdd60c0cf38883bc36,generated,stylegan2ada,calibration,western-blot-05129,14.45573616027832,0.9999995231628418,generated,0.5,detector-sam-vit-b-lora-r8-all-img512-51265aec,51265aecd96858feeead19cc47f9bd3dc0af3fa7d793582482a9287a153c3e25,cpu
synth/stylegan2ada/stylegan2ada_img_05146.png,04f80c3f02dbad5f09a66fc25f93e88bc37672c46412d64be479ad7a398f38f1,generated,stylegan2ada,calibration,western-blot-05146,22.614564895629883,1.0,generated,0.5,detector-sam-vit-b-lora-r8-all-img512-51265aec,51265aecd96858feeead19cc47f9bd3dc0af3fa7d793582482a9287a153c3e25,cpu
synth/stylegan2ada/stylegan2ada_img_05173.png,f1f0c85199248c9dd66ff7c527c38103a2eae538468074c0dcca1e06ad025d74,generated,stylegan2ada,calibration,western-blot-05173,20.309354782104492,1.0,generated,0.5,detector-sam-vit-b-lora-r8-all-img512-51265aec,51265aecd96858feeead19cc47f9bd3dc0af3fa7d793582482a9287a153c3e25,cpu
synth/stylegan2ada/stylegan2ada_img_05175.png,9ed40201df35b7d299093c5453f4c5ea80504834ffb65b5cea28090d7c861484,generated,stylegan2ada,calibration,western-blot-05175,11.419790267944336,0.9999890327453613,generated,0.5,detector-sam-vit-b-lora-r8-all-img512-51265aec,51265aecd96858feeead19cc47f9bd3dc0af3fa7d793582482a9287a153c3e25,cpu
synth/stylegan2ada/stylegan2ada_img_05214.png,8679cb235c26e6617d65bcf28db4d0805f18df1c59cad94f15462d1d0d0fa266,generated,stylegan2ada,calibration,western-blot-05214,17.88530731201172,1.0,generated,0.5,detector-sam-vit-b-lora-r8-all-img512-51265aec,51265aecd96858feeead19cc47f9bd3dc0af3fa7d793582482a9287a153c3e25,cpu
synth/stylegan2ada/stylegan2ada_img_05219.png,cc37e4faf417f1d6b48b2a4564520d9ed87c8a4d2011cfbd359d713e02520482,generated,stylegan2ada,calibration,western-blot-05219,21.71660041809082,1.0,generated,0.5,detector-sam-vit-b-lora-r8-all-img512-51265aec,51265aecd96858feeead19cc47f9bd3dc0af3fa7d793582482a9287a153c3e25,cpu
synth/stylegan2ada/stylegan2ada_img_05226.png,73c52011f127b3ffca2402b7363efe97f9bc47639f2311e5806d67449d3d2fc6,generated,stylegan2ada,calibration,western-blot-05226,22.322309494018555,1.0,generated,0.5,detector-sam-vit-b-lora-r8-all-img512-51265aec,51265aecd96858feeead19cc47f9bd3dc0af3fa7d793582482a9287a153c3e25,cpu
synth/stylegan2ada/stylegan2ada_img_05240.png,a35b3fa62cd91f4af94c84c9ca0606ff0957f6f508fa43434b5c9bdbb65142ec,generated,stylegan2ada,calibration,western-blot-05240,12.780960083007812,0.9999971389770508,generated,0.5,detector-sam-vit-b-lora-r8-all-img512-51265aec,51265aecd96858feeead19cc47f9bd3dc0af3fa7d793582482a9287a153c3e25,cpu
synth/stylegan2ada/stylegan2ada_img_05247.png,c580df3acf666dcdbc533d4220042d849e77eb616e3dc7488d0b8cc367100623,generated,stylegan2ada,calibration,western-blot-05247,15.621298789978027,0.9999998807907104,generated,0.5,detector-sam-vit-b-lora-r8-all-img512-51265aec,51265aecd96858feeead19cc47f9bd3dc0af3fa7d793582482a9287a153c3e25,cpu
synth/stylegan2ada/stylegan2ada_img_05248.png,2ec561534d0453d569cf54a543353e2c359e8d9543c6de0931d554a4e86c9099,generated,stylegan2ada,calibration,western-blot-05248,5.712221145629883,0.9967055916786194,generated,0.5,detector-sam-vit-b-lora-r8-all-img512-51265aec,51265aecd96858feeead19cc47f9bd3dc0af3fa7d793582482a9287a153c3e25,cpu
synth/stylegan2ada/stylegan2ada_img_05249.png,8a21a6538336fa4761768d451c53a22851b5469e20cc475090440f19e23c05f4,generated,stylegan2ada,calibration,western-blot-05249,24.404096603393555,1.0,generated,0.5,detector-sam-vit-b-lora-r8-all-img512-51265aec,51265aecd96858feeead19cc47f9bd3dc0af3fa7d793582482a9287a153c3e25,cpu
synth/stylegan2ada/stylegan2ada_img_05260.png,31fcedad240d4557aefd518fe88569ddcfd53ffbdc958bfc47037b35c34491db,generated,stylegan2ada,calibration,western-blot-05260,19.89887237548828,1.0,generated,0.5,detector-sam-vit-b-lora-r8-all-img512-51265aec,51265aecd96858feeead19cc47f9bd3dc0af3fa7d793582482a9287a153c3e25,cpu
synth/stylegan2ada/stylegan2ada_img_05261.png,ea60d49bf67d7bf4a5fdfd2828cd215a0fd433917507465e13bebdedd6dec9b7,generated,stylegan2ada,calibration,western-blot-05261,12.258244514465332,0.999995231628418,generated,0.5,detector-sam-vit-b-lora-r8-all-img512-51265aec,51265aecd96858feeead19cc47f9bd3dc0af3fa7d793582482a9287a153c3e25,cpu
synth/stylegan2ada/stylegan2ada_img_05267.png,67ddd7f51fab91adbb5c95b8caff0967f838e48eb10a6913c1d73d86b808ce90,generated,stylegan2ada,calibration,western-blot-05267,4.697423934936523,0.9909635782241821,generated,0.5,detector-sam-vit-b-lora-r8-all-img512-51265aec,51265aecd96858feeead19cc47f9bd3dc0af3fa7d793582482a9287a153c3e25,cpu
synth/stylegan2ada/stylegan2ada_img_05270.png,7bce41bbf5eb4ff0b5f555e77408daa20ce56b9ef2965438464f03523931fa20,generated,stylegan2ada,calibration,western-blot-05270,15.956917762756348,0.9999998807907104,generated,0.5,detector-sam-vit-b-lora-r8-all-img512-51265aec,51265aecd96858feeead19cc47f9bd3dc0af3fa7d793582482a9287a153c3e25,cpu
synth/stylegan2ada/stylegan2ada_img_05292.png,c0252471b39d90eee58cbd3c5a6eb5b33fff59ebe09be561b81d7fe514d1c1a7,generated,stylegan2ada,calibration,western-blot-05292,16.470304489135742,0.9999998807907104,generated,0.5,detector-sam-vit-b-lora-r8-all-img512-51265aec,51265aecd96858feeead19cc47f9bd3dc0af3fa7d793582482a9287a153c3e25,cpu
synth/stylegan2ada/stylegan2ada_img_05294.png,80d2ce363c959ccdd106ffbcdfedecf1ef72cd20951ce872ed25c18d7923c0ab,generated,stylegan2ada,calibration,western-blot-05294,14.839750289916992,0.9999996423721313,generated,0.5,detector-sam-vit-b-lora-r8-all-img512-51265aec,51265aecd96858feeead19cc47f9bd3dc0af3fa7d793582482a9287a153c3e25,cpu
synth/stylegan2ada/stylegan2ada_img_05296.png,a5745e0df0562994df646bf9dd8a79e8873d35a7cec40cbd183a040a4f31cd0f,generated,stylegan2ada,calibration,western-blot-05296,15.548761367797852,0.9999998807907104,generated,0.5,detector-sam-vit-b-lora-r8-all-img512-51265aec,51265aecd96858feeead19cc47f9bd3dc0af3fa7d793582482a9287a153c3e25,cpu
synth/stylegan2ada/stylegan2ada_img_05298.png,e93c7abfebb668fb4d082b9f0a932b401234fbd8da060b2a0305472bffa31ab5,generated,stylegan2ada,calibration,western-blot-05298,16.11444091796875,0.9999998807907104,generated,0.5,detector-sam-vit-b-lora-r8-all-img512-51265aec,51265aecd96858feeead19cc47f9bd3dc0af3fa7d793582482a9287a153c3e25,cpu
synth/stylegan2ada/stylegan2ada_img_05299.png,4813e2458e5f680c741f5b90e2b4e0a5fd8061954e1cf02a97ac82e53789cce9,generated,stylegan2ada,calibration,western-blot-05299,9.689900398254395,0.9999381303787231,generated,0.5,detector-sam-vit-b-lora-r8-all-img512-51265aec,51265aecd96858feeead19cc47f9bd3dc0af3fa7d793582482a9287a153c3e25,cpu
synth/stylegan2ada/stylegan2ada_img_05326.png,023519c57efb07e435f3e1b18d5b129f500ec393cc99131fffee276dd620a3a6,generated,stylegan2ada,calibration,western-blot-05326,18.761934280395508,1.0,generated,0.5,detector-sam-vit-b-lora-r8-all-img512-51265aec,51265aecd96858feeead19cc47f9bd3dc0af3fa7d793582482a9287a153c3e25,cpu
synth/stylegan2ada/stylegan2ada_img_05327.png,f72d0f26e47e16eeaf93ece7179702ac86132efc098fe5dcf31532f95e90a9c7,generated,stylegan2ada,calibration,western-blot-05327,13.880942344665527,0.9999990463256836,generated,0.5,detector-sam-vit-b-lora-r8-all-img512-51265aec,51265aecd96858feeead19cc47f9bd3dc0af3fa7d793582482a9287a153c3e25,cpu
synth/stylegan2ada/stylegan2ada_img_05331.png,3ebcdd7d61e3055558cc3989a313a327433064651881c7f7789bed1cdd84a6e3,generated,stylegan2ada,calibration,western-blot-05331,17.3391056060791,1.0,generated,0.5,detector-sam-vit-b-lora-r8-all-img512-51265aec,51265aecd96858feeead19cc47f9bd3dc0af3fa7d793582482a9287a153c3e25,cpu
synth/stylegan2ada/stylegan2ada_img_05395.png,e49bb2cb3c322c0a14a216c2cc4072917f888e2847507fad4502dfd782791fab,generated,stylegan2ada,calibration,western-blot-05395,16.882417678833008,1.0,generated,0.5,detector-sam-vit-b-lora-r8-all-img512-51265aec,51265aecd96858feeead19cc47f9bd3dc0af3fa7d793582482a9287a153c3e25,cpu
synth/stylegan2ada/stylegan2ada_img_05419.png,71913ae082e84e83d45b28615227a7e10121fa3fca4ec918f52dfa06e34eab7f,generated,stylegan2ada,calibration,western-blot-05419,20.031856536865234,1.0,generated,0.5,detector-sam-vit-b-lora-r8-all-img512-51265aec,51265aecd96858feeead19cc47f9bd3dc0af3fa7d793582482a9287a153c3e25,cpu
synth/stylegan2ada/stylegan2ada_img_05431.png,72230834e33a02b6d3d3e6ad7c9870f9c2f2aed236d928732d6c2e22d056d906,generated,stylegan2ada,calibration,western-blot-05431,20.757356643676758,1.0,generated,0.5,detector-sam-vit-b-lora-r8-all-img512-51265aec,51265aecd96858feeead19cc47f9bd3dc0af3fa7d793582482a9287a153c3e25,cpu
synth/stylegan2ada/stylegan2ada_img_05458.png,e62707706ccd76f13166a7943b686e76af3dd962e258ddcee835cbeb1843fb94,generated,stylegan2ada,calibration,western-blot-05458,18.925567626953125,1.0,generated,0.5,detector-sam-vit-b-lora-r8-all-img512-51265aec,51265aecd96858feeead19cc47f9bd3dc0af3fa7d793582482a9287a153c3e25,cpu
synth/stylegan2ada/stylegan2ada_img_05481.png,36393bfb1be45c8f191da74cef05290dba8b9654fe0bd9bc150b474c715d8717,generated,stylegan2ada,calibration,western-blot-05481,19.273866653442383,1.0,generated,0.5,detector-sam-vit-b-lora-r8-all-img512-51265aec,51265aecd96858feeead19cc47f9bd3dc0af3fa7d793582482a9287a153c3e25,cpu
synth/stylegan2ada/stylegan2ada_img_05485.png,cfe8f986d8f1074b335c51b83cbc999fcb6974bc7e5e440b14e029673f10af7d,generated,stylegan2ada,calibration,western-blot-05485,20.731176376342773,1.0,generated,0.5,detector-sam-vit-b-lora-r8-all-img512-51265aec,51265aecd96858feeead19cc47f9bd3dc0af3fa7d793582482a9287a153c3e25,cpu
synth/stylegan2ada/stylegan2ada_img_05491.png,274ba77794ffbb35d994c5ab39fc62d36d16b45e9ec3ea5c822787d303c94662,generated,stylegan2ada,calibration,western-blot-05491,20.2994384765625,1.0,generated,0.5,detector-sam-vit-b-lora-r8-all-img512-51265aec,51265aecd96858feeead19cc47f9bd3dc0af3fa7d793582482a9287a153c3e25,cpu
synth/stylegan2ada/stylegan2ada_img_05498.png,cfd70fd6207d79626c42554c22bc24cb66dcc7648f6355ce520a6aa602001546,generated,stylegan2ada,calibration,western-blot-05498,8.440747261047363,0.9997841715812683,generated,0.5,detector-sam-vit-b-lora-r8-all-img512-51265aec,51265aecd96858feeead19cc47f9bd3dc0af3fa7d793582482a9287a153c3e25,cpu
synth/stylegan2ada/stylegan2ada_img_05517.png,2cf4ed77103d751e0a17c6f2cbced0cff8ebcdfbe7e9497ab5bcf18bbdfb216b,generated,stylegan2ada,calibration,western-blot-05517,20.049055099487305,1.0,generated,0.5,detector-sam-vit-b-lora-r8-all-img512-51265aec,51265aecd96858feeead19cc47f9bd3dc0af3fa7d793582482a9287a153c3e25,cpu
synth/stylegan2ada/stylegan2ada_img_05528.png,7c802087a247457d9a90e0bf36f63351b0ea8bd83b366c9919ee288f4774928d,generated,stylegan2ada,calibration,western-blot-05528,19.101171493530273,1.0,generated,0.5,detector-sam-vit-b-lora-r8-all-img512-51265aec,51265aecd96858feeead19cc47f9bd3dc0af3fa7d793582482a9287a153c3e25,cpu
synth/stylegan2ada/stylegan2ada_img_05544.png,883f25ada0906f006b023c77ca727d31c5a4fb6907807b1b1226f862f1a86212,generated,stylegan2ada,calibration,western-blot-05544,9.759576797485352,0.9999423027038574,generated,0.5,detector-sam-vit-b-lora-r8-all-img512-51265aec,51265aecd96858feeead19cc47f9bd3dc0af3fa7d793582482a9287a153c3e25,cpu
synth/stylegan2ada/stylegan2ada_img_05553.png,664ca677b6156890d160db7d193cc4678d7bf2347904d0a9e83fbe4c59e02323,generated,stylegan2ada,calibration,western-blot-05553,17.74188804626465,1.0,generated,0.5,detector-sam-vit-b-lora-r8-all-img512-51265aec,51265aecd96858feeead19cc47f9bd3dc0af3fa7d793582482a9287a153c3e25,cpu
synth/stylegan2ada/stylegan2ada_img_05556.png,58b070ded2fdc5b2c329e6b943e9d81638ea00d47bb841aa601487f20270daa9,generated,stylegan2ada,calibration,western-blot-05556,13.663837432861328,0.9999988079071045,generated,0.5,detector-sam-vit-b-lora-r8-all-img512-51265aec,51265aecd96858feeead19cc47f9bd3dc0af3fa7d793582482a9287a153c3e25,cpu
synth/stylegan2ada/stylegan2ada_img_05563.png,5c1d543d2c0486c53faa7daed67aa56fca3f6b81d11d268a44a1ea4875f19515,generated,stylegan2ada,calibration,western-blot-05563,20.258325576782227,1.0,generated,0.5,detector-sam-vit-b-lora-r8-all-img512-51265aec,51265aecd96858feeead19cc47f9bd3dc0af3fa7d793582482a9287a153c3e25,cpu
synth/stylegan2ada/stylegan2ada_img_05569.png,c08e491581cc8f65f35da9e8731e88e8fde8f62646f46f59c18e655980d809d9,generated,stylegan2ada,calibration,western-blot-05569,18.018861770629883,1.0,generated,0.5,detector-sam-vit-b-lora-r8-all-img512-51265aec,51265aecd96858feeead19cc47f9bd3dc0af3fa7d793582482a9287a153c3e25,cpu
synth/stylegan2ada/stylegan2ada_img_05597.png,559b12d815fca670c02a4cc11ad0c4d46df9e4589757384540c665c55ffa1554,generated,stylegan2ada,calibration,western-blot-05597,12.436872482299805,0.9999960660934448,generated,0.5,detector-sam-vit-b-lora-r8-all-img512-51265aec,51265aecd96858feeead19cc47f9bd3dc0af3fa7d793582482a9287a153c3e25,cpu
synth/stylegan2ada/stylegan2ada_img_05615.png,b4710a61be6cf9488041f65cc6419cb05192904fb8b955f5ba0c2dc5d215a1a7,generated,stylegan2ada,calibration,western-blot-05615,15.263320922851562,0.9999997615814209,generated,0.5,detector-sam-vit-b-lora-r8-all-img512-51265aec,51265aecd96858feeead19cc47f9bd3dc0af3fa7d793582482a9287a153c3e25,cpu
synth/stylegan2ada/stylegan2ada_img_05622.png,a01ba730a3ff3dbd2af5d20fca655ba2fa304246947b02d3eaf60cb923665beb,generated,stylegan2ada,calibration,western-blot-05622,14.234722137451172,0.9999992847442627,generated,0.5,detector-sam-vit-b-lora-r8-all-img512-51265aec,51265aecd96858feeead19cc47f9bd3dc0af3fa7d793582482a9287a153c3e25,cpu
synth/stylegan2ada/stylegan2ada_img_05627.png,d09bab203ecd585c0a3dc048f9e6e819f466d93e59b26e473b7b4df052a1b3c8,generated,stylegan2ada,calibration,western-blot-05627,15.744359970092773,0.9999998807907104,generated,0.5,detector-sam-vit-b-lora-r8-all-img512-51265aec,51265aecd96858feeead19cc47f9bd3dc0af3fa7d793582482a9287a153c3e25,cpu
synth/stylegan2ada/stylegan2ada_img_05632.png,b4359a07fb1c8d1ebbedb67e6da1b3aeb7fc106717b9bcc1e7a5d580132f012c,generated,stylegan2ada,calibration,western-blot-05632,9.14944839477539,0.9998936653137207,generated,0.5,detector-sam-vit-b-lora-r8-all-img512-51265aec,51265aecd96858feeead19cc47f9bd3dc0af3fa7d793582482a9287a153c3e25,cpu
synth/stylegan2ada/stylegan2ada_img_05646.png,6089cf23c0585f58fe062b9da72e37092480c209b841fab66c1e416ffb691ff6,generated,stylegan2ada,calibration,western-blot-05646,7.689690589904785,0.9995427131652832,generated,0.5,detector-sam-vit-b-lora-r8-all-img512-51265aec,51265aecd96858feeead19cc47f9bd3dc0af3fa7d793582482a9287a153c3e25,cpu
synth/stylegan2ada/stylegan2ada_img_05648.png,7de370817910857f664e5fdd4251526b8e87c45c7ce5da8ca7d93ed47de00b83,generated,stylegan2ada,calibration,western-blot-05648,9.882604598999023,0.9999489784240723,generated,0.5,detector-sam-vit-b-lora-r8-all-img512-51265aec,51265aecd96858feeead19cc47f9bd3dc0af3fa7d793582482a9287a153c3e25,cpu
synth/stylegan2ada/stylegan2ada_img_05649.png,85d8d915f5780d4b57a281211b65300e798fa45122f765e1840d0fe36d122016,generated,stylegan2ada,calibration,western-blot-05649,12.767364501953125,0.9999971389770508,generated,0.5,detector-sam-vit-b-lora-r8-all-img512-51265aec,51265aecd96858feeead19cc47f9bd3dc0af3fa7d793582482a9287a153c3e25,cpu
synth/stylegan2ada/stylegan2ada_img_05652.png,78332be0a9d75f22f008db88d3c793635c81441401fb89cd16cfa11ba091aaa5,generated,stylegan2ada,calibration,western-blot-05652,12.892499923706055,0.9999974966049194,generated,0.5,detector-sam-vit-b-lora-r8-all-img512-51265aec,51265aecd96858feeead19cc47f9bd3dc0af3fa7d793582482a9287a153c3e25,cpu
synth/stylegan2ada/stylegan2ada_img_05664.png,d88d4135d53526b64f982901bd139e1c6511a09425434943bba74b86bd83abdd,generated,stylegan2ada,calibration,western-blot-05664,18.95351219177246,1.0,generated,0.5,detector-sam-vit-b-lora-r8-all-img512-51265aec,51265aecd96858feeead19cc47f9bd3dc0af3fa7d793582482a9287a153c3e25,cpu
synth/stylegan2ada/stylegan2ada_img_05685.png,af03ff8b5a9b6be07a0e384c149f56ebfa4638b9ee0f001866e60d642f33ca6f,generated,stylegan2ada,calibration,western-blot-05685,2.4219417572021484,0.9184852242469788,generated,0.5,detector-sam-vit-b-lora-r8-all-img512-51265aec,51265aecd96858feeead19cc47f9bd3dc0af3fa7d793582482a9287a153c3e25,cpu
synth/stylegan2ada/stylegan2ada_img_05696.png,d3c1130c84dee68844238642db90b5b42eb053b4cea950a039624dfce0ee8353,generated,stylegan2ada,calibration,western-blot-05696,18.03994369506836,1.0,generated,0.5,detector-sam-vit-b-lora-r8-all-img512-51265aec,51265aecd96858feeead19cc47f9bd3dc0af3fa7d793582482a9287a153c3e25,cpu
synth/stylegan2ada/stylegan2ada_img_05713.png,25357ea9beba6a1227b1f8963df4bd884c0660fc1ebb1ce192900d2f0a5e19b3,generated,stylegan2ada,calibration,western-blot-05713,14.76953125,0.9999996423721313,generated,0.5,detector-sam-vit-b-lora-r8-all-img512-51265aec,51265aecd96858feeead19cc47f9bd3dc0af3fa7d793582482a9287a153c3e25,cpu
synth/stylegan2ada/stylegan2ada_img_05716.png,cd0e9d194dd3746dad4d80d9543c2f5da095c515e59beda65b005f625d25be72,generated,stylegan2ada,calibration,western-blot-05716,14.588510513305664,0.9999995231628418,generated,0.5,detector-sam-vit-b-lora-r8-all-img512-51265aec,51265aecd96858feeead19cc47f9bd3dc0af3fa7d793582482a9287a153c3e25,cpu
synth/stylegan2ada/stylegan2ada_img_05723.png,f9d4be96208e55be65285231feafa366606a08fca29f223a7b0d584058448100,generated,stylegan2ada,calibration,western-blot-05723,17.700841903686523,1.0,generated,0.5,detector-sam-vit-b-lora-r8-all-img512-51265aec,51265aecd96858feeead19cc47f9bd3dc0af3fa7d793582482a9287a153c3e25,cpu
synth/stylegan2ada/stylegan2ada_img_05728.png,16875123b30191bf604c8ec85204123d9faed7f674012353c9c72a8181e60d8a,generated,stylegan2ada,calibration,western-blot-05728,19.34406852722168,1.0,generated,0.5,detector-sam-vit-b-lora-r8-all-img512-51265aec,51265aecd96858feeead19cc47f9bd3dc0af3fa7d793582482a9287a153c3e25,cpu
synth/stylegan2ada/stylegan2ada_img_05735.png,41d4cebe356e633830f19814896f3df460ac7c30fccb827c510ea83448943ef6,generated,stylegan2ada,calibration,western-blot-05735,16.117712020874023,0.9999998807907104,generated,0.5,detector-sam-vit-b-lora-r8-all-img512-51265aec,51265aecd96858feeead19cc47f9bd3dc0af3fa7d793582482a9287a153c3e25,cpu
synth/stylegan2ada/stylegan2ada_img_05785.png,9f4434d086f83d567e80f1a90ccd60cef8577a1b7e335d82ea8ba3095c4264d7,generated,stylegan2ada,calibration,western-blot-05785,5.7354044914245605,0.9967807531356812,generated,0.5,detector-sam-vit-b-lora-r8-all-img512-51265aec,51265aecd96858feeead19cc47f9bd3dc0af3fa7d793582482a9287a153c3e25,cpu
synth/stylegan2ada/stylegan2ada_img_05793.png,d013065fd7e07fc25c23b01eff5dda8397b285f07c3984bf374af22fcf096a69,generated,stylegan2ada,calibration,western-blot-05793,22.74308204650879,1.0,generated,0.5,detector-sam-vit-b-lora-r8-all-img512-51265aec,51265aecd96858feeead19cc47f9bd3dc0af3fa7d793582482a9287a153c3e25,cpu
synth/stylegan2ada/stylegan2ada_img_05801.png,5542feb751e1c81a5bba05511b62940d24c8071947915bbf380d968f15851d78,generated,stylegan2ada,calibration,western-blot-05801,15.803178787231445,0.9999998807907104,generated,0.5,detector-sam-vit-b-lora-r8-all-img512-51265aec,51265aecd96858feeead19cc47f9bd3dc0af3fa7d793582482a9287a153c3e25,cpu
synth/stylegan2ada/stylegan2ada_img_05844.png,699b86420466e20cf0483e9ba16dbcb9ef029186220c1ab75237119df73a67c6,generated,stylegan2ada,calibration,western-blot-05844,17.894733428955078,1.0,generated,0.5,detector-sam-vit-b-lora-r8-all-img512-51265aec,51265aecd96858feeead19cc47f9bd3dc0af3fa7d793582482a9287a153c3e25,cpu
synth/stylegan2ada/stylegan2ada_img_05858.png,823dd541a78023fd696eb7b9b9bba70d08c34b18587d7f07b2c1989a21899578,generated,stylegan2ada,calibration,western-blot-05858,24.752853393554688,1.0,generated,0.5,detector-sam-vit-b-lora-r8-all-img512-51265aec,51265aecd96858feeead19cc47f9bd3dc0af3fa7d793582482a9287a153c3e25,cpu
synth/stylegan2ada/stylegan2ada_img_05861.png,cfc30f70b09b4810f6c706d6bcf17f52fa7d3a459e9bba42013c2dc4d2eef90d,generated,stylegan2ada,calibration,western-blot-05861,16.4918270111084,0.9999998807907104,generated,0.5,detector-sam-vit-b-lora-r8-all-img512-51265aec,51265aecd96858feeead19cc47f9bd3dc0af3fa7d793582482a9287a153c3e25,cpu
synth/stylegan2ada/stylegan2ada_img_05879.png,772e49f47d8fe5990f0728266f8b0722a9f1ff9a9ce93b417990023dbc5d92a6,generated,stylegan2ada,calibration,western-blot-05879,21.249860763549805,1.0,generated,0.5,detector-sam-vit-b-lora-r8-all-img512-51265aec,51265aecd96858feeead19cc47f9bd3dc0af3fa7d793582482a9287a153c3e25,cpu
synth/stylegan2ada/stylegan2ada_img_05884.png,91cc43dde4d6d908b2ba9f38eb672d9729617b9c132b914c44df06fe0a137f5a,generated,stylegan2ada,calibration,western-blot-05884,20.37298583984375,1.0,generated,0.5,detector-sam-vit-b-lora-r8-all-img512-51265aec,51265aecd96858feeead19cc47f9bd3dc0af3fa7d793582482a9287a153c3e25,cpu
synth/stylegan2ada/stylegan2ada_img_05886.png,13c9f2d0bfa9bbbeee6858af5be31d5ada7126d2fc99d2634164f183a9e9db20,generated,stylegan2ada,calibration,western-blot-05886,16.629283905029297,0.9999998807907104,generated,0.5,detector-sam-vit-b-lora-r8-all-img512-51265aec,51265aecd96858feeead19cc47f9bd3dc0af3fa7d793582482a9287a153c3e25,cpu
synth/stylegan2ada/stylegan2ada_img_05894.png,42caf514a82559559f19d3c0b33488135342035cb7cbe45ccc54419ba448da55,generated,stylegan2ada,calibration,western-blot-05894,21.763843536376953,1.0,generated,0.5,detector-sam-vit-b-lora-r8-all-img512-51265aec,51265aecd96858feeead19cc47f9bd3dc0af3fa7d793582482a9287a153c3e25,cpu
synth/stylegan2ada/stylegan2ada_img_05899.png,f13443d630580e62384c3d599d6793fd7d7771e6014b2ae7885324a63ece2258,generated,stylegan2ada,calibration,western-blot-05899,24.731386184692383,1.0,generated,0.5,detector-sam-vit-b-lora-r8-all-img512-51265aec,51265aecd96858feeead19cc47f9bd3dc0af3fa7d793582482a9287a153c3e25,cpu
synth/stylegan2ada/stylegan2ada_img_05927.png,ddc87c932e101d62383d910e1185d818911d86a1d0d8310c3c11ae53ec4255f4,generated,stylegan2ada,calibration,western-blot-05927,23.81467056274414,1.0,generated,0.5,detector-sam-vit-b-lora-r8-all-img512-51265aec,51265aecd96858feeead19cc47f9bd3dc0af3fa7d793582482a9287a153c3e25,cpu
synth/stylegan2ada/stylegan2ada_img_05934.png,1f20382b03e10174be986aaa9629e6dfa5ded5973192ab63b7a3e41b1f59b124,generated,stylegan2ada,calibration,western-blot-05934,15.428292274475098,0.9999997615814209,generated,0.5,detector-sam-vit-b-lora-r8-all-img512-51265aec,51265aecd96858feeead19cc47f9bd3dc0af3fa7d793582482a9287a153c3e25,cpu
synth/stylegan2ada/stylegan2ada_img_05944.png,e12824805115aa3973808ba272c6194708bf3af82036e6bc2ee171096dffe304,generated,stylegan2ada,calibration,western-blot-05944,19.285263061523438,1.0,generated,0.5,detector-sam-vit-b-lora-r8-all-img512-51265aec,51265aecd96858feeead19cc47f9bd3dc0af3fa7d793582482a9287a153c3e25,cpu
synth/stylegan2ada/stylegan2ada_img_05949.png,09cdead225ce047e75c1999608965d0a633591315984a146c28c72dbd02fc319,generated,stylegan2ada,calibration,western-blot-05949,7.447785377502441,0.9994176626205444,generated,0.5,detector-sam-vit-b-lora-r8-all-img512-51265aec,51265aecd96858feeead19cc47f9bd3dc0af3fa7d793582482a9287a153c3e25,cpu
synth/stylegan2ada/stylegan2ada_img_05953.png,70433555484d2aba9f5bdce4a3f8ea8747b50d23f8ddc0628554284afebea83c,generated,stylegan2ada,calibration,western-blot-05953,16.302331924438477,0.9999998807907104,generated,0.5,detector-sam-vit-b-lora-r8-all-img512-51265aec,51265aecd96858feeead19cc47f9bd3dc0af3fa7d793582482a9287a153c3e25,cpu
synth/stylegan2ada/stylegan2ada_img_05956.png,547979d137afdd4ad2e5293f07c33b3cb2e19a980e5acd7f1790537b5a321d93,generated,stylegan2ada,calibration,western-blot-05956,22.843793869018555,1.0,generated,0.5,detector-sam-vit-b-lora-r8-all-img512-51265aec,51265aecd96858feeead19cc47f9bd3dc0af3fa7d793582482a9287a153c3e25,cpu
synth/stylegan2ada/stylegan2ada_img_05961.png,02928d73824a1f0e213803f0e9a2489f5ed05f2af97b10b3e5bd7e83d3e9f7b7,generated,stylegan2ada,calibration,western-blot-05961,13.086402893066406,0.9999979734420776,generated,0.5,detector-sam-vit-b-lora-r8-all-img512-51265aec,51265aecd96858feeead19cc47f9bd3dc0af3fa7d793582482a9287a153c3e25,cpu
synth/stylegan2ada/stylegan2ada_img_05965.png,29a19cd59a2565e477cca9755871926f44be38660af73713b2f71927e34aa6ce,generated,stylegan2ada,calibration,western-blot-05965,16.44145965576172,0.9999998807907104,generated,0.5,detector-sam-vit-b-lora-r8-all-img512-51265aec,51265aecd96858feeead19cc47f9bd3dc0af3fa7d793582482a9287a153c3e25,cpu
synth/stylegan2ada/stylegan2ada_img_05967.png,36cf436cf0df8fd3e12121c1dd4a52b02a24111aa9084114b441d8bfe406d390,generated,stylegan2ada,calibration,western-blot-05967,15.100200653076172,0.9999997615814209,generated,0.5,detector-sam-vit-b-lora-r8-all-img512-51265aec,51265aecd96858feeead19cc47f9bd3dc0af3fa7d793582482a9287a153c3e25,cpu
synth/stylegan2ada/stylegan2ada_img_05968.png,cdb7236e9b4be789aef9318c07de9f052c25484512477ea3c72025ba67fc5d41,generated,stylegan2ada,calibration,western-blot-05968,13.741329193115234,0.999998927116394,generated,0.5,detector-sam-vit-b-lora-r8-all-img512-51265aec,51265aecd96858feeead19cc47f9bd3dc0af3fa7d793582482a9287a153c3e25,cpu
synth/stylegan2ada/stylegan2ada_img_05998.png,4c595c1f85cac99753088fa8ab137d84da10547dc983fbc8910b5cd02befeeec,generated,stylegan2ada,calibration,western-blot-05998,23.12604331970215,1.0,generated,0.5,detector-sam-vit-b-lora-r8-all-img512-51265aec,51265aecd96858feeead19cc47f9bd3dc0af3fa7d793582482a9287a153c3e25,cpu
