sample_path,sample_sha256,expected_source_class,generator,split,family_id,phash64
real/real_img_00006.png,f8466a14e7a37729fff8d238332a4f3faff5b76525dd9b6d3f2406008c1cf45e,original,,calibration,western-blot-00006,9be4e41ba4847be4
real/real_img_00008.png,f60f24f61e1a9be2793f9785d4c396411c9c9cae07963a28aa22e413793754a6,original,,calibration,western-blot-00008,e09f9f608ee7108e
real/real_img_00010.png,059c0ae0f91f41700f32cda9a91a7295daa99b0e1747a759f1c56a79e3cbf065,original,,calibration,western-blot-00010,fe80807fafe01c8e
real/real_img_00026.png,39d20783d51970e73d5ab9393cddc92f04dd5bf3057ec23beb9c43248f1aaa1c,original,,calibration,western-blot-00026,f0588f8f60709e8f
real/real_img_00049.png,5cf06abff44cde54a2f58e79e7c1ce9639d6399d22da374ebe375d138b96f477,original,,calibration,western-blot-00049,fa84817a9f8370bc
real/real_img_00054.png,3a9d5ded5672dee5c34bbc3f329c0f2475584397002f5a63a901edc96054ff16,original,,calibration,western-blot-00054,e0789fc7809c9e63
real/real_img_00109.png,a9e4dd61500a298a0a3fcf39dcde8d9964d0b8d5fcb4274ee26a27043c120bd0,original,,calibration,western-blot-00109,ab08d4f72ac0b51f
real/real_img_00111.png,08cdd2f64590e5deb14eab4f1866893fbc13d03ec139f95ddccbb342378fc226,original,,calibration,western-blot-00111,fa9581783f837095
real/real_img_00139.png,a9b734ab1cf57aefb0ed48194b8a3142776ff22cb4caba8bdadf05d86675bf67,original,,calibration,western-blot-00139,e19d9e61318e6399
real/real_img_00162.png,1fbdb0ab3237ec61071d6c6b9069982438504d8533b2794b116398213108ed76,original,,calibration,western-blot-00162,9fc438c7f09f210e
real/real_img_00193.png,aed750d7123e9e8740500bdf5b9740389518565002b06e479da4aa7df0b55f5c,original,,calibration,western-blot-00193,bbc71fce3101e0cc
real/real_img_00204.png,0ac3bb123d0018085fac11c5fc89e7b5719294aa1c74ef773ad4a52d79964fc5,original,,calibration,western-blot-00204,9fe438c3f89fa005
real/real_img_00208.png,293224f4ca989a74cda1a17ff275e1a51d9d3c1b120e9a89f1a20db0a0a6bd8d,original,,calibration,western-blot-00208,9fe41bc03c833cd3
real/real_img_00237.png,d2b7f450c1d2355014e61b848e17757e581b25d747c5c1aed2e770f0e6aaa4d6,original,,calibration,western-blot-00237,9bf70ee7338048cc
real/real_img_00258.png,c7b62c0b1f2f4ec613c79b1ee3c534c543fc4c77b755a65cd733888df66dfb87,original,,calibration,western-blot-00258,87f8f803ec07f80e
real/real_img_00277.png,6988199cf8d0b119fb7209b69dcd82b3ed704f98efa2e9a302763a85d3979ff1,original,,calibration,western-blot-00277,87f87c0356f807e1
real/real_img_00309.png,4ed4d557eb628d93a1f6a4f647edee6b851a4e43a4df6334e9140f7250a63e98,original,,calibration,western-blot-00309,b2cc32cd30cf38c7
real/real_img_00311.png,afe5dde34e42a51b889d285f3c3df8221519164a125622ebcca146486723adad,original,,calibration,western-blot-00311,b2c98c708fcc36cb
real/real_img_00331.png,6cd7dbfede5a25229b9b819bd6902da25f3c9ee9667654e863a8b1754a99563c,original,,calibration,western-blot-00331,b2cd8c728f7483cc
real/real_img_00348.png,88d0e7747ab8b6e3981eaca820289920e952570ea60e85ca1711a2142a2c2083,original,,calibration,western-blot-00348,b232f08f8fc8f834
real/real_img_00402.png,984206eab7a40486c9f4bd2995df54de6ebcff7e6551a110b6cc593dfe9abfdb,original,,calibration,western-blot-00402,b630cbcf243699c9
real/real_img_00403.png,f9877241ffb56ba8ee269deb92059b68cf2df5f65d7e04071fd381d6962d3468,original,,calibration,western-blot-00403,83fcb2874d790f82
real/real_img_00405.png,dd694c041ddb5b981b1afbd171ea694e676f16a2381581b372d4daff5c8c8eab,original,,calibration,western-blot-00405,cd49bab6b605454d
real/real_img_00408.png,c6aafaaedfeb4f6cdaaa193f10071a0237771ae2a405d36ab65cb6f35c54a263,original,,calibration,western-blot-00408,aa9dcee6e6911922
real/real_img_00410.png,29a1aef3d8cc1a4bb2d077875d5196e09293b788df82db4dc80fadc9746f60c8,original,,calibration,western-blot-00410,c5b88a64b5986eb5
real/real_img_00418.png,153d22682e3db8a862fbe891bd18e84aea72a6c6f9d4dd1248c12b806431090e,original,,calibration,western-blot-00418,e56798987367249c
real/real_img_00436.png,53b1ae927185a231c014974979c913472432cbf9b9686a216f20301c61db804e,original,,calibration,western-blot-00436,c9b69649ad96492d
real/real_img_00440.png,b43370a66de878842c0dd36c8e9303a944055a207e733867d67c67fa149adeef,original,,calibration,western-blot-00440,9ef1a52c53531e0d
real/real_img_00448.png,e1efebb86c052db4af36ebd2ee68c710faeafc07500215e278e41bd1ef9ec800,original,,calibration,western-blot-00448,94e8e3f01c0ee3f1
real/real_img_00464.png,d82f5577b9b88d3cbf81f19cb03e556b63e52f5931beb184c32d16ec6d60dd36,original,,calibration,western-blot-00464,a71dd8e2e2253527
real/real_img_00476.png,fe1e845e21aa6f6993f07b136b639aae23f3b512218e1356cf5839bebca32524,original,,calibration,western-blot-00476,b853c7acad13135a
real/real_img_00509.png,cc9ef93a6e842181d52b57e90b7199b5aa724442594ceb0b833b86c197815bc9,original,,calibration,western-blot-00509,fe3e8080c0763f3e
real/real_img_00514.png,9b8fe22d099cbfaa66d2e0bfaf104d2b4e44062e9241570e19dc18234b75f003,original,,calibration,western-blot-00514,d918a6e6d75919a4
real/real_img_00530.png,105df9491b6088252b3369811b566f9785644cdc3e094988dee1659219115a37,original,,calibration,western-blot-00530,9617e9e8d41616ab
real/real_img_00531.png,d9290419fc492d847e21a03a0d3da811c8592e4c632cd0e17fd7549a76bad2ba,original,,calibration,western-blot-00531,dd09a6a67f5908a6
real/real_img_00547.png,0b254907bcb88384960d34d8c96b1e1bbbc607581f6c47eb7652059f10d53d9f,original,,calibration,western-blot-00547,e759b08c686759a6
real/real_img_00560.png,9983fb37f573b334ad8dc896273335c4479c112214dc5a2726b04c76cb005d80,original,,calibration,western-blot-00560,8ca0e38f1cf3e30e
real/real_img_00561.png,65d1f6067c4ed5a410b19f0d0ef8a79ab9ac46699b7a25b1ea644b936c381c29,original,,calibration,western-blot-00561,b2bcc9b836c8c933
real/real_img_00564.png,2c8c665ae04fc83043cbe0158eca94763cabcf0dfa8f8ea9fc7db1d3a8a3eaa1,original,,calibration,western-blot-00564,88da7fd220927fc2
real/real_img_00567.png,95db4af09905ebe8729ed2cf71c2cb442a3058f9c2dc180a7db7fa91223658e7,original,,calibration,western-blot-00567,9ca3e38a1ce3e30e
real/real_img_00595.png,2a3601a55b41f0a5bbb2d512bd7b48776d79089f861879906a3a9a0ae2522161,original,,calibration,western-blot-00595,a5f9dab02581da36
real/real_img_00605.png,077636774342dd73dcd2f3623faf068967694d3680b626aae30f04f8bb097bd8,original,,calibration,western-blot-00605,ff7c80827f7ec080
real/real_img_00626.png,d096b0f2e89ebc36d3c08e8348c91e95a7a87b5bfc9e4b307ee84ed8b540abda,original,,calibration,western-blot-00626,db48b4a4494bb6b6
real/real_img_00627.png,42afe58ab53f01163945de977947a3b9cdb17c600653db460d746eaeaf6cbb11,original,,calibration,western-blot-00627,ea5ad5a52c54d2aa
real/real_img_00642.png,6b19b2cb5c6a5524fb7346bde136182fb865f744439102f858ac8c76dc3c0629,original,,calibration,western-blot-00642,d256ada95a52a5a5
real/real_img_00649.png,89133334b1792d86ffb4992760de8107e025811e26c8d6e108fc08ac7d8c6d28,original,,calibration,western-blot-00649,fe7c81837f7cc080
real/real_img_00650.png,4cb634848cc3f099d4cf3fa20a4b632ed516d604eaa4bf3aa1d6c1e6f298809e,original,,calibration,western-blot-00650,c302bcfc4303bcfc
real/real_img_00657.png,a8b0647a50461ec963f4b229917ccac06d1bd385869829cef9855d43664045eb,original,,calibration,western-blot-00657,bd18d1613f9ed061
real/real_img_00658.png,9b5f577d052d7409a355e37b35bb8932a1d750b62431d8f4f5686eb3b03ce0d4,original,,calibration,western-blot-00658,d31695cc8c967571
real/real_img_00660.png,0cf753948d5f8b59bc2305c79e80730518025b1cac932aeee5b6a9d9927707ef,original,,calibration,western-blot-00660,e147a6b65b49a4b4
real/real_img_00668.png,97c55fe21dce031d4f78b8496be8d03d1069d7852e65512e4b63f3594d31e90f,original,,calibration,western-blot-00668,d5a8a75293b3ea44
real/real_img_00684.png,725b2c86a86804094ba7cc1b6102e984956aa1543ba9c81b8492494f2f3e3c57,original,,calibration,western-blot-00684,d456b9ada9a9d054
real/real_img_00699.png,c615634bb552079ccd285ecfad19352350e36da2eb2f0d14b4e676f0ddf20b8f,original,,calibration,western-blot-00699,d554b1aaaaaad455
real/real_img_00705.png,d3c91618be45e5a9c85ec3f213c2f1943cdc23ffcc6f37598a6d186f29cfcac2,original,,calibration,western-blot-00705,aad2b594d42a6ad5
real/real_img_00716.png,2bbd08219ddbc31cd0eefdd1305d07ab6482cec7ef0850d6b5dee42c8233586b,original,,calibration,western-blot-00716,94aaa9e9af5650a9
real/real_img_00719.png,0eb8ec4f3ac964a64a122ba2211ae1b6abd63049807e00e39ffad0f723fe8c6d,original,,calibration,western-blot-00719,a5d1caaada2561da
real/real_img_00721.png,1574d39cde9caacbfe1d48048f7a6ca181808b71937896a80377f01ea6d5ef63,original,,calibration,western-blot-00721,aa8ad5d5b22a45d5
real/real_img_00752.png,aaa209e89a81dc1ca22cdfd1274d8acd3e46f4cbf4dfb5596cee8197b496cac2,original,,calibration,western-blot-00752,cfb0f04f0eb2432e
real/real_img_00758.png,f8a82889d5c73932472707e9006281e5b3b0420168f32db72ff6ec2ace60e204,original,,calibration,western-blot-00758,df80a07f57803a2f
real/real_img_00761.png,6046d3c598b9575db6e369ea593f171131c0af7ccf81d31faf20422abb73c775,original,,calibration,western-blot-00761,fdd0a72ed1a52a42
real/real_img_00783.png,acbf2a67ff18e4718af337b3241fb549b773abcebb12c1161e2b38a28445bb0e,original,,calibration,western-blot-00783,a5cada252dda922d
real/real_img_00797.png,f1b544b2eb760406b3beb8fddbd405bc6a49048a4328c8fb36ac1e8f2506a732,original,,calibration,western-blot-00797,9ae5e71a18e5c619
real/real_img_00915.png,b017a3678d7be6ead7ed0793de4cc76549b0e8d5caa69633caec59c15bab8daa,original,,calibration,western-blot-00915,975ff05043261e5d
real/real_img_00916.png,4c08fc9f9231e0a0dba8295d079b2fb8016e7af7909ab64373f930a01afa4d27,original,,calibration,western-blot-00916,fa2d5a3542b53856
real/real_img_00920.png,760a4133255fa736c9de9ba9451e00ec267884924e50cb8710e95d7a6d0ccf06,original,,calibration,western-blot-00920,b8c3c9071bec64b6
real/real_img_00929.png,12b1658b15f9a5ed07ad767bd9b23163e6279f0db9ccb8831d9b65ac8de2685f,original,,calibration,western-blot-00929,c2a59b636a987333
real/real_img_00933.png,a5430eafb1c1dc76cbd8cc8bdb9bc9e23eb7d1dc61468dee3b5dfc0486d02c7b,original,,calibration,western-blot-00933,9ff0a5294b565515
real/real_img_00937.png,0597fed2d6e0db7a15a69a2c9581a83914b6e5490e1107e4c5bbd63cbf46f751,original,,calibration,western-blot-00937,adc1d05a2fb42cda
real/real_img_00938.png,d2f9ff115206c366033f6462926e0ffd05ffb7d18c15e60f1b165c9f19a90c8d,original,,calibration,western-blot-00938,b27e7364786d6460
real/real_img_00941.png,c8ff2dadb901c85bd328a3d8289bcde7ea1885164255c9e3e4e367b8f70bb296,original,,calibration,western-blot-00941,aa2a2a2da52d2d3f
real/real_img_00943.png,b28e22e3138f4d82c50bc64548fe6ede0e34fb96bf6152c862e2a0a555fa722e,original,,calibration,western-blot-00943,eb96691a2b9a0f0b
real/real_img_00951.png,47322de779fa6fd84b777cd356edcf2a37f27942df986c199cb22db87eede1b6,original,,calibration,western-blot-00951,ad6ad499296ad495
real/real_img_00958.png,44d987a3d7ee745d005fb943008541a4dfcbabcbdee78fdcffd1e4d96ae45a83,original,,calibration,western-blot-00958,f53598c84686e373
real/real_img_00961.png,a007ba0369e88aae794a9bbb7363f4f9649aad9a4630993b432690d0020271d6,original,,calibration,western-blot-00961,f071878e185cf1f1
real/real_img_00965.png,097255386ee934f12c577418db38a257eda08feba6c5ee85eb6d764a7c4a786c,original,,calibration,western-blot-00965,9515ecea12339d9c
real/real_img_00966.png,4d3b93544dd6eaa63a6adc50edfb3454745ad1b131281d5945fa5b1414de5517,original,,calibration,western-blot-00966,e0599e9661ceee05
real/real_img_00979.png,e45c43e66b8e48ad7dff7151d75b89b53b1b6bcc6dc6e53590ac9c1d8b87e2f7,original,,calibration,western-blot-00979,bf7da8801d40bf32
real/real_img_01030.png,b0e8315b09ffe4dd05287607db6f4927baece6ec9f12b240c28fe0b134730712,original,,calibration,western-blot-01030,80db7d03d000ff7d
real/real_img_01040.png,1cf1e65bc511787485dda6cbb7c2f0138af87ce480849ebfef704da8e2999150,original,,calibration,western-blot-01040,ee813d80ea25dd6a
real/real_img_01055.png,c0c9f154162bbd420c5f29453adaba325f9b8f44e7c5e0ba556d1773cf12989b,original,,calibration,western-blot-01055,eab54a95254a26dd
real/real_img_01061.png,9fa73423f1e39c7bb9f14aa736556eb2de0dbb29f7f78f315e90eea956fd3c09,original,,calibration,western-blot-01061,eab528d9b5685266
real/real_img_01069.png,d1c03fd2dafab47b08d6be19519157094864eeca78f0a151092079e218cc9ee8,original,,calibration,western-blot-01069,eacad52534a469d9
real/real_img_01080.png,21b955d17f12027fa6ec3f2d0025ca54ac8c3d8feb8d68bfbb0c9f5a39181158,original,,calibration,western-blot-01080,ead5254ada94a9d1
real/real_img_01081.png,2671ed5083dfd4921ba97664b13e15dcd52174b033172afd16cdd7020638bda1,original,,calibration,western-blot-01081,eab528dbb5e85222
real/real_img_01083.png,5ccea6340a00ff956233b8f3bf2725c284410748cde83927c12e56c668efacf0,original,,calibration,western-blot-01083,ead4b524ca5ad626
real/real_img_01091.png,2c00c47e28163f979994c3d632d73944c987812c1278d95dd03d789ad663f11a,original,,calibration,western-blot-01091,eab538da95ad5122
real/real_img_01096.png,3bafb400457fbd32ba11d2361d86325e98c4dc7f949726c276e01c08cc5e9a73,original,,calibration,western-blot-01096,eab54ad5254a266d
real/real_img_01105.png,b37dd7e6d8a2ee5c12a3551db3c06384d1fc16d09c7ff209e4d7128c013bd4ef,original,,calibration,western-blot-01105,81010303efefedec
real/real_img_01109.png,f311cc96b9c754d53f038f9e01e07b292d528834d46728f8c5c99625de064f30,original,,calibration,western-blot-01109,fa8d85721dd033ac
real/real_img_01114.png,bfb1f1142bb1f5b42a736c4cfcba6730c5e3666562d7eab5c362d540f83658cd,original,,calibration,western-blot-01114,cfb4b04f02fc6b90
real/real_img_01129.png,668563e6e5f661a5544030601a451f8740751a9ed0a21280e53f609f53d6e956,original,,calibration,western-blot-01129,d5aaaa7700d16eaa
real/real_img_01136.png,d20224eabcba9bf0927d2f00fe392694a2ebb546266bc26df5845eef0aa6c68f,original,,calibration,western-blot-01136,e39c9c63728c63b8
real/real_img_01155.png,68dae21f3ce0a01c8206bc65dacabb307ddd3970eb0b0f5c09c4e52ffe0f56df,original,,calibration,western-blot-01155,f5bb005555aa5535
real/real_img_01164.png,f3805651d971fc4400bc5bb8ed52783f766f30668596523c4572706bfbdc3feb,original,,calibration,western-blot-01164,ae3e936d6cd09161
real/real_img_01173.png,fa30242fd9df260f39ea5b250a4a778e3a18754f25fc4beeea6a53d4ae42cae7,original,,calibration,western-blot-01173,b0df723232cf3232
real/real_img_01180.png,315c22b46a580188b9582758a3a80d8f12fd6fdb120f033f9b4675cbc9c73bf8,original,,calibration,western-blot-01180,b8c7c73838c7c538
real/real_img_01182.png,984939c1d42d3ea62f80314fe6130d62612c92dd2ed4455826921cb839786232,original,,calibration,western-blot-01182,e59e9b64339a6522
real/real_img_01202.png,8b23b573f1d453523a40fa825a8ad1255e1028b91780604fa7f5db90205b275c,original,,calibration,western-blot-01202,d558aa53aaaa55a5
real/real_img_01203.png,0dabae7cac9bcbb058802431bcea7a81632eb17610a02754f71c9a2592e728a8,original,,calibration,western-blot-01203,b7b2c84dc8a837b2
real/real_img_01235.png,714bed85fc4da881b056529982ed2fb5af40e6f22695f95d020a08a6d8fe3acb,original,,calibration,western-blot-01235,bf3ee01580c03f8f
real/real_img_01257.png,6d4bed8d4c4a34fe5d0e0183ef2f8cf6bc271312500e7f22c324ecd49da8eb14,original,,calibration,western-blot-01257,e4559baa64559ba8
real/real_img_01261.png,bbe01237da67f7f2b267e3c246ae8b2e6a4f4d93e25d09d54ec216d85901c061,original,,calibration,western-blot-01261,91c6ee3911c6ea39
real/real_img_01298.png,0335b88d32ebf38c0807cc2bab25e8f008ad16915760a5fe1c21b30679389e13,original,,calibration,western-blot-01298,cec0b12f4ed1b12e
real/real_img_01308.png,e97d841d8702b232027e8d0fb9403a778b0e0ca945c03a83a598e6662336bfb9,original,,calibration,western-blot-01308,ead4913b66c4983b
real/real_img_01310.png,5aa6981d5c3553699d30c1f2cd076ca878eac6356bc8185be1781163fb2307b1,original,,calibration,western-blot-01310,ff80807e7f80907e
real/real_img_01317.png,58e157de5fa5bb3032ff71aa12ef4b7a232a59d241a266f4f6ccb08471f2a257,original,,calibration,western-blot-01317,9213eded1d13e2a8
real/real_img_01320.png,85ad431aaab4583333660a201ef88c2d39c24efb5c5360cdac8daee943df6e03,original,,calibration,western-blot-01320,ead4952a6ad5952a
real/real_img_01327.png,81676c445bb498b99cfb4440644a15a99cf0a5b69853f4d0d39d50f876e107fa,original,,calibration,western-blot-01327,8d0df2b20b4deca3
real/real_img_01332.png,d897129f608076b2200ac950cc61a24f11160c5333aacd55d3a7ea372da9a33a,original,,calibration,western-blot-01332,aa2ad5d52b6a9233
real/real_img_01333.png,c3b731956190896d49f806fe600ee1dd293456f8aa3e6890334cb53327828894,original,,calibration,western-blot-01333,ff3f80807c7f8980
real/real_img_01338.png,a0a19a56ae5cea8e282f93ca409d8b3c074f884f013ab21895132bfd333b4361,original,,calibration,western-blot-01338,a929d6d6252b9b19
real/real_img_01373.png,2bf14886ededba3c30963437991bc7ba9284a475b1e957d9a74bce3a22f963b1,original,,calibration,western-blot-01373,99e1e61a19eca663
real/real_img_01383.png,ef8165293bfe27800fe1bf6e5e4b8f7c4887c79255c09c0933001c8bf010b9b4,original,,calibration,western-blot-01383,9be1e41a1be4ec07
real/real_img_01389.png,13f4870292e8459a1ed64c9b1599082be89e804c67b41c6382614a5725f0d30f,original,,calibration,western-blot-01389,b4cacb3514e3eb0c
real/real_img_01390.png,deb69f55207e1849623c9960b9e2fde68b6d15eea7bf233ef1057e481c8d6ab7,original,,calibration,western-blot-01390,aab5d54b2ab89945
real/real_img_01392.png,5ded822fc2ec4c777bc1919623b6471880cd9a6184fb45d7a67a8397547700a5,original,,calibration,western-blot-01392,a5d9d2202dcd965b
real/real_img_01397.png,b9880c2f4230842319e19a16fc9050902ef56618197ae7a187d170f6636ba7ae,original,,calibration,western-blot-01397,f09c8f6370a98f16
real/real_img_01399.png,c86f91dc7071ab96c38b01cf95dada65cbb8664bede65c537f25463f15dccaea,original,,calibration,western-blot-01399,94caeb353489c97a
real/real_img_01400.png,0f1003b42a439b5e224d9c5a680bcef56b00a26dc9d8bf1a113dc6cb55a1c3fe,original,,calibration,western-blot-01400,80fefe00fffe0003
real/real_img_01411.png,44ec86c87c8157c11b7e3301d0dc42322c6ca506bc5e8a6ce53efca6f0aac2a9,original,,calibration,western-blot-01411,a5dad225d8d22739
real/real_img_01413.png,65881ecbbfba8f0bf9aecfd5879016dd29c72726a84d5c2a394fc99636cded11,original,,calibration,western-blot-01413,ee91816e93856e33
real/real_img_01415.png,6821674eaad11752a350d63e7b63927ffbdbc2cb758a216da10860075acb3b89,original,,calibration,western-blot-01415,d3acac532aac5333
real/real_img_01421.png,154bba06bc9d0664efe755218b171e3f5cf94853aeccabd8a33f838be3493fd1,original,,calibration,western-blot-01421,b6c9c934cfc9301d
real/real_img_01422.png,fe2b9969cc03a518fca149caa87bcf402222985441f5a20b2b810c40ce34955d,original,,calibration,western-blot-01422,cfb0b04f96b04d4e
real/real_img_01427.png,3f60f67219d3ea8bfe64fd6134423f7cbdd4b995b409f9a1c4ef7bae693396bf,original,,calibration,western-blot-01427,fa85857a97856836
real/real_img_01429.png,a169015268a0406f61a7ff4a322e143694366b0440208b587cc43c233148d79a,original,,calibration,western-blot-01429,c2bdbf4289bf4260
real/real_img_01434.png,0e8ee19d6a8bb84cb41b60c9bb4e4b3789b5cf4be9ac48b83fb2b3edee6b1cf6,original,,calibration,western-blot-01434,afd0c02fd0d02f3b
real/real_img_01435.png,b146a9a5ada73f36cce813a3301e7fa4e5802f03c1c6f7ccfcc7e95031662131,original,,calibration,western-blot-01435,d5a8ab55aaaa5552
real/real_img_01445.png,4fdb55b2e398c38135474031549a30ea8b1260cf999377083aa4dbb805cfc968,original,,calibration,western-blot-01445,d2aaad52aaad5253
real/real_img_01450.png,3c773549741955d6161de5496b0d5648bbd9e8172fc3686137dcfbe5561e8d2d,original,,calibration,western-blot-01450,c9b6b64965b64949
real/real_img_01477.png,253a506a70b5a2bbc83a3920a366c3d6310dfdbc8bea8def0831780c171cd86c,original,,calibration,western-blot-01477,adc6de256bda2121
real/real_img_01481.png,3af6dff34afa417d240e5cfb5489887c15072ac340932260aa4e6e29d97d5b74,original,,calibration,western-blot-01481,95a8aa15f7ca0675
real/real_img_01501.png,0cc049a5bdf3bb451094fc4f09ab0f72a1ae041f0721ec39a15b928081397056,original,,calibration,western-blot-01501,80fefc00fef000fe
real/real_img_01504.png,cfe73c81755f31322b0811c0071f36150421128f39854892eb0f50ef30a10953,original,,calibration,western-blot-01504,a5dad224dbd22c9a
real/real_img_01550.png,c7d77eaadf6bbf55622dc6e18a9648291f130e84729b65185f44504f5318ace6,original,,calibration,western-blot-01550,babbbe45c440aa2b
real/real_img_01568.png,e4ce6b576dd4fee397e8f3e07abdfeb914b1e5e5f2ccf6849b07aa33d23c137f,original,,calibration,western-blot-01568,80ffff00b9fc00a3
real/real_img_01570.png,bb3507e6afbfda32e8f207f319492d8de5bd38c97943eea23da525f9f121b987,original,,calibration,western-blot-01570,83f8f807f0007ff8
real/real_img_01604.png,ca7e5f17459e875a3a08ce3101fa0f5a35d2a8503a9942989866c99fc8224835,original,,calibration,western-blot-01604,99fde70019ffe004
real/real_img_01612.png,b051538731c7865e6ab813c0bf2fb5a6dd9cd45f8dfa601468a4fe159d3cbaf2,original,,calibration,western-blot-01612,f09d8e61719e8a71
real/real_img_01628.png,998642aed8959179b7e7878072b1de15facbd86e2f5aed3408ba684040c7272e,original,,calibration,western-blot-01628,8e7ef1000efef901
real/real_img_01630.png,1d2e37cc02eeaea2766ea5e68d13614e06225bcba15c1a4f6f716cf16d27cf3a,original,,calibration,western-blot-01630,ef90907b63949a69
real/real_img_01632.png,a8bb61329728de0758a6d4d9c8ba7ba2279ad2e1862e72f6af288c0028284480,original,,calibration,western-blot-01632,cdb2ba4d45b2ba44
real/real_img_01655.png,d6809bc42310c34637a729517ea57bc0346f4672f9aa53097df2884820f28579,original,,calibration,western-blot-01655,aa2a2a2a3d9d95d5
real/real_img_01666.png,49fe6f0047804b8a3794b07c64908ebc74e082116906e9ab2857a33669c39cdf,original,,calibration,western-blot-01666,aad72a2ad22ad72a
real/real_img_01680.png,5f9248964f53f9b7761467ffaf6ca7586bdbcb1018d78429e66f610856ca89a5,original,,calibration,western-blot-01680,ac296d2d29692d6d
real/real_img_01685.png,806a39bbd92fb2d5ff8c820677cb51416618c46efe894590de11f3e8c695695c,original,,calibration,western-blot-01685,ad2d24d2d2d2dad8
real/real_img_01695.png,0f28ef8711763f52d42c602c6b7c14f2b0545bf78c254e22c36d9ef7bd639a80,original,,calibration,western-blot-01695,aa0ad5d72a2a95d5
real/real_img_01718.png,600dec1e19739f4fe60c4e131c5b9e8ebfb704aa3d6cd032c5fc6d0df134d230,original,,calibration,western-blot-01718,8f0ae04e1f0af0ef
real/real_img_01719.png,99ec9cdabd07f68034dc4b3542c27ea2d4a93269d5d698403b4d02a28a8c73cb,original,,calibration,western-blot-01719,ce91916e99f26c91
real/real_img_01722.png,a2a6d26917e4f71e2b8270cd2a536ca5cb76b0ce91d9293c8377cb5f9eb3a83f,original,,calibration,western-blot-01722,a8c7c720d7ae30c7
real/real_img_01738.png,5f892e08a733b25efad9bf185347ebec766ed20fe3216f5035a17b3606b1f57a,original,,calibration,western-blot-01738,8182ffe8040eebf3
real/real_img_01740.png,cbb79e3135ea35fac406c1f3fbfae2a8dff82fac0f95c7e6b4d7dc9a4f764d55,original,,calibration,western-blot-01740,dbb4844bb4cd5aa4
real/real_img_01745.png,a23296560fab48be798d5f27a73bf090b4705b49692055cbd616784063854599,original,,calibration,western-blot-01745,96e0f80ef0de0df0
real/real_img_01771.png,4223427b96dc71a3df2786d61c04e8d79696c9f9df8b55cd350dfb6896f8809a,original,,calibration,western-blot-01771,a897c72897cb2897
real/real_img_01788.png,ef3acc822d8f34cf493e1647fd5f31f9121f503b0aacaf0a3bb88400312f630f,original,,calibration,western-blot-01788,80ffff00fe0000ff
real/real_img_01792.png,9bacf9e459dc396c23993b68f45a4931081ac923d7de238f42c8e3f86924d658,original,,calibration,western-blot-01792,e491916eb9d16e91
real/real_img_01793.png,f7075d58930ff3fe94c23b88961271219b29454d1a2adbd8e7e9e638ac0b9f01,original,,calibration,western-blot-01793,81e8fe1982c6793b
real/real_img_01794.png,e6b48b4494d906833e9bfc24c524c3ba9da53bb4d273717f6f6d40bf4f5005ce,original,,calibration,western-blot-01794,e897c72897ca2897
real/real_img_01804.png,f28005d3fc39563d67f52817d27c836d41720a6d14a50e369a89db967b12f5a2,original,,calibration,western-blot-01804,87c1f05e0ff1c11e
real/real_img_01823.png,389d73337e63351803df251577cf5445be8dc1a874ccd4e29774c9bc7ee60817,original,,calibration,western-blot-01823,d4aabf54804dff20
real/real_img_01826.png,01930c09b644dc81d1ba2747b921bfb22443cbc02eff0570182defaf3ead66a1,original,,calibration,western-blot-01826,ab08d599d2d329ea
real/real_img_01843.png,79bc755954a879bc7997fcb99ea55eba50c69a539ae73aa5a8be39d8972b6bc6,original,,calibration,western-blot-01843,f63689893434ebc3
real/real_img_01869.png,9a2787cc7f5cb39e9e2b5126fe75cd78b2b095feaf6f3f5d3211a84e29d74e1a,original,,calibration,western-blot-01869,afc08f7fc02f7084
real/real_img_01876.png,ee6ef49e2f468899e3484344966c1a4963934b00ea1e1fddaa0b6af3dfbed8b7,original,,calibration,western-blot-01876,8a7af0a58f1a78f0
real/real_img_01909.png,197202cee1db18ad0f158cb40c6bce25041627c0c46f6362ba175423c4913156,original,,calibration,western-blot-01909,add2d92d92d02d36
real/real_img_01916.png,e6dc227312eeda6d352bc875be07423985305a75dc5b1e331b3eff865342d847,original,,calibration,western-blot-01916,99c6e239c6e33986
real/real_img_01936.png,750adde1fdf57f75c5fd296771a7d1d4c58033d0b6b7cbc95023e72b026b375a,original,,calibration,western-blot-01936,d2a8eb52acee520d
real/real_img_01942.png,8c593298b2f859414b88a6c56af220647109f157289e729ee760583a60ebef60,original,,calibration,western-blot-01942,a5dac924dbcc249b
real/real_img_01966.png,bc09fa0651348b01cecc21ecd583b3cdbfe909dbb229759311257147aca90fd8,original,,calibration,western-blot-01966,e18e9e5161aa9f51
real/real_img_01990.png,4a4287847489dbf66c4baede1ac4bfff41d4a3dadc28a7710c7d4f4d1f378f14,original,,calibration,western-blot-01990,938decf21109ecf2
real/real_img_01999.png,96d4943f86e8184fadb4c01d674ed1bbabd678b81396df9d8bef6c21ce4070dc,original,,calibration,western-blot-01999,8fb0f00f0bb07c4f
real/real_img_02005.png,a05c4bf67df8e037efb05eaa05a1be7098171b6f026eba5697dc02c6f2b4bcaa,original,,calibration,western-blot-02005,8101717b7b717179
real/real_img_02015.png,da414587283c666ba2b4e8f828363559ac64695b15cc0e89a6f7e76fc91e0592,original,,calibration,western-blot-02015,8121bedcbcfa4171
real/real_img_02021.png,145a09d4980506a15af853ef4fa55f62b9de61b79f76c41b6557aacc8202e9d8,original,,calibration,western-blot-02021,8121bedcbcfa4171
real/real_img_02026.png,1b0a9a5a8ff173efb62179a3a07fea65ec0ef4fb8e9e9aae1ce7e45cb3beb559,original,,calibration,western-blot-02026,8101317b735179bf
real/real_img_02041.png,67a42508604433e583637c9138ac5952a7af145fe19ac38558b7763f5726ecf1,original,,calibration,western-blot-02041,810133b7079fbe8e
real/real_img_02043.png,37cfd47621181ffc401ebc37d314c448f8c658f2f858f9d5f5039b61a4b9cffc,original,,calibration,western-blot-02043,8101b3b6879ebe8e
real/real_img_02045.png,568d5be507339665e72c44400395bb189695e17350d056ce8f9d75d431d1f825,original,,calibration,western-blot-02045,8101617f7f794179
real/real_img_02046.png,cbc40c012b1e6953bff6c92d6412b644e2750a6beee2408855dadaaefe1fbfcf,original,,calibration,western-blot-02046,8101babe9cbe7871
real/real_img_02161.png,94cfa5a660c4987dcd52d4203d813f20d8acaf4a6c8d28b26b58d3f4a52ad85e,original,,calibration,western-blot-02161,f9868371798e8a71
real/real_img_02162.png,5e8621f914b760689d60c997a7da4d357c648f6b693b89580d8911522671a4a3,original,,calibration,western-blot-02162,ac1ed3612d9cd163
real/real_img_02171.png,faa086ea20f3cbd2f4bb76f7128c1cb927b1fd26eab9657f3188a1363db4ae0c,original,,calibration,western-blot-02171,ac9ad36f2d90d06a
real/real_img_02180.png,8f16f69e06dc6700914f720714de1b139e93bdb3e8221b86a347e0a5185ff1fe,original,,calibration,western-blot-02180,95e2ea1515eaeb14
real/real_img_02213.png,aa9f2d6e5d3c00ca766fce93bc564effa932cc048588146e256c370ebc279714,original,,calibration,western-blot-02213,e062979cac6c7353
real/real_img_02232.png,1951d07e6cc247cbf7ba42eaf3fe7822cd1c39baa66302176716f5e2c7c0a4c5,original,,calibration,western-blot-02232,d252b5a5adaa4a5a
real/real_img_02272.png,60cd62dd87bb5f06b82a3a29cc49528e1e437124a35ed3de735836a5f59bcb2f,original,,calibration,western-blot-02272,e0389e976361bccc
real/real_img_02293.png,b1350ffd0528eb77e52c05bd005053206e0b3debbbde081f51ea5b3dfe8f7cd2,original,,calibration,western-blot-02293,c666b8914d4ef2b1
real/real_img_02322.png,643094aaffc7606a2bb667f482f591a15266a4818a24e0a829284cfcaaecd9fe,original,,calibration,western-blot-02322,f2629e9d81756a61
real/real_img_02327.png,4e8a972aee081d9cff83714f27367b94cd42f8a1aa9dce9df1481abe2bb0b517,original,,calibration,western-blot-02327,e2f0bc9941dd899a
real/real_img_02333.png,d881c105026b2b63b1f971474a976414a07138dde550decfc203d7a5514a8fd6,original,,calibration,western-blot-02333,9b18a4e6a7535a5a
real/real_img_02342.png,1578df7ee6a4ee2bebf18886776c0349dd9279d3e43a22ee2e906d193edeb495,original,,calibration,western-blot-02342,9556c9c874daf8c8
real/real_img_02363.png,1cbcd191c4f6fdbb8f7589049c5187566fabbef0524ce8a687df181f8e588f2d,original,,calibration,western-blot-02363,c772b8a86753d88c
real/real_img_02380.png,df5ed28d1cc5ea5fb53ced6e9b211ddaa7166418ae474406ed97307d9b6f0164,original,,calibration,western-blot-02380,c6b9b946f0b90647
real/real_img_02410.png,f2598f74bea3abc38671b45e028f29e936cf8397856351f251122173cc4cbae7,original,,calibration,western-blot-02410,e63f9d464699d844
real/real_img_02432.png,d119dc3c9a07ad49277c132a72e8233b2257eb5239611354c249c3ddce15cbbd,original,,calibration,western-blot-02432,d5e4c83256e9e916
real/real_img_02433.png,5e399074e44565fc4e1abecce174eb542cab0bc21075976b95ebbd1dae10bc40,original,,calibration,western-blot-02433,bd12c26d3d866179
real/real_img_02437.png,1cb119b37dbfa9c9eabec45a092001d74683fd4128a73931d920827fc9629018,original,,calibration,western-blot-02437,ceacf18747b1d806
real/real_img_02439.png,cf6b98a85f46ee123bc1f1869a1f109f05af1678bf9d452195a2c628f62a4c2c,original,,calibration,western-blot-02439,f581ca2676cae835
real/real_img_02461.png,8e68edd77e147b8a12b8f54ed4ba6e5e1f3b1f1661e20a9566533bdffff0b96f,original,,calibration,western-blot-02461,f5d08a2d75d0ac2d
real/real_img_02479.png,1d2265893bbfaf2039b8960651be806b8e68d03c164d9f189c1ada863677fcf0,original,,calibration,western-blot-02479,cef1b30e4cf1a10e
real/real_img_02541.png,fe3ca8e2012ee0c0123bcfde06cb642fd6c7123f6741edfc8ecc601110602cfa,original,,calibration,western-blot-02541,cef8b1034c58b3e3
real/real_img_02548.png,1456144da7d085d5282be6c33d1e9218b7c4e7e3f262ab055f8505c8e4ab85bc,original,,calibration,western-blot-02548,f0788f8f7070c363
real/real_img_02565.png,a66efec2564a21ecd9be7c19e078147f51964324f72850da2eb7cb81eb87783e,original,,calibration,western-blot-02565,dcdd4de3a3e2a030
real/real_img_02569.png,e031752de5a534212afd7b67f34f376fa93460450f3703f036f36846b7540e44,original,,calibration,western-blot-02569,bff6eed0c8c8010e
real/real_img_02570.png,b89eda587312eeeb2747b3ab32b3636ae96cdbc2eecdcbc13fac32ece6b3a557,original,,calibration,western-blot-02570,e32262d8bcbcbcb0
real/real_img_02580.png,ae503d3f237ef1bc5ed2d1c5a4d19d8c674fd36b8446fbc7b242c0fae04ce6df,original,,calibration,western-blot-02580,bdad8e92c2c2d343
real/real_img_02594.png,926af9a485060fe7dd022e4b6db01b71b5a295200a615d562fc1755c3dfc16ec,original,,calibration,western-blot-02594,b79733c9c8c8c866
real/real_img_02605.png,885d0cbc91974d617c1c7b5e170af78b46e91e7d862e1cbd250c17f655027a25,original,,calibration,western-blot-02605,e3fe9c0143fea411
real/real_img_02606.png,a10b37cd7ed71645f90f2009b3c1cf91dc7f7afff27b5508b1b330fd376f783c,original,,calibration,western-blot-02606,adc8d2372fc8c037
real/real_img_02608.png,94511bc1b4cc8273b698c8eb5cb2bca0b61e5c79bcb92584faf2c3b825dd9fb9,original,,calibration,western-blot-02608,e8e1973e68c3952c
real/real_img_02613.png,6d1e9f4ed1d68e3a36e81ea484213791d35a087b620f411f20d51b57b97c4769,original,,calibration,western-blot-02613,ea85957a6a853c5a
real/real_img_02615.png,0819ef2fa8ba94ee5c9317db1183a8084d6a7dc774140f67b8d99619e75b8582,original,,calibration,western-blot-02615,e0ff9f2060dfa411
real/real_img_02618.png,6dff8d7674083b7361b92ff459485e1624ad78e2bd7f6ef6c331e9140ffe9f4c,original,,calibration,western-blot-02618,c7f8b80746f88936
real/real_img_02621.png,67988fd1c28f514d625077e7a5af5e04457444a1fe5852502d7fe7754fb0b218,original,,calibration,western-blot-02621,9bf2e48d1372ec0c
real/real_img_02623.png,115b4f64a472a881ac009bb801d9036fe9fc2347456c5789a9cd554170015d83,original,,calibration,western-blot-02623,99b0e64b19b2e64d
real/real_img_02664.png,19b23869a485c415672a576b5dd23627d8a26af67dff47cd3fd5c18954995f91,original,,calibration,western-blot-02664,abc2d52dc2352dd2
real/real_img_02684.png,ba8fbb9a050ee3f95b924595d2285207a391e4f8d641171983f7da7f39ac0ba0,original,,calibration,western-blot-02684,c303bce423bf44b3
real/real_img_02689.png,7c31fd9fe1a200ad8bebe45fc7d324b8fba8e9c8b74311bbbfebca21a3bfd0ec,original,,calibration,western-blot-02689,ff85a078872a7a85
real/real_img_02699.png,e031a5df78e0ca0943ab5144c38b320b9a17be6a5937ca3058fa8bb789df0957,original,,calibration,western-blot-02699,9212ed99f2ec15cc
real/real_img_02741.png,b82d1f6e36b3fc164ff30f4a162538c4c238fe7bba7edb25036660818ad539e8,original,,calibration,western-blot-02741,b636c9c9c032363f
real/real_img_02757.png,ba233282a9625b17740eb9f2caa006d751284e08f734057344244dc84d9035b4,original,,calibration,western-blot-02757,dbe4a41b29d4db24
real/real_img_02772.png,38e7d625695d152e61d8d21f3d134fd933d225c6f4238e8f464daf266bce70a9,original,,calibration,western-blot-02772,ceb1b14e34994eb1
real/real_img_02783.png,f72adf6adfcd699f4bccb6d0956cec15ac6272f80613b11b1d97fa5cc4a848f9,original,,calibration,western-blot-02783,b52fcaf04b02353d
real/real_img_02801.png,15d57ca1de878c0a2bba65b936889b0bdf0da78da29be7967b89cad969179415,original,,calibration,western-blot-02801,a0b59778e11a75b8
real/real_img_02802.png,a07002d6ab427a9dccc58fe18185a4677e122b9488249be5156465e22bc59220,original,,calibration,western-blot-02802,ccdbb34e0c936638
real/real_img_02833.png,8d161ad64f1c4aab3c68ac0824ba691ac9a475033fd2108be413c745e8caef79,original,,calibration,western-blot-02833,fd80827fa0c75f88
real/real_img_02872.png,06e42f0f53bfb63b9155e3ba01efb2d072af4d950967538e84029e7ebc1832e1,original,,calibration,western-blot-02872,f135cccc8aaa3276
real/real_img_02885.png,0709d6dbc14e91464ecf1d5bcc5b63fc9fc93de0b8058b5692b7d299df13d69c,original,,calibration,western-blot-02885,df55c4c4a8a93b52
real/real_img_02889.png,819f7f21cc1b6f8e138734dda9467a57433ab62dd18fdd1040e918ae55f59435,original,,calibration,western-blot-02889,f430cbcbcb663464
real/real_img_02893.png,9e9e4e7abd5dc8c53471b7207369d24b39e4b5bff0a9ab2e58b8db60404ec679,original,,calibration,western-blot-02893,dc5ae3e3a6a41859
real/real_img_02898.png,7e0c52a755be39d6c241d683f65b7b409fc288b073a956b057044f10fbb2963f,original,,calibration,western-blot-02898,ce4ae8b0b2b70f4c
real/real_img_02914.png,8991ab75dce371d7df42f91c9513a9e012e097ed2c3e16bc282ab1ef4c4d1696,original,,calibration,western-blot-02914,f8ea837c7ab80187
real/real_img_02931.png,55c29f4d020c595653ce44e7d729d351338ccf7ab795ae963c4cdfb58b61ad72,original,,calibration,western-blot-02931,8c8fb70c4c0b73b6
real/real_img_02932.png,dd7d9a9f3d4c0492ca76215773c43ca78bd6e73e7a067f82ce91765992c714d8,original,,calibration,western-blot-02932,c0b6bf4950b649f4
real/real_img_02954.png,ff8556bb60a7da7f02b65cfba154e2714d1b83c2dcdba2736aeacfe34721ff12,original,,calibration,western-blot-02954,b593ea4d14b66d50
real/real_img_02971.png,074ff3bf11374c685ff7eb5f0b379d6f7bfdbfadeb066179f6cba94bcdcb3c7e,original,,calibration,western-blot-02971,cc4fb3b0448f3947
real/real_img_02972.png,15fd2d658cf1116a2553b80f857432d26e0a5baab954bab51ef93b18e74904b0,original,,calibration,western-blot-02972,d95ea663099c734c
real/real_img_02989.png,d09f3be76c847dd6148007a898052667b3dcb56f30c0f8c60dbbab1202ed2205,original,,calibration,western-blot-02989,f82287ce7ca8f870
real/real_img_03008.png,fa22ccdd4a795c3c42efc71ec8d7046c950d4643d98247cc002e3f38d6034d58,original,,calibration,western-blot-03008,ff7e80a07f806c58
real/real_img_03061.png,fa16b69468ca8b64797f687f8d119cfc31ffa9621781d77fcf68624446ea3d85,original,,calibration,western-blot-03061,ab2bd4d42ac6392b
real/real_img_03071.png,ffc4561ae8098df7571dbc3ed77beb9d8b8c33bd3eb83ba666211a8e7d9e1a11,original,,calibration,western-blot-03071,9111eeee17fe1111
real/real_img_03101.png,545766b20005b2c1a1d2592cc17b019b913066f422037d8e41d9fa04f6b5c537,original,,calibration,western-blot-03101,c49dbf4440bf3b44
real/real_img_03111.png,36e32d23d534837734afd194b21ebc9a3cee5f31379834b16cfa07e17da15796,original,,calibration,western-blot-03111,a5c9da242ddb5a25
real/real_img_03139.png,ceeee6a5ca10a01a567b1d212c0b1fb475140b1d3838baf1c67fce5a5e9a6478,original,,calibration,western-blot-03139,b6edc93634c90936
real/real_img_03143.png,8838a4b0934fe52281783404041200a6850a68a79538d53fc64ac216344d95b1,original,,calibration,western-blot-03143,e3849c63679c4a67
real/real_img_03144.png,291386ffd061380a53c5f71fd76f99ea0cec9c91647d83a1f0584676c5316a46,original,,calibration,western-blot-03144,c4bfbf4040bf3e40
real/real_img_03153.png,9cfade6fb0641f0c8a1a16285a6b79526da7d4c7d8c0d183caf9e130190825ef,original,,calibration,western-blot-03153,f89e873a785187a8
real/real_img_03184.png,99aada7036eff8ff1be975a333a3c47114f44a6fffce620d5f3b6cd57ee4a03b,original,,calibration,western-blot-03184,9ceae3a5185ce3a1
real/real_img_03187.png,fc18c4e65c405e81726b6fbdf5842a733c5e6883c092b529c1e0e2c24cfb1059,original,,calibration,western-blot-03187,bec0d43f6ac0952b
real/real_img_03199.png,1b50ba0951d85bcdeae173570981e63ec5931614eec328d54923159bc6fc39dd,original,,calibration,western-blot-03199,e19c8e3271538fa9
real/real_img_03208.png,cdafde6284a945e01f60a2f8f5f92eefa8ed142e816a417164989efe308b3982,original,,calibration,western-blot-03208,915dee0a31fcca13
real/real_img_03217.png,37ef7e85d354e3294cf9ec92ba50853a397917d7315111288ccfe62090db0b7f,original,,calibration,western-blot-03217,fac1853e7a819566
real/real_img_03219.png,5b4e59d2aca00f82eab3826295c633c87484f4413c981542058b4adf3c9807a8,original,,calibration,western-blot-03219,abd0d42f6bd02768
real/real_img_03227.png,60caef30f6b98f4e901042f0dcf7c8e97ce613cc95be2efa1bc1a8c668cea6b7,original,,calibration,western-blot-03227,a4f2db0c24f3c93c
real/real_img_03317.png,cdc5650f05e6bbb05e308b90be1c5a97eae3db52a8753c550066ae758547a332,original,,calibration,western-blot-03317,ff8280807f3fbca0
real/real_img_03322.png,17fb63a5734166173e29011e14464620fad0c0722243a8a596fb01c8dcfd0438,original,,calibration,western-blot-03322,998ce7e7181918e7
real/real_img_03331.png,3c290a169a0785a238596cdff2b9f2691a0bdc2f9c7dbd8434e3a2d462f4e497,original,,calibration,western-blot-03331,aa2d95d56a2a2e95
real/real_img_03332.png,94cd3d80872ffc49b0cb779736157483740b56d1a3c0b4a53c357cb99a0aca79,original,,calibration,western-blot-03332,b416cbcb742434db
real/real_img_03342.png,7dccbe85dd14e1a3d211ae43f89bfdf6776431c59017cc0f1dc0ca8ef796cec4,original,,calibration,western-blot-03342,cc87f3f34d0c0cb2
real/real_img_03348.png,d404cd2dae864143e8ec315c8d2c966d03d5bd00690d274afd64d7afbe69a61d,original,,calibration,western-blot-03348,8743f8f8f8070747
real/real_img_03384.png,6267923f9ac0f5853056dce3693b746c8b08b32d525d0e640d94077b27c9395b,original,,calibration,western-blot-03384,8d77b6084de31c4b
real/real_img_03427.png,36c895f002f5c34af59a859c3b7f4037a50ee2003235f85b425ebf399f7e1d40,original,,calibration,western-blot-03427,f88687b87870c787
real/real_img_03451.png,7b7805f6dba0709efa3d3c00453241285196672fe08bb681c7defb3c4b54f41c,original,,calibration,western-blot-03451,ff83803f7f6cc080
real/real_img_03464.png,7402743514330f09c793a5565f6abb500c308270eab7d750f1edb2c6680fd3f3,original,,calibration,western-blot-03464,c7b0b8074744b9bb
real/real_img_03477.png,326f1abbb9fc07057edb784d1eb160c3f6b78628b249251e2f24d72cb5b07ad2,original,,calibration,western-blot-03477,b4cbcbf435318ac8
real/real_img_03480.png,42eb0448dfa6f7c415fd4a87ffd07b4e31f703ca0fb73a3c52fdca54a425e257,original,,calibration,western-blot-03480,b6c8c9f61631a9c9
real/real_img_03500.png,76f315c2e63a997752c6bd42128e90a19a09a5cc94c3905a69e69e12542b2e2c,original,,calibration,western-blot-03500,b425cbdb3460cb17
real/real_img_03518.png,bc78543df3430248733d2a2f3ba69516040183f18fa7c4f366fb3186cba6effc,original,,calibration,western-blot-03518,c647b9ba4646b949
real/real_img_03520.png,4e52a4de34c811593e9678764954b8263c4536a9194414d92e6327ea288a274d,original,,calibration,western-blot-03520,f8788787785c8762
real/real_img_03525.png,533a280c2ada9b30c200a356ae7a23ae35773d0498c7a2d811bd2f3893d04978,original,,calibration,western-blot-03525,f1718c8e71738e61
real/real_img_03526.png,56cabbe91b82b36e8127f24e3092cd69e0b7f3ce6455a5857ba584b0c97883fd,original,,calibration,western-blot-03526,f0708f8f78588766
real/real_img_03560.png,9e3d8fbbedf4f0db0a31e0464a24d634ae49e8a78dc41503e4b5364c5a019b4a,original,,calibration,western-blot-03560,fa7a85857a7e8181
real/real_img_03571.png,edc7b677d0301a0de4bb43f306c84810902241b4a23e13b8519089f82c00ebdc,original,,calibration,western-blot-03571,fe5ec080a13f3f42
real/real_img_03592.png,06ccd9a929c2fbc609d32c704e5af7013c89767733e896b1ae18829ae3a52f77,original,,calibration,western-blot-03592,8f0ff0f0a00f5df0
real/real_img_03593.png,e85112537cb36711d796d45d4773412d4b947a6727df4c1de40c9b038055f27e,original,,calibration,western-blot-03593,e1619f9e8e20615f
real/real_img_03596.png,28db69f7106e9fca525ce0174570892d10e9aadd6fe424a9e0bd796b6b314f45,original,,calibration,western-blot-03596,a424dbdb13246cdb
real/real_img_03597.png,1ef4bb9e5bbadf60f0498a1ce7aa9c9b305c129e8a2672431d2525548d564a49,original,,calibration,western-blot-03597,eb6ad0943d6b4ad0
real/real_img_03613.png,b627c29e922440ba1caac5cf95ac60c11bf787314cd5ed967fab3341550733d8,original,,calibration,western-blot-03613,da50a5a55a5ae5a5
real/real_img_03617.png,07d6eae36fa9b7b89f8327d7f4e89671bf5cbca81af270c52c273b1fdaeafa61,original,,calibration,western-blot-03617,b424cbcb3424cbdb
real/real_img_03631.png,6411a1e23fb07213155f02191e91d2cec8764add1df328f55e72e99c683fa7a4,original,,calibration,western-blot-03631,bf1dc1e03e1fc0e0
real/real_img_03667.png,c7d143b11cc847930952d13d21f1b193f1f3a2d995896d07d29290d2ebb58761,original,,calibration,western-blot-03667,95e2ea1115e6ee19
real/real_img_03745.png,cef7855ffe22fa186a3c9d95e813ba2ef150b19060dbc6fad89a1d2a5a7b3081,original,,calibration,western-blot-03745,94a5e95a14ad16f6
real/real_img_03756.png,762f4d166e8ea878d8aaed408bbed2f653e2a2320e7deda3aca1cdb65584ead2,original,,calibration,western-blot-03756,af2fd0d46aa02a2f
real/real_img_03777.png,1c3259f3f5f98a9e8bdd05d0ca3da87281fa95dbf521141f393e557039db2934,original,,calibration,western-blot-03777,af2dd0d46ba02a2f
real/real_img_03779.png,2361e73c594789e24017255d9bb8135e6460021a22525b9d2369f18a7ba2972d,original,,calibration,western-blot-03779,a96ad6d5255b2a29
real/real_img_03782.png,c22bc2d4ed4770a4aa94d2c1c8e475951abb20e11235513d8573c8523e99ad10,original,,calibration,western-blot-03782,e772989867316366
real/real_img_03793.png,f1f27844ddac3a7119bdd4bec368ba6da7c1e5876363dbfbd62af33a32f2ea97,original,,calibration,western-blot-03793,9acba5f41e4d4a1a
real/real_img_03794.png,661b0a6e23b9aae6e2a2aa01ec62d40ef46a57b6d1139cf21afee6724a4be8af,original,,calibration,western-blot-03794,961ee1e156e15a1e
real/real_img_03852.png,1e29319e799338568b8528e5a10a7eae4feaafdce1d2490dfe899deaeae158c8,original,,calibration,western-blot-03852,93c4ec1b13ece513
real/real_img_03863.png,05f6f4b4060d7c778d28d369b6e823ceb778f07f4b811fefe74ab5b722b83cb9,original,,calibration,western-blot-03863,b4cbcb3434c9cb34
real/real_img_03869.png,6df7dffb5876269575b1be45bec0b126dc743baf083c73a3d0ba22a2ddf841fd,original,,calibration,western-blot-03869,aa95d56a2a95d46a
real/real_img_03883.png,57b46dde0cede5fdcfb1a0e66fb34b85f159a5909f48ccb4acb41da43889e474,original,,calibration,western-blot-03883,ef4cb52f0ed0842b
real/real_img_03889.png,5ee28eab630fb18aea59fd89e319c53db3d73b510aae9f34b087b8bb31a16974,original,,calibration,western-blot-03889,ccf1b30c4cf3b24c
real/real_img_03896.png,49c6f6b0af6c074affe8a8de05afd6edd84706653d428a40cc5190b52dda0f5d,original,,calibration,western-blot-03896,96e9e91236e9c916
real/real_img_03903.png,59893cfb8fb9ff42dbf1aba7dbf5f751acb557daac64975a84005464778aaed6,original,,calibration,western-blot-03903,bd2fc2c03d2d8bc2
real/real_img_03904.png,09afbebe580713ed4d6146f4502ffb58e17759deb57e619f700bb5613b6fde7b,original,,calibration,western-blot-03904,9606e8e91716eae9
real/real_img_03908.png,2514fac203e0892be1dcd83bbb364993e67dbacad4dfa1c34074fee76e4ca9a1,original,,calibration,western-blot-03908,b636c9c93626c9c9
real/real_img_03909.png,c0ea6cc74e7330caefa8defbf58bd296852ae8d83258133b857514bb4c0ffab7,original,,calibration,western-blot-03909,cc44b3bb4c44b6b3
real/real_img_03916.png,49555f88044bee178816c72dfe81ef11bb3a43137eebb84570a9c01605129054,original,,calibration,western-blot-03916,9d1ce2e21d1df0e2
real/real_img_03921.png,ed7f1514d3f033ebe218170369cc17be0f784ad2c0652e908dba236f0b69be16,original,,calibration,western-blot-03921,9516e8eb1714f8e8
real/real_img_03932.png,dc8b7a7407292737707cbb5152f8e2b33a16292c8b0f7a5a931f0d43efed4400,original,,calibration,western-blot-03932,e66699994666b299
real/real_img_03938.png,49942098957f067f381d25533e8373378fca93b21eff92a64b842f5b57728cf5,original,,calibration,western-blot-03938,9716e8a91714f8e9
real/real_img_03967.png,619eae8e3d51822bf437850828ff392bd25b1d30787fd1b0deaaa38643c680b5,original,,calibration,western-blot-03967,f0708c8f63705c9f
real/real_img_03969.png,90c03af09800b3e7700bbe22977480a654765fe1b21736530e8584a9774487ca,original,,calibration,western-blot-03969,9931e6cc1933e6cc
real/real_img_03993.png,51f2f1ee14761b3503069aeb700e988ec38b2839e8aee5674183b0f3a01becd1,original,,calibration,western-blot-03993,af2fd0c02f2fd0d0
real/real_img_03994.png,67b59b98c06765b389972e7ae2f5f8eae45efb50fba6bbc65b6c910af5d9dbcd,original,,calibration,western-blot-03994,9414ebe3141cebe3
real/real_img_03995.png,6135faf4cdd8c7e594b1e6c5b73e956e9e4b43fb6efbbda81c13bbf3f440c555,original,,calibration,western-blot-03995,fa7885857a7a8585
real/real_img_03996.png,42a83c7776097216db7b7eb851d800c4b7dc9a0bee1915277a1fa9be40b9391a,original,,calibration,western-blot-03996,9919e6c61939e6c6
real/real_img_04005.png,6e3ceca5cb3153dd136db48e57f36f3146c3d14f28a21a064f411d2ceec72b5e,original,,calibration,western-blot-04005,81fefe0505fe2503
real/real_img_04017.png,9c1b8e33baa2923d6b42100adec785b5aaaa348636df69036c6ba617ec3bdfa2,original,,calibration,western-blot-04017,dbb6a4495aa4495b
real/real_img_04023.png,a3df0e766d43e8cfa82607b2fd527ed1285edcc65eb6ec94a6daec8eb44e185d,original,,calibration,western-blot-04023,c9a4b64964b659b6
real/real_img_04031.png,8c023d7d09d65d6435442a92a0f7d0cc038a6ae68b737f67135bb64a0f6065f9,original,,calibration,western-blot-04031,83f8f80707f80f0f
real/real_img_04036.png,2363a3ad88d1f4d913ab8f6745ed446259d839d3c3bf15fc98a078e226e0cd06,original,,calibration,western-blot-04036,e38d9c71638c7863
real/real_img_04046.png,e42b300fa69feea35b14c7c31790bc4647fc168b8f362254bab2fd436f2a2466,original,,calibration,western-blot-04046,81fefe0505fe2503
real/real_img_04051.png,8d2f1528609c55334791339d250cf52c3e962f8e39a4e2dbee86ac9d166e922e,original,,calibration,western-blot-04051,e7949c6169942767
real/real_img_04052.png,121ed86027dc49e2438ec0f14787503c5be33e444bc3826cd7c252c041765d00,original,,calibration,western-blot-04052,8ee3f14c4ef1150e
real/real_img_04063.png,a101443b735279f6150fe839e931a1938e271c0e4f37cec1a80f88ad378a431f,original,,calibration,western-blot-04063,f48bcb75758b2034
real/real_img_04071.png,a34b585f611ec67e385ca7990bb5dec582bc4f9a730471bbaa27e6cf8ab46f92,original,,calibration,western-blot-04071,ff80807f7f80845b
real/real_img_04073.png,73825fefadbb41466e95bf5b4a1f2bb8cf6fc40756950197f5c0567c50e5da8f,original,,calibration,western-blot-04073,e1f8fc6745ba8a01
real/real_img_04119.png,7b5d16da93f2afde1ceca65d65fe526f5bc8c22be5edfcce55861a10f8deb5d6,original,,calibration,western-blot-04119,99e6e619591c19e6
real/real_img_04135.png,f91060dee525ed0ea1e3416371acd6b24280e2371c8685980623562d27a2b494,original,,calibration,western-blot-04135,eb6adc31634a0ed8
real/real_img_04142.png,1f853f7f1773c3c39469e0da87a41b63caab73c89af47846042273fdc256dfc2,original,,calibration,western-blot-04142,ceb1b94e46484eb3
real/real_img_04167.png,009f77f08b5b3ad0327e36fc83a2c6e571ca55248d05cbb2112231eb0534e5f5,original,,calibration,western-blot-04167,d9b4b64949b65a49
real/real_img_04171.png,85defae74c9c694aded1ffa18774bdae7d632dc7ef0ed7c60254264eed554dda,original,,calibration,western-blot-04171,d9a4cf1ae43942ce
real/real_img_04181.png,4851d6af11613b9d5ea77ecd1e302c4f6db39b28300e51231f12aaa9a2261723,original,,calibration,western-blot-04181,ff88d03fc03e0fc0
real/real_img_04187.png,6c7731f656e3ebf79105cc60fbfcf47f4ef109e82002493ec01fae98d9c5ee24,original,,calibration,western-blot-04187,cc9b99646e994566
real/real_img_04202.png,a14bbce3323144491d4a3820443c21d18955eae6e83c6ebec111b33ebc18afb9,original,,calibration,western-blot-04202,ee19e86695f1e190
real/real_img_04209.png,8d6575f8c7152f28023c0b3846a38f458d73526be90a81db8901caddabe59fb1,original,,calibration,western-blot-04209,d021cf52a98fdf21
real/real_img_04213.png,288f2a9a13b8648c368466c28a75fdce74c63b58754edb90a0f79f1a3d9c4c3a,original,,calibration,western-blot-04213,e594ec639af8f088
real/real_img_04216.png,09b27b9c650f763f0effea6e0feea654741ef112923e3c229428ed69dfe5cab8,original,,calibration,western-blot-04216,caa7ac08d3d5b1d1
real/real_img_04244.png,6684fc5cac16867b7af6ed263b0fcc0ef3892ee39d553ea444d8a139c06c01f4,original,,calibration,western-blot-04244,f281f27e8585bf80
real/real_img_04260.png,43fe673d2917eaff6e590142428fcd2714d80d7befd4f6771c25b1714cdf81fc,original,,calibration,western-blot-04260,dbd8e453c4f22b88
real/real_img_04265.png,cad5a8ed7f8092ec85a0b15ec111f7d228c7c01f05e5cf3418a96cef0f8dc700,original,,calibration,western-blot-04265,ddd2a26dd2b06d82
real/real_img_04278.png,a8973e1712fbc8b32ed310586c2d7f581334e9b9a9376c31134495c4b99c1a64,original,,calibration,western-blot-04278,c7f8f84798e803b8
real/real_img_04288.png,f64efbb0a01ca9b1b71238953507b6efd9e9b6561a73285307245c9e34e0e982,original,,calibration,western-blot-04288,edc5c4098afb2d98
real/real_img_04292.png,f0b269a61b7bde3acd60dc394f3f97aca269839739af5e36f7ffb5e20de33a48,original,,calibration,western-blot-04292,b6c9c936a9c93689
real/real_img_04300.png,2e44bdd092c2cb3575a9a0ae3085bf4ecc2273823df7e7e90a6d44dec2e25118,original,,calibration,western-blot-04300,ce4eb1f16690b076
real/real_img_04307.png,882b00c26d71e51a08b99468fbaeb2904c7ac5ba308aae438f8e2a998afbe13d,original,,calibration,western-blot-04307,a929d6d62c2929d7
real/real_img_04309.png,ecd598e7b1a16e1dae44b8e0004a64024f1bacc24745223c680eea53ad7dd2c5,original,,calibration,western-blot-04309,9616e9c9563ca9c6
real/real_img_04315.png,a9cad7413dc0cb8bea711e2087c2d31902ad5ab94cb295323882efed0b595499,original,,calibration,western-blot-04315,d919a6e6493ba661
real/real_img_04317.png,9d6c9eb8d68b3ea75f41ea9f99cbb1bd68fa16404087df8c6cc0ccd046e91910,original,,calibration,western-blot-04317,9b1aa4ed5b36a443
real/real_img_04324.png,c7f7cf22bc8c146febcb516565db199caf974cb5f61b76eeb75e5b30c4fe85ce,original,,calibration,western-blot-04324,a525dad2452adad9
real/real_img_04329.png,75aaf50e42914c3cc4f10334e8ca5649b33c81bef28972f3307af6eb16eb64ce,original,,calibration,western-blot-04329,b535cbcb263626c8
real/real_img_04360.png,88f38dd5bed40d4e17154ed6427f32f19f19754c06f03b24800ca2a9a6717988,original,,calibration,western-blot-04360,a0a5df5a24a1db66
real/real_img_04372.png,f9f57716c1ad0989049c3021b057bbe7af04b968b9eae74843e614b57942db4f,original,,calibration,western-blot-04372,8893f70899f76899
real/real_img_04376.png,b7102c382ad4718c9c8c445077a8c0e2a9bbced75e76bcea1415ca579359dab7,original,,calibration,western-blot-04376,bf3e80c07f3f8450
real/real_img_04377.png,7980674f970bf8f3776aa87ca33a0e81d4b98cd89534312623b1c23eacbcdc63,original,,calibration,western-blot-04377,a0a5df5a24a1db66
real/real_img_04395.png,0e20b5389d0283db626bfea067f39c303620e98cefa9469f905d344476961f1b,original,,calibration,western-blot-04395,8e98f1670c98f32e
real/real_img_04400.png,caaa8c2748db1128d82ec6751f31ed6c449833e904fce87f5bbed204982b701e,original,,calibration,western-blot-04400,ce99a30ed3b10ee1
real/real_img_04401.png,b556c2ced019bd712693ffd6ce7dbee640a1ffe09f307608206a6b3e9ae4d596,original,,calibration,western-blot-04401,b4abfe34c2ab24c2
real/real_img_04423.png,38317dc858f59862d4dce4db03c46c4166a67fa339bed81493e8d870fcf071b1,original,,calibration,western-blot-04423,b4aafe34c2a934c3
real/real_img_04433.png,8438f0d8b7734bb9ea0bf0cdb376a38d9351dbc10f7a187e3bf8b1e2cd78fd42,original,,calibration,western-blot-04433,daa5ad5a49a5524b
real/real_img_04434.png,5934b27aef465f34a0efdb3b236827b479e91faff47a6443cf3c2c9ef3cf7c57,original,,calibration,western-blot-04434,f6c0c07eb3c05da5
real/real_img_04456.png,d61ea426779f4b8a2b11f850d7c2d772e8744f8aaddd2a836329da8485180e95,original,,calibration,western-blot-04456,96c8e937c0c937e8
real/real_img_04462.png,5b5174fe3ece7fc6d9fc681320c2445d3deedb7495b93f3c6cded8236ea092a9,original,,calibration,western-blot-04462,b6c9a937c0c936e8
real/real_img_04475.png,b9ad868ea189bde33f32415d8e20a71c9c6bc537767ae12f03471925d7bfb90d,original,,calibration,western-blot-04475,cef1f10e0e5464f1
real/real_img_04477.png,b714140cc867f4bca91aac6fc7a107b4b69c36d849636f7e55580d74cae3ee64,original,,calibration,western-blot-04477,b6c98936c1c93ec9
real/real_img_04496.png,48ea2fe83de113588acb268ca68ebbd7f524ce54496fe4f7b7f6efa0c1531631,original,,calibration,western-blot-04496,dba5a45aa4a45be4
real/real_img_04508.png,d0486470b4811fdb0986354a55afa820276691d87621162ee3d5fca8d47ea783,original,,calibration,western-blot-04508,e5299a9e65658a9a
real/real_img_04513.png,fb04366fa3c114be9f67348b9ee864e0e2557a83e9d2d88d65e3d0065534f021,original,,calibration,western-blot-04513,f2ae85c97232a5c5
real/real_img_04516.png,b7c4db93fced917ffb6722706b0252da1d70ac55c99e70dd663ff1ef3f450f2b,original,,calibration,western-blot-04516,a7d8d8272790d82f
real/real_img_04517.png,16ca75cea43be24baad3c74bfc78eef9c42c5e681ec99c5a60896b3251d33676,original,,calibration,western-blot-04517,f2ae85c1723aa5c5
real/real_img_04519.png,dbea773494ed7ab8d72d2bf5c4655f188f0e63e164d0c4277cf9a88f9a94e9b5,original,,calibration,western-blot-04519,9089af7e70008f7f
real/real_img_04534.png,e14a56bed1667182a5330f4a4f8b7fb6c0e06bdf4780fe591e795a408932f835,original,,calibration,western-blot-04534,bbb784c05b3ba4c4
real/real_img_04539.png,a64d05c295d489f19fe33fab49f49abacdcf50fc58d2364427b26da3a6cb80c0,original,,calibration,western-blot-04539,8c91f3e34c1c93e3
real/real_img_04546.png,557e1a0f2f4c2e19a0643f6e978eddc638db643b4728b39d23a3a7dbc51079df,original,,calibration,western-blot-04546,b9c6a65979868279
real/real_img_04570.png,71d2190e796535d8a30a3647c05050b9acae6f392c1b8f7a47a24b0949b187c7,original,,calibration,western-blot-04570,d849a6b659095cf6
real/real_img_04575.png,b1e4d9642fee213d38b6caa038aeebb4217321e3295966db139750fa53372232,original,,calibration,western-blot-04575,ad31d2c02f3f65d0
real/real_img_04584.png,3948776a528352b3a8f40d1db4491dcc912d886a2d97f8d162fdebd8bbee7edf,original,,calibration,western-blot-04584,b525cada15252cfa
real/real_img_04595.png,3d61b63416c7cda9fd70e1539c244d4c53d70dc377f15834cba5768b88fc6e85,original,,calibration,western-blot-04595,e0709f8f607074af
real/real_img_04608.png,9a99c508ad3ce0b9676feb6400fecf9ef34d03a821c04d968341a58b175d6c01,original,,calibration,western-blot-04608,be827b80609f741f
real/real_img_04613.png,8ac97564b0d5f33c6cf3b496ef7c721acbfeb40729f43d22e9aa050c2f04cba3,original,,calibration,western-blot-04613,d0ac97aa7dd29550
real/real_img_04616.png,c6728efd80d86bbcfc5e4feb6ea5bde97b52e714fa35664b63d7161bc49570bb,original,,calibration,western-blot-04616,f985f28f03986978
real/real_img_04648.png,15ec2f0c74d419920cbea982d5346195dc3b91aa7ae4fec6011656fa24583608,original,,calibration,western-blot-04648,e49aceb319a6c564
real/real_img_04655.png,cdeb4353a8020bc9094b2615293296418175253efbb1164aedaf85e129078bf0,original,,calibration,western-blot-04655,e371b4bc060f98f8
real/real_img_04665.png,92f84721557b5744e31955b4c1291aac22d12c155ab5ed13bbcae21ad71dcb55,original,,calibration,western-blot-04665,e371bcb4020f9cf8
real/real_img_04679.png,8b05572f6be58db8e676535b377d1697d8eeb1cb919af5dbd647256234f8cbdd,original,,calibration,western-blot-04679,cc44a3a31f18b3e7
real/real_img_04698.png,fb51d0ec01cbc8fd14d895a60293eb818b12b97b48a8c47a25b4eefdd4ab334b,original,,calibration,western-blot-04698,cca691996646b3b9
real/real_img_04708.png,21ff706656650cc283335f9129a11293c9d98bbd29a0d5f720b15bb584984b9a,original,,calibration,western-blot-04708,d9c6a65949a4f649
real/real_img_04709.png,aff48e64aa1a97a118236f9d00159c53b7345487a6579d9d2276b5fefddd29ec,original,,calibration,western-blot-04709,edcb96682986c738
real/real_img_04726.png,e7ed818a241a40fe66d8d8d858a47b692867f82437023153fed04eab20e48133,original,,calibration,western-blot-04726,b6e4c93626c1f907
real/real_img_04727.png,121b7ee819b578e0d7a2a04f9d6aa2aedeab59990463598b7dc5147a89784e1d,original,,calibration,western-blot-04727,8c97b30e4cb7b30c
real/real_img_04728.png,b210c2900d2900d8f5066fe307f5302b403df27bba03f9c7b78dc10feb295c87,original,,calibration,western-blot-04728,e8cb97686885c778
real/real_img_04743.png,5522dba9b12e06854e2b19845df81ebcde3d6e6760efb0fc56aab510a9467e9c,original,,calibration,western-blot-04743,bbb3cc3233ccdc02
real/real_img_04760.png,92063d78e7bddb2dd4832baf5098e8402ca1896f794baf01553ff81925b4f9f7,original,,calibration,western-blot-04760,aad1d52ac29578d6
real/real_img_04762.png,0c5a77cb359c6a3253c75ea4e2cbcdfd6d4a7fb033be2229b070ced85e83855c,original,,calibration,western-blot-04762,8ef1b94605bdb950
real/real_img_04782.png,6f6eadee1544a18d57693f52648cbea46c4f5cd36550c13a9b69f07538123bec,original,,calibration,western-blot-04782,dba6b659a1a63894
real/real_img_04791.png,e24f38ff959d0724cef5255f8d509c9701e1ba435f0591f5eb678d08116ebf60,original,,calibration,western-blot-04791,add2d22d2c8ad275
real/real_img_04806.png,2088b0aa4b32af022ae59cbd37c2352b88435e9497455514b85dc991f8ac4cfa,original,,calibration,western-blot-04806,abc1d52b6ad5b520
real/real_img_04809.png,c5e78fa6f1a3060bb7f981b3ab70830734d0cc9ed11ecfb067ab0fe590449f35,original,,calibration,western-blot-04809,abd0d4296ad7952a
real/real_img_04810.png,12730e5c4ee5b2d3302cf5701b724e418587c32501adb19d423f45e5889b6ccc,original,,calibration,western-blot-04810,dba5a45b59a49259
real/real_img_04820.png,891089b1d2985a4d9441c1cd4ae72bc72f87033f5c8377824fbf15d0268b2a2e,original,,calibration,western-blot-04820,9bece4185bc5a42e
real/real_img_04831.png,debe92f46f5360c6e41f3c47d67eb9441210531a437c2065c72bff0a19f0e024,original,,calibration,western-blot-04831,c763f8880767f09c
real/real_img_04837.png,4a8609f609426f938ef38eb50929c4bef078714ae5b1335065887be76279ae8c,original,,calibration,western-blot-04837,abd0d4296ad7952a
real/real_img_04847.png,ab51b9e1b2874298f16a4a036c357a1ccb84ae78a174ce541eaef7732be57be7,original,,calibration,western-blot-04847,fc82807e7f80a07f
real/real_img_04859.png,8c7f795a11446aba3442071ae297ebd180e82fe8ea36cb104b9f14b8a78ff1f9,original,,calibration,western-blot-04859,e2239d9cdc626327
real/real_img_04861.png,52ce6364b4adf22f208e1d390d00f1e07b57af525fb0ff227e8524d2266c0464,original,,calibration,western-blot-04861,c747b8b8904747ae
real/real_img_04866.png,ddbd390beb22622ea4679060a111ece9227cacd6f71f2ebeea9c867f8965d594,original,,calibration,western-blot-04866,ce4eb1b1bd0e4e41
real/real_img_04867.png,d63e3449512b7826fc4f6fa9a0511c84d8ae8090d63a89ba01f609325c9bf943,original,,calibration,western-blot-04867,d656a9a9c05656ad
real/real_img_04871.png,b526f47afad419850fbb2868ec7d3e61b87c8bdf1b9d11aa2c8d9295906e643e,original,,calibration,western-blot-04871,9212ededec1212dd
real/real_img_04879.png,bb68808933541503b16aa2579ac5ec297b4ed164e4c6d29d13e11578e93a622f,original,,calibration,western-blot-04879,cc4cb3b3b30c4c57
real/real_img_04900.png,160520a0571c81e049b7d69f424a1641016a558cdc645a94f4c2046653898321,original,,calibration,western-blot-04900,d4a8ab5554a8b3da
real/real_img_04936.png,08ade427c0fe4a477ffda7a6208b5bc1d29ce018e72cac7fd3edb1aa0a2b3d2f,original,,calibration,western-blot-04936,c9b6b64949b392e4
real/real_img_04942.png,e3a1bbd096f3e0197f6128538eefe6094e14b450e1fb59a2b63ce182d2662465,original,,calibration,western-blot-04942,ff81807e7f80e087
real/real_img_04953.png,d8ef0df0cdc74f339568e920a06518577392938bc7890c53136e45b0aa63a22c,original,,calibration,western-blot-04953,db49a44b49b6a4b6
real/real_img_04974.png,e56942e1e8cd877868463f4f1b8451a02cbffcea68cac45d3d2ec77ba1f7a892,original,,calibration,western-blot-04974,d652a95652ada9a9
real/real_img_04998.png,bd61fc38390302a9ac5e2506aaba7b775c310b8dbf38852f720b71399e00977e,original,,calibration,western-blot-04998,e2639867639c9c9c
real/real_img_04999.png,126abf110defe2e669d758729478d56dc70c0e448cc6d834f211e7bc448c6af7,original,,calibration,western-blot-04999,da4ba55a5ba4a5a4
real/real_img_05008.png,bb9bcb9f7e77861a84a59eaa302c1a00142064d88bedb1bda22c43a5f3633748,original,,calibration,western-blot-05008,f89c83627c86e33c
real/real_img_05022.png,91167b86af4a4224e6eaafd42bca5ab99c4501bde416322112121e47dd843c2e,original,,calibration,western-blot-05022,c7b2b84f07b0cc27
real/real_img_05028.png,753b7e22a5d018d744d4891252daac58d2dc368ded6233cb9468d10e7d6d2f38,original,,calibration,western-blot-05028,d9afa65019a4d669
real/real_img_05029.png,7573e03373ae55e9647084a81b3742a8a699e93e43945d92b5ea4d68c15a4dba,original,,calibration,western-blot-05029,b4aacb5534aacb54
real/real_img_05032.png,945b2ab089834c1c3a4cb90b68f306dd5631c7a8ba406ffdb7347b10ecb06f97,original,,calibration,western-blot-05032,f40a8bf4740b87f4
real/real_img_05052.png,fe6df7b5cbbaac74f984752acaa453caaa013fb609f88ee097ded7461e0d05e5,original,,calibration,western-blot-05052,d552aaa95556aaa9
real/real_img_05063.png,eae5ac1bcefbbb431a512b58dd2c05ac87f11986216cfa0b833bbe3e70819f0f,original,,calibration,western-blot-05063,e65399ac6663998c
real/real_img_05069.png,a545f48fc7152aab3aa472b5872291817667f74c21506f7fe9d98f53ebe78347,original,,calibration,western-blot-05069,8003ffff010107ff
real/real_img_05076.png,365d1ef49997966fe11c0ac7f21a4200fb1ada754a07e20f08634b71a9f9736d,original,,calibration,western-blot-05076,d64aa9a5564aada5
real/real_img_05094.png,72dfe8f27be902bab65d647ae91b3859d8d5ef9507c78e437339a1f998e60fcd,original,,calibration,western-blot-05094,f86e8791787e8381
real/real_img_05097.png,a96a7ba57bb1325063bd1bde075c80fdc72131ba4fe58482a962507c8ba3259c,original,,calibration,western-blot-05097,cb45b4b2494db6b2
real/real_img_05104.png,8940b6428dd40d4db7566527433b54d04a157c6e46cab9167dd04c16c7d3ab6a,original,,calibration,western-blot-05104,d452aaad5452abad
real/real_img_05105.png,f382c9bbc881c14e5d991c267fbadbb65340f4413be2c7c7fc8a975ec251dd47,original,,calibration,western-blot-05105,fe2f81d07e3f80c0
real/real_img_05110.png,4549eb2e091963d506dd811eeac358ad304bc82added9111d03d2d0e0e821de1,original,,calibration,western-blot-05110,c945b6b2494db6b2
real/real_img_05113.png,b8ccfd7f9759845dc33e04e52632a7131221b36e019d823a227d8d945548b468,original,,calibration,western-blot-05113,d24aadb5524aada5
real/real_img_05129.png,fc326864f915793bfd2c2f6a73fad3cde780855ebbad4dd0ad32b6aab7d93b3a,original,,calibration,western-blot-05129,d24aada5525aada5
real/real_img_05146.png,f9815b2eb76ad15f6700507ea64338369ca20e5a76cafa90a45ae444558211d2,original,,calibration,western-blot-05146,90a0bd9cb1fea18e
real/real_img_05173.png,65884a5d6db0256a4d190734afbbf2c6a36108df1ae23ab86e51d74cb913387a,original,,calibration,western-blot-05173,dbb6b449b649a425
real/real_img_05175.png,feb044535ba4ad0660252c9563f7ae94f3c5506bebab258351f30508eb347431,original,,calibration,western-blot-05175,c9b2b24db34db624
real/real_img_05214.png,d5312110b3fbbf9fbd97a9fda7fd815fa15ce52db2a6f75d223d256511f1e028,original,,calibration,western-blot-05214,e0ff9f60708f8078
real/real_img_05219.png,a72a06cdcb3df210571d2ad6ebe64a7041b77365330d159f04d61f8ebc188fc7,original,,calibration,western-blot-05219,b534daca043575da
real/real_img_05226.png,423dba5abc788c98377d8a9de057cd71eb8f966ea4296d633b8d669a126df411,original,,calibration,western-blot-05226,ea6a85953f7a60c1
real/real_img_05240.png,013450b626bf84554ffcc5e23edc4e7d167cd71cf134e4c0c9c25ed1c6f4efe3,original,,calibration,western-blot-05240,8ee1f30e4c93bc70
real/real_img_05247.png,56e36d6f0b804fcaa5c8b4a9fa45fa912b98fc3bc2e5a85c893c5ee68beefe6d,original,,calibration,western-blot-05247,ea2a95d06a6a3d95
real/real_img_05248.png,6479874b3307bc57dbf951db06a049b61f473ce1f57f2d1a1b58f1e76b1f7f6d,original,,calibration,western-blot-05248,eb2d94d06b2b1794
real/real_img_05249.png,3ed92551044dbeb22af961a336de26cb7e71e963804372d1211b42950a938fa7,original,,calibration,western-blot-05249,9bccec7352ac22c6
real/real_img_05260.png,d1c8ae2f3b9b21e04f4d7fb590e479745660d002e1221c2d61d128e2bbcbb3c5,original,,calibration,western-blot-05260,9ce8e11e9c01e1df
real/real_img_05261.png,d5a5d00111a3191c402fb380b9bf573b5b523d45c3620cc92465c3491b09e045,original,,calibration,western-blot-05261,c0f8ff0740609adf
real/real_img_05267.png,d0f0fedd3d7e843d7dd7915cdb4024d7b5878d0c733fa75c2ca71a03b15972b4,original,,calibration,western-blot-05267,c646b9b84646f8f8
real/real_img_05270.png,7e363f3ddd294d51bfbec22f30378940d21f43b1d73495d12da87285a8f13b81,original,,calibration,western-blot-05270,98e2e31c9803e7de
real/real_img_05292.png,3d8ae55438e14dc924bc9e78e117c495a9026352a4e16e4f280c0bb9b408b9df,original,,calibration,western-blot-05292,f0219fff00507ba3
real/real_img_05294.png,d7de76419ec287eab9532bfc581f3197549919a4e4301cd8abea12d45f4ef576,original,,calibration,western-blot-05294,99b9e66619590ea6
real/real_img_05296.png,515b5e5e6be8c0d8822942d687900c36eb1782743b0537339d3935bf4f80e599,original,,calibration,western-blot-05296,92b3ed6d125219ad
real/real_img_05298.png,7278ce5e85a3e0af11b0facc8f8fc8c1958956ca94dbfd84a34519a20f5bc431,original,,calibration,western-blot-05298,9ce9e11e9c01e1de
real/real_img_05299.png,c42b5452acfa7b911c69ee5c77cbf57362c97da02276e8654d8a77565c8879d2,original,,calibration,western-blot-05299,cd4cb2b34c0cf1f1
real/real_img_05326.png,5f5894cc632502d2d4bc1f2ac25e5b14f65cda93b91d0319f2b85fad7f68d163,original,,calibration,western-blot-05326,87b1f807e8f85607
real/real_img_05327.png,411de4d56b8281cad54528558cf7e7190e332a29721d60a139731760516b3865,original,,calibration,western-blot-05327,b37b2d1b86a4c41b
real/real_img_05331.png,eacf548ee238e663fc7cc2f0fc4be6e65d50aec586865083ccfa19a10ef164f2,original,,calibration,western-blot-05331,c054fe60af878f70
real/real_img_05395.png,af97a395bf682da95f23077e39d3e87c812186a8e2900e253eb42f496f2be6a8,original,,calibration,western-blot-05395,fa7a81856a7a7a81
real/real_img_05419.png,4820c6ca967cdbbade2559db035d25ea776a65d171b83f636d1755ceb3a27e54,original,,calibration,western-blot-05419,aad5d52a5c85aa55
real/real_img_05431.png,da2eddcd9dfe9c55a658d32cb04762ac7002ed9f9b773fb8fb1965fd4b3e138b,original,,calibration,western-blot-05431,aad5d52a5c95aa54
real/real_img_05458.png,7e61ffa40c0908d7e7c8bfc6667fff36899b9e86e846d124a019879d98f380c5,original,,calibration,western-blot-05458,aa00d5fd2a00f4ff
real/real_img_05481.png,28858bd71379a37a2f7a9183f9b47d73ec863b14aa36ba813fdfb518299fe2a0,original,,calibration,western-blot-05481,aa00d5fd2a00f4ff
real/real_img_05485.png,7e336776ad2dbce7d17435867a3e8cb673d3c9badad55d91ab4dec6cf5426a93,original,,calibration,western-blot-05485,ff0f80e07f1f80e0
real/real_img_05491.png,5a7c5c267d49fbc6960bc105ee85e7ac8e33b722c3cfe6bf1156808c71b1f495,original,,calibration,western-blot-05491,ff0580f87f0580fa
real/real_img_05498.png,806678fdb1fa8550dc53bb46eba863178cf8fa20b66e9364501881cdfd4a62ea,original,,calibration,western-blot-05498,aa00d5fd2a00f4ff
real/real_img_05517.png,0ba2a6c8de1702113b2c0117b9505661641763c587b686ef8b88d3667f9eab4e,original,,calibration,western-blot-05517,abd0d42bd23f80d5
real/real_img_05528.png,a1d6192125c222bfb0b44a96d077e8d6d9d294533fdc40f1610a877c71775e2f,original,,calibration,western-blot-05528,abd03d6ad029f42b
real/real_img_05544.png,3684f65e9f2996dc713402848e49a8144e50a43f76548a0b752186a9707f61b7,original,,calibration,western-blot-05544,abd42b6a2e7a2a94
real/real_img_05553.png,cd9351f7f0fdd1b6f577a667e5ac2b151c12c4131717cbfd67ff279c86a067cf,original,,calibration,western-blot-05553,db49a4b45b49a4b6
real/real_img_05556.png,b0842e04c16af1e42d5eec845235d4886fe298dba8fe39f5037efcc79ecc06bc,original,,calibration,western-blot-05556,fc1f83e07e1f81c0
real/real_img_05563.png,1956345a43dfbf590ab661181f140590d6ec4abe3d3f4295e29f105feefdb718,original,,calibration,western-blot-05563,cd64b2934d6cb293
real/real_img_05569.png,96375b198df4f6655421dfa4d5823a53397c63539ce7836a1b0d5e68e966f9a3,original,,calibration,western-blot-05569,fe1e81e07e1f81e0
real/real_img_05597.png,eb80ed4307de37bf9f728934dc599f1965661d5ad1d22615a926efdedeb92557,original,,calibration,western-blot-05597,e663999866679998
real/real_img_05615.png,fb4586809649554d70d35c8af2db1513564f4e1074ae88b3fd90313bdc787400,original,,calibration,western-blot-05615,fa95816a5e81ea17
real/real_img_05622.png,e6c3114fcc255bc92b403eeef56598269860aa3a988204c8e57ba35592413774,original,,calibration,western-blot-05622,91aaee5513aac55a
real/real_img_05627.png,068775b4ffcf8c27a40ef626798c090d183b1132974892f8d2e34f8df6194f68,original,,calibration,western-blot-05627,97eae81516eac915
real/real_img_05632.png,0f13a62e59c796c95f134e282541717d340d49911b9cc496bae22691c48532d8,original,,calibration,western-blot-05632,e0b99f666099cf22
real/real_img_05646.png,8b5f11ff409d20b6165b84551c64ced68ed6c7913886fa29f6cce7d5c8a3fc89,original,,calibration,western-blot-05646,ea90956e6a90e46f
real/real_img_05648.png,5222267aba806e2b2c1248692d1347fee152c8c60a44c1dc3de52418aebf1fd8,original,,calibration,western-blot-05648,e2989d63709ccf31
real/real_img_05649.png,2d9fb0d2b33a668f001e420225adc9b67f9e2fda876a5e8bbd405d17e08349f2,original,,calibration,western-blot-05649,c0bbbf466099ce23
real/real_img_05652.png,c8ff6947339dd697b359d2201e6ad55d4a3e15b60dd0af016ef45d7127144ca9,original,,calibration,western-blot-05652,f6c9c5367a603e81
real/real_img_05664.png,8ed01503df64717afde07b8617418f904b5e73aee5dfa28bac2e56e1289a14c2,original,,calibration,western-blot-05664,f6c9c5367a611e81
real/real_img_05685.png,990642b531daf177c323e1f25aec06713f97a84d24333f731e1725064f515930,original,,calibration,western-blot-05685,f6c9c5363a603e89
real/real_img_05696.png,d8e8174af720c336bd6c5e127d27fbc7c4a9435265f9a5507a9785e2bbd7d0e4,original,,calibration,western-blot-05696,f6c9c53278649e91
real/real_img_05713.png,9e117f21b24b6c64ace9bbbb35419eec6b46988d045611d3002f7d4fc1e7206b,original,,calibration,western-blot-05713,af49d2962749dc70
real/real_img_05716.png,308bc766af96b7919cb96ce51a083ea6b620bc5f9eb7ccaab6bea930b3256e78,original,,calibration,western-blot-05716,fec1943fc03c43f0
real/real_img_05723.png,40ca0c6fe9c40fd41a08fc322abf0e9302fa7f7cc92d115a3a4fc2f2f52ce070,original,,calibration,western-blot-05723,d469adb252db8634
real/real_img_05728.png,8dd4ba7f96178dab75b442de7de0ea1102d04bc686484fdb72d574aa2d4a720d,original,,calibration,western-blot-05728,e7999c66b14c9349
real/real_img_05735.png,aa3f7a4dbd30626f4fd1da1c05c15a9a56872c2495a6fbbe8887212d1b64a785,original,,calibration,western-blot-05735,f09e97617895a352
real/real_img_05785.png,27994851cd54c285379418bb5b4bc64604045837d1425aa05e96dc1f6adfa158,original,,calibration,western-blot-05785,844ef9ad175bf880
real/real_img_05793.png,30285b7208f589314c28eaa8f3bd947181da319be1d814b9b5fc9b21c979480f,original,,calibration,western-blot-05793,b226ced1302ecfd1
real/real_img_05801.png,3f8b8ef35f3412df2dd6db342a74bc5a068423d987e54c7bb1f5e8b4425e2a5c,original,,calibration,western-blot-05801,f87b83816c74dc91
real/real_img_05844.png,eef8569b640590a8ff656ebe9c1f794d25bcc3cc443296fcac40986a9d682380,original,,calibration,western-blot-05844,99c3e6183bc60df8
real/real_img_05858.png,d2df76e7e4d8bd7365805756fa7e442e752b61646eb8fc6ee0caed8778fcb5c2,original,,calibration,western-blot-05858,e66699996c665391
real/real_img_05861.png,5b394c7d922b596d44a6bd8b39875ba8baa1e2c9c687d44f1811d05cd5419166,original,,calibration,western-blot-05861,d052afafad15505a
real/real_img_05879.png,0bf9290739e91bb65692d40597c7194b022b823b792512af6912a59db98c6500,original,,calibration,western-blot-05879,a52ddad292242df9
real/real_img_05884.png,c0a65ac5568cdb1d8631bbb982b9b3c327c541b41fd9beeda73a65c7a46567c2,original,,calibration,western-blot-05884,c949a6b6b6965a49
real/real_img_05886.png,ac7deacca95f568ad542b45bb32af8f9141459482783c84339410244dfd2a713,original,,calibration,western-blot-05886,fd7f8a82a0745e88
real/real_img_05894.png,d8b467cb8e4a9e44dd18ff73972bd4f04b6ed5e13238e6674a898487ea402131,original,,calibration,western-blot-05894,a46ddb1334ecc919
real/real_img_05899.png,7410f58da8f6d11602adf8a5f38f3029eb3e5d4d0e0f3eeb66f8593501a5d77c,original,,calibration,western-blot-05899,ff7f8080a06a5e8d
real/real_img_05927.png,18ad121e4682a3e672997e139cfb08f0ce77f061d844ac84d344ff7b69f53c77,original,,calibration,western-blot-05927,b626c9db16c43137
real/real_img_05934.png,cb925eb06e0ff8fdcaae9cecedee38550af769412099810d5ee876cfe0d5f59e,original,,calibration,western-blot-05934,b624c9db16cc3137
real/real_img_05944.png,9ca67635adf9b6332ed557fb45d121081a4cc904766d38a9091cd5b6f8277eed,original,,calibration,western-blot-05944,ff4080bf23847f43
real/real_img_05949.png,f909dc2d11d9c57238dd979a9f038fafda6f510f9228bfe7e0a05904eeba97ae,original,,calibration,western-blot-05949,80307f7f7f787008
real/real_img_05953.png,3d9d7374e8b67c33782ff57fd74d323d92739a59e399305e811fe42317747680,original,,calibration,western-blot-05953,aa51bd2ad515521f
real/real_img_05956.png,9e58adbcacf2844c385ab6c6c4d9861435df563c8759a1eef35866dc6fe6ddd3,original,,calibration,western-blot-05956,ad55d5a9ca2a6b05
real/real_img_05961.png,9b11aab90813a9018c182160c33f48a1671e808ca1123431c83ac7e8ca2d8c4d,original,,calibration,western-blot-05961,ff8d80788f231c63
real/real_img_05965.png,3f52d931ac1bf67ea8d70416b3370f6c9ca64ae51a64662d6860bcc4b63874bd,original,,calibration,western-blot-05965,aad0bf2ad53d401d
real/real_img_05967.png,735feb42c3c312dbb734c85a0e4923d1ea6d827c11aa12a67e36355ac0b165cd,original,,calibration,western-blot-05967,aa6af6d4c094953d
real/real_img_05968.png,aeafeb674d32ef7db3927c0693cc8888ba937d47f6e3caa70fd7cfc69d961090,original,,calibration,western-blot-05968,ab2bf2d0d4d4950d
real/real_img_05998.png,02b457bd1a63250db96fdd34909effb83aede5e4e0cae86079bbde37d44cf922,original,,calibration,western-blot-05998,ff8d80708f671863
synth/cyclegan/cyclegan_img_00006.png,ea19f090e59669e529393fbaec808ea3b6c38a92c9232ed815c684cf7f3b08c5,generated,cyclegan,calibration,western-blot-00006,9be4e41b35e4538c
synth/cyclegan/cyclegan_img_00008.png,36818781c112ba59dca8063b137c7e75a1073741bd75668566aa0d2df13806c1,generated,cyclegan,calibration,western-blot-00008,c09e9e60efbe4047
synth/cyclegan/cyclegan_img_00010.png,3cb47d900be3daaa21e85946636ec428bc33c55b23a2a378c1c1cc92dd5072a3,generated,cyclegan,calibration,western-blot-00010,f0808679798f7c78
synth/cyclegan/cyclegan_img_00026.png,5d4902e43f5e76d289a31221db4f87a39b81312ad8c92ebceb5da060c380547a,generated,cyclegan,calibration,western-blot-00026,c0609f9c6060ff9f
synth/cyclegan/cyclegan_img_00049.png,b85e6e47387b1b6e18dc795ceeb8a002e351ff88da49f613ce7104299b94aacc,generated,cyclegan,calibration,western-blot-00049,e08f8c71c78e7163
synth/cyclegan/cyclegan_img_00054.png,1617bee30bb48dfa2a052a6cda8843385801f5570af81e0e3aab178ef3c1d0b8,generated,cyclegan,calibration,western-blot-00054,e078fe811f83837c
synth/cyclegan/cyclegan_img_00109.png,09d74b8938171c08f8fc1eec87217c42f8f953c82cd28d2f1038d0079d13a5d9,generated,cyclegan,calibration,western-blot-00109,abf0d40b2af4b32a
synth/cyclegan/cyclegan_img_00111.png,1d1cffdb4f958460344b079e17940c70b45684a58ad5078bdcdbb9c4db55289b,generated,cyclegan,calibration,western-blot-00111,ff81807e7f607881
synth/cyclegan/cyclegan_img_00139.png,8479e50029223f558e0402ea13a49346c01dce9fdfdf5a45dc8d32003c1ddfce,generated,cyclegan,calibration,western-blot-00139,c09c99666699b367
synth/cyclegan/cyclegan_img_00162.png,47432d3747956085a58d7fd9ed44ebd7f4155e5e306fddbee4a01cb1d3a3feb8,generated,cyclegan,calibration,western-blot-00162,9fee0301f80f6333
synth/cyclegan/cyclegan_img_00193.png,85c1dec03416e909d42d6b072c31836557e9b25de63f397d19daf02666b64e74,generated,cyclegan,calibration,western-blot-00193,bbc43bc43bcc033c
synth/cyclegan/cyclegan_img_00204.png,112f06c2f59a3293c8025963a2ce6346bca79534971cc5c3c1118c11d1aaea46,generated,cyclegan,calibration,western-blot-00204,b3cc3317c03b37e0
synth/cyclegan/cyclegan_img_00208.png,45d9d72c77ae2e5a7153fc66e961c7d011db13df6c47ae4b0b426556ce020bf9,generated,cyclegan,calibration,western-blot-00208,b3cc33ccf13fc018
synth/cyclegan/cyclegan_img_00237.png,2e19c0e8fedec0d7a773fadb032b5b80e0f20b1201d5722aa86d2e330fba092d,generated,cyclegan,calibration,western-blot-00237,bf3766c03ab1c1e0
synth/cyclegan/cyclegan_img_00258.png,30a427d24fde563bce39c0dce22f59e53fe3e9c0f702bc57fc2e1afea0152f4c,generated,cyclegan,calibration,western-blot-00258,8ff0f0d0e01fe01f
synth/cyclegan/cyclegan_img_00277.png,2d4430ebcdb592e885b03540016cd62f2f64d57e3ec5b009b5261359b56bbfd8,generated,cyclegan,calibration,western-blot-00277,8ff0f0a10f0f5aa5
synth/cyclegan/cyclegan_img_00309.png,8471d8736de2e54788cdaa91c82b1a87f8e8054fd4a56187b587e17261f448f2,generated,cyclegan,calibration,western-blot-00309,a0c32d938f3cc33d
synth/cyclegan/cyclegan_img_00311.png,021f6e5e2818266eeadc43be324442215eb5d1ece9fc4bda8117729b5e767eca,generated,cyclegan,calibration,western-blot-00311,b4c28f701fc33cf0
synth/cyclegan/cyclegan_img_00331.png,2c5c622087b51d858255bd9fc3737cb25748e910fda80d39ce713dc70e02759e,generated,cyclegan,calibration,western-blot-00331,b4cb8f30cb6434cb
synth/cyclegan/cyclegan_img_00348.png,d03ea1cccdf7e71e08f06293fcb218bd31581166545a4032d63eb944bd639ea4,generated,cyclegan,calibration,western-blot-00348,b43470cb8fcbc30e
synth/cyclegan/cyclegan_img_00402.png,4980fa33052650d4643307f8ca786d57ba7449c6156b9b437dd1c19099c60433,generated,cyclegan,calibration,western-blot-00402,f07f80807f7f8381
synth/cyclegan/cyclegan_img_00403.png,c0c183f2c8a08859b52e783c1211e86c054fa129aaf4ac8d1f32471173530bd3,generated,cyclegan,calibration,western-blot-00403,cff8b2876c48b283
synth/cyclegan/cyclegan_img_00405.png,c1d9349a58f4b1d6572359f48ca5287c4177205b6f02c38005d44b42f347322f,generated,cyclegan,calibration,western-blot-00405,cd4db2b2b2454d4d
synth/cyclegan/cyclegan_img_00408.png,f5454819b1fbc4ae4736bc89768fe73c43a002b81204e218d155975988dedd84,generated,cyclegan,calibration,western-blot-00408,e399ece6cc191163
synth/cyclegan/cyclegan_img_00410.png,e44bb0fa8fa29df8b4ef731a9a4932a7b76501ccd31a74496679b052d50ce9c3,generated,cyclegan,calibration,western-blot-00410,c09bb34cddb34c4c
synth/cyclegan/cyclegan_img_00418.png,d19786b2aa0af9359070974edf24bd7111e90cf8de26252e1e9f4bdf6cac2111,generated,cyclegan,calibration,western-blot-00418,c04c99bb666c98bb
synth/cyclegan/cyclegan_img_00436.png,49e0fca88685f110b8cb0a2847c44dd57be0f17c984096799b462c75a2cc7454,generated,cyclegan,calibration,western-blot-00436,c0b6a45b53a45b5b
synth/cyclegan/cyclegan_img_00440.png,0d0334f3ef9eaeeae1d9c7339a1104f968ee41c459fcc44d239b5efcc05e18f8,generated,cyclegan,calibration,western-blot-00440,9ae3a53c4b5bb40c
synth/cyclegan/cyclegan_img_00448.png,9ce22baeb5e61bbd71b9723cfbca4d0df40ca858c7c5035760b4602f899bebb9,generated,cyclegan,calibration,western-blot-00448,908dc6e71819e3e7
synth/cyclegan/cyclegan_img_00464.png,aa4562013c074438fdec6bc3aacca0363a99d84579604e7f3b6b8378dbc1c74b,generated,cyclegan,calibration,western-blot-00464,a53dd8c2260d1cf7
synth/cyclegan/cyclegan_img_00476.png,3973a03368fa929d736ed57fd6868d057133db287083bd86492c96f065282649,generated,cyclegan,calibration,western-blot-00476,b313c6ec390746f8
synth/cyclegan/cyclegan_img_00509.png,cc299e92613ebed46f3ec9294a0aef2ea164aa25765ae69ffb55de6eb549a9df,generated,cyclegan,calibration,western-blot-00509,f07f8080877e7c78
synth/cyclegan/cyclegan_img_00514.png,1853e5ee3099f6ed1b2be514499ecb4c5266ace13c0d6892a0a468bcfa6b7074,generated,cyclegan,calibration,western-blot-00514,db5ba6a64a5911b4
synth/cyclegan/cyclegan_img_00530.png,9a7d03ab1e8b182905c7ec1392a5ed220f96b80c08df8f153af7c4ae2044675f,generated,cyclegan,calibration,western-blot-00530,d654a9e9d05636a9
synth/cyclegan/cyclegan_img_00531.png,aaa6b39c79f096ea8064c08f424dbe570ac9f5a42095ef6748ae894807509a81,generated,cyclegan,calibration,western-blot-00531,d919b6a64d5918b6
synth/cyclegan/cyclegan_img_00547.png,bb7c065b1bc597531fe013d90ebd8f090375819d4f32e913b7f578885e1b7f22,generated,cyclegan,calibration,western-blot-00547,e05f80807f7f5da0
synth/cyclegan/cyclegan_img_00560.png,43c5df015f5a312f19da8ab225f1b528d33fbf097728433c547c9fbfa61035e8,generated,cyclegan,calibration,western-blot-00560,8087c7b71819e7c7
synth/cyclegan/cyclegan_img_00561.png,2b70a92eeb5f9383edabf686632b141e3936bde8a2ba074c4c16af2df4937472,generated,cyclegan,calibration,western-blot-00561,a47bdb0624f9db04
synth/cyclegan/cyclegan_img_00564.png,ccf4e6b838173500810a2f33884ac2df9999bf337ab2e3bd8b246b6883b69be4,generated,cyclegan,calibration,western-blot-00564,807eff7f0001ff10
synth/cyclegan/cyclegan_img_00567.png,e9fb2c169e9a4cdf0a9d9afe0cc7674f40b47a6b388296446c771d8011fd444d,generated,cyclegan,calibration,western-blot-00567,9187c6b61931e6c7
synth/cyclegan/cyclegan_img_00595.png,b0a55c619eddf0bdf3efe0bf443821b6091c09caa8af62536dc478d31e041c8b,generated,cyclegan,calibration,western-blot-00595,ad7ad2052dfad205
synth/cyclegan/cyclegan_img_00605.png,c7b2b00930f673031de68023244257b3ae12aa7c74e2190712e07f8168ccf9b0,generated,cyclegan,calibration,western-blot-00605,f07f80837e788387
synth/cyclegan/cyclegan_img_00626.png,72dee0f07afa79ee57295f7c07554c75b3deed6e308bd29452b83f9e1c9e171b,generated,cyclegan,calibration,western-blot-00626,c949b2b64c4da9ab
synth/cyclegan/cyclegan_img_00627.png,ab788c3688f26f93284c7205c719fd7227ff69d05e831d620f2cbb6af2eb73d0,generated,cyclegan,calibration,western-blot-00627,f07f80807f7f8381
synth/cyclegan/cyclegan_img_00642.png,3553a9dda6357c6b7bd73246e31cafce776e1a2bfcd58ff07c20e6b224f713ff,generated,cyclegan,calibration,western-blot-00642,c1d3a4a45d4babaa
synth/cyclegan/cyclegan_img_00649.png,4e9ff6647b28800313752b9bcf0986537f4e9e49a6460c9c67e4015c42c6ee22,generated,cyclegan,calibration,western-blot-00649,f07f828678788787
synth/cyclegan/cyclegan_img_00650.png,3af2c36484b0bea5632bf96367cbc5449ac1735bf275e7ac07129d39b13e8887,generated,cyclegan,calibration,western-blot-00650,8303fcfc73039cf0
synth/cyclegan/cyclegan_img_00657.png,88424703b11a1a64fd133107654e19050118a3900e4a8bb2fcaf88ca5415115d,generated,cyclegan,calibration,western-blot-00657,a88785af6a6a9595
synth/cyclegan/cyclegan_img_00658.png,cbe3400ffcde0a9d09197a5a9ab27cddcd32e4690cba044badf285b4314e08dd,generated,cyclegan,calibration,western-blot-00658,d155aa8a86d5aaab
synth/cyclegan/cyclegan_img_00660.png,e260dbc5fa5538d4a934340f1773a1d160c7fced34c6458ce376ae59cfd9b8c1,generated,cyclegan,calibration,western-blot-00660,c04db3b2b64c4d6d
synth/cyclegan/cyclegan_img_00668.png,dd488274a6cc08ebac5217ba2c023dd4d4be3daae07133eac57cc8ce0a667d60,generated,cyclegan,calibration,western-blot-00668,fe8183a38a94b56d
synth/cyclegan/cyclegan_img_00684.png,3b550fb31dab3586cce3b26f78dcc4a96e20a91aaf879846ab8722cfd25a0c65,generated,cyclegan,calibration,western-blot-00684,fe8183cb80a4f55b
synth/cyclegan/cyclegan_img_00699.png,d7281bc7b2b1fcf216b0d4fea1bb548d87319ad857309a461b5031da0a4a936b,generated,cyclegan,calibration,western-blot-00699,fe8182c283a5d75b
synth/cyclegan/cyclegan_img_00705.png,7379dcd3982456e69bf600d986fd8445dbf308b40f4ff5772cc3782d777d6311,generated,cyclegan,calibration,western-blot-00705,d2b59d7a9d2a2285
synth/cyclegan/cyclegan_img_00716.png,b449d471d71b416f9f6758a1215735760826ea7bd6133d1f1a8e31cf1e49c02e,generated,cyclegan,calibration,western-blot-00716,94ab89c92f5654ab
synth/cyclegan/cyclegan_img_00719.png,1e44dad456c4a3e36e05080395b5141a2b244476f85f4768c315dd1f8669e081,generated,cyclegan,calibration,western-blot-00719,a1d3eaaed60121de
synth/cyclegan/cyclegan_img_00721.png,aa712c480bd8c806a3719b4de6bafb9b30e8b905a7276b0428ad7c51c9a0bcb0,generated,cyclegan,calibration,western-blot-00721,800f85852f7a7797
synth/cyclegan/cyclegan_img_00752.png,6dcccf360eb20f0cc22418370421ba8f97cd56b4e130586aa8503246814f9fb6,generated,cyclegan,calibration,western-blot-00752,cdb2b24d1eb34d0c
synth/cyclegan/cyclegan_img_00758.png,8b0af53435a539fb8e6b7dd63de15190e1405b8727db82687bf3b8ad981364e8,generated,cyclegan,calibration,western-blot-00758,f080807f7f81877e
synth/cyclegan/cyclegan_img_00761.png,dc5b2f30291757daf78f12460e4b14ad639cde52e452035a78e588b496835b25,generated,cyclegan,calibration,western-blot-00761,f080807f7e807e7e
synth/cyclegan/cyclegan_img_00783.png,34b12c7b5de46e7ff73485529d72c4760daa55fbfad9207b9aed251402e3a203,generated,cyclegan,calibration,western-blot-00783,add2d22d39d24d29
synth/cyclegan/cyclegan_img_00797.png,e1ff9f16aadf33fa21a8bdfe0dd8eb3061e003bda255b0d526889c30619633f2,generated,cyclegan,calibration,western-blot-00797,d8e7a61959e63819
synth/cyclegan/cyclegan_img_00915.png,279d9b70ac03cab4dcc7cf5ba799af9b27b3c430ea932376e9af90d7a61ef67b,generated,cyclegan,calibration,western-blot-00915,8ff0f10f1800f0ff
synth/cyclegan/cyclegan_img_00916.png,c211d8c4aa0cabf323511f8dc954842d597d4084965d5009adec3df1b75b1827,generated,cyclegan,calibration,western-blot-00916,fff0801f8087817f
synth/cyclegan/cyclegan_img_00920.png,9275eceff84648685d38cffb04a3dd68cf53b1c7766021b4a1438ee2cef57d53,generated,cyclegan,calibration,western-blot-00920,ff808007800f7dff
synth/cyclegan/cyclegan_img_00929.png,e4abc63a751be49e4cff9463c0b01c30e5ff55dec09a825ab4c0102219d173b2,generated,cyclegan,calibration,western-blot-00929,e7989c639966944e
synth/cyclegan/cyclegan_img_00933.png,ebd62fc5cb4e2d9f4b5186fae64f078ad5e42f91f04df19b557f69c73a041205,generated,cyclegan,calibration,western-blot-00933,e7808007800fffff
synth/cyclegan/cyclegan_img_00937.png,8abf6e4d7e0116461348431d0bb397c1b07f3d70d4e6e9cdbea877db82351c6e,generated,cyclegan,calibration,western-blot-00937,abd1d42e6ad32991
synth/cyclegan/cyclegan_img_00938.png,d1fef3bd6655a75f5c4d01dc3675dfde151a97048bdcca94b80980e331ad3b80,generated,cyclegan,calibration,western-blot-00938,817f8380ff80787e
synth/cyclegan/cyclegan_img_00941.png,c674251ed36399490897cea18064f5c8a55ad6aadaf63ce6c38978a957ccb739,generated,cyclegan,calibration,western-blot-00941,aa2dd5d4d5d02b1a
synth/cyclegan/cyclegan_img_00943.png,055e344d6319ba512c26dae02de1960f1551d46dd7959e5d721be6b85b0a1bfc,generated,cyclegan,calibration,western-blot-00943,aad5d50ad4d4d52a
synth/cyclegan/cyclegan_img_00951.png,818f586b5674d0eec763db180ade7eabb831b9bf43f10bb88e9e411cf56b5ccc,generated,cyclegan,calibration,western-blot-00951,a939d6c4293bd6c4
synth/cyclegan/cyclegan_img_00958.png,7f469b0d8b42a273624e152b052f313c28bc32c3b99f85cf8f49a947df66e097,generated,cyclegan,calibration,western-blot-00958,f07f80817e7cfc80
synth/cyclegan/cyclegan_img_00961.png,1d6cb0fff51eb1d928a5a3dffd665371c4051d093e64533dd8d5e1f7219995a5,generated,cyclegan,calibration,western-blot-00961,e0679c9c63638e9c
synth/cyclegan/cyclegan_img_00965.png,5e746485a051cdd27cff3d7369de7423e1c3fdd4601c930de82041c501dc3fa1,generated,cyclegan,calibration,western-blot-00965,9755e8aa1316cce5
synth/cyclegan/cyclegan_img_00966.png,b79df21f13c8572f988a050f38ea837e58e730c765b889df17990c1b16b50c92,generated,cyclegan,calibration,western-blot-00966,c100beff61409ebe
synth/cyclegan/cyclegan_img_00979.png,c90b2cb5f00f31983b86dbb9bbb4211840e24a12f1a92f51d214e2b105aaec9c,generated,cyclegan,calibration,western-blot-00979,f07f80807f7f8183
synth/cyclegan/cyclegan_img_01030.png,859d871959893eef69d9bba58c938db01216d8b694dab329c32eb263254659ab,generated,cyclegan,calibration,western-blot-01030,f8807ee0837f807e
synth/cyclegan/cyclegan_img_01040.png,a005bbbafa6fb5d2455461fe1a95386d941f12e2b8116a1ffa93c1d126debb21,generated,cyclegan,calibration,western-blot-01040,f0807ff8807e817e
synth/cyclegan/cyclegan_img_01055.png,8128700ad897be7cb180c250d16fbf2178e31daf6e4584931ba135fe5b5b96fc,generated,cyclegan,calibration,western-blot-01055,ef8877902f62ca23
synth/cyclegan/cyclegan_img_01061.png,875d008284ac44048a609b8e09d70a921fa9e9aba729a1a968ed8446effc5a9d,generated,cyclegan,calibration,western-blot-01061,f7887791a815fa44
synth/cyclegan/cyclegan_img_01069.png,d3b01716ca409de93cec9bad74a681f773f8afa7712159bcddd18cfe2ce0f957,generated,cyclegan,calibration,western-blot-01069,ffa480286ec57da1
synth/cyclegan/cyclegan_img_01080.png,e77c592222659106e98d31e38d8836dab34956e840726a02267f3e04dd969183,generated,cyclegan,calibration,western-blot-01080,ee806a77e3c81599
synth/cyclegan/cyclegan_img_01081.png,4c24f997f6b6df75b2e528de3acfac6f9fdd5b695e595243e8c24a5bdefb1c96,generated,cyclegan,calibration,western-blot-01081,ff886391a815ba4e
synth/cyclegan/cyclegan_img_01083.png,a57c80d5b1d7aa56b294c58c2e03a6668618aca4b6c165c326c03185066a5b3e,generated,cyclegan,calibration,western-blot-01083,fec0c06ac762e26e
synth/cyclegan/cyclegan_img_01091.png,b35f22229d21a84a2b4aa6839759a60503cb811e6025efaf9d0cab9e4f27cefb,generated,cyclegan,calibration,western-blot-01091,ff806b938015b27e
synth/cyclegan/cyclegan_img_01096.png,87d1ad686ffcfa68d893141068aa3dd42c09c800c67e71688bc6271a81816cb9,generated,cyclegan,calibration,western-blot-01096,e7887f900f22ce63
synth/cyclegan/cyclegan_img_01105.png,f156c7d3f729e0c3c37b77545b2da51b37c0e07ac02b402e0e0c345c7c265763,generated,cyclegan,calibration,western-blot-01105,911111e6e6e6e6f8
synth/cyclegan/cyclegan_img_01109.png,5bac089d2067e530d4fa55e83c250d085e85d266edcec5c8a693b270b8f54fc6,generated,cyclegan,calibration,western-blot-01109,f7888877658a5ea8
synth/cyclegan/cyclegan_img_01114.png,0fedc8f29a58c3fddfb55d4f0c3bec1d3b54bc6831cc38934aab139c30ede217,generated,cyclegan,calibration,western-blot-01114,fb84807f4fa03786
synth/cyclegan/cyclegan_img_01129.png,9d24741c53541880b2b3189016a31024f359408dd152798697c418ff3524fa78,generated,cyclegan,calibration,western-blot-01129,f0838778718f7878
synth/cyclegan/cyclegan_img_01136.png,896cd2b347cb077d244b124cc5be5da5da8abe2997fdf3e5a7562accef71c733,generated,cyclegan,calibration,western-blot-01136,e39c9c63769c6330
synth/cyclegan/cyclegan_img_01155.png,b165f21dc97fa37b76ee14b4ff4e169d961e508466eab918448d557a8ad7eecf,generated,cyclegan,calibration,western-blot-01155,d52aaa552aaa555e
synth/cyclegan/cyclegan_img_01164.png,d20e1df0decc0336c55cf0425d6f688d949d3c1c1e9dbfd65a0203473e3eb401,generated,cyclegan,calibration,western-blot-01164,839d93666d8b9227
synth/cyclegan/cyclegan_img_01173.png,f3658539c56b48e8004e2a65b58ae693cb4514a909d84e74f36740d2eb2fb603,generated,cyclegan,calibration,western-blot-01173,a08f8f3287cd3237
synth/cyclegan/cyclegan_img_01180.png,928a09cd27eb704985065c51a9aacb0345d3969d89e7be870dcd3585b17ecd9a,generated,cyclegan,calibration,western-blot-01180,b0c3c93736c8c937
synth/cyclegan/cyclegan_img_01182.png,ef7c83959c914acc90c72170a1046682fae989bc914265dc48c699515446b5de,generated,cyclegan,calibration,western-blot-01182,a19e9a658f9a2565
synth/cyclegan/cyclegan_img_01202.png,e1f06ec5a78795039d811b6b7e1050417cde0a0da7a4a15618b268ea7e4caa47,generated,cyclegan,calibration,western-blot-01202,c59d8867aa99672a
synth/cyclegan/cyclegan_img_01203.png,d4081b1dcff0ae24140984aa15f714bf993d10a0df1895fa61b6cdfc7b9d9dbd,generated,cyclegan,calibration,western-blot-01203,a3b6cc49cc4933b6
synth/cyclegan/cyclegan_img_01235.png,10ff81320f8e4633de19983e7da77f3f6bc298e171a494acdbc4ddce97c9d529,generated,cyclegan,calibration,western-blot-01235,bf988067c0c37f98
synth/cyclegan/cyclegan_img_01257.png,aa7fe779e3c2cdf793f81874a942128c610d4f31d3cc5f1e0db59b3ce330429c,generated,cyclegan,calibration,western-blot-01257,80839fbf4340a7bd
synth/cyclegan/cyclegan_img_01261.png,ac730d922c74fd2d2f502915d7a2c7e7b2747e63b68f169e16a4e7ee5854e008,generated,cyclegan,calibration,western-blot-01261,9115eeea1114eee9
synth/cyclegan/cyclegan_img_01298.png,3e0885d5d1a5ad1971e824121a152cbca9587e3fa4aa80dd003d654cc0698bbe,generated,cyclegan,calibration,western-blot-01298,881ae7a51818e7f7
synth/cyclegan/cyclegan_img_01308.png,a125b3c7bfc1b9d494c1a5b842ee2d0ad5e02a578efe21dcf48ced2fc4498c16,generated,cyclegan,calibration,western-blot-01308,f080807f7f81837f
synth/cyclegan/cyclegan_img_01310.png,45f39573eda5366cb69e407a0c688a411edf09f691207d96e2659fd2a62a2f1a,generated,cyclegan,calibration,western-blot-01310,e083867c79878f78
synth/cyclegan/cyclegan_img_01317.png,992ff225bebeb0f7756c67648c9f0972b70210d59545d2f6a0a3eb11075905a3,generated,cyclegan,calibration,western-blot-01317,9313ecec1112ceaf
synth/cyclegan/cyclegan_img_01320.png,42b6116fab674500121cefd015a2d37857b8a19f30087cc8acad5d26f83d87e7,generated,cyclegan,calibration,western-blot-01320,92fdcd0222fddb02
synth/cyclegan/cyclegan_img_01327.png,48e05642955b26e63170d1ff2ef55bc23bb5cdca18fffedd70ad4099a34d96dc,generated,cyclegan,calibration,western-blot-01327,8d4df2b20f49c1b6
synth/cyclegan/cyclegan_img_01332.png,5ac178b542481e9fedf9a25de8e404c6e925db5aca0a22e525ac20e1b4596cf7,generated,cyclegan,calibration,western-blot-01332,aa22d5c52a2af5f2
synth/cyclegan/cyclegan_img_01333.png,c54c130443dd231447b823bec26c803421649dabbb7d7d73acc97be3a3f55dee,generated,cyclegan,calibration,western-blot-01333,f07f82867c787087
synth/cyclegan/cyclegan_img_01338.png,bf25d058a71f1cf23a654d09f2c999d047c9ddaccef1bf33fb39450e7fc8f8b6,generated,cyclegan,calibration,western-blot-01338,ab2bd4d42928d4f3
synth/cyclegan/cyclegan_img_01373.png,4e0b243c60d929fdbd7e4904f66fd82231addb3d823360a4ab74c454fb6f21a5,generated,cyclegan,calibration,western-blot-01373,d9cea6015ddeb320
synth/cyclegan/cyclegan_img_01383.png,c54fc5fd8ca96ed865a1da3708097939a8b6dc5f4970a8d5d46a69212510504e,generated,cyclegan,calibration,western-blot-01383,9bece41b5beca201
synth/cyclegan/cyclegan_img_01389.png,0d0616960ac8c9eb279ec9bc5fc855a8ef5e90b2756697222b079987069815ba,generated,cyclegan,calibration,western-blot-01389,94ebeb1414ebe704
synth/cyclegan/cyclegan_img_01390.png,d1c5da48a613fcc12ad3cd7a0ad91386da0ce8d19dc6a73f7b502187a8270a02,generated,cyclegan,calibration,western-blot-01390,f880807f7f81817f
synth/cyclegan/cyclegan_img_01392.png,f46c7f69d9283ccafcc30f278fe7c4e94b4e216b41749c12641afd7ccdca388c,generated,cyclegan,calibration,western-blot-01392,b3d4ce2b31f4cb08
synth/cyclegan/cyclegan_img_01397.png,11b6103eace1dcebdb7514ca98050844aaec2446a4f409bad4e73cfdf4279eb8,generated,cyclegan,calibration,western-blot-01397,e08f9e6061bf9e60
synth/cyclegan/cyclegan_img_01399.png,1275eb2a2ec001da4d2c3a0f6f77e450fc70ba7ce8644ae05d3929dc61c4806c,generated,cyclegan,calibration,western-blot-01399,b4abca5435bbc648
synth/cyclegan/cyclegan_img_01400.png,764d018f3d0c5c348f9318ae513e1cf0087b24447f0e49bfc9590d482220f699,generated,cyclegan,calibration,western-blot-01400,81e2fe039ff8030f
synth/cyclegan/cyclegan_img_01411.png,0116c0d4abb2254473af807ea59ed91c1c2751fc54d1b80599025b6c7a8a290b,generated,cyclegan,calibration,western-blot-01411,81d6d22d87d62d2d
synth/cyclegan/cyclegan_img_01413.png,8514723ff2d1aa51be8953c78308d978576f976df5d0ba718f4a94a3e2ecbefd,generated,cyclegan,calibration,western-blot-01413,8285857a9f856a7b
synth/cyclegan/cyclegan_img_01415.png,9a796e624551a9f6a3ba81571e70eb4e2807cc303b011b2bbb2ff93f5a5f4422,generated,cyclegan,calibration,western-blot-01415,928d8d73a38d5933
synth/cyclegan/cyclegan_img_01421.png,cbf30ef257194e04f9abb7bcc47964923fa72b4dbb6386c7e09ff8257d4f61a7,generated,cyclegan,calibration,western-blot-01421,a4c3cb2687db3724
synth/cyclegan/cyclegan_img_01422.png,304659f07e875bf5b3a507c7ef8f22096dd9f37080ec3b492dc9085a67754e9f,generated,cyclegan,calibration,western-blot-01422,8ca3b14e8fb1470f
synth/cyclegan/cyclegan_img_01427.png,99edaa5dc8a033c64936451d79847395beee1549ba7e23620c2ca8c431db3de4,generated,cyclegan,calibration,western-blot-01427,8087857a95876e7e
synth/cyclegan/cyclegan_img_01429.png,887342757d5793687a1e8b0bb8195766da2fd74aa126b4e609982196727ff53c,generated,cyclegan,calibration,western-blot-01429,c19fbe4183be6143
synth/cyclegan/cyclegan_img_01434.png,13b7270afe9307def9fa4090c414dff239a89bde9a15e2245b56e16330da638d,generated,cyclegan,calibration,western-blot-01434,a895d02b8fd42b6b
synth/cyclegan/cyclegan_img_01435.png,c93485c38a5c778fb41dfad166c668be1e110c75488c06780f86dcad35473674,generated,cyclegan,calibration,western-blot-01435,c1aeab548daa55ca
synth/cyclegan/cyclegan_img_01445.png,bca1e44c1b13af16eb6c42e63326c8b628dde8501152f035e586a74cb4e10f4e,generated,cyclegan,calibration,western-blot-01445,c0a7ad5386ad5752
synth/cyclegan/cyclegan_img_01450.png,b0a237e54e374c1330e2fb3d5c8edadc9ef75dd71d78368d5a128702661e8d4f,generated,cyclegan,calibration,western-blot-01450,c0b6a45b5ba44b5b
synth/cyclegan/cyclegan_img_01477.png,45acf7548203fdda5ff5b5c0ea0b0d757c8d94ecac46fe3661fef1e10e066c71,generated,cyclegan,calibration,western-blot-01477,add2d22539da252d
synth/cyclegan/cyclegan_img_01481.png,0e2263e0711020ea7f989ecd5d304e17d22caf3b534bdf20730963b9efd5a5f3,generated,cyclegan,calibration,western-blot-01481,d5aaaa552a552eaa
synth/cyclegan/cyclegan_img_01501.png,d2494102549be308cc6803b622c07fc4270909126f26ed6864e35186356b1a10,generated,cyclegan,calibration,western-blot-01501,87f0f00fb00ff983
synth/cyclegan/cyclegan_img_01504.png,f6fb0acc180afc63c4c92a3293e083f3392161c046ffc8af2613da07e22776de,generated,cyclegan,calibration,western-blot-01504,abd4d42bd124d42f
synth/cyclegan/cyclegan_img_01550.png,14845c1c9b10abaf482b49d947ad2267e8a9bf67bc626f519160cd3d47b59e55,generated,cyclegan,calibration,western-blot-01550,c7ffc100f8007f0f
synth/cyclegan/cyclegan_img_01568.png,e997af072d956b443bb9b2e48829fcc8a77d2a4b794f489ee2936ad6778150a0,generated,cyclegan,calibration,western-blot-01568,81fefe86fe00be00
synth/cyclegan/cyclegan_img_01570.png,f951e3a324730bacf973093b02b5da1d5eb16d1e01b355532904303852dfc8f2,generated,cyclegan,calibration,western-blot-01570,87f8f80fff070700
synth/cyclegan/cyclegan_img_01604.png,407ff068c6007dbb91b3ff65064ac607c384228892f7b32c4b500a871d251a32,generated,cyclegan,calibration,western-blot-01604,91e6ee1911e6f918
synth/cyclegan/cyclegan_img_01612.png,cdcb8f60f702a04bbc1741082c20c5f4dc27a9d989c3d3031d97158d45ef9c15,generated,cyclegan,calibration,western-blot-01612,e08f9c71639c9c63
synth/cyclegan/cyclegan_img_01628.png,926672a6c792a5dbe757b798d3bf0cab5c520d162ac6d4e060ef191a48ebf273,generated,cyclegan,calibration,western-blot-01628,9ce3e31c0ce1f11e
synth/cyclegan/cyclegan_img_01630.png,5fb54feab5cbcdb7d7f04cc5210bf7aa15c4d3dd50677dac0501bf38d64aae49,generated,cyclegan,calibration,western-blot-01630,e18c9e61619e9e69
synth/cyclegan/cyclegan_img_01632.png,bec05c4d49a3c21bf9def889cce8e6490d1a930a1686fcb3fb49fe89d8019aeb,generated,cyclegan,calibration,western-blot-01632,c1a7aa5555aaaa55
synth/cyclegan/cyclegan_img_01655.png,1fb0d970c70d15b74beae9543871c4293c5732a482b80553b8fe0c4dc0b4dcd0,generated,cyclegan,calibration,western-blot-01655,ae2a2a2e24d5d5d5
synth/cyclegan/cyclegan_img_01666.png,d74b4beb123d538e71fbb52660bf012fd4f651933cc51b2512fee10ec584290f,generated,cyclegan,calibration,western-blot-01666,be802f6e8a2f807e
synth/cyclegan/cyclegan_img_01680.png,15b6a20342e8390828f1d93ff706907f7f0846f684e8734f1140f0a00c243fec,generated,cyclegan,calibration,western-blot-01680,832f2b2b2b2b2b2b
synth/cyclegan/cyclegan_img_01685.png,89db5f6bd42bd79e1bb17f690cf6541420cb8d828361e5eb5e5579ff0f7ae8ae,generated,cyclegan,calibration,western-blot-01685,aa2f3fd0d0d4d494
synth/cyclegan/cyclegan_img_01695.png,fe1a39d2b2d0c0553b60db9071ec5750ab1797dd4156fc072dcb0bee5d7bfe09,generated,cyclegan,calibration,western-blot-01695,be7ec1812e2fc1c1
synth/cyclegan/cyclegan_img_01718.png,79ae437099cce970ec6680bb93ee868bff6ed63cd6b2603210bbbc0167edd2e4,generated,cyclegan,calibration,western-blot-01718,909cc6be19b1e6c6
synth/cyclegan/cyclegan_img_01719.png,394c30e677a2460b5d18449f9636380fd0598f81695d74635442dddc885962a3,generated,cyclegan,calibration,western-blot-01719,c493b14eb39b4cb1
synth/cyclegan/cyclegan_img_01722.png,1581e6610fa534c06378f1404180da0106bf8b8736644c78665d15fa5e62672c,generated,cyclegan,calibration,western-blot-01722,a097976997866897
synth/cyclegan/cyclegan_img_01738.png,b693b2cf605a2f89b469b5d74d82f1b7385e311d778b94e7fee693de1b4eb685,generated,cyclegan,calibration,western-blot-01738,8387f09f079ff880
synth/cyclegan/cyclegan_img_01740.png,03fd69815d25409494a64156f44a5a06327ee0cc1da2047048fba57d1d066a6c,generated,cyclegan,calibration,western-blot-01740,c3aca553aca553ac
synth/cyclegan/cyclegan_img_01745.png,7033928fd732e0ebd708007a4c26316a245ef9db58834b340c27369aba0f7077,generated,cyclegan,calibration,western-blot-01745,80c3e31ee3871cf3
synth/cyclegan/cyclegan_img_01771.png,a72fcc3996c23f13cc54cc9cacb40c1878843c61f4c8cbeb7482aca7fbb7ed3c,generated,cyclegan,calibration,western-blot-01771,a8d7d528d57828d5
synth/cyclegan/cyclegan_img_01788.png,5c97567f1d9bceb25897c774110fdfcba30073d34df8719060d31821d4e9d996,generated,cyclegan,calibration,western-blot-01788,80e7fe01fe8003fe
synth/cyclegan/cyclegan_img_01792.png,5f457c8ac6b1f99deb9b10499440d9fef0a3a617a6e0cfa6d781adca16947f39,generated,cyclegan,calibration,western-blot-01792,cc83837c93e65c93
synth/cyclegan/cyclegan_img_01793.png,e56b004605d59680b458b0183e131efeeff075f56a92c41000d3289c25d8f2e7,generated,cyclegan,calibration,western-blot-01793,93eeec1113ce7512
synth/cyclegan/cyclegan_img_01794.png,953a572ea354b8c0381a98b74f49e2cbb084e677fc0895e983db3c4db945c3ab,generated,cyclegan,calibration,western-blot-01794,a897d528d77828d5
synth/cyclegan/cyclegan_img_01804.png,51733b14cc09643ebb7261398c52632d5d57bfaf1d32b83070c444b87444f05f,generated,cyclegan,calibration,western-blot-01804,8c87e3870e98e39e
synth/cyclegan/cyclegan_img_01823.png,4383956f47fb9642e5fe59e51b506625eb4be2cac5084fabb6eb9d985f011ae5,generated,cyclegan,calibration,western-blot-01823,80787f7f007b7c03
synth/cyclegan/cyclegan_img_01826.png,4200bd85796df954c8548f4cebe0bfcdc80fb11fb6e8dd5e500047cee62dd010,generated,cyclegan,calibration,western-blot-01826,aa34d5aad5dd0aa4
synth/cyclegan/cyclegan_img_01843.png,a9122015c165b3c4fd3945eb954eca4b4a3f3ab3626684734a123a45dc1a2d8b,generated,cyclegan,calibration,western-blot-01843,d43cabc3763c81c3
synth/cyclegan/cyclegan_img_01869.png,ea4ca6257c091567b306fe38a067b977d62db70e1297458782dd92eecaa0402f,generated,cyclegan,calibration,western-blot-01869,be818a7ec17eb580
synth/cyclegan/cyclegan_img_01876.png,05c2571696ba6f5bed31f3c35d5afec9f3bb939d0edd2ab0d84601517d8f5e68,generated,cyclegan,calibration,western-blot-01876,fe7e81812a3e3585
synth/cyclegan/cyclegan_img_01909.png,dbdd347beccb9b9e54d0276ab9a99c445a6fc9b3fc72aa27d7096d5d23ea9218,generated,cyclegan,calibration,western-blot-01909,add2d22dd2c22dd2
synth/cyclegan/cyclegan_img_01916.png,19f560bf85d45ec70c729ab2ff00e6c902ed8e99f92cc888853a86bc58a662f1,generated,cyclegan,calibration,western-blot-01916,b3ccc813ec31cc73
synth/cyclegan/cyclegan_img_01936.png,1176b92e5f0198b83f24507f9bc5915ad84693b8ef75565588a1f2ed77639ee0,generated,cyclegan,calibration,western-blot-01936,d3a9cc13adc433cc
synth/cyclegan/cyclegan_img_01942.png,4d6721493967d77f9fda41adca83f6cc340df2e09f200fb55bde0f2fc8b1c102,generated,cyclegan,calibration,western-blot-01942,add2842dda24da6d
synth/cyclegan/cyclegan_img_01966.png,78ea598eaa94bcb6d0a80663614202c3561b496fa2ef1edc674bdc4c0a58c305,generated,cyclegan,calibration,western-blot-01966,e08c9f6360929e6f
synth/cyclegan/cyclegan_img_01990.png,2e0b0aee8b0a558ed889bfd2109e38509d2aae90326d6636a69e33abce0850bd,generated,cyclegan,calibration,western-blot-01990,908becd61331edcc
synth/cyclegan/cyclegan_img_01999.png,1650fee354049a5072c7cf04a709c8f6c2ff2ad6098b7d5c620a773ba5d790b8,generated,cyclegan,calibration,western-blot-01999,8db2f04d1ef2491e
synth/cyclegan/cyclegan_img_02005.png,e6e49f228cc42e887ef7a4dbe02d7144c1b667012b02fb32eb781d5f99085d66,generated,cyclegan,calibration,western-blot-02005,8b4831b7387b683b
synth/cyclegan/cyclegan_img_02015.png,bdd6ad31adc4122137f05b2c887f48e5c05af05e7aa83f4026fc066197f20a80,generated,cyclegan,calibration,western-blot-02015,aaddb7c84aa4a295
synth/cyclegan/cyclegan_img_02021.png,5e61dab15d2b41e6fc8be570009ec9a610954415649019e246dd00c04032e0a9,generated,cyclegan,calibration,western-blot-02021,aad9b199d9d8c8c8
synth/cyclegan/cyclegan_img_02026.png,d7abb9e270c79dfb77cd88131f8118f9b4309aaf5d1ba35404b46e396cb8518b,generated,cyclegan,calibration,western-blot-02026,aa49bba39953d0c9
synth/cyclegan/cyclegan_img_02041.png,cac84e82256d07c8bb76d90ba436ede16c0ca217fbc0fc19181552cd05c0e300,generated,cyclegan,calibration,western-blot-02041,a3d9b54a43a459d5
synth/cyclegan/cyclegan_img_02043.png,1723530d60319014b9936edae9b17271f1ef06f58f85ef73b5dd5db404251c40,generated,cyclegan,calibration,western-blot-02043,aad9b1b1d1d9d0c8
synth/cyclegan/cyclegan_img_02045.png,579e9f02af60a2134cc215a8bc40925b388512c7bcd6848d5e795fccd82271d4,generated,cyclegan,calibration,western-blot-02045,aaddb5c84aa4aa95
synth/cyclegan/cyclegan_img_02046.png,f6400c2d782f0dba32acb5e3d0dfd082a9b453d585f1493befb14d20a33b020f,generated,cyclegan,calibration,western-blot-02046,aaddb7c84aa42a95
synth/cyclegan/cyclegan_img_02161.png,b53fbdb7969fc55680d2ccfd4ab71971c83a52bd27d351afd47e25e82b779380,generated,cyclegan,calibration,western-blot-02161,b236cdd93624c9c9
synth/cyclegan/cyclegan_img_02162.png,3c54aee15c3802fdc0114e6c4e5824b55e80c46b3886f843515d9d2b620d3ebb,generated,cyclegan,calibration,western-blot-02162,b634c9da2424d9db
synth/cyclegan/cyclegan_img_02171.png,f6151d03870e006d115ffbddd214e876e8309400ad780af86b2145478c703a7d,generated,cyclegan,calibration,western-blot-02171,b624c9d22425dbdb
synth/cyclegan/cyclegan_img_02180.png,c59051b683fafc2a84f51d91826194de68c1dcca5416aa01cd637309bff5007d,generated,cyclegan,calibration,western-blot-02180,b724c8d22525dbda
synth/cyclegan/cyclegan_img_02213.png,a9e9e285678dd1ca8983a0297145fb8f5c582d686067dd1cf61c2de15f2c08bd,generated,cyclegan,calibration,western-blot-02213,eec695912a66c49d
synth/cyclegan/cyclegan_img_02232.png,a12ef30dd58d886eec253537ddd7fe6052ab0ddbd215372c174d801665964fe3,generated,cyclegan,calibration,western-blot-02232,cc3c4c5649c5b3e6
synth/cyclegan/cyclegan_img_02272.png,2c85563f78ff878ab6177b95de58b984c0b0e0e378fe48b861ce849c08571c4f,generated,cyclegan,calibration,western-blot-02272,897da6f61900e6e6
synth/cyclegan/cyclegan_img_02293.png,1c1e8729f02ca6c16ba10bb8b31f583f4d906fa2ed1b5c1433f8972d4fd8279c,generated,cyclegan,calibration,western-blot-02293,89595901a6e6f6e6
synth/cyclegan/cyclegan_img_02322.png,a482eed1aefec7e3ae2da7359a8e2a26b5df2194712a39990b4421c2253f3d78,generated,cyclegan,calibration,western-blot-02322,b93143c6c6c6ae33
synth/cyclegan/cyclegan_img_02327.png,2164a65b4214892b895e638ba60e9cc06f31fe5f99882e72b7e480ed73a94cc4,generated,cyclegan,calibration,western-blot-02327,9e1e5ce1e1e1a13c
synth/cyclegan/cyclegan_img_02333.png,6b787a6a8c3679eb044a812ceb142b1e8f830b803eb517ac753c7a232d8c5041,generated,cyclegan,calibration,western-blot-02333,8e0f7ee0e0e1b11d
synth/cyclegan/cyclegan_img_02342.png,b6a8f35a5784f7289ef80a43640de0b3d621cacc74da9dadceea5bd027efdae8,generated,cyclegan,calibration,western-blot-02342,f2334eccc9898d36
synth/cyclegan/cyclegan_img_02363.png,be56a4d15ef6b609ed582230fbfb21921694aa809af869862142133c217760df,generated,cyclegan,calibration,western-blot-02363,ff7f17808080e87e
synth/cyclegan/cyclegan_img_02380.png,d41653abfab65c304ca31999acbc4b1171bd58c9ef4ac27d558e68cccf9a0786,generated,cyclegan,calibration,western-blot-02380,aa807a7aa07f207f
synth/cyclegan/cyclegan_img_02410.png,ced2be031fec690de9329e301225ddd316b5934e8f78606ca29f92f8c96ed1ae,generated,cyclegan,calibration,western-blot-02410,817d2183fac2de6c
synth/cyclegan/cyclegan_img_02432.png,bc91a149c4cbd230220bded9ff4e06b6a46038d8f25d69a181ff9629ea5b7e9c,generated,cyclegan,calibration,western-blot-02432,807f00c3fbc2df34
synth/cyclegan/cyclegan_img_02433.png,83cb453d9729cefa92d57c4bfb578113146e8b5439911c2f133bd811cf3c3354,generated,cyclegan,calibration,western-blot-02433,e15a60a59ea68d9e
synth/cyclegan/cyclegan_img_02437.png,164ac24558a0f7dbb2baa20731d22f19c1d569ad04e6ee73075cf147b337c6ad,generated,cyclegan,calibration,western-blot-02437,af682987f097d0f0
synth/cyclegan/cyclegan_img_02439.png,6e3f6d112ab4cf9eba817728e87116f73ca134e0c572199cf113aa03559e6801,generated,cyclegan,calibration,western-blot-02439,e75266259cac8c9e
synth/cyclegan/cyclegan_img_02461.png,e9fdba4ade3639dfb040eca195881cb0c14d4265cf94ae5094c5489927df667a,generated,cyclegan,calibration,western-blot-02461,c8131a6cb7e5a6a6
synth/cyclegan/cyclegan_img_02479.png,1cdd52cd4a4b4fa3d65d5bfd4953eb78389be179927d9cf0b327ada007745670,generated,cyclegan,calibration,western-blot-02479,f161718e8e8e8e87
synth/cyclegan/cyclegan_img_02541.png,08f53382c9d6716eb0f57718cfd4189f1b4c2bd4415ad26a438836397f413de0,generated,cyclegan,calibration,western-blot-02541,81f0fe0f0701e0ff
synth/cyclegan/cyclegan_img_02548.png,5f84d19c15d89665e100725f6c3a32dee1f7f57939d21a66cc722abc74c43f25,generated,cyclegan,calibration,western-blot-02548,fe8081701f71789f
synth/cyclegan/cyclegan_img_02565.png,7886f41de3b209c243ddeaa6699c9bf4a9d9c62ac3de8edb6b00fc2717145a3c,generated,cyclegan,calibration,western-blot-02565,b515caea2555da2a
synth/cyclegan/cyclegan_img_02569.png,315cc7acafed91db60862a39d32e0cb3be54aaa00b3a12943124beb26abb7d0f,generated,cyclegan,calibration,western-blot-02569,fe3a80807f07787a
synth/cyclegan/cyclegan_img_02570.png,fb13ed88eca528b1bdcc4db1a2692938a6bd2a9ab78e23cfe9c34a5fdef378d7,generated,cyclegan,calibration,western-blot-02570,fe7e80807e7f006a
synth/cyclegan/cyclegan_img_02580.png,74ed433e32d420f02bc5042feffb1f806317a215972232a5b7dab88532f7b626,generated,cyclegan,calibration,western-blot-02580,fc7880807c7f4f70
synth/cyclegan/cyclegan_img_02594.png,5cd44975781d155392af5dd912dc9d077c0d7f14499881398770c0c9ec83c76c,generated,cyclegan,calibration,western-blot-02594,e3619c9c7371464e
synth/cyclegan/cyclegan_img_02605.png,dea68c3dd1d4e56e2b1c3032c66a9b77c384259ee9b6c2d6fdbae27767ab84e4,generated,cyclegan,calibration,western-blot-02605,efe0c01d995bb1c2
synth/cyclegan/cyclegan_img_02606.png,5b8cb6870d32d5916c212a1df5263a09a11a6f346e48028093fb8b6f10574748,generated,cyclegan,calibration,western-blot-02606,aad0ff51af22aac0
synth/cyclegan/cyclegan_img_02608.png,d844dea0ae8c0da995b9174c3d6b34644cb6cd502a2149bfe7b16cbbf9e7d983,generated,cyclegan,calibration,western-blot-02608,ffde80207fff8000
synth/cyclegan/cyclegan_img_02613.png,7569858b60843fb826c2150ffe77919961040e5109f8ec329d1b3da4a054d47b,generated,cyclegan,calibration,western-blot-02613,81fcb64f40b0bf4c
synth/cyclegan/cyclegan_img_02615.png,85bafffd9dd3e191a12cf2fa9a4a10194a50e8fa1c2253624227483eaaccdbf4,generated,cyclegan,calibration,western-blot-02615,aa70b5b0d294dad6
synth/cyclegan/cyclegan_img_02618.png,3a1cb409346944e34746dc726aa4f2b7ac8e6620af27395bce4c2200b8d95abd,generated,cyclegan,calibration,western-blot-02618,a2c3d569d492eb85
synth/cyclegan/cyclegan_img_02621.png,e12926333ec3c77a1c5b1bc71d9722475dfe13155f07338b99b68d46450cf18a,generated,cyclegan,calibration,western-blot-02621,81feb24748b1bf44
synth/cyclegan/cyclegan_img_02623.png,8b55b3116700f61451a1c6ab44484cc29a829034eec837b256e3966a33ff4391,generated,cyclegan,calibration,western-blot-02623,ff80807fc0f08f78
synth/cyclegan/cyclegan_img_02664.png,8b381cb84c8299ca57c8a786d40120e84220a11e7e23d782a0f4edf74e2b9f80,generated,cyclegan,calibration,western-blot-02664,f980847983c39c7f
synth/cyclegan/cyclegan_img_02684.png,98c9353fa9f7dddc58d255723bdd41e2b2c5f26e85589fb4a6baa73a74e28983,generated,cyclegan,calibration,western-blot-02684,aad5d52a2af57844
synth/cyclegan/cyclegan_img_02689.png,8941ef4ca0fbedaa9499a0aac9c30bba93345802a3a79a1bfa417227545f2566,generated,cyclegan,calibration,western-blot-02689,fc80807c7fc01f8f
synth/cyclegan/cyclegan_img_02699.png,c237c5be777167f7bf59979f14b26d906a68b8b38f761e46cd79f0cb92f2347c,generated,cyclegan,calibration,western-blot-02699,fe85d52a05fa3a81
synth/cyclegan/cyclegan_img_02741.png,8207e80db4aebfab9ba8e8cc7bd42de1d7473329ca5c2e53e82df7a80db6aebc,generated,cyclegan,calibration,western-blot-02741,fe7880807e7fc0f0
synth/cyclegan/cyclegan_img_02757.png,8ed8322289b85880c08e54f1ec294b5cad69acff0e240bfd5cbb2f35415322a1,generated,cyclegan,calibration,western-blot-02757,c500a2977c7cbab3
synth/cyclegan/cyclegan_img_02772.png,14ad956072e4f1b638ae7bf93abe279699c0ac3e7085b628908038638bbcd29a,generated,cyclegan,calibration,western-blot-02772,c400a3937c7ebab3
synth/cyclegan/cyclegan_img_02783.png,701179e08b7b7585d787efb9957648e68ea5bac48e42a19bd0b4054c589f5260,generated,cyclegan,calibration,western-blot-02783,f762ac9062633d9c
synth/cyclegan/cyclegan_img_02801.png,b0551aaa272f48613fd619242e28d4c5e352cd5ff6b33a5817937ba5aef5bfa6,generated,cyclegan,calibration,western-blot-02801,fe81807fc0f08f78
synth/cyclegan/cyclegan_img_02802.png,74e3ffc37d9e07168441633d8854101e4fcf6b35c66ddc17fe2a84bcf46e014a,generated,cyclegan,calibration,western-blot-02802,f8989c665959b664
synth/cyclegan/cyclegan_img_02833.png,229e930b2754798f720941843617b38c75852b6afcd831740b85b9baa0481eae,generated,cyclegan,calibration,western-blot-02833,ff80807fc0f08f78
synth/cyclegan/cyclegan_img_02872.png,1d80492d723b537ebc7cd54916cbf625e89c3e0c3ad5fb1b073fb1523bac89f7,generated,cyclegan,calibration,western-blot-02872,fe80807f83708f8f
synth/cyclegan/cyclegan_img_02885.png,465f0f3c8b8d4736e0d7846a96e8b5c62a95b241bf54b385bd1defd8a0d3c57e,generated,cyclegan,calibration,western-blot-02885,ff3d807280731c8f
synth/cyclegan/cyclegan_img_02889.png,1e4e62a0e7741c1534f9600db34ada2579cd2ec415dd9886309f4ed1a4706d5f,generated,cyclegan,calibration,western-blot-02889,9c348d2dc4e566e3
synth/cyclegan/cyclegan_img_02893.png,b67994df54d63a11ec2b911975c7d3bbf34d6849602e7dadaa69cc86772136dc,generated,cyclegan,calibration,western-blot-02893,e09c9873444cb3bf
synth/cyclegan/cyclegan_img_02898.png,35b222f2abd22be8bda49246b64aa624c9c7d14d95c6275de2019896a7236e4d,generated,cyclegan,calibration,western-blot-02898,a243d52fcd92c9c9
synth/cyclegan/cyclegan_img_02914.png,87414ffe9b34d2ec133802f41d92da452c9c9efad42b54aeacd1b5679c8f9bd0,generated,cyclegan,calibration,western-blot-02914,ff80807f8f707087
synth/cyclegan/cyclegan_img_02931.png,ffaf600d335cffa4b1de4c90f6306fab4d80aadad09eed5398b57f5e8542138e,generated,cyclegan,calibration,western-blot-02931,e1889c73b34c4c7b
synth/cyclegan/cyclegan_img_02932.png,b3a4f165a2c06a1e50e8c301fc4cbe1c1b4ce0d5296f0e95ed0adfcc89a71b84,generated,cyclegan,calibration,western-blot-02932,9b5b8535629b39e0
synth/cyclegan/cyclegan_img_02954.png,47db338e1ba671ff626ac7695a2111687b8331f470a872f37f37dd6d3f13f985,generated,cyclegan,calibration,western-blot-02954,fe80807c7f81e09f
synth/cyclegan/cyclegan_img_02971.png,331c2bde8dc0c583a42b691b49d75fe978caf4ac1d892c7a68d86fe078967f9e,generated,cyclegan,calibration,western-blot-02971,fe85817e5fa03885
synth/cyclegan/cyclegan_img_02972.png,615409bb8ccd04e3fa06c0018bbc594770aa36e23dcf0d3387ad41d82ce5ee3d,generated,cyclegan,calibration,western-blot-02972,a9d6d6292bd5451a
synth/cyclegan/cyclegan_img_02989.png,e094694b862f2d4fc754bf30554554b9d5f2d41c2e997b81865e6a648f82e179,generated,cyclegan,calibration,western-blot-02989,fe8081787fc1708f
synth/cyclegan/cyclegan_img_03008.png,6ba53064621f133fb89e5bcae1e56b8d63fe7d4808dfe11b755822b236c20a35,generated,cyclegan,calibration,western-blot-03008,ff8780f8807c807f
synth/cyclegan/cyclegan_img_03061.png,043ac33d62bdc642fb4d92c88783e8d93662e9540adac69ecc025f2dd4c6dfa3,generated,cyclegan,calibration,western-blot-03061,ff80503f807fae81
synth/cyclegan/cyclegan_img_03071.png,4a27adc11a0a6f0f66e071e3d143b0443d58104135e3d168afc2e3af5303e0d8,generated,cyclegan,calibration,western-blot-03071,ff80503f8077af81
synth/cyclegan/cyclegan_img_03101.png,9c998487053f7d1af7e43707de22d331ee3cf59001fca6998a0507f42a2e54c8,generated,cyclegan,calibration,western-blot-03101,9219cdce367b1b09
synth/cyclegan/cyclegan_img_03111.png,4bbfb863a31b9d79b1d9c6b1365fcecfe1bc37a319ee3f4c9b9515b59071da64,generated,cyclegan,calibration,western-blot-03111,8080dfff343fc9c0
synth/cyclegan/cyclegan_img_03139.png,e99dd4a8359d3232aee444e24e086041e4b44daa71073e62b3c429631d2e4355,generated,cyclegan,calibration,western-blot-03139,9a1cc4c73bf90d0e
synth/cyclegan/cyclegan_img_03143.png,7b167cc35b146fe8ebfe4061275c861a4a349254e113afa31ee1b5b0fcf00ca1,generated,cyclegan,calibration,western-blot-03143,b7bcc8c1373ec8c0
synth/cyclegan/cyclegan_img_03144.png,191a313da18dba9d676ffe658918f3f75de614c526ea0bcc6600751f87cc7f3d,generated,cyclegan,calibration,western-blot-03144,8b0ce4e73bf89c0c
synth/cyclegan/cyclegan_img_03153.png,8db51442475485cf1951ab2c41c94c8cfd7bbdd91daee41e0714f9b037508470,generated,cyclegan,calibration,western-blot-03153,d5adaa2caa785278
synth/cyclegan/cyclegan_img_03184.png,9a205ddab251b9c9b2b8f9cdf55eb38a78f38404e3ee6ffe08eb958460df7c1f,generated,cyclegan,calibration,western-blot-03184,f28c8cb19973b3e0
synth/cyclegan/cyclegan_img_03187.png,96861fe8adad3ac2f2ffc90ed9f4fa4e008bdc3dbc8c2c731e46257fe5518d74,generated,cyclegan,calibration,western-blot-03187,e68c8cb1b163b3e2
synth/cyclegan/cyclegan_img_03199.png,6e6fb67edcee9b934c5ebc50e5524df02f4f9f994ff8acb4e815135c4c834a8f,generated,cyclegan,calibration,western-blot-03199,d034a574a97a4b5e
synth/cyclegan/cyclegan_img_03208.png,50c07cac12cb025d52651b914ea7733ab3d3618833309de25fb260ae7b0facb4,generated,cyclegan,calibration,western-blot-03208,fdd5fd9580828a8a
synth/cyclegan/cyclegan_img_03217.png,e0f7a56a81aaae170f5c369c4dedfc54d290147eb3e47d8622fc96b0ee44e4a9,generated,cyclegan,calibration,western-blot-03217,a854b5a8d5af8a0f
synth/cyclegan/cyclegan_img_03219.png,2fc5c2240ddd25a6e422e55ec5abad9bb3530234c3cc0dff61e6f1366c290f5a,generated,cyclegan,calibration,western-blot-03219,f96387c39c98b898
synth/cyclegan/cyclegan_img_03227.png,537d84b0b9342ff22e1d25b7e90befad6cf2788246be40982137b41c8177725d,generated,cyclegan,calibration,western-blot-03227,fc7883449c8c3fb8
synth/cyclegan/cyclegan_img_03317.png,30e32eee1c8616fd52a030f9229bb75b666244da80913b4825c9da9cbc696769,generated,cyclegan,calibration,western-blot-03317,a5d2d22d2dd0d06f
synth/cyclegan/cyclegan_img_03322.png,630051c1dcc8717d676eb871b21cf8d9778d3647babe19124177935a1675e08d,generated,cyclegan,calibration,western-blot-03322,fc81807e0ff08f87
synth/cyclegan/cyclegan_img_03331.png,26a5501a5245ef5eb792ba3409441d457c742a4eb1b1ede08ca4d0d3e5349644,generated,cyclegan,calibration,western-blot-03331,e18c9c71714e4cbb
synth/cyclegan/cyclegan_img_03332.png,1e9725e55cb85b842a1afbd7aaf22a2687e1a46fa61fc6b615eac59e538f405d,generated,cyclegan,calibration,western-blot-03332,fc80817c7ee0718f
synth/cyclegan/cyclegan_img_03342.png,384e51890927c2798a86bacb5799a43ce4e66f3af9c473c1bc9797df81f5fb4f,generated,cyclegan,calibration,western-blot-03342,92e6e51b5a843573
synth/cyclegan/cyclegan_img_03348.png,78fa001c0bb2de3b299e337e0e53ad7e21c23f0580ee4644de3a00b03632d184,generated,cyclegan,calibration,western-blot-03348,95eaea15cce013dc
synth/cyclegan/cyclegan_img_03384.png,ae0b4f6261ae933e5982a44f2cfad3e378cf77f727d08ac78ddfb342e6ec6c5b,generated,cyclegan,calibration,western-blot-03384,f0aaaa5555aaaa55
synth/cyclegan/cyclegan_img_03427.png,466edb23e0932168a3cdd4a7a74353195b00598c52cb5cb47082f3972b9e070b,generated,cyclegan,calibration,western-blot-03427,a95ad6252b5ad465
synth/cyclegan/cyclegan_img_03451.png,2e1387fd429391f0857e4c6f696d0c876c8987e25ff3ce4861f92e3f950f1ba0,generated,cyclegan,calibration,western-blot-03451,fc7380f01f8f7083
synth/cyclegan/cyclegan_img_03464.png,9457db2c404a471eae4288344f40eaf6a64ffdad0000114e17ef099ca1fa2515,generated,cyclegan,calibration,western-blot-03464,ff2ab8bd9080d447
synth/cyclegan/cyclegan_img_03477.png,dd92c9e370dbe1dbffa3e57d66c4e14f98eea645dff371f9cbb584c33c62624c,generated,cyclegan,calibration,western-blot-03477,b620a0f6cac9db4b
synth/cyclegan/cyclegan_img_03480.png,61c5e4121bf271b022b0dd3cb07feff6ebddb54fe6b157328f1f079823a29ea4,generated,cyclegan,calibration,western-blot-03480,ff1e80e370e06179
synth/cyclegan/cyclegan_img_03500.png,4e6a64d6cdf8d477236237f121091ee8e5dcd81c9e1b5d3506730ca6bdaeb64c,generated,cyclegan,calibration,western-blot-03500,fefcf800ac78a5c0
synth/cyclegan/cyclegan_img_03518.png,c23170a927d3828c7f596c5df831eb8a1c65025f38360f7f11953fc6cbc848b4,generated,cyclegan,calibration,western-blot-03518,f09f8f32b2662649
synth/cyclegan/cyclegan_img_03520.png,14969fb0f2bbc0f09e1d0845f6331d00296cf80b749435972117e047df084c93,generated,cyclegan,calibration,western-blot-03520,9f60e04e7c073e47
synth/cyclegan/cyclegan_img_03525.png,8eed8b1133db8c1126bd4d28285b71724f92ed6411e30febed4660fc85402f8b,generated,cyclegan,calibration,western-blot-03525,aafca850d50a57ab
synth/cyclegan/cyclegan_img_03526.png,06a6b23a0cfe63acececab9ac9732b3f00c09c3ff490385545029c2056d8f7a4,generated,cyclegan,calibration,western-blot-03526,e464c69e9a993939
synth/cyclegan/cyclegan_img_03560.png,61bb6eb41e0456218b9645c6fd60a5efee84a23401c87b6d958eac2c5d6e6754,generated,cyclegan,calibration,western-blot-03560,c140bebf4941b2be
synth/cyclegan/cyclegan_img_03571.png,acc4ef07d18e1eb0828e6b60c30d3e5a0ebd62678461e61383599e0f0e758cae,generated,cyclegan,calibration,western-blot-03571,b626c9c93636c9c9
synth/cyclegan/cyclegan_img_03592.png,742d8c4966a9aa0097e98519cc3e1c1f4c77f2aa5e2c68df8e3980b7d0850c06,generated,cyclegan,calibration,western-blot-03592,b233cdcc363299c9
synth/cyclegan/cyclegan_img_03593.png,feb4488ed7daa12b2d852e5628543f90b28f4fdf63ea21ab2d7fcaf688f62f6a,generated,cyclegan,calibration,western-blot-03593,f070878f7878c387
synth/cyclegan/cyclegan_img_03596.png,240cd5177940e4d11b8266a3874eedf4d6a0eda11c681a834a84ee0b776a2c54,generated,cyclegan,calibration,western-blot-03596,a524d2da292db6d6
synth/cyclegan/cyclegan_img_03597.png,f2148e27bc07a9373a4e636c2d9c92f3cf43b8662ad80ceb9120159139a2448c,generated,cyclegan,calibration,western-blot-03597,941cebe3141caee3
synth/cyclegan/cyclegan_img_03613.png,8b1a181c726278fa8d52972681fa7ed7bbcb8afe8138893dc07a4053828f1a5a,generated,cyclegan,calibration,western-blot-03613,f9848e713860679f
synth/cyclegan/cyclegan_img_03617.png,7e85f12096d86b67cbedee3a04b999bfb3c193822a347bea6e887a36982d4dcc,generated,cyclegan,calibration,western-blot-03617,d2a1b5da2b56d0d1
synth/cyclegan/cyclegan_img_03631.png,8b045ac0a668d2504096ee310b7f761d24a50f2566c116e2c42ee88362b2a086,generated,cyclegan,calibration,western-blot-03631,d834924a2d5a5b5f
synth/cyclegan/cyclegan_img_03667.png,4ec9353baadef869ff8deef2c594a7efa72360f3e3b825b175f1f303144438f1,generated,cyclegan,calibration,western-blot-03667,ff7f80807f3f8080
synth/cyclegan/cyclegan_img_03745.png,b6661d7b559f314cebe2cfd2654165334c4306488c74014b7cffe430b3dc8099,generated,cyclegan,calibration,western-blot-03745,afb6d04825b7da48
synth/cyclegan/cyclegan_img_03756.png,8807cbac6c9d44a2df9d0c54e8694a9e176186b1781c93feff3b6b77ef8af424,generated,cyclegan,calibration,western-blot-03756,b515dacacaaa2535
synth/cyclegan/cyclegan_img_03777.png,3a12c3f8847c452cf0164282c2ab8f73cf50f198eeea2c4b0edfe413560fff9b,generated,cyclegan,calibration,western-blot-03777,d959d6a6a6a62919
synth/cyclegan/cyclegan_img_03779.png,a06868d184a4f76f9c6ba561174c2cd33d4c79127ec23ecc6949fe078310d354,generated,cyclegan,calibration,western-blot-03779,fa7a7e8785818878
synth/cyclegan/cyclegan_img_03782.png,51afd8f26f6a12f0149ecfda0c0fee102d4f5808aef80fe5e60c817c4fd6f9bb,generated,cyclegan,calibration,western-blot-03782,dc196ce5a7669348
synth/cyclegan/cyclegan_img_03793.png,a18e6af235a1eee6497c69aaae844b87458d996d373a67664c110053cd4f36a4,generated,cyclegan,calibration,western-blot-03793,ce4cdbb1b1b03626
synth/cyclegan/cyclegan_img_03794.png,6352edc80cb57b5494c151bd4cfc1676679455c410b427072f5fd1bcb43e3122,generated,cyclegan,calibration,western-blot-03794,e363619d9cbc9462
synth/cyclegan/cyclegan_img_03852.png,b2fe570bc48dac396402369e0a3e2c27399bb1083f0c775f03fba039cd81eb6a,generated,cyclegan,calibration,western-blot-03852,9c1c1ce0e3e3e34b
synth/cyclegan/cyclegan_img_03863.png,e80af28486635021c6911eb5243bfc80ae62519e19c50a843456034d65fd5f14,generated,cyclegan,calibration,western-blot-03863,b5aa35d1ca55c836
synth/cyclegan/cyclegan_img_03869.png,31c27c20a91de772617e2d355000a9f6f8bdaf6c86b715ec0b78be12ae904880,generated,cyclegan,calibration,western-blot-03869,b7171f9e9ce0e060
synth/cyclegan/cyclegan_img_03883.png,ad05a1f078f3c06be87d0d9acdefa946e56d22260cc45f58544366a81c14a1c0,generated,cyclegan,calibration,western-blot-03883,ff7f3fa08080c343
synth/cyclegan/cyclegan_img_03889.png,8a08ed6b1fa9ab1be91a7880ecb1a18741fee68a7b5f9a8d9dd0c034fe0d8c91,generated,cyclegan,calibration,western-blot-03889,f88778c7807cc39c
synth/cyclegan/cyclegan_img_03896.png,675e5c61fa52bce1ad29506296a66aedf76fe5b89660f5f6da9ac8eccb35994b,generated,cyclegan,calibration,western-blot-03896,f18e71868978c7b8
synth/cyclegan/cyclegan_img_03903.png,e5e2d043af5e3691e4018bf02c1bb222960b2169c1fea2b81d0b6f49d10762bd,generated,cyclegan,calibration,western-blot-03903,bd3eae58d0d8d890
synth/cyclegan/cyclegan_img_03904.png,a6f36a779ebca29f1b1bb91fc4409b46cfc7be34a4dcd3c8f52f84c443998f11,generated,cyclegan,calibration,western-blot-03904,fe7822c48387ceaa
synth/cyclegan/cyclegan_img_03908.png,d4d2debd8e1a3ea6ad8920efddd14b795842e959e01b039e2a5a1088ff124c84,generated,cyclegan,calibration,western-blot-03908,af2f7fd4d4c18101
synth/cyclegan/cyclegan_img_03909.png,df395afa02ca8fccfbd71832c4fe941b776774990a157336081b6de9a82e1d21,generated,cyclegan,calibration,western-blot-03909,b93f3658c8c8d899
synth/cyclegan/cyclegan_img_03916.png,887c392cb0ebd07d9d7f7f4becf894a669cff73923c844e8c0eca84106ddbb72,generated,cyclegan,calibration,western-blot-03916,f0858178877b7c87
synth/cyclegan/cyclegan_img_03921.png,4dfd1f66d475323f3ceaec31b779c213125ea16238de622517dfad29d0da1b0a,generated,cyclegan,calibration,western-blot-03921,9a1a4ecccce9b1b1
synth/cyclegan/cyclegan_img_03932.png,bdb0ab47b2d03e3a88f40b693a0181b76648325e4d202b91a144806103897e7e,generated,cyclegan,calibration,western-blot-03932,800078ffff9f8581
synth/cyclegan/cyclegan_img_03938.png,7bae5307a496082a5aa5c38db7a21834dc42b2d9ec6e334ce1e43f3f7044065f,generated,cyclegan,calibration,western-blot-03938,d5543a91aaa9d5c6
synth/cyclegan/cyclegan_img_03967.png,ba8be7027b59e463c1d9e106d3faa5da9b367e6513f6e7c46b769d4abf88e189,generated,cyclegan,calibration,western-blot-03967,f0878e78838e7cc3
synth/cyclegan/cyclegan_img_03969.png,bfc71dc5af08b8f4242c4cf103d41e6055dcc58a06b20f9929b59bf79bf1593e,generated,cyclegan,calibration,western-blot-03969,b4dbc924dbc92493
synth/cyclegan/cyclegan_img_03993.png,a268054b36ea97caa189c97a017484d9e4f1ac20519ca36b3f467e4f660a1846,generated,cyclegan,calibration,western-blot-03993,f883867c83867ce3
synth/cyclegan/cyclegan_img_03994.png,9414566c7254cd3b9f104582abfefee617712b5691d5c967a2817a44c15fb041,generated,cyclegan,calibration,western-blot-03994,bf2adfd09084c64b
synth/cyclegan/cyclegan_img_03995.png,543b089ee6aa992e4f6b44b30b461ee439b5945093d571560be051e812772a71,generated,cyclegan,calibration,western-blot-03995,9633a9d4c9e95236
synth/cyclegan/cyclegan_img_03996.png,d527ec369fb70c6b49c36f736059b5a39b995e7831712139049a21ad8467f082,generated,cyclegan,calibration,western-blot-03996,b2cdcc32d9c43699
synth/cyclegan/cyclegan_img_04005.png,6a96bcc86e594e55053930722aba1bc1ef2bbd581df3b0696e7afa247ca27eb3,generated,cyclegan,calibration,western-blot-04005,aa6ad5952a68c5c7
synth/cyclegan/cyclegan_img_04017.png,1a2d1670889309969809e0a0f1dcb6784be3555b9602acf142c01edc7d50a0be,generated,cyclegan,calibration,western-blot-04017,b259cca43b5bc4e4
synth/cyclegan/cyclegan_img_04023.png,2a008e6bc230e1a08e3cc32d905032ce1b9f6aa035da9119f60bfffc20ac5730,generated,cyclegan,calibration,western-blot-04023,9959e6a61949e4d5
synth/cyclegan/cyclegan_img_04031.png,01660f22f71f2f748c4839b4bf611afc021f57837bde8a65e65f4b42a42a13a1,generated,cyclegan,calibration,western-blot-04031,d878e4741a69e4ae
synth/cyclegan/cyclegan_img_04036.png,e630b5228ce1cc30a3146f8f61d3eacfac6d835c5a7e1278c719d0d81aff357e,generated,cyclegan,calibration,western-blot-04036,b653c9a93656c9a1
synth/cyclegan/cyclegan_img_04046.png,86e5e6ae73a85c7196921984fdd8a4d8beb057862f4821674a5d06c274a0b018,generated,cyclegan,calibration,western-blot-04046,9c1ce3e70c18b38f
synth/cyclegan/cyclegan_img_04051.png,4013cf0f75d8f70d589d8f227bb1d40ede3ba43afd1751965f06c961867ee59f,generated,cyclegan,calibration,western-blot-04051,ff7480887f74e08a
synth/cyclegan/cyclegan_img_04052.png,59df37004cc154710ba87422b62bb15db6e2204f6db3a2670a07edb31c6c94ff,generated,cyclegan,calibration,western-blot-04052,cf46b0b04c4ef9b8
synth/cyclegan/cyclegan_img_04063.png,8a31dd55d35b444f5cd00ea0d9b00f5d17a91fe42bad0315be8ebf52b0f7b11d,generated,cyclegan,calibration,western-blot-04063,dc5e90a1214edef8
synth/cyclegan/cyclegan_img_04071.png,7be2f3a2c0da67db8718880f40b320243a18c77586fbedfef0c124be0c1c432c,generated,cyclegan,calibration,western-blot-04071,ea6294997a62e1d5
synth/cyclegan/cyclegan_img_04073.png,827fa82dd0fef6bfd428bd3b68d162963a711d7494a0381818edde4db05b1128,generated,cyclegan,calibration,western-blot-04073,db59a4a41b59e4a6
synth/cyclegan/cyclegan_img_04119.png,c5f8c57356b22e941acb2cd5b9b117b8f2d53165b8e40e9308cf6d97fafb6e6f,generated,cyclegan,calibration,western-blot-04119,ccb9f3b4b00c0f59
synth/cyclegan/cyclegan_img_04135.png,5efc2a755180c2f3cb27ab5b557137174c7d41eeb5e798d2fc403f96b3249087,generated,cyclegan,calibration,western-blot-04135,d2c0adb23584dcd7
synth/cyclegan/cyclegan_img_04142.png,fa83a67f683d6e35d5f09a9e1aa8353186075bacc0407cc15e6013a13509a90e,generated,cyclegan,calibration,western-blot-04142,d9b6e6ada0a90d52
synth/cyclegan/cyclegan_img_04167.png,8bea791a57423591ae9d7e5391d94b86ff200d5c3e1b0de00d5a07d95139f10d,generated,cyclegan,calibration,western-blot-04167,a878d0f42f29d0d7
synth/cyclegan/cyclegan_img_04171.png,1adff82df29e268a5950e55865beec65f2def7747bec6a733f5f04ef255af891,generated,cyclegan,calibration,western-blot-04171,cc57b3a94c529355
synth/cyclegan/cyclegan_img_04181.png,6af243234755e97774a8b9b7d747aa1574e7c0da18fdcdbd086ded1d702a54f6,generated,cyclegan,calibration,western-blot-04181,fc7c80e07a7f8780
synth/cyclegan/cyclegan_img_04187.png,8a1713fe0b15ff514704b1495e4ef99cc918b9a3e00692c7f43d5a39d8dd7972,generated,cyclegan,calibration,western-blot-04187,c055a9aa5656adad
synth/cyclegan/cyclegan_img_04202.png,06812cfb7779a7cbde87a011d40274504d85bc7c73ab4ac7b473081ee7a772b4,generated,cyclegan,calibration,western-blot-04202,e06897d578781c97
synth/cyclegan/cyclegan_img_04209.png,5f08682200fe6399c16d452d5b6651d0a5a70eb532867eae8d10b6d57b612bf7,generated,cyclegan,calibration,western-blot-04209,e1409e9b6160fece
synth/cyclegan/cyclegan_img_04213.png,24ef63433e71b5528a91725b4e1f99eccabe71670a606076312eb5e7cb6429fc,generated,cyclegan,calibration,western-blot-04213,b024dfdb202c57d3
synth/cyclegan/cyclegan_img_04216.png,1c9dc58a81670655eb85b0dc701e85adfde7b5a8f4b5b53fd8703fae4c14d50a,generated,cyclegan,calibration,western-blot-04216,9252edad1212cded
synth/cyclegan/cyclegan_img_04244.png,5cc99ce658c5cc569f1f989261105c657353e0ea99711eb98ae05583f20b3852,generated,cyclegan,calibration,western-blot-04244,ce49b1b04e46f1d9
synth/cyclegan/cyclegan_img_04260.png,a88415b247394f50c3c5639da92ed2f26a5948b399baeb46ecc7b731023d4cc6,generated,cyclegan,calibration,western-blot-04260,dbc1a496a45b49e5
synth/cyclegan/cyclegan_img_04265.png,7023179d9e552c8005a4f1ca2b0c4c7f86b44ee52799011dc1d30a93f0beaea3,generated,cyclegan,calibration,western-blot-04265,fa95817a85a57a85
synth/cyclegan/cyclegan_img_04278.png,e496264d463ec2568cb7f404ca3a6d980de22b263db595258c96b12f8ec3768e,generated,cyclegan,calibration,western-blot-04278,bfd4c02bc0b52fd0
synth/cyclegan/cyclegan_img_04288.png,a37f4033c0cbddfaebaccd4ab80344df1ead4e568f3ee04b0e49ac962ac824de,generated,cyclegan,calibration,western-blot-04288,b5d2c22dca322dda
synth/cyclegan/cyclegan_img_04292.png,56baaa02949daa9527a5e4ac593cb78fbbf2ca129a92786359ce8b2448eb1458,generated,cyclegan,calibration,western-blot-04292,98b1e7c6e61b19a1
synth/cyclegan/cyclegan_img_04300.png,f073a0f8cf789fb9a66c59afc0c43bb2af0a5afc23d612d7957e9ae18d095365,generated,cyclegan,calibration,western-blot-04300,fa669581789ee660
synth/cyclegan/cyclegan_img_04307.png,f5fd174ff0336dc1c6cd8b8d382438f30311cc0b65131549f97fbd326b02d9d1,generated,cyclegan,calibration,western-blot-04307,ccf4b30b4cf6d301
synth/cyclegan/cyclegan_img_04309.png,5e08e75036d0cc25a75c74b4c4561325f963962ffed28d25e15ce32d187766ef,generated,cyclegan,calibration,western-blot-04309,95c9ea3714ccc927
synth/cyclegan/cyclegan_img_04315.png,27cbe39b92bfec221105699a2cdbbec9a9bb4be4f4b80ab404f56ed4318a338e,generated,cyclegan,calibration,western-blot-04315,d9e5a61a49e1d61a
synth/cyclegan/cyclegan_img_04317.png,073295985152203703d4f3c11ab94acd084cdfe1eb6850860386436c06729926,generated,cyclegan,calibration,western-blot-04317,99cee61919878ed8
synth/cyclegan/cyclegan_img_04324.png,c765e0d316adf2cce90707fe8551a8523b83ddcaf5f37446b48c6ee51f1c3911,generated,cyclegan,calibration,western-blot-04324,9c87e738f0fc0cc2
synth/cyclegan/cyclegan_img_04329.png,b0b0d794b8c13a1c6cdab87c8798a56d4cd40578b10e6ea8ad912af377d1f5b6,generated,cyclegan,calibration,western-blot-04329,fa8585787e87807a
synth/cyclegan/cyclegan_img_04360.png,b2eb7567e3595514598125b7e81e47270b08b6df6dbcedaae3aac74d2b479bd1,generated,cyclegan,calibration,western-blot-04360,f7778080e19e9a2b
synth/cyclegan/cyclegan_img_04372.png,fda97af8b2f5d68ecb6e8a075e52b53339ca7739e43248f603db2672d0181357,generated,cyclegan,calibration,western-blot-04372,aa2ad5d4f08d8d2d
synth/cyclegan/cyclegan_img_04376.png,dfe62425d7474b150534fc6197b31feb3972addd0f824c08766cc0888d7dc504,generated,cyclegan,calibration,western-blot-04376,9212eded13123aed
synth/cyclegan/cyclegan_img_04377.png,08540adae022c1dca2f21078d45bcb56e6d9552d1ffd92c228f76c20c2dfb063,generated,cyclegan,calibration,western-blot-04377,c642b9b9cc6223f9
synth/cyclegan/cyclegan_img_04395.png,9e16bfcd959df80f35a0508bf01e72287e2154181a768feffee58c998105c2bb,generated,cyclegan,calibration,western-blot-04395,a92bd2d62d2d0bb2
synth/cyclegan/cyclegan_img_04400.png,57097960105496f6eacd511888464d7ebed97ed69c7b230b03acfff4ed0b91e5,generated,cyclegan,calibration,western-blot-04400,afd0d00f29f4d60b
synth/cyclegan/cyclegan_img_04401.png,eac882a223f4fff9cc40bbc00d84b7a18b5d0bfe28ee00ed2b0bc9e523dfd35d,generated,cyclegan,calibration,western-blot-04401,9f1f1f1f07c0e0e0
synth/cyclegan/cyclegan_img_04423.png,96aedf3e86c73af2009a466104d44c950d72abee9bcf4d36aeee5cc5fa0da3e0,generated,cyclegan,calibration,western-blot-04423,994bea391986d6b1
synth/cyclegan/cyclegan_img_04433.png,2f3b67260faca2ee9a48e5e3de2127f9c2852399803ee3d68f6f82a86cc97871,generated,cyclegan,calibration,western-blot-04433,b555db25249ada2c
synth/cyclegan/cyclegan_img_04434.png,b6be91a7605491cd152c162818959ea474a98b14fff0d460f1176fa043200821,generated,cyclegan,calibration,western-blot-04434,ff8989494969a92d
synth/cyclegan/cyclegan_img_04456.png,0bfdec9a0c114fac9fee1dc0b853f88ee6ad85e86d6712045def96768122ba29,generated,cyclegan,calibration,western-blot-04456,c6bbf146b8f90618
synth/cyclegan/cyclegan_img_04462.png,9df90132a8029c47479288e20e07f112de822456ba45716b8d474e0ec23b741f,generated,cyclegan,calibration,western-blot-04462,e39c9c63b89c4371
synth/cyclegan/cyclegan_img_04475.png,e775162e478dfeeedb5620b4c1368504b803138c5c8746f52dd3e49cacde7865,generated,cyclegan,calibration,western-blot-04475,c7b8984733984773
synth/cyclegan/cyclegan_img_04477.png,5f3b55678fffe45b78761d5ed5913c0aa36ff0a1d0eddf0d00a78efacd6e1efb,generated,cyclegan,calibration,western-blot-04477,f0b89c73788e037c
synth/cyclegan/cyclegan_img_04496.png,93b8d4756bb4c8218eec8125fb69a582e58519280cbfb7bf2898fab43f7a02ff,generated,cyclegan,calibration,western-blot-04496,d8e8b05ae9b5164d
synth/cyclegan/cyclegan_img_04508.png,b55f35a4e320c337779b6bafa543dedf20d34a4b7b0bf2decca59b0687fcc8a1,generated,cyclegan,calibration,western-blot-04508,c343b8bcbe674388
synth/cyclegan/cyclegan_img_04513.png,2f6ad8ae00dfd4218754ff037f0610e26cd5ad98a638bdccb33cf4bed7f17444,generated,cyclegan,calibration,western-blot-04513,f878c0f87f03e08e
synth/cyclegan/cyclegan_img_04516.png,26d5c760af5b32c95105bc61138ea6844b7e018ede01105c8d0b64571000b72a,generated,cyclegan,calibration,western-blot-04516,a828d5f4f42b0b5b
synth/cyclegan/cyclegan_img_04517.png,9ebb5bc21056bb38142480316c7e0f089e0355512481bcbd8e4f533a2d099996,generated,cyclegan,calibration,western-blot-04517,ff6080e07f07f0f0
synth/cyclegan/cyclegan_img_04519.png,521379df76a5e796ef77f6a91f89b4760e1f2793cf6384b29e9a5d2289cc548a,generated,cyclegan,calibration,western-blot-04519,ff7f8080061f70f8
synth/cyclegan/cyclegan_img_04534.png,4206cad6101a3558477fe1cf622e8a29712cae0807b741348d526fab3899439f,generated,cyclegan,calibration,western-blot-04534,f078e82878d5d52e
synth/cyclegan/cyclegan_img_04539.png,44e253a8cc8a039d585c0d8cad16a4576902090d9158d7c4a9e763e4b3c677ae,generated,cyclegan,calibration,western-blot-04539,cc4cb1b94c6476b9
synth/cyclegan/cyclegan_img_04546.png,d1030bb2f6f330c5b6cefb1c4336ed719f89faf15739b73e1e6f625b528784a0,generated,cyclegan,calibration,western-blot-04546,ab2bd4d4cb2a28b5
synth/cyclegan/cyclegan_img_04570.png,b8a916146a020fc6ba360b6dc46433724956e2299c4d389c5cf09319fe78f16b,generated,cyclegan,calibration,western-blot-04570,f08f8f70348f7078
synth/cyclegan/cyclegan_img_04575.png,65251d006a8477d284e3a1fe5635a154abfe19d21737206267f0bec814d4c608,generated,cyclegan,calibration,western-blot-04575,e39c9c62639c6c63
synth/cyclegan/cyclegan_img_04584.png,f7de712bc14837afc39cc247d3221da3154154118a5c2de3c7cfe55b8c3af1a2,generated,cyclegan,calibration,western-blot-04584,bd9586682ac2d47d
synth/cyclegan/cyclegan_img_04595.png,292716eb814071819fd21deeade9594910a3004c6d0df238261041eb4ec04a81,generated,cyclegan,calibration,western-blot-04595,bfc0c03e3ec0323f
synth/cyclegan/cyclegan_img_04608.png,af9e9ceb17e6a3e9ef89e00570f70365707451883e2620a72d681f1102a9f36b,generated,cyclegan,calibration,western-blot-04608,d8a4a45a3cc7aadc
synth/cyclegan/cyclegan_img_04613.png,936c040d5bb0b52427c1dc8448cf3f9a41bbfd118e300173dec8a8cacdfc7d78,generated,cyclegan,calibration,western-blot-04613,d5aaaa5555aaa855
synth/cyclegan/cyclegan_img_04616.png,b2e3120fb95299b4c1c20ada9d7de8ba8bfd3d35d66983b594b66716254380f3,generated,cyclegan,calibration,western-blot-04616,8ea5f15a1ea5037a
synth/cyclegan/cyclegan_img_04648.png,53b188c66338e7ac49421777435234fa86d091b7469311178dd56e120e60cdbe,generated,cyclegan,calibration,western-blot-04648,e19e8e73934c86cc
synth/cyclegan/cyclegan_img_04655.png,6e75170f226a5cc35b8dcee0cd48157c630792d1ad5732a05896449cdaacb5b1,generated,cyclegan,calibration,western-blot-04655,8c0cf3f3eb0c4cb1
synth/cyclegan/cyclegan_img_04665.png,61a0c61c73332b725602794d146899b24cf0f1447cee8fd35313ad951ee2bbb4,generated,cyclegan,calibration,western-blot-04665,8c1ef1f1070e1cf9
synth/cyclegan/cyclegan_img_04679.png,7dfe1bc877c9a212648233b6dec5f7df16017feb93064291e26a2f6bc2947b13,generated,cyclegan,calibration,western-blot-04679,8c6af1f14d2e3ab0
synth/cyclegan/cyclegan_img_04698.png,f1f07e3ce2d6727d98adb5203274113b6bf28f5ee870be6797ef8337d77ada11,generated,cyclegan,calibration,western-blot-04698,b93bc4c0783a36c7
synth/cyclegan/cyclegan_img_04708.png,7c991211114cb49d3b573ed156d594dee4c0494f40b7ae986f2b2eef03515af7,generated,cyclegan,calibration,western-blot-04708,e2729c8d63719c8e
synth/cyclegan/cyclegan_img_04709.png,138f45f3e3b71c408387cc36d5e0435c2c4b5eace59976b8d30a5f1a1a2b7fea,generated,cyclegan,calibration,western-blot-04709,9dc3a7b41fc3083c
synth/cyclegan/cyclegan_img_04726.png,b097f792b9edfdb978c26a201662d533960b35e81443e93c2ad8f210ec1a8514,generated,cyclegan,calibration,western-blot-04726,8fb3b34c4cf04e4c
synth/cyclegan/cyclegan_img_04727.png,9bc39ceac0a09c7a58629c45131fc0b52aabcfaa93a452968798de1e82531619,generated,cyclegan,calibration,western-blot-04727,d457af8a1c74549a
synth/cyclegan/cyclegan_img_04728.png,a5f16a2c310506d97ca652bcf6d8ec5a6d0f4674e90c089e6166a3289b0bce53,generated,cyclegan,calibration,western-blot-04728,c9acb65b49ac9293
synth/cyclegan/cyclegan_img_04743.png,5ffa6f3ec7516fdb6dbd2edb04a9618f6191518f1bd33047ec652cbc792cdcbb,generated,cyclegan,calibration,western-blot-04743,ef6295916e6f6090
synth/cyclegan/cyclegan_img_04760.png,618a134a46edb6323c4ece7e5ad6571e0f62903f64e10dee47262360172f7324,generated,cyclegan,calibration,western-blot-04760,9959ed52e6a4119d
synth/cyclegan/cyclegan_img_04762.png,9783c8f82df76dac3e1d512b916d51800de933c326f5cc6fc92cc6a40577a095,generated,cyclegan,calibration,western-blot-04762,e09c9e619f8f704c
synth/cyclegan/cyclegan_img_04782.png,1f521c49d99da8df13099fb51ebdcb6ffaf1dd7458e7ddb66138447ef3ee1deb,generated,cyclegan,calibration,western-blot-04782,e897836a97e07a25
synth/cyclegan/cyclegan_img_04791.png,7474932aad38fef6c546dbbb2a1717512e0be38ef413a34db73d2c03790891d4,generated,cyclegan,calibration,western-blot-04791,9412cb54c9eb34bb
synth/cyclegan/cyclegan_img_04806.png,659ec60fc9fb5a293b133d6045296d25bf72d2cf7bd887be5c9945a92749c973,generated,cyclegan,calibration,western-blot-04806,e86c979966966968
synth/cyclegan/cyclegan_img_04809.png,3294ada4acdc981a2e29cfbba2fd27bcc293199c9b89b5b0f35229ebeaff6b50,generated,cyclegan,calibration,western-blot-04809,e5e09a9023f9fda0
synth/cyclegan/cyclegan_img_04810.png,48bf255102b64cde8a96d190039b18c1aa0067a9ca81bcb50684851c2683eb5e,generated,cyclegan,calibration,western-blot-04810,a398dc66639894e7
synth/cyclegan/cyclegan_img_04820.png,70a791d3ba1ea3b835980443e15b67b5d242a41fb91012f6469096309517486c,generated,cyclegan,calibration,western-blot-04820,f48a8b37348e8b71
synth/cyclegan/cyclegan_img_04831.png,eeb95dbc15cacb51a563358cc25bd01c20b7a8b3f75cf4fe28f06f4e18f08a09,generated,cyclegan,calibration,western-blot-04831,b020cbdd74af82d5
synth/cyclegan/cyclegan_img_04837.png,8d57303fb9c19c0bd180da2ce5faa4e81c54402ebb756d9134d93fa282683259,generated,cyclegan,calibration,western-blot-04837,da52a4a8bcad52d5
synth/cyclegan/cyclegan_img_04847.png,2c270935b54b2e15ac78a5f566b0bcf3c219e348b10dd2de25deaea3efb0140c,generated,cyclegan,calibration,western-blot-04847,cce1b39c0ef0e08f
synth/cyclegan/cyclegan_img_04859.png,b3876c11b50acd8112184cca1190ecd9204ef90bdafefb4ee6a4da6c354cdc03,generated,cyclegan,calibration,western-blot-04859,d624a9d8e92756aa
synth/cyclegan/cyclegan_img_04861.png,44b323e6c10eb3da9d9b05a4abe7b288e4b96362fe4a2afc6753a5f6e80732a5,generated,cyclegan,calibration,western-blot-04861,dba4a44be4b459a5
synth/cyclegan/cyclegan_img_04866.png,a3585913226804d126a84b1afc8e37f86d1cf2dd16768c0353437525d08617fb,generated,cyclegan,calibration,western-blot-04866,b415c9c2eadd3626
synth/cyclegan/cyclegan_img_04867.png,633b21aec8fc37fc7a44c0e8e9d3dc463d1a076a15c6b2c6c0212fdbadf936e3,generated,cyclegan,calibration,western-blot-04867,9229edd2ed3512aa
synth/cyclegan/cyclegan_img_04871.png,86849946ef7b96388854d488354ba0d28c487d340349c4968a78a4b32b59b1de,generated,cyclegan,calibration,western-blot-04871,ff2f80c0882e7f29
synth/cyclegan/cyclegan_img_04879.png,c180eb2e5f56706194c17ba3de4cf6eb9474f5bb5c8d68b67b840fdf61624822,generated,cyclegan,calibration,western-blot-04879,e2638d9dff730101
synth/cyclegan/cyclegan_img_04900.png,3e3e34be5164dfc93aaad8406046177017daf7dbb852eddc16e1b46b15a83e1e,generated,cyclegan,calibration,western-blot-04900,a12bded729290ada
synth/cyclegan/cyclegan_img_04936.png,f2b43d2fdcd84e70e909ef7f80aa53586f1478d2f4039a03a46c6871164334b9,generated,cyclegan,calibration,western-blot-04936,c79bf864910766b8
synth/cyclegan/cyclegan_img_04942.png,7966981c6b364b915934c1d2cccf57a18a00a0f7f14485c6d630cca4609b77c7,generated,cyclegan,calibration,western-blot-04942,8f0ef0f1030f1ef8
synth/cyclegan/cyclegan_img_04953.png,968e9526975b73f0e822d538d3caa7234e229e658ceca886f533e7124545b4e0,generated,cyclegan,calibration,western-blot-04953,80649b9a6d657793
synth/cyclegan/cyclegan_img_04974.png,b9c43ff1623c65b5ecbc067102c3cf92bc563d5b29ca76140eebc45282615788,generated,cyclegan,calibration,western-blot-04974,aaf4d5b4d400d54f
synth/cyclegan/cyclegan_img_04998.png,a6706f79d9b933718dc7f7c4c5f210bdeee63135df9f660eba58325b79cdfeda,generated,cyclegan,calibration,western-blot-04998,ac2ed1d56d2832d5
synth/cyclegan/cyclegan_img_04999.png,9f546a584bcb5a15c76b89a39cbd599419bdcd299c6749bb2187f3c079bc77ff,generated,cyclegan,calibration,western-blot-04999,bf3fc8c8263223d8
synth/cyclegan/cyclegan_img_05008.png,2a8a3f310d8449bcf14e1fccbc745194e5c3ac921250f8fbda813ca20fc37e54,generated,cyclegan,calibration,western-blot-05008,b633d932ec32e039
synth/cyclegan/cyclegan_img_05022.png,27f52c235fe13e89756e40dd01989d8206b242d6c1b0cd7331d591ff5a338a00,generated,cyclegan,calibration,western-blot-05022,99e6e61918c6e738
synth/cyclegan/cyclegan_img_05028.png,7ef80458c0be7ded962bd0eca88c68114bfb75d709e77df50004ca30ff1156e9,generated,cyclegan,calibration,western-blot-05028,8070fa707da2bec5
synth/cyclegan/cyclegan_img_05029.png,cedac319c286f5c38c0704b6ff216e1ebf84890b572bd57623a7739edca14da4,generated,cyclegan,calibration,western-blot-05029,b63adb32fc32c031
synth/cyclegan/cyclegan_img_05032.png,8fc06ea144250a41378b67b19c3ec5b0de545b791e73f51c6fa35d0c8aa58056,generated,cyclegan,calibration,western-blot-05032,8070f063fb07bf89
synth/cyclegan/cyclegan_img_05052.png,fdaa2e9332fd3e21bfabf184afe478071d463f90c01a989ed7c207e0ae0bdf42,generated,cyclegan,calibration,western-blot-05052,daa5a45aa554ab5a
synth/cyclegan/cyclegan_img_05063.png,73e892ec4aa70441f39e471cfb9a4eedc395a07efe6a6e48953c645dcc016378,generated,cyclegan,calibration,western-blot-05063,dba4aa5ba44aaa55
synth/cyclegan/cyclegan_img_05069.png,b95a8c19482e7ca0136d7797119fee94499296c4d61ebd39dbb3fbac112442ec,generated,cyclegan,calibration,western-blot-05069,b6c9c136d926d319
synth/cyclegan/cyclegan_img_05076.png,fd053f89f272d64a29c55e91fd3431baf7e6328d28d3a117a57464347169cc78,generated,cyclegan,calibration,western-blot-05076,add2d62dd2d22c92
synth/cyclegan/cyclegan_img_05094.png,7a723fbcb904b24ce17d0bc9a2cfca9e6c35658cdfe915607ce49b8a8a14f616,generated,cyclegan,calibration,western-blot-05094,fb80807fa0e09e9f
synth/cyclegan/cyclegan_img_05097.png,6da20353c39ea2f096a6e984e4c373ef5e70ce85a6c9ea2014ce15cf8eb9c2ae,generated,cyclegan,calibration,western-blot-05097,98e7e718c60ef11c
synth/cyclegan/cyclegan_img_05104.png,3ef6ea3313820b4f37a8e562b69305f4f815f02cdd0e781fd2bd961b4858a603,generated,cyclegan,calibration,western-blot-05104,f0e8e9542ea9d447
synth/cyclegan/cyclegan_img_05105.png,f6aad486b7a4efeaef1225531e5ed93bacaf3204f2748cad029cb39430a26626,generated,cyclegan,calibration,western-blot-05105,b078e85826b5db4b
synth/cyclegan/cyclegan_img_05110.png,34b4e1ba4ed2088e65ad15ef1c2271bc10ca91b132e8c9cc1aa7de00387ce8b9,generated,cyclegan,calibration,western-blot-05110,e8f8f06078b8c34f
synth/cyclegan/cyclegan_img_05113.png,280d5e242cd2508bea23724969d39a5e3078826808a25cfeed7c15732ba061dc,generated,cyclegan,calibration,western-blot-05113,e0f8f8607cbcc343
synth/cyclegan/cyclegan_img_05129.png,e183824e705ebf34d56cb00d383049fb2a5645497d6333d872d5a4e15530401b,generated,cyclegan,calibration,western-blot-05129,f0e8e95066ef9314
synth/cyclegan/cyclegan_img_05146.png,25da8c71149a3ca663c5070741caea2029bba3494b8a68689aa99baa7d427d9a,generated,cyclegan,calibration,western-blot-05146,f058c83575d2ae2d
synth/cyclegan/cyclegan_img_05173.png,787da3d73c5f42f13078b7224fb4867b0f8c491b6d33c4435b42cf3504fa64d3,generated,cyclegan,calibration,western-blot-05173,ff7880807f0fe0f0
synth/cyclegan/cyclegan_img_05175.png,820292a42471970158c7c288b4b6c9d86fca1dd75e29cc2a70793150b2855ac8,generated,cyclegan,calibration,western-blot-05175,c678b84c66f9990e
synth/cyclegan/cyclegan_img_05214.png,df5ee0c8f6b6b688013f3724251b9ea4cbba72a532a773f887ee77b8c9c832e1,generated,cyclegan,calibration,western-blot-05214,d878e4581bede413
synth/cyclegan/cyclegan_img_05219.png,530a961bea31d506064e4ba408f157fa6f9a371e9e5fd414d4709d7bdb194301,generated,cyclegan,calibration,western-blot-05219,fe81807a7f80e05f
synth/cyclegan/cyclegan_img_05226.png,986815ef1941fc972274eefb2de8c176361f14e0e9fcdc658d38b0dadd5bb894,generated,cyclegan,calibration,western-blot-05226,94eae3141ae7e538
synth/cyclegan/cyclegan_img_05240.png,3aff20d86a271c7059477f69bfbd2d210e06ec20b39ab2d9d8f2ed5709d8e404,generated,cyclegan,calibration,western-blot-05240,a878d43829f2d70f
synth/cyclegan/cyclegan_img_05247.png,d981096d2e4bb39ea18583e5d1daa2253ce3d6b0a4bfe214a823ab5de6d86134,generated,cyclegan,calibration,western-blot-05247,e0789f71709c9f03
synth/cyclegan/cyclegan_img_05248.png,31d5f5cf04268fa7922841058955866bedb4a75837c2cb6590354426483dadef,generated,cyclegan,calibration,western-blot-05248,c478b84c46fbb90e
synth/cyclegan/cyclegan_img_05249.png,42214253a0170ca3cbb75fca58001c5fd1678166492ee67cd41546e574043de0,generated,cyclegan,calibration,western-blot-05249,f0868f71708f8f38
synth/cyclegan/cyclegan_img_05260.png,87a199b2bfccc5aacb2d65a7b82dab162361eb8cecb43cb66783a16b90db404b,generated,cyclegan,calibration,western-blot-05260,e68c9873b38c6666
synth/cyclegan/cyclegan_img_05261.png,d1d4ce6cd031417b5d17b64b81a4a4a4c2e7faf8128d4838e201bc73712d1882,generated,cyclegan,calibration,western-blot-05261,d949a6b6b6a45949
synth/cyclegan/cyclegan_img_05267.png,22f8f7ae3337fa08f88363c87af52434d6c9d6898e26d06425ca8494a60f7a54,generated,cyclegan,calibration,western-blot-05267,d5cfaa138ae85554
synth/cyclegan/cyclegan_img_05270.png,41f90c1d1c97399402bdece304e0439e24fb5e9a32e7696cfd10837331e6a53d,generated,cyclegan,calibration,western-blot-05270,d94da6b2b2b64949
synth/cyclegan/cyclegan_img_05292.png,e6d6359ca5cbc54d9e92656d15999f58f13c373e55991cda826c6d2e141c3209,generated,cyclegan,calibration,western-blot-05292,9ee7e718b1e31818
synth/cyclegan/cyclegan_img_05294.png,24e52eb2676b16684d1e4d64fd2d0a484e0c44da7b81fee8e89b22bf10cbdc4c,generated,cyclegan,calibration,western-blot-05294,cb30b66b8994cb69
synth/cyclegan/cyclegan_img_05296.png,7ee776e4665a6a09ad8c14f5fd6f3a826a95e196ebd574ae7b5ac32804c29e50,generated,cyclegan,calibration,western-blot-05296,d5aaaa5562aa5555
synth/cyclegan/cyclegan_img_05298.png,53da5973f0c02c2a5f75e3e0094080afbb6d287b982abd9a1d8149397ebb63d2,generated,cyclegan,calibration,western-blot-05298,c646b19999b94e66
synth/cyclegan/cyclegan_img_05299.png,80b51354881e7357c032d3e27568eda12066600937bd2624c1c5f700e03b45e3,generated,cyclegan,calibration,western-blot-05299,d5aaaa552aaa5555
synth/cyclegan/cyclegan_img_05326.png,8f0b498669bbc726d555521a34623b271bd75168564d42f31517c70b02737e5a,generated,cyclegan,calibration,western-blot-05326,ff7c80800370f8fe
synth/cyclegan/cyclegan_img_05327.png,cb9bcc472df8049f51f19e32b36b9f72f208d282dee8a36ea28930301c575639,generated,cyclegan,calibration,western-blot-05327,f06a878b7078c787
synth/cyclegan/cyclegan_img_05331.png,96d3600ac097f0a2b333692b02ac68a292be3951002cbb15f81e1deab4fc4286,generated,cyclegan,calibration,western-blot-05331,bf0385830f1fe09e
synth/cyclegan/cyclegan_img_05395.png,b4537ced08473ca58944291ccdebc8e28a2e51b9361864b9d4c49fab099cced1,generated,cyclegan,calibration,western-blot-05395,9250cdbfada43352
synth/cyclegan/cyclegan_img_05419.png,6137b27ade8297fa092e8bfcf168e85bfc5c5872e81001a4834d18fcc180f865,generated,cyclegan,calibration,western-blot-05419,931cec1de21f01e7
synth/cyclegan/cyclegan_img_05431.png,c5b2579afbfd1901a884a422cb7611ae7c3811bd22eb5c22a5c5ebbe0dd188d9,generated,cyclegan,calibration,western-blot-05431,8f60e066fe0efe80
synth/cyclegan/cyclegan_img_05458.png,6a006f6befbf2bcaa0a8907f80bf8a3dc37771e840db1e9f5d15c2d78d00abdd,generated,cyclegan,calibration,western-blot-05458,bd60c07c3fc0c83f
synth/cyclegan/cyclegan_img_05481.png,195c73f7f7132a3750ff908a5bae32520701f36fce5c35e14993d6fa28743c53,generated,cyclegan,calibration,western-blot-05481,d6c5a93807c6f929
synth/cyclegan/cyclegan_img_05485.png,f17ff6ae07ddab0ca6ffc51e74b1f33220550447d9d9ae8f757e56e68ce4f4a5,generated,cyclegan,calibration,western-blot-05485,8d9cfa62049deb62
synth/cyclegan/cyclegan_img_05491.png,36d47b96889fa122f5285aba8104c6b94f912bff67cb00badc73a96fa1faf607,generated,cyclegan,calibration,western-blot-05491,ffc0803f7fc08037
synth/cyclegan/cyclegan_img_05498.png,20c9c14f1e51ff9a3d1fabf425af546d12c6f27f57111e7c5c6a53584da1b082,generated,cyclegan,calibration,western-blot-05498,ffc0803f7fc08037
synth/cyclegan/cyclegan_img_05517.png,cacbae92b7c31ac32bf86028125bb28becc9dcbf19557836c2a2f38d96817e79,generated,cyclegan,calibration,western-blot-05517,ff5080ae7f58d0a4
synth/cyclegan/cyclegan_img_05528.png,5b73de75f3f871467bad7405cddb323a53daf9933b8f86132f7aef782fbc0461,generated,cyclegan,calibration,western-blot-05528,df34a0ca4f34f8c2
synth/cyclegan/cyclegan_img_05544.png,8e4e43cdb7e1f2ff020a86a0729e6ebfd61694825c22d10a5aeb400c847c54b6,generated,cyclegan,calibration,western-blot-05544,fd78c0b83f4ac0b2
synth/cyclegan/cyclegan_img_05553.png,6f9bbfd7d4a68e077514d656eed1acc300bab2a4620fda5b00f8ef728dd616b8,generated,cyclegan,calibration,western-blot-05553,85faea05f6a815e2
synth/cyclegan/cyclegan_img_05556.png,ad95b79025ed69a5c27de265ea3d5f79832bce2c7e9cb1406cfb8c9a1435a688,generated,cyclegan,calibration,western-blot-05556,95eaea15e3a815e2
synth/cyclegan/cyclegan_img_05563.png,17518a64ad3699929a13d8fa67ec2001ae78e7c75439b22edb11b85a94c38a62,generated,cyclegan,calibration,western-blot-05563,95eaea15eaa815e2
synth/cyclegan/cyclegan_img_05569.png,57690cf00ea7b95ac4d35dbb9eeb0bbcbbe5401ac6435edae7352579d877913c,generated,cyclegan,calibration,western-blot-05569,81f6ea01f6291de6
synth/cyclegan/cyclegan_img_05597.png,cb3088e01cc0fd8d082cc864f88effc566d24fc7cdd5df0c8922286d0ce8b747,generated,cyclegan,calibration,western-blot-05597,81f6d601fe9209f6
synth/cyclegan/cyclegan_img_05615.png,fc165ffc93996b774067bcf0d85d8f66945bb3361bcc63f084dda9d778a44642,generated,cyclegan,calibration,western-blot-05615,bad0d02dd07e2fd0
synth/cyclegan/cyclegan_img_05622.png,2a37bf47f7bb1f027706fd0e50e9cee837b3bdda7c11c2fbcd1db583bbdc3268,generated,cyclegan,calibration,western-blot-05622,cff0b2074d60b297
synth/cyclegan/cyclegan_img_05627.png,dee9ebc1503dd37106517ca97e77c751fcc3d51260820b7a46403ea7e45651d5,generated,cyclegan,calibration,western-blot-05627,f070878770787cc7
synth/cyclegan/cyclegan_img_05632.png,f80d9cc1a315b53f0b06bc5ed4e99806a8e01268ec549e5015d7b83b8128ed73,generated,cyclegan,calibration,western-blot-05632,ccbbb34c649b09a6
synth/cyclegan/cyclegan_img_05646.png,213c4b3fa2ba89328c86f3c349cb8e78eef0970bb1aef72a9916592b1fa20604,generated,cyclegan,calibration,western-blot-05646,fe7f80807c7e1cc0
synth/cyclegan/cyclegan_img_05648.png,c72b8d541f920cc15338ddc0788101b7ccdd2276f2bdcfef48bdde5d407ca9fa,generated,cyclegan,calibration,western-blot-05648,ff7f80807c7e08e0
synth/cyclegan/cyclegan_img_05649.png,71110af78c9ec00669f314b5435812170d0171bbf1d7ef489d75ab6a4df4c5ff,generated,cyclegan,calibration,western-blot-05649,f895857887637887
synth/cyclegan/cyclegan_img_05652.png,963b297222b3dffa1c3176cde19644b5e024034d22a8559bc68163ebdfbad823,generated,cyclegan,calibration,western-blot-05652,810101fefefefc01
synth/cyclegan/cyclegan_img_05664.png,8247093a15af55a92cc8602d33411361dd5a4e0b76b2aeee9430693b4d55fb8f,generated,cyclegan,calibration,western-blot-05664,d5552aaaaaaa5555
synth/cyclegan/cyclegan_img_05685.png,fad815f9dcec9dd1b5a15c48c41b3bb7ce00d96303e19c2f8717c7f155ebd7e8,generated,cyclegan,calibration,western-blot-05685,d55535aaaaaa2a55
synth/cyclegan/cyclegan_img_05696.png,8062850e155a70663f53c6a06c3c5dde7db3a1cdcd2fde494d461f53ee06414c,generated,cyclegan,calibration,western-blot-05696,fe7c80807e87870f
synth/cyclegan/cyclegan_img_05713.png,cf517e6cf54d14baf5878f56cfb57a2ba5f3090dea865d4d9694fad38396695d,generated,cyclegan,calibration,western-blot-05713,ff7f80807c0f8370
synth/cyclegan/cyclegan_img_05716.png,54d9685abab48e3509d1923d865b74ce3f2c551c836787b33c580a7618de10b4,generated,cyclegan,calibration,western-blot-05716,fc8381787cc3c3b8
synth/cyclegan/cyclegan_img_05723.png,4bc3f511895c6d3356314207a9aa279af7b07459a4760f766fa33d61edb0055d,generated,cyclegan,calibration,western-blot-05723,e06c98996c66e78d
synth/cyclegan/cyclegan_img_05728.png,6367195e61bb0d8ac50c746112f3fed447113e749d838db6852ad2bae11369b4,generated,cyclegan,calibration,western-blot-05728,aa2ad5d72a0ad5b4
synth/cyclegan/cyclegan_img_05735.png,d488d5ca6ccf8dd3b61b2e2c804481325887ac115e4b529a9d3e53092e6178d1,generated,cyclegan,calibration,western-blot-05735,e06c98996c66eb8d
synth/cyclegan/cyclegan_img_05785.png,63dfba9e48e6c371c0bbab83eae59b06e589b58a7468195567fd957aec9e1202,generated,cyclegan,calibration,western-blot-05785,ae6ad1952e22f1d1
synth/cyclegan/cyclegan_img_05793.png,621e43536251722c335f8373d8b56c0e8dd1fa76e9cc41bff9a1bc8ae43b5ae9,generated,cyclegan,calibration,western-blot-05793,b13bcada54058eb9
synth/cyclegan/cyclegan_img_05801.png,500363bef6d0aa6357ce0ccce7d1ccc19663c79ce9093be28c591bdeec961524,generated,cyclegan,calibration,western-blot-05801,9be4a61b49e4334b
synth/cyclegan/cyclegan_img_05844.png,d94f083cec29cdac48383d11e442e72ece5eec896d197ef50c96df66dbd6e0cb,generated,cyclegan,calibration,western-blot-05844,96c9e936c9a916d8
synth/cyclegan/cyclegan_img_05858.png,06d0c703f3a8fb11e6528fda84b4af9178b3088a264efea40dea4b11d1025f23,generated,cyclegan,calibration,western-blot-05858,c6b9b94647b90e26
synth/cyclegan/cyclegan_img_05861.png,6788dbf4fb46c6c640c778e6de5e8b6f1b898b625d598fb01947a09df6e700ab,generated,cyclegan,calibration,western-blot-05861,d4eae85512e8cd36
synth/cyclegan/cyclegan_img_05879.png,dd5c84b9094c19f6c7c8ae986d3d7f12f197ad000619a2153bc9ce57e5f79018,generated,cyclegan,calibration,western-blot-05879,f88783787c83783c
synth/cyclegan/cyclegan_img_05884.png,2be395f0a984fe1bdfc60f130ee3026ccc2cd25d0227488648e4a429a6c627e3,generated,cyclegan,calibration,western-blot-05884,afd1d02e2bd5d40a
synth/cyclegan/cyclegan_img_05886.png,2056ac6df5a7ce19b05d3d0e1e1ad66d05073adbcde81770fabca43a8bd90f38,generated,cyclegan,calibration,western-blot-05886,ff81807e7f80a05e
synth/cyclegan/cyclegan_img_05894.png,20b0bb7c57067eb48b411d3ced2a431d1c77500ee62fe207c6883b20ed5ccf59,generated,cyclegan,calibration,western-blot-05894,e09e9f61609f6370
synth/cyclegan/cyclegan_img_05899.png,241c7f0e904d9b9349d78c09df25b22925319409b99dac3d74b91ec634c6075d,generated,cyclegan,calibration,western-blot-05899,9ba4e41b1be4cc1b
synth/cyclegan/cyclegan_img_05927.png,1e09d3242534f3d6593580debf9eecf0faaded9d456b2fc1e13126c9f70ccebe,generated,cyclegan,calibration,western-blot-05927,e078be61609cbe33
synth/cyclegan/cyclegan_img_05934.png,ee6c5ae87cec959f1ff2c6a8d7b7564babd6326cccde135f5751f83548bca4ec,generated,cyclegan,calibration,western-blot-05934,e0878f70609f8f78
synth/cyclegan/cyclegan_img_05944.png,74765cdb4e2b1c6e97697f41150e00d02f94ef2b46909b49230d03b973334ef8,generated,cyclegan,calibration,western-blot-05944,fe81807e7f81807e
synth/cyclegan/cyclegan_img_05949.png,b60115aadb87d98c442cca1b33aadd21fa609a6892e0e7ccdd3a554980082002,generated,cyclegan,calibration,western-blot-05949,d868e4385be49e3a
synth/cyclegan/cyclegan_img_05953.png,8cf40a8d8b48a1c87673bd8f322179bebabff8e09dce82305b26bfb6bc025f20,generated,cyclegan,calibration,western-blot-05953,ff80887f7780884f
synth/cyclegan/cyclegan_img_05956.png,f55d07eea2aec028967c08c449c243a1693d418c5f9e117d1a4a8032a9559405,generated,cyclegan,calibration,western-blot-05956,918aef751088ee75
synth/cyclegan/cyclegan_img_05961.png,d6918b13676ca5a5f553774e31a776115826b4229d4cc239e28b0077cb03512f,generated,cyclegan,calibration,western-blot-05961,aa29c5872a10fdfa
synth/cyclegan/cyclegan_img_05965.png,23aaf2a133e21a1ba0dcddda8809136087dfc9a8986b7bd185294d422fdf15d6,generated,cyclegan,calibration,western-blot-05965,98e5ef1850e5af18
synth/cyclegan/cyclegan_img_05967.png,327bfa4c9ae69b14c0e78bb80afd2ec61b796cab1915514f03c25b261cb4d387,generated,cyclegan,calibration,western-blot-05967,ad92d26d299ec661
synth/cyclegan/cyclegan_img_05968.png,bc2b4705f710649c2be79c934af210f356293176e7923c953a9055cfab8674ff,generated,cyclegan,calibration,western-blot-05968,a0a4df5b21a4d65b
synth/cyclegan/cyclegan_img_05998.png,feab9a3d5704816f3afa6a486cb850312a3e65ccae52a6094242934e2bd39da1,generated,cyclegan,calibration,western-blot-05998,b878d2702c69d7c6
synth/ddpm/ddpm_img_00006.png,6464de297e893177f4cf697094ce007b90604f294a9da7a6c9a86c1389428285,generated,ddpm,calibration,western-blot-00006,d65aa9a55652a9a5
synth/ddpm/ddpm_img_00008.png,b152d9a461ad39a3141055b2d503e18dac658d76126b5db47a48610371c4c698,generated,ddpm,calibration,western-blot-00008,9930e6cf1930a6cf
synth/ddpm/ddpm_img_00010.png,41aa1fa9519e9c6fda9bf760634ba09cb73408a3046fc7dc9e8f09e9b8c1892d,generated,ddpm,calibration,western-blot-00010,f1597d5081d97171
synth/ddpm/ddpm_img_00026.png,08f5eed2d8d49f34debdea0b96d94cb30698f9796593eef2fbf6142e7f6d09a8,generated,ddpm,calibration,western-blot-00026,c4ba4592fd00c77e
synth/ddpm/ddpm_img_00049.png,356375bf916756acb91a84cea8482f796423659e35d10425a89f9530da274747,generated,ddpm,calibration,western-blot-00049,eb15ba5495b11ce8
synth/ddpm/ddpm_img_00054.png,19537ff2cc23b4a213f7d54d266b43f48b65b33291e9e85bae9f6169efaaf01a,generated,ddpm,calibration,western-blot-00054,fc83837c78838778
synth/ddpm/ddpm_img_00109.png,cd02675b3cd1ad8804debb8eda40821a5d98d93b560e256665a137ac828b0cb1,generated,ddpm,calibration,western-blot-00109,c72ff078068207df
synth/ddpm/ddpm_img_00111.png,b14c1a8347be236c26ef9838dc22143ef13aee8d97ac33f97765f447abfa4166,generated,ddpm,calibration,western-blot-00111,9256ed0513efec11
synth/ddpm/ddpm_img_00139.png,bc35158a2b66c8f9cc3e712360d6a0617f0f86321bd458f64b24dc2f49d0619d,generated,ddpm,calibration,western-blot-00139,ff4080bf27807e55
synth/ddpm/ddpm_img_00162.png,35331d5f028dde850aca10135642f0e721a8ab438e7e274d9af31b45667c6511,generated,ddpm,calibration,western-blot-00162,870703f1f8fc0e0f
synth/ddpm/ddpm_img_00193.png,36b734b81a2dc82c13b73df1947d010bf2e06f13be1c7b6a30060a60df3615c1,generated,ddpm,calibration,western-blot-00193,aad5d52a3a95aa54
synth/ddpm/ddpm_img_00204.png,fbad9bbcb13fc073a280deaa84157226d853e3d3257f7a2803345d32c4d71218,generated,ddpm,calibration,western-blot-00204,9230edcf3330c8cf
synth/ddpm/ddpm_img_00208.png,73d5862e59c76d23a1609d778d43fc401f205d6120ef1b4e5b4b6da50264406c,generated,ddpm,calibration,western-blot-00208,e09e9f6060009fff
synth/ddpm/ddpm_img_00237.png,d4cf1b5de80a08e8e1b71fd725444158d8def12a0315b2fbe9d28f85518f0bad,generated,ddpm,calibration,western-blot-00237,bfc0d237c8d225ca
synth/ddpm/ddpm_img_00258.png,c0bd8417d18ec32fa599d93e559a1b823a650cb147353407c5204882dfaa3d5a,generated,ddpm,calibration,western-blot-00258,e39c9d63aa9d412a
synth/ddpm/ddpm_img_00277.png,c9e6f94ae0abba10f0177f9369cfc1801c6d0a148303dd1f585ec95dad04e101,generated,ddpm,calibration,western-blot-00277,ce22f94e06b1c95e
synth/ddpm/ddpm_img_00309.png,f8bd16430793e2a2c106451ef7a4e9e5a6a02571e73f3755f15f5817908a7648,generated,ddpm,calibration,western-blot-00309,9951e68e79a41ecc
synth/ddpm/ddpm_img_00311.png,9451858715fb2b02dcf71b7abe72ab13153afb80742a9356093f166f60b39850,generated,ddpm,calibration,western-blot-00311,d9e7a61c29e25a29
synth/ddpm/ddpm_img_00331.png,8900b3936c076b557c181c392bdec17ab71036c7584e5803eb0ff3ac9f34f5af,generated,ddpm,calibration,western-blot-00331,ff0f80e07f1f80e0
synth/ddpm/ddpm_img_00348.png,0bd58f3eb45cebb0b2adfb4d7f564372f0a6c51a6c2fdc6269a5397f3531f219,generated,ddpm,calibration,western-blot-00348,e699996667888cb3
synth/ddpm/ddpm_img_00402.png,fef905b257068de5928a573b5a839aa3fb7d76fdbec8ac75e7c35d63d792119b,generated,ddpm,calibration,western-blot-00402,ffc6c0c6d18389b8
synth/ddpm/ddpm_img_00403.png,f3402cf2bf513f74309d07dce1495856ed588751aaa946cb707823a3f622b9cc,generated,ddpm,calibration,western-blot-00403,f0788f8f789a4474
synth/ddpm/ddpm_img_00405.png,1d78ca83f9d4893769029b2adb451808ae4534ab6d74519368ef8ad834849d3e,generated,ddpm,calibration,western-blot-00405,810121ff73797179
synth/ddpm/ddpm_img_00408.png,0c314f3e86680fd4f0c56f8016b6653ca33669ea0f8e98cf8966e547c0a81f1a,generated,ddpm,calibration,western-blot-00408,fe6c5a647a4f2058
synth/ddpm/ddpm_img_00410.png,015eeb995bba7e3eec9a6997fd2aca8e92e983917aeba6593a2b17c58fcfc774,generated,ddpm,calibration,western-blot-00410,aa94d5612a9add74
synth/ddpm/ddpm_img_00418.png,85b743f8b9509d3c1eb622fecd1a56210fbf2fccb21bce386e203cfc5fec1331,generated,ddpm,calibration,western-blot-00418,d4abab56a954aa4a
synth/ddpm/ddpm_img_00436.png,aea28c163876c129eae0feb0477deac2773a556f30eae083e04a0b7d891787de,generated,ddpm,calibration,western-blot-00436,bfb88053bf28d42a
synth/ddpm/ddpm_img_00440.png,09244fe2b45696fbf932631fb29264a7fad5113826615ce9dd2703360e0e3334,generated,ddpm,calibration,western-blot-00440,8b03f4fc6b0384fc
synth/ddpm/ddpm_img_00448.png,0213f8367e222b5627fe854d05085f24f994e234501ec144741cd12a89d4d09a,generated,ddpm,calibration,western-blot-00448,8c05f37f5c8d8e03
synth/ddpm/ddpm_img_00464.png,aab60f862a199106a2ef8d8465c48ac88b805d7a507274f5cb75731a81faf2d5,generated,ddpm,calibration,western-blot-00464,b4c9cbf435258aca
synth/ddpm/ddpm_img_00476.png,3a2c6a8ec3d12b73715259eee7a16845701ac58ee58953f2de8ce6da7d748a67,generated,ddpm,calibration,western-blot-00476,aa6ad4d5951d6a52
synth/ddpm/ddpm_img_00509.png,baa64a62f984eee940fa259a64b772d9a5157561d9d52e43842e0050072cd5d8,generated,ddpm,calibration,western-blot-00509,add29a2dd125d334
synth/ddpm/ddpm_img_00514.png,3b32a68d4791f0427335f16317e79addc0c7936f8037a62ac10df60fc11a2edc,generated,ddpm,calibration,western-blot-00514,e323becc1d9d4521
synth/ddpm/ddpm_img_00530.png,75eb3bbc4d2e6857a869ba4b883686dcdc80d1cd101bb9c4eab1afaee7b9fdfa,generated,ddpm,calibration,western-blot-00530,9d54e2aa1d15e2ea
synth/ddpm/ddpm_img_00531.png,3a64cb226a5d1e19f2b663693d2138c31f01c45925a171bfb8c7a4bb97c68862,generated,ddpm,calibration,western-blot-00531,f8a0877c98619f5c
synth/ddpm/ddpm_img_00547.png,7fa819ba382da7646af876aa94dd3936fa4de239b7f266cb4e767b755f319feb,generated,ddpm,calibration,western-blot-00547,b6c9c53678669cc1
synth/ddpm/ddpm_img_00560.png,731a588f8d6b834acc8e46e8a57098b27144a4c1fe0a9d165f4820698349b183,generated,ddpm,calibration,western-blot-00560,c747b8b8814747f8
synth/ddpm/ddpm_img_00561.png,47f1933b96a5692ff5f88bbee5a19f176d71322713e0c78f86b7655016082e2c,generated,ddpm,calibration,western-blot-00561,ff80803f7fc0803f
synth/ddpm/ddpm_img_00564.png,b4b42c7cfeaad3a9798c8b3dc18d47d330f05d3883662c88ec407aa4cd646eff,generated,ddpm,calibration,western-blot-00564,cd4db2b21e4d4db0
synth/ddpm/ddpm_img_00567.png,d4c100cee7349ef45d218f0c800b035d3dcbe735095bbae56e7f3dad3b590d0c,generated,ddpm,calibration,western-blot-00567,dbb4b44aa6904bb5
synth/ddpm/ddpm_img_00595.png,35882f403660bfaaf2d576447088eddf9665e29f283d1cf398766120b714b1b8,generated,ddpm,calibration,western-blot-00595,ea85d57a0e85f816
synth/ddpm/ddpm_img_00605.png,5bd86f791b66a44c834e9ae31aa77bd71e7435ad31067fab99da966da263a60c,generated,ddpm,calibration,western-blot-00605,eab56a316c5a645a
synth/ddpm/ddpm_img_00626.png,2936ba96ede87ff5b142134e7fe2a819494a299449440876edfcc35a632ac03a,generated,ddpm,calibration,western-blot-00626,f882877970e0e61f
synth/ddpm/ddpm_img_00627.png,ec288032b11baa1c219fa570c2a6cc8a88a0fea836126b4ced0cb9be90ac6a0b,generated,ddpm,calibration,western-blot-00627,95e3ca1135eec839
synth/ddpm/ddpm_img_00642.png,b6438bfdb48e7dba6a830332bc8bd99b33a17966815ad1944df6828010f97b0b,generated,ddpm,calibration,western-blot-00642,f811974f6890976b
synth/ddpm/ddpm_img_00649.png,18f033b8f926ed7d679067e77e59b7e993c28aa7310ed248645a1c1566e95e4e,generated,ddpm,calibration,western-blot-00649,cf4df1b0b64d444c
synth/ddpm/ddpm_img_00650.png,5a8c6d798b1ad958f691d863924a10a6994e48c5717f24f1c301844b2a2e1646,generated,ddpm,calibration,western-blot-00650,e1679e6081bee0b9
synth/ddpm/ddpm_img_00657.png,7ea7b858f331433ae77c08b57c6987fabff06b9b684fdc779337c56232be91dd,generated,ddpm,calibration,western-blot-00657,e39c9c639c639c51
synth/ddpm/ddpm_img_00658.png,beb90ec2610ceffacf3319d3db252435babba294c4ba09741c88a3f916e9a7c4,generated,ddpm,calibration,western-blot-00658,e37c9c0363fc9c03
synth/ddpm/ddpm_img_00660.png,323ac9d2c20f3991b497221c76f4e7eab5bf37fcabf28c5cd2174b425d8e0bb0,generated,ddpm,calibration,western-blot-00660,ccb2b34d4cf2b10d
synth/ddpm/ddpm_img_00668.png,2af7b260008850b1b1903a008eafe85a63272b6c7975f05e05cec273495a015c,generated,ddpm,calibration,western-blot-00668,a5f6de0a71f10562
synth/ddpm/ddpm_img_00684.png,ce4a783d510653f4459bd1d3ab807d8059f00cb196fef3e760cd5faa09935cae,generated,ddpm,calibration,western-blot-00684,ff7f80808e3725c4
synth/ddpm/ddpm_img_00699.png,5b236283e41593fe24552c4a068a81e1d713ec675e6bd7f8edda58674843d259,generated,ddpm,calibration,western-blot-00699,c82abff7484028bf
synth/ddpm/ddpm_img_00705.png,d3f7a870c4bd9c348148e157f53c7ad737667915b9a46d0be053c8bf32c20659,generated,ddpm,calibration,western-blot-00705,8c30b34ffca34be0
synth/ddpm/ddpm_img_00716.png,09041c8f4ebfedd1246783d36cb839313c273e5b26e52c08faf69e7cb41421cf,generated,ddpm,calibration,western-blot-00716,aa2ad5d5d56a2a2a
synth/ddpm/ddpm_img_00719.png,f31ae424cf4f29914077bdda0f23407e49bd22db54fdcffcf5ec419dbf6c4158,generated,ddpm,calibration,western-blot-00719,fb85f09e07906a78
synth/ddpm/ddpm_img_00721.png,6b20ef99671a17c760bad485ce194f922a317dd1e1b3eded6f441931d0ff5f63,generated,ddpm,calibration,western-blot-00721,9ce3f01cc3f81cc3
synth/ddpm/ddpm_img_00752.png,31592090f11f0b82a70b6c932812e9ea310fdba85d59e08fb8c1b72f1349972e,generated,ddpm,calibration,western-blot-00752,bb08c4f33a0cc5f3
synth/ddpm/ddpm_img_00758.png,2d4b0d5523449d54724a6ef357f67953851f3bf72afcd333ad4eb7b66d58f142,generated,ddpm,calibration,western-blot-00758,b7c8c8f7373188c8
synth/ddpm/ddpm_img_00761.png,0b9e41fb5f3ffae3fa3f44d0711efdf98acc70ad70355b8ccfdb57b3aded4a91,generated,ddpm,calibration,western-blot-00761,ff508bf780158f11
synth/ddpm/ddpm_img_00783.png,61804858f51153e4bc56167343ee6668338f949d44a003914a1c604a292465ce,generated,ddpm,calibration,western-blot-00783,ad2dd2d22d6d3434
synth/ddpm/ddpm_img_00797.png,d392510079d3e95cb0b67f20b798a2dd819286125e9a03dc0b41ad8ed2f4a8e2,generated,ddpm,calibration,western-blot-00797,ce78b90776818df0
synth/ddpm/ddpm_img_00915.png,191f7126cb2857165ef51f0cc73ca8a20a1ba4a4d0047f4022124d3b72aa5dd7,generated,ddpm,calibration,western-blot-00915,e5989a65619bf60a
synth/ddpm/ddpm_img_00916.png,1cac208575ef4e0144f4abc0a0299f80dba69edf9d33caa4929c10caaa38e471,generated,ddpm,calibration,western-blot-00916,b652dbaaace9a212
synth/ddpm/ddpm_img_00920.png,ab06b05bf2f3c1595d5c204736c09b47ad5a060c707032dd90dcef8fe46438f4,generated,ddpm,calibration,western-blot-00920,9113e6e61d331b0f
synth/ddpm/ddpm_img_00929.png,7c76beafb2bc018b0bdcc0ed5ffcf5d528bd48c5f1b12b9c3e2d35cb7178626e,generated,ddpm,calibration,western-blot-00929,810131ff7b794179
synth/ddpm/ddpm_img_00933.png,538017897432941f6203d2a183878d7728c63b14dcfd51747d3d913bdf319186,generated,ddpm,calibration,western-blot-00933,9902e65959a69f59
synth/ddpm/ddpm_img_00937.png,1c82163faf9edac1b5fddd664c6891127f5018007fbb1481b5d15b075635a9cb,generated,ddpm,calibration,western-blot-00937,ad2dd2d2e42929b6
synth/ddpm/ddpm_img_00938.png,ce04b3769752b9456a0efb688e558dedc2b67a6e7ceab7ba89b39fbb1d031519,generated,ddpm,calibration,western-blot-00938,bbab9f1562be08c0
synth/ddpm/ddpm_img_00941.png,65b14d74e422387618cbe4fea196c09fbff4e076cd5c1c9135cd7583d64188b7,generated,ddpm,calibration,western-blot-00941,d62ea1c16e3f91c1
synth/ddpm/ddpm_img_00943.png,4187ae7afb122b5b2d55cdc377b7ed2a69909929b078da540313207c05a059c3,generated,ddpm,calibration,western-blot-00943,a3c390ecbcfcb860
synth/ddpm/ddpm_img_00951.png,5af8b8d869c8227eabd4fc44bf4a74d14c36a30ced89dd820838e016dd597fec,generated,ddpm,calibration,western-blot-00951,fe83817c7f7a8084
synth/ddpm/ddpm_img_00958.png,de8be9cf645b70b8b2ebbc78b9e52bfab87dd42a77951b8fa3f17034cd62477d,generated,ddpm,calibration,western-blot-00958,ffc0805e7f3b80c4
synth/ddpm/ddpm_img_00961.png,607f377ef03760cf249abe39a18733a068c04257d6695469394ea6c296cd4e9e,generated,ddpm,calibration,western-blot-00961,f09f87607895a758
synth/ddpm/ddpm_img_00965.png,222b55d609290ea9d8f4ea01d57dbab255c93a815d16efe048c21da90b02a473,generated,ddpm,calibration,western-blot-00965,9649c91636c9de36
synth/ddpm/ddpm_img_00966.png,60478584bc037995e6cab813ca9d1c16bc978007f4201c7a199a0c01e729b0fe,generated,ddpm,calibration,western-blot-00966,ab70d42f0ad42fa3
synth/ddpm/ddpm_img_00979.png,2869f3f1353f92e505a16ac5c112725250f2840d888b72c74a974ebeda2aa89f,generated,ddpm,calibration,western-blot-00979,8877e7081de3e81d
synth/ddpm/ddpm_img_01030.png,1ffd85d00f3dc759abc0a19e1fe3b80fab02b51f299f2b96262698161115afcc,generated,ddpm,calibration,western-blot-01030,cd21b2574da0b25f
synth/ddpm/ddpm_img_01040.png,5ed7f550185fe961c7b4b68db34c862064ee4050fc2e2bea322c7543c6ac5320,generated,ddpm,calibration,western-blot-01040,f34e314c3cc6583e
synth/ddpm/ddpm_img_01055.png,caf13e9a53ac3d1aba31ba2e3b06d8ff8da2b9315116a01385e51a75d86c8d11,generated,ddpm,calibration,western-blot-01055,8101317b7b797939
synth/ddpm/ddpm_img_01061.png,d4a9306d4df3fc448a759d2b42f552aa84fe2fc0f477380dfab3c9baf090b529,generated,ddpm,calibration,western-blot-01061,8c0cf3f32c4c4cf3
synth/ddpm/ddpm_img_01069.png,d8b82e6476fc7ae6a0b71c61b60f39e879a04abcdfdbd38a6871b2383d782634,generated,ddpm,calibration,western-blot-01069,faa0d2048bbde4da
synth/ddpm/ddpm_img_01080.png,f9d8f4e970c879f5763c248daeca68b4dcec0e39d9974924f9bc1c4807ba9b7c,generated,ddpm,calibration,western-blot-01080,d6ada95252a5b54a
synth/ddpm/ddpm_img_01081.png,e85f466c3ff55697d2e8c6bcb4f71247842ceab9cb77ea5a9179e681d6109723,generated,ddpm,calibration,western-blot-01081,daa5a55a49ad52a5
synth/ddpm/ddpm_img_01083.png,172df54687cf7844af6c0664df6eea1e6d16e4df7d8bbee3842e4afbe2c896e1,generated,ddpm,calibration,western-blot-01083,8600fbfd5f2e8e80
synth/ddpm/ddpm_img_01091.png,ad756c1394560a1827b1e05db5778b26ee2c65a15ab44600fe09abcda2db2d51,generated,ddpm,calibration,western-blot-01091,f01487797887a778
synth/ddpm/ddpm_img_01096.png,0f16aa55d67bae38e1a3f861049169126ffcd51aa54af06750ab41c858dae5b9,generated,ddpm,calibration,western-blot-01096,a525dada65c9b234
synth/ddpm/ddpm_img_01105.png,6cc7035ea089caf95f46157801501132863045fe8d93a0066ed3d5351dc90210,generated,ddpm,calibration,western-blot-01105,9919c7c6e61a193b
synth/ddpm/ddpm_img_01109.png,ba5c7b23ee9cfafd13eabddfafda2a3c2a147b94159e98a057188d9ae5a40ae1,generated,ddpm,calibration,western-blot-01109,ff80c07fad708742
synth/ddpm/ddpm_img_01114.png,b0add1f01b99920d7427a5500d433cdf067495bd10fae316ec4ba54ea03fdc0d,generated,ddpm,calibration,western-blot-01114,fc3883c31f07783c
synth/ddpm/ddpm_img_01129.png,fc7c2f9b5b19fe6f35dd337de28fe508de039253b35fbf23e3c6f3a0e22bee48,generated,ddpm,calibration,western-blot-01129,ab83d57d00ab0bd5
synth/ddpm/ddpm_img_01136.png,84ecef1f4a7eab48f6e5cbfd6bd5db605759be0de440060c681daa6899764860,generated,ddpm,calibration,western-blot-01136,cc0cb3f37c0c834f
synth/ddpm/ddpm_img_01155.png,a1a91bdfbcb32648923f111e058c84bdeed608e1db1bcd656ee31c1800a8ed4f,generated,ddpm,calibration,western-blot-01155,99c1e41cfb8c1ee1
synth/ddpm/ddpm_img_01164.png,820cfca2556f9a492b3db6ca9b522c43270023f7d5dbd75a4750ba627d898401,generated,ddpm,calibration,western-blot-01164,d2adad5250b552ab
synth/ddpm/ddpm_img_01173.png,7b8f528e7ae379ee32dbc0cc9d993e173089bd58f28d90fb5ca3b0db163eaf25,generated,ddpm,calibration,western-blot-01173,a525dada25cb3625
synth/ddpm/ddpm_img_01180.png,29784891fb0e3684b4c91b625fcbc7ef9ec583c6c46b03c57526e1148f7e419e,generated,ddpm,calibration,western-blot-01180,c7c2c2b8b8b8b9b1
synth/ddpm/ddpm_img_01182.png,44233af3e193d7736657050a84222cd3b4c6112b313f6102fe9b9a87ce43210b,generated,ddpm,calibration,western-blot-01182,add2d629ca34cb1a
synth/ddpm/ddpm_img_01202.png,9ab63ae49c6c2d2bc1f2f367131659243e6b9c958a687de9c5cfe1e5682bbdbb,generated,ddpm,calibration,western-blot-01202,c3b8bc4747bc8543
synth/ddpm/ddpm_img_01203.png,0c271082359b2cb39ff9cb92d15b9cc3bdf3d53f7622283ad3d2b437193bab21,generated,ddpm,calibration,western-blot-01203,f681f03e8981ff81
synth/ddpm/ddpm_img_01235.png,a91890c0de782be2c66acee25d14edf7993c6212144d67c77a88292a00fc193f,generated,ddpm,calibration,western-blot-01235,a228070ed56bcf97
synth/ddpm/ddpm_img_01257.png,9ef48055e8fede006fb1c827327b70e1cb601c66fb98ee6a8ffde0a6251cb3ad,generated,ddpm,calibration,western-blot-01257,cfc5f1b0b64c5164
synth/ddpm/ddpm_img_01261.png,922d10cf928735011c2803b29a2e57c745c2c03b15966cc6e42bacdefb690bf6,generated,ddpm,calibration,western-blot-01261,fc83837cbd81508f
synth/ddpm/ddpm_img_01298.png,0bd70d3726c532f4e07c0f5a5e3b694da9ec8308a2ec4f8a22b5b4e0fb2d4c79,generated,ddpm,calibration,western-blot-01298,9c10b24fe9f10be5
synth/ddpm/ddpm_img_01308.png,fa36eb2c21767b3cb33c3c4aa9d5375aaba377e49f09de45d563a1e609b7e4a9,generated,ddpm,calibration,western-blot-01308,ada5acd2d2d2d341
synth/ddpm/ddpm_img_01310.png,3807ac6ab30a975c71fdc0bbd7e52b45067800a25404fcb66904d3cb5a788170,generated,ddpm,calibration,western-blot-01310,acd2d22c2537d2da
synth/ddpm/ddpm_img_01317.png,685d832b1ae512dec74a63aaa1740b73ec267c5fa10a68c35df96e4689449ccd,generated,ddpm,calibration,western-blot-01317,ff4380b07f4780ba
synth/ddpm/ddpm_img_01320.png,c1f774c4787cdf000fe4855004a0f50ee0f9733d81041ea487f9494cb1bfda50,generated,ddpm,calibration,western-blot-01320,cdb0b24d41b23f4d
synth/ddpm/ddpm_img_01327.png,db1ca7bfbdd950e215b8523105ca4d6783eb6663a1183b6659e92a246a6b55f5,generated,ddpm,calibration,western-blot-01327,ccb3b34c4db3b04c
synth/ddpm/ddpm_img_01332.png,85662be2be56f89bf818d1f1abd8632f4edaf0d2ea855e49b25a7b244093ca9b,generated,ddpm,calibration,western-blot-01332,ff56464a99246a39
synth/ddpm/ddpm_img_01333.png,76cf18a82b339055890a69b0d24040e18c5b80379529873abb67655b4a9a323b,generated,ddpm,calibration,western-blot-01333,b94eb823d4863e1d
synth/ddpm/ddpm_img_01338.png,b29aa2b084fad282ee358290ebcd207b02cc6f420fb215967cbbb75796ba1797,generated,ddpm,calibration,western-blot-01338,c86abf5140a1bf5c
synth/ddpm/ddpm_img_01373.png,17f4a988952e9a9caa7d0552fc815a31cb964dde54267493e48f6d489ce55dd4,generated,ddpm,calibration,western-blot-01373,ffb0c2563fa002e3
synth/ddpm/ddpm_img_01383.png,e6a235ae51343c3344c0286e958d8e6bdd8a2306b587c6958ccfe257713b7235,generated,ddpm,calibration,western-blot-01383,fa82876a78b58768
synth/ddpm/ddpm_img_01389.png,ff5b41ee15aeaabdd4675421b782cd242bb70686cbb939c176e91cda96d5dd35,generated,ddpm,calibration,western-blot-01389,add2c02dd2e935d2
synth/ddpm/ddpm_img_01390.png,d3b6bbd9452f4c74be2e2b998e6e4b2068c039307eb7b62aac91b5c788110187,generated,ddpm,calibration,western-blot-01390,ad02d2f52d02d2fd
synth/ddpm/ddpm_img_01392.png,f0ddf0d545621e72eb4aea4020e51ac05d27cb5aeb0f1371599b9ede5da9bfd2,generated,ddpm,calibration,western-blot-01392,8607b9f0460fb9f1
synth/ddpm/ddpm_img_01397.png,18fe8263cd94d5cb4205582f0ee40a0217ca8264b945e826199e0e32bd40c830,generated,ddpm,calibration,western-blot-01397,8e89f166388d8f71
synth/ddpm/ddpm_img_01399.png,17a73a8e86d25629ea9cf251d4cd9139e7ebc660209ed2947583785d74d289d2,generated,ddpm,calibration,western-blot-01399,8c8bf3740cc1e33e
synth/ddpm/ddpm_img_01400.png,e9ffdcf5386d68a8471487b9b18528bb04f64cb42b7aa611b74ef1478dbef67c,generated,ddpm,calibration,western-blot-01400,ff80807f807f817a
synth/ddpm/ddpm_img_01411.png,3fee082a3b3962ce14ffd6830f6720dc2774de41817481dbd262e33f6e086363,generated,ddpm,calibration,western-blot-01411,b336cc1937c619cc
synth/ddpm/ddpm_img_01413.png,3013fa005c6b119ecd22f077b13e858874310c5139bd248159524bb0bbe1ffd8,generated,ddpm,calibration,western-blot-01413,c4c0ff7b932844f4
synth/ddpm/ddpm_img_01415.png,70de49bdba47ab9b56d7eb979b276f57eb59063a6503d836ed4aab1b1722df17,generated,ddpm,calibration,western-blot-01415,a9d6d6292d26d6d0
synth/ddpm/ddpm_img_01421.png,94c5ffcf2465aba3f5177e7dddde888483a2b0dd85f95315f9a432c434d0e7c2,generated,ddpm,calibration,western-blot-01421,e32e9c4343bcc653
synth/ddpm/ddpm_img_01422.png,02cc9e147ebcb309bc9b063e9802373e4e3f9ea6fce1d3e3b9bd7477d62050b6,generated,ddpm,calibration,western-blot-01422,f18e8e71388770ae
synth/ddpm/ddpm_img_01427.png,2f663a2088051a380ab35d79fe6c6f25537baec683d6d7e520b93ed6e4d5d04e,generated,ddpm,calibration,western-blot-01427,9576eaaa15c61535
synth/ddpm/ddpm_img_01429.png,c0bb1349735916e32e40430e4f7196bbe5659c30f0e485edc4578ea6a7ecb7b8,generated,ddpm,calibration,western-blot-01429,e2629c9c63656d66
synth/ddpm/ddpm_img_01434.png,a76ec0fc1a51f21573f31a11fe194156958a2cbdf98a270386a126edf9dd9a74,generated,ddpm,calibration,western-blot-01434,f07c87837818cf63
synth/ddpm/ddpm_img_01435.png,7243a17cbd0180b4906ed8b46eba4e2b1158360c55115969423b24cc54c71cc8,generated,ddpm,calibration,western-blot-01435,afd4d42ba4d52a94
synth/ddpm/ddpm_img_01445.png,ce18f4f872eb8ebd3649833a93712cb28593b3c810c9ebf1cc3dfbd76ddc90c9,generated,ddpm,calibration,western-blot-01445,bf4ac0b53b6ad890
synth/ddpm/ddpm_img_01450.png,c6c97e72e06e9207f2c0e7bd785eadee8c19ffbdb255975afceeefc17b54384e,generated,ddpm,calibration,western-blot-01450,fe80807f7f80b01f
synth/ddpm/ddpm_img_01477.png,1ca13a36267212da4bc7a223785922811a4002f80654e29292b5ecac76cc0c39,generated,ddpm,calibration,western-blot-01477,9bd6e42b1b942966
synth/ddpm/ddpm_img_01481.png,ee95e3c368ab63030b430c6b26c019f29f98185d05e867adadcaa4977367da4d,generated,ddpm,calibration,western-blot-01481,8090ff0519e07f7e
synth/ddpm/ddpm_img_01501.png,7d1948ef8ae8027c8d0912cda21cf7fbeb850cf6450bc2519a101e2facc839b7,generated,ddpm,calibration,western-blot-01501,aadad5252adaa554
synth/ddpm/ddpm_img_01504.png,48f6a09ce232ed4f87e3f547dc0c4ebdf27ba9b1c3d9abd9d7780a5b02068935,generated,ddpm,calibration,western-blot-01504,802b2e6f7b687a4a
synth/ddpm/ddpm_img_01550.png,18c79a97f1827e7c00422caf8313d380dd9b418b1af7811fc5d57c03846dc7f1,generated,ddpm,calibration,western-blot-01550,ff80a07f5ca0334d
synth/ddpm/ddpm_img_01568.png,d83a38ac50f5b922d8b2ac4c1cbf28e433d8d15769dc32e1d53fa75b908e159f,generated,ddpm,calibration,western-blot-01568,9232ed1552ea15fa
synth/ddpm/ddpm_img_01570.png,d3a1de12c6dd19d90c053cc827a769b6eff86dfb4772ca77eceb700a34462b2c,generated,ddpm,calibration,western-blot-01570,b4c9e936d41bd454
synth/ddpm/ddpm_img_01604.png,abf4178969a74beee4f30c240d9a9c2fd8802bbecf45e17729773b8af0ae70a3,generated,ddpm,calibration,western-blot-01604,80ffff00c7ff0081
synth/ddpm/ddpm_img_01612.png,da9f56e0d1b82995934a99a7e7efca89362ccb34b08f190b1388938ed670a724,generated,ddpm,calibration,western-blot-01612,e29c9d31626a9d95
synth/ddpm/ddpm_img_01628.png,49a560c23487fd45dbf6837058fc7631e4baa6f4061ad4f6a339680216af18e0,generated,ddpm,calibration,western-blot-01628,fe7ac08083747795
synth/ddpm/ddpm_img_01630.png,36b1cf3774af098511f63c8b6ec86993f603b0d4fa6ae595c8741f6a490a5ab8,generated,ddpm,calibration,western-blot-01630,eb6bfaea8200d495
synth/ddpm/ddpm_img_01632.png,1fc7791c381b9c6962ee445a72d1596d3dd5f1316ec5c5092f0c756a6559b35d,generated,ddpm,calibration,western-blot-01632,c545baba4e4fb141
synth/ddpm/ddpm_img_01655.png,ac17dc0e00ffa97ab55d23af57668027b6d257693eca44667e3cee56f4dc642e,generated,ddpm,calibration,western-blot-01655,d52aaa5555aaaa55
synth/ddpm/ddpm_img_01666.png,a5bb54c67c12ed15d0cde6ef46b57d30b20e738e74dc38fa5d322bb270de5560,generated,ddpm,calibration,western-blot-01666,b5deca05bdb440d2
synth/ddpm/ddpm_img_01680.png,c334067fc7d569c4fe431f5ba4c0c4f2effcece62de1b7685b2e46fc4c09c3c3,generated,ddpm,calibration,western-blot-01680,c363bcba439f6460
synth/ddpm/ddpm_img_01685.png,47ffd2aaea7f1beaf420eefccbf87ca9ee86342a7132a124b46a8b20294722ab,generated,ddpm,calibration,western-blot-01685,cbb4b44ba8b44f0b
synth/ddpm/ddpm_img_01695.png,324a0d5bf9d9665190f8717a3bf77ad87ea8cf15315669e53aebc04238e109ee,generated,ddpm,calibration,western-blot-01695,99eee4191b5ae4a1
synth/ddpm/ddpm_img_01718.png,759229036c096583315dc4967d0b350d2af3cd2a6a62a8e6f8018baa00bc2e57,generated,ddpm,calibration,western-blot-01718,b436cacb1545cc1f
synth/ddpm/ddpm_img_01719.png,3473351eff2a4c8861102abc5cdc1046c93225fefcd167b8f7cc3e99063041c7,generated,ddpm,calibration,western-blot-01719,b621c9cb3624c9db
synth/ddpm/ddpm_img_01722.png,51e70391ff8e9b2e2f2e30bd18d4d81d7df6d20e716440d28af14831d051e33e,generated,ddpm,calibration,western-blot-01722,f0c78f3060c7f08f
synth/ddpm/ddpm_img_01738.png,2964e5a2c9d92e4d0d77fb4a37cb2c1100d0ff5ae636ea36b9d356d430e2dbc2,generated,ddpm,calibration,western-blot-01738,c703b8fc4703b8f8
synth/ddpm/ddpm_img_01740.png,7884d9cec9f99998aa035e010732cc24f3321c1ddcb281176c86053f8be1e06b,generated,ddpm,calibration,western-blot-01740,97c9c986338ceae8
synth/ddpm/ddpm_img_01745.png,d5c5454e6f067eca256be5f30a44eb9fbaefae972804fcb5ad1b2ff8b7a840cf,generated,ddpm,calibration,western-blot-01745,88b4b54ab3e51a57
synth/ddpm/ddpm_img_01771.png,4017eef100e3fc1458f26783d60628c6094fa6b0a4cc8628bb73ea3a69d4ba25,generated,ddpm,calibration,western-blot-01771,aa7dd52dd2166a0a
synth/ddpm/ddpm_img_01788.png,69dfed98b8183e85937f0099847dfc3a192410b0197c2cc0694cdfc7ea824535,generated,ddpm,calibration,western-blot-01788,e3919c7363999c46
synth/ddpm/ddpm_img_01792.png,9bdda02a21b482b79e279e17fde05dbde0d5c38ba733a3ac12c1a1b3e2d903f3,generated,ddpm,calibration,western-blot-01792,ab94d4eb2a2815d7
synth/ddpm/ddpm_img_01793.png,062aeaa20b57628058f60c570bd744689eb201ad02b41a1c7e84b077d2f19d47,generated,ddpm,calibration,western-blot-01793,ff94ac79922fc050
synth/ddpm/ddpm_img_01794.png,ccabe2a3f9aa8877e331fa875bc51509884674e46f43039bbf20f9ef4fd1577e,generated,ddpm,calibration,western-blot-01794,a525dad2252ddad2
synth/ddpm/ddpm_img_01804.png,463de0ed1067ce097a793f76527d505cae67eb2fa3fbef403fdff75773632698,generated,ddpm,calibration,western-blot-01804,fc8e83707c83a17c
synth/ddpm/ddpm_img_01823.png,8d8dd60b87a46791772f92c9a4e75648097cb91d06a615859ca06f5d2d537198,generated,ddpm,calibration,western-blot-01823,d555b5a1dc44d351
synth/ddpm/ddpm_img_01826.png,ef2895b3bee45dedd0896c53564911a7e055d2de0cf0e85d99858d399372eb65,generated,ddpm,calibration,western-blot-01826,fb1e92121fbe1116
synth/ddpm/ddpm_img_01843.png,4eb63ece0b20593ad73fedc319f2af8f60922914f2ade9910cae9be428b87847,generated,ddpm,calibration,western-blot-01843,f698836d74a15a95
synth/ddpm/ddpm_img_01869.png,6948d81cd43980cb364c195af2910f2abd5391d6b58facda90c5ba624b0a886f,generated,ddpm,calibration,western-blot-01869,810131ff7b715179
synth/ddpm/ddpm_img_01876.png,43ab3f67287f18edb2d6156f1c617c134ec12dd0ffeac837b86d0ffb82638c4c,generated,ddpm,calibration,western-blot-01876,d452aab556aaad52
synth/ddpm/ddpm_img_01909.png,ef4500f4d6f3287971bf342811a664c53d892c442ce546a25c182b1cf54431b0,generated,ddpm,calibration,western-blot-01909,ff2bc05700527f2a
synth/ddpm/ddpm_img_01916.png,d1eef8f6924d568623f4d55596c9c03d9d57d049f7e9b4c57f89e23d9a3a5b77,generated,ddpm,calibration,western-blot-01916,c2469cbf9f416266
synth/ddpm/ddpm_img_01936.png,615c538c003a9aeacca7f063f23ad0e27e75ea3fa153a556750023acd2967680,generated,ddpm,calibration,western-blot-01936,fe8e81717f8ea003
synth/ddpm/ddpm_img_01942.png,91ec10ef206e5dcc75567c23ca055107738d5e731a6469a3a8696d60652ac086,generated,ddpm,calibration,western-blot-01942,ad25d2d22d2dd296
synth/ddpm/ddpm_img_01966.png,b42a0ad82a8dd080401061cfab6243cb9f7602948a5d3e039a577d89ddb54b84,generated,ddpm,calibration,western-blot-01966,bfc0d02f2fd0d02b
synth/ddpm/ddpm_img_01990.png,aaf00cdc654d7fe51477fe93b719d30f01022d60d1d183930063e41030568ace,generated,ddpm,calibration,western-blot-01990,aad5d50a2a78d595
synth/ddpm/ddpm_img_01999.png,7a26d0681de9d570a29cfb05aba999623333026b0392855dcad2e4b6a3f55335,generated,ddpm,calibration,western-blot-01999,9ce31ce31c03ff0c
synth/ddpm/ddpm_img_02005.png,fdb44d705425d4b0f5c70c3c384a3d33fe48cfd1e0efc222ac3d9167e0f61f75,generated,ddpm,calibration,western-blot-02005,ff00d0f70001bf6f
synth/ddpm/ddpm_img_02015.png,70a7562bd7caa86496d24fefaf7e4530261704debbde600894f6f5e60776a6f0,generated,ddpm,calibration,western-blot-02015,eb95842f916a6e94
synth/ddpm/ddpm_img_02021.png,12efb56875c0f827275158419576d71d31684cdd7342701fe6fbae19f9e7c784,generated,ddpm,calibration,western-blot-02021,ba78c5943a69c595
synth/ddpm/ddpm_img_02026.png,612ab767e69759a794542191c4cbeda9be2610c8c4600ad19bf2aa7dec19a28e,generated,ddpm,calibration,western-blot-02026,bbc484847b7bb584
synth/ddpm/ddpm_img_02041.png,60ccff9b86af5f94e3ebee5bd4b2a1e4867e4259082f9131a9f4ca7d19772469,generated,ddpm,calibration,western-blot-02041,fe85827a85a47a87
synth/ddpm/ddpm_img_02043.png,9518da723156023d5f82baf289add52112faf874cccc6bcf323e469f5ab76cb0,generated,ddpm,calibration,western-blot-02043,9902e6f91903e6fc
synth/ddpm/ddpm_img_02045.png,e299dbb521b555a0d1ff6b1367cfdd3ae16b67edb422c8ed0a26587a0dbd0c2a,generated,ddpm,calibration,western-blot-02045,fa7881c16e3c95c3
synth/ddpm/ddpm_img_02046.png,47765c25f1b93ddb2a6b51be58078981e7cb46832fa11fbf113c503ad466146c,generated,ddpm,calibration,western-blot-02046,ef2a292b2c2a6f25
synth/ddpm/ddpm_img_02161.png,bc746afcaf42752972578cd24d6cca8e623318163b9b65727c97d9002975d8e8,generated,ddpm,calibration,western-blot-02161,fe5a5a636a253928
synth/ddpm/ddpm_img_02162.png,f198ec39b5c2f94ece55bc059cf23571c4811b2bee7d39b80cb61bda996be561,generated,ddpm,calibration,western-blot-02162,e3909c6f61988e67
synth/ddpm/ddpm_img_02171.png,73d801b4e7d2787b7a7327c48c47a13a3ed9d2badc3df181aeb392f444c0d69b,generated,ddpm,calibration,western-blot-02171,a5dada25c6d20cd3
synth/ddpm/ddpm_img_02180.png,f1d16dcc641fe7ed1420c7c47d49734f7153e4774d1857082ec3a0970b8d2e19,generated,ddpm,calibration,western-blot-02180,a5c2da3925c2da3d
synth/ddpm/ddpm_img_02213.png,748507d31f8748ebce5de7a666b23dad57ecd49d4733a27e359702c911989d9c,generated,ddpm,calibration,western-blot-02213,c94cb2b34f0db4c3
synth/ddpm/ddpm_img_02232.png,2eb053d58219e0d07f5f13b76e2aaddf0314785f15e910a0655d97d28d112bee,generated,ddpm,calibration,western-blot-02232,c0b7bf4040bfbf40
synth/ddpm/ddpm_img_02272.png,410385cacb0b46f516f6f45a3975ac42abe1ff83cf7a5cf9e14401834e2a4afa,generated,ddpm,calibration,western-blot-02272,e21b9d62629d9f21
synth/ddpm/ddpm_img_02293.png,73e061f808d9b4465f87df0b12c888a73b467a7a68ecb180139a96a3a91c2380,generated,ddpm,calibration,western-blot-02293,9967e61859661679
synth/ddpm/ddpm_img_02322.png,70014e3bc3d8229ee218cce13f58b9e357aa395cbc711029443ec472297daf2a,generated,ddpm,calibration,western-blot-02322,aa35c5fa5471ba22
synth/ddpm/ddpm_img_02327.png,ca95a66e91ddbc907ad6c64e834e0d85df87ebabb65145de1b3f16598642247b,generated,ddpm,calibration,western-blot-02327,a4d9d624d8da25d5
synth/ddpm/ddpm_img_02333.png,1a5ef72098ab47b3f9eab57ee69179ec18addd0ac4672785f8cb533bb3691f8f,generated,ddpm,calibration,western-blot-02333,9fc0bf41c037c03f
synth/ddpm/ddpm_img_02342.png,b93839f3834ee8ff6830359d4dade572a5c65b6a99bb15ffd1d3073d65a8ad68,generated,ddpm,calibration,western-blot-02342,fac1dcaa15383a55
synth/ddpm/ddpm_img_02363.png,e9b8338b9424b56e16709c3c037143933a236fa10efc656756bcd5c36d80e44d,generated,ddpm,calibration,western-blot-02363,9722ebd3662d9113
synth/ddpm/ddpm_img_02380.png,01e78e8a02abc5e152d11e79a00d3469fce859a8c21ef17a03174e72d99dcc41,generated,ddpm,calibration,western-blot-02380,fe80e07e116a3e8b
synth/ddpm/ddpm_img_02410.png,93031b5a714e189c25ca587b7a4b6c1ea672cfd08e5de569d011459615e525f0,generated,ddpm,calibration,western-blot-02410,fc838778837783a8
synth/ddpm/ddpm_img_02432.png,6a74e2571a1c4ef6c3dbca8b03a19d6c36c36167711b99e9e891c8ca64a30550,generated,ddpm,calibration,western-blot-02432,c47fbb00444dbbb2
synth/ddpm/ddpm_img_02433.png,1b9749b5d74ac16674e3112ee74bd7f28daa9a963a9d01f85fd945572071dd9c,generated,ddpm,calibration,western-blot-02433,95a8ea14eaea5533
synth/ddpm/ddpm_img_02437.png,dcf7a3844941478b93e253aafeafad2efdc7edc35d381bdea9af09018ca43861,generated,ddpm,calibration,western-blot-02437,f9d6238463dd609c
synth/ddpm/ddpm_img_02439.png,5a0b6645b0366402c2335cd3d3ac69098b59dd7188554e305bfa8ac0aa06ec4f,generated,ddpm,calibration,western-blot-02439,b7c8c83236c8eb36
synth/ddpm/ddpm_img_02461.png,1e99a9044ab909932c24f789e14c0c8fab7164072294f8c9a274fdbb23bff573,generated,ddpm,calibration,western-blot-02461,e0ad9f5660a89f54
synth/ddpm/ddpm_img_02479.png,6b03a7dd1db614c36a81977d2e0c7d2747182c8201bfaa98dde5a5971482df7f,generated,ddpm,calibration,western-blot-02479,b737c8093276cd0e
synth/ddpm/ddpm_img_02541.png,34a79fda4f4bb1b3a46c1eed8dc1246494ce34bea9765cacce268ef4c8289cb9,generated,ddpm,calibration,western-blot-02541,c2389e6095bfe465
synth/ddpm/ddpm_img_02548.png,9bed69932ddff0ac0e6d0ef7fde89c1ac2ac0505edf06e45d16aa0bf4a6db0fb,generated,ddpm,calibration,western-blot-02548,fec8dc9981293e52
synth/ddpm/ddpm_img_02565.png,76e0fe7e01a1ae64216e16e0c49073ffe0dccdaa7315120e23da6aae60a09014,generated,ddpm,calibration,western-blot-02565,ff0080813f2fe87e
synth/ddpm/ddpm_img_02569.png,830c9a883f41e947b65e643cbc1f2aeb6cdb1b69b2677ea166e31920c0177664,generated,ddpm,calibration,western-blot-02569,d04a97248c6b5fb6
synth/ddpm/ddpm_img_02570.png,dde3c2df06f397fe36ad1ab228dbdf7115ebdb98898e282a1d04e1b37649e023,generated,ddpm,calibration,western-blot-02570,ae6aae94c497146b
synth/ddpm/ddpm_img_02580.png,0d932547d59639be8ecc8b87f12bda05c599d0ebef7c81a6d33588fcc2c0d9bb,generated,ddpm,calibration,western-blot-02580,999ce66765191996
synth/ddpm/ddpm_img_02594.png,e5a2899338ebd415f68f524a9a88f47f9bcd094c205a1f902d34d8f7de4ba6ac,generated,ddpm,calibration,western-blot-02594,ff70813f03717087
synth/ddpm/ddpm_img_02605.png,3faf99b2856c6135316bab660e47a440cb4bbb7fa00f1284aeb4a52e933bb19a,generated,ddpm,calibration,western-blot-02605,fec2a11ec2a13f51
synth/ddpm/ddpm_img_02606.png,609b76a8679a380614f0901b9717a8668d737aac1666401a0af41b988727b264,generated,ddpm,calibration,western-blot-02606,f8d0fa62976e8509
synth/ddpm/ddpm_img_02608.png,7e66fc0211ced07afcd8f9a3ec5bb4e0958511b2550c12753e88b8d6526e6e54,generated,ddpm,calibration,western-blot-02608,9f95e860807f97e0
synth/ddpm/ddpm_img_02613.png,4b75c2495850aa2ee52aa731e0deda32de448b1f8ecf6f0c1be0fb8a62e51b96,generated,ddpm,calibration,western-blot-02613,aad52a65962aa557
synth/ddpm/ddpm_img_02615.png,90bc3a4a6c2d40d40fe6e72ff26159d9a64c1b488927b31b0f567a7283fb70ce,generated,ddpm,calibration,western-blot-02615,ff8080a217ddf859
synth/ddpm/ddpm_img_02618.png,c235fe1582a2b97e823f01181da4b9c79511b608c82b1658e7b0a6b7fd6de713,generated,ddpm,calibration,western-blot-02618,ab856a857b956b81
synth/ddpm/ddpm_img_02621.png,fa77c975c165e0eab1157e653cc49fcb1caaa4af47406367be3ae1090639c1d1,generated,ddpm,calibration,western-blot-02621,fe4a7e32807e807c
synth/ddpm/ddpm_img_02623.png,717eb54227ee038ec969cd393a7fb31f008a203658cf14319db5c466c776aca1,generated,ddpm,calibration,western-blot-02623,b5ca9a3549aa3555
synth/ddpm/ddpm_img_02664.png,e90b833ca816a0e70513438f2397ec62fdd2b1b2457743307a1b42521faae021,generated,ddpm,calibration,western-blot-02664,ccb3f94cb34c0699
synth/ddpm/ddpm_img_02684.png,b46a1df2285fc31d1801660e876cd25d257fd57536c01484ef015de88ad1e8ab,generated,ddpm,calibration,western-blot-02684,ffc0802e55d3ea86
synth/ddpm/ddpm_img_02689.png,10bb5ca2f734dca3c9e92e1203cc848ee3db9841769496c7877548acddd9790d,generated,ddpm,calibration,western-blot-02689,9c1ce3e7e3ab1c10
synth/ddpm/ddpm_img_02699.png,760a3a78ca01da69125b843e1ca848ffc260bb57c5d41d60090f8d66f544079f,generated,ddpm,calibration,western-blot-02699,e0632b4f9c337364
synth/ddpm/ddpm_img_02741.png,51f0d128874db00618e8a54fb224ab9105ac37a953bee245bf1812ffa65f6aa6,generated,ddpm,calibration,western-blot-02741,ff8880577fa0c01f
synth/ddpm/ddpm_img_02757.png,6fef3e78658b6948b205b0a3355e89070ab15a9502acecbbcc8ba6c28538cee2,generated,ddpm,calibration,western-blot-02757,ffa09f7e10a06487
synth/ddpm/ddpm_img_02772.png,26ac339187a6e57d3b5e1b1e622cd21d24d8f51ca3fddb5eb7e79a60d1c41691,generated,ddpm,calibration,western-blot-02772,ea85e02a15ea6bd5
synth/ddpm/ddpm_img_02783.png,ad4d2f62c96f7094d743c4d34b65f6d4e6269b280f93281ab7ebd9303ba71089,generated,ddpm,calibration,western-blot-02783,aacdd570512b2a9d
synth/ddpm/ddpm_img_02801.png,0cbc3ba7e1e00e299468b268298f8016a0d97c93eb988dc7da9d72ea8c261ca3,generated,ddpm,calibration,western-blot-02801,b1f6ce11f8c80a37
synth/ddpm/ddpm_img_02802.png,6905fac189bd6311ac49e24ea744b94688551624313fcbd712bbd05d00f1406c,generated,ddpm,calibration,western-blot-02802,f0748f8b387cc689
synth/ddpm/ddpm_img_02833.png,17aeb70330aea86f3785cc466adf083547896670d2aab46279cd1ce8fe391f20,generated,ddpm,calibration,western-blot-02833,bf80807fc1a07fc6
synth/ddpm/ddpm_img_02872.png,267fb66c412f867a94504fbc4575c2eaeca3e2b6abd7c76d0c5d5b04e1a3c9d5,generated,ddpm,calibration,western-blot-02872,d4484e2aabce473b
synth/ddpm/ddpm_img_02885.png,b90f4956ee1ea47cf04c01bb99accf2edda0415c38773352e5437224abf411c7,generated,ddpm,calibration,western-blot-02885,fd7105c08a8e9ade
synth/ddpm/ddpm_img_02889.png,0396238982da574e2ba488049c361135ef2cf1486baf5093e23d984fb2b3c94f,generated,ddpm,calibration,western-blot-02889,d8aba552abe055a9
synth/ddpm/ddpm_img_02893.png,dfdb288a58372b499df3e0d33d3b52efad2219867f20470a65cd93f0f0447347,generated,ddpm,calibration,western-blot-02893,e09b9f609b641a9b
synth/ddpm/ddpm_img_02898.png,575f30b740d162a4364207f20da4bfdcc38ed2d74fea25948ea21b2b9f1723ee,generated,ddpm,calibration,western-blot-02898,c9b6b64949beb640
synth/ddpm/ddpm_img_02914.png,8949ea09e1d0e659aa1df68a2cf11f9685c859a93da28ac90a2331a63f2d7ac6,generated,ddpm,calibration,western-blot-02914,ff80803f3f604787
synth/ddpm/ddpm_img_02931.png,814a6bbab20b50d5310444e48e7e9faccac3d560ee1eaa41c99744fb8ada7d0e,generated,ddpm,calibration,western-blot-02931,f8878f788f847885
synth/ddpm/ddpm_img_02932.png,b604bcf7d993f8e89645fc8ea6b05295191061b4464d3d0922859a294db758df,generated,ddpm,calibration,western-blot-02932,c59eac5460bc9f43
synth/ddpm/ddpm_img_02954.png,7cdacc6eefd85e69ca5f157b9bf506e1e3615f20bd5d0c4573b630493feb63be,generated,ddpm,calibration,western-blot-02954,9bb5b44ae4f4521a
synth/ddpm/ddpm_img_02971.png,b7784b3bcdc3d974ac7fe142ac1b827523ab523c920707b8e29107cdc8c579b1,generated,ddpm,calibration,western-blot-02971,bf6ac0843f7a50d4
synth/ddpm/ddpm_img_02972.png,15e1771fce4159b7f4eda61d9a2349c8f8e9d66f71334986cb8737b25acc8e84,generated,ddpm,calibration,western-blot-02972,aa5ed5a30a58bda8
synth/ddpm/ddpm_img_02989.png,3309b0f6bd25f8e4bd6a7d21fbe24a0279ccb19b3f995ea4666d231db1860e3c,generated,ddpm,calibration,western-blot-02989,f887877c7883833c
synth/ddpm/ddpm_img_03008.png,da775b75b122bc314b2f3c0003dad254cb657e26934ce285001f687673b167ad,generated,ddpm,calibration,western-blot-03008,bf5caf5c81c25982
synth/ddpm/ddpm_img_03061.png,18c63ba898aa4bcdef1a11e1d998f4345b5eebde1f569d14566283773bbabcfd,generated,ddpm,calibration,western-blot-03061,9535a9eacacd5514
synth/ddpm/ddpm_img_03071.png,1491cdf018acf2fddb0cc08a299115f92a0993548cbcbf4356005e6f3fd489af,generated,ddpm,calibration,western-blot-03071,8403fafe0400f3ff
synth/ddpm/ddpm_img_03101.png,bfe2f632b5c755c6fee5567d09e040220cb36c8428080b41f352b3dbab8cdb4f,generated,ddpm,calibration,western-blot-03101,ab2ad4952b2fb2d0
synth/ddpm/ddpm_img_03111.png,9e9c547717adf177b93686418f43049007e5faa709c698f68ad3be9b18a239c8,generated,ddpm,calibration,western-blot-03111,fe7a63302496ca87
synth/ddpm/ddpm_img_03139.png,cc590f199d88c57ac4ab82fa9bc44ae04732bcf89a7d6ae9c42f266174373bc4,generated,ddpm,calibration,western-blot-03139,d221b55a68b55be8
synth/ddpm/ddpm_img_03143.png,ab1aba1de0ecaa001cac7dfaa2a3c431253d858730557ec08659eb0256f25bfd,generated,ddpm,calibration,western-blot-03143,cb5ab4a44f5af0a4
synth/ddpm/ddpm_img_03144.png,44616ebd427f569b1c635a916df50227bde3a73c8754ebdb1dc01958fb71f50b,generated,ddpm,calibration,western-blot-03144,f14c33218eb3ccd3
synth/ddpm/ddpm_img_03153.png,787812469cde52db398cc185440c32b5b0817fc0fb33a42f8bfa9b22a8f7d215,generated,ddpm,calibration,western-blot-03153,aa95c55576a851d6
synth/ddpm/ddpm_img_03184.png,08a294be978b9aac81c41bb9d2f0fe9f3d37379dc16703426b81f093a9833434,generated,ddpm,calibration,western-blot-03184,fe863e8e1c16a07a
synth/ddpm/ddpm_img_03187.png,67601220fbf46faf8dd9ec9d455cddea97078e5e56e2b7d10c46c8468d66f33c,generated,ddpm,calibration,western-blot-03187,ea9d95c2543a299d
synth/ddpm/ddpm_img_03199.png,ee03c6154f7be7e370877b36d513b216cffeb79553da26d741114f9e2939bca1,generated,ddpm,calibration,western-blot-03199,fe69a94a52b48b45
synth/ddpm/ddpm_img_03208.png,f8fb19b08033b82d35d985bc3d2948a418db790a7ce6e9dae6ac224d4061942f,generated,ddpm,calibration,western-blot-03208,97e8ca15ecc817e8
synth/ddpm/ddpm_img_03217.png,800c7a17cce425bad8869aefb3a3aea950625cdb41fac887e37148986f3bccef,generated,ddpm,calibration,western-blot-03217,aa6ad5942a2ad5dc
synth/ddpm/ddpm_img_03219.png,effaa71c4a896b0848b9417b61ebec4f41e0a3d5a2208e7e1733780aea555996,generated,ddpm,calibration,western-blot-03219,ff81807ec2b07c87
synth/ddpm/ddpm_img_03227.png,1080f64bc75a6b33717ceeb86dca672f5ccac10eea0ea660d5f024fca3af1fc7,generated,ddpm,calibration,western-blot-03227,fea981557ea88057
synth/ddpm/ddpm_img_03317.png,b6ba0e91b6be59762e71b37f5772615e1bb073ff2892c2808fc3333b0b6e6ba3,generated,ddpm,calibration,western-blot-03317,fe2b286a2a2e2e2b
synth/ddpm/ddpm_img_03322.png,fb51075ac76284ea0f4874dc7140e119dec2544cea9790b074b9aa8be5702c3f,generated,ddpm,calibration,western-blot-03322,abc4d6286c9d33c5
synth/ddpm/ddpm_img_03331.png,31cae33644382573de6e110ad79512e7e2ab6333a89bb50e1dfa7019ba4f9f99,generated,ddpm,calibration,western-blot-03331,f27a8c8d35714995
synth/ddpm/ddpm_img_03332.png,713c05973396ad5a1949ba616b1b484b21efc3918af252aabf86e19bceb4fb04,generated,ddpm,calibration,western-blot-03332,9deae215e29d09e2
synth/ddpm/ddpm_img_03342.png,afe392fdda208e3b12e634e31eab59a878155a62e5c46f0d826c825098a97db7,generated,ddpm,calibration,western-blot-03342,afa05ee41ff00bc1
synth/ddpm/ddpm_img_03348.png,f599e74e1bfbe028d08fa54edecc990a5dd0b432131dfce2f983013430b34390,generated,ddpm,calibration,western-blot-03348,984236251e2b6fbb
synth/ddpm/ddpm_img_03384.png,e1822403eed5049419f68d8d6fa6f6da0553c5279051dd0a36a6f856e12f9b64,generated,ddpm,calibration,western-blot-03384,bf53b8738085768c
synth/ddpm/ddpm_img_03427.png,4ee4e1e064a68ea3b986429537e173d14e8d6ecf94e651055289829aad863a7b,generated,ddpm,calibration,western-blot-03427,ead5d53c6ad58448
synth/ddpm/ddpm_img_03451.png,b85ad92360d810c265cc929f4b32868b3688cf669beb46377048cd7330a1c4b0,generated,ddpm,calibration,western-blot-03451,ff80807e1fa07a87
synth/ddpm/ddpm_img_03464.png,1436b768e30ea38cd393fa8d93dca9e9d582b0edd92a7bccced2de4a5bfb6749,generated,ddpm,calibration,western-blot-03464,f95d5db8c2a0c2e2
synth/ddpm/ddpm_img_03477.png,d1631598a6f55c7a471863f00867a5128333df283d486596317363be96e0be82,generated,ddpm,calibration,western-blot-03477,9e23a955e6a80b57
synth/ddpm/ddpm_img_03480.png,c679f2342e7061ea15eb6432791acf7d3359ae78a82114f064f2e14573d4b2c0,generated,ddpm,calibration,western-blot-03480,98e3e71818e7e718
synth/ddpm/ddpm_img_03500.png,25ef78a91ef2fa7961f66eaa2f5fb0cfd99409c0331b04a0da62a3396158b933,generated,ddpm,calibration,western-blot-03500,cd51b1ac495995ae
synth/ddpm/ddpm_img_03518.png,f2dc0ccf0f3d3434117664c4d2e26f50949a0e15384318ae322cf5d19b543277,generated,ddpm,calibration,western-blot-03518,92d8b9a66e6b12d4
synth/ddpm/ddpm_img_03520.png,07852a2d43df31762c1a728dc7102424a3efddc80846f8b170c45b21bd454494,generated,ddpm,calibration,western-blot-03520,ffc0802f27fe3a80
synth/ddpm/ddpm_img_03525.png,7ef36a46ef60bac840b66e39167686f945d98b35c8c3fef66d35b81203012ef6,generated,ddpm,calibration,western-blot-03525,b349cc39dab431d2
synth/ddpm/ddpm_img_03526.png,8559f5d4af20eb321afe75efdd3b961706785dd52705f25150c140dc28efc9ca,generated,ddpm,calibration,western-blot-03526,80fdff0300fcaf03
synth/ddpm/ddpm_img_03560.png,29f9c55595defef68bda4cc8be7bcb34245f078e012d5ca5df3605be58c326b1,generated,ddpm,calibration,western-blot-03560,9872e63a2b61683f
synth/ddpm/ddpm_img_03571.png,d254777371a1ebe9766731e800c8cade3bfcfab04a0e908d774c3f78eed5753f,generated,ddpm,calibration,western-blot-03571,fa7b8585487a4ae1
synth/ddpm/ddpm_img_03592.png,f19b7f53505b7b4b0b1ea54283dc2165947b920c4cda7fe1195ff852e7419a07,generated,ddpm,calibration,western-blot-03592,aa42d53f2ad43d43
synth/ddpm/ddpm_img_03593.png,2fb95ef28dcf6b658afcc92d64ec9950dbcf289ade58d5d8008f7840fc39b431,generated,ddpm,calibration,western-blot-03593,d04236a725aa6ddb
synth/ddpm/ddpm_img_03596.png,6d59ac873b79048954feaa1ec13eaa1f4f1eedb4707b702420cdd51ea5d3bac7,generated,ddpm,calibration,western-blot-03596,c241986726de5ab7
synth/ddpm/ddpm_img_03597.png,6d37b5a0017c2853e762ee114342177b38ef55d3985ab76c72f36420bb412cd8,generated,ddpm,calibration,western-blot-03597,cb5ab4a44f5af0a4
synth/ddpm/ddpm_img_03613.png,61f73d497168f9b80ba05312e84cec53e3e294dafb1fd0dcbda2a176e68a98a7,generated,ddpm,calibration,western-blot-03613,e6e6c3189b708747
synth/ddpm/ddpm_img_03617.png,a3d77c8b73e39b1737afa2cf3de162eaf054d7dc60e8e6d7d85fc87fd139491d,generated,ddpm,calibration,western-blot-03617,f990868e7971968e
synth/ddpm/ddpm_img_03631.png,78c160f271183a1fbd169ced1fc7b39e08b5ab6edc325875ff2ef0b9cae78206,generated,ddpm,calibration,western-blot-03631,f885837c87e11e87
synth/ddpm/ddpm_img_03667.png,02005f16b6f3ba6dee7f95b00aa36f38b83b4930c2475bc2e9a04fc12be26f2b,generated,ddpm,calibration,western-blot-03667,ab52951f3eedc500
synth/ddpm/ddpm_img_03745.png,03939b38f56ef029913fcb6b3c3861f393e5a6816d612f7379f32d76e98d317a,generated,ddpm,calibration,western-blot-03745,ea956a851ae9166b
synth/ddpm/ddpm_img_03756.png,132a7e81a746dc29a5a03a35db8516b606fc814d3a39f648d772969e19916004,generated,ddpm,calibration,western-blot-03756,aec1d53ec5846ec4
synth/ddpm/ddpm_img_03777.png,6b7972b235213763b393fa252730b7b221a9fa0baa27d442d00b227328e4a738,generated,ddpm,calibration,western-blot-03777,986c985bec1be394
synth/ddpm/ddpm_img_03779.png,c8bfb18ef9455e159889b7f2f8afba429153e875f78e0e189cac283755c27fbb,generated,ddpm,calibration,western-blot-03779,a482db25d9daf861
synth/ddpm/ddpm_img_03782.png,ac04c6daa4523c32af36c40aaafa4e20110e1172a2a045c0633ba6971d5aaae9,generated,ddpm,calibration,western-blot-03782,9cf3031ce31c7587
synth/ddpm/ddpm_img_03793.png,9cf5b792da058fec599e2cc08ed7b0d8f14063bd314d1643eeb4138741d08720,generated,ddpm,calibration,western-blot-03793,c67cb9464eb99146
synth/ddpm/ddpm_img_03794.png,3528aba9c123df9db7c7b3263713c5cb120ba41b33efcfc6a27761830b642b4e,generated,ddpm,calibration,western-blot-03794,f09f8e60ae8f60b8
synth/ddpm/ddpm_img_03852.png,35912d10d6f15a4a7eac5676e2855e1f6305204035eee92c504faedb835b2bde,generated,ddpm,calibration,western-blot-03852,fec7851e52a03947
synth/ddpm/ddpm_img_03863.png,d745f3346638c842c2aa5c57127292698cbac879dbe9c9665c0d5a045d372a3b,generated,ddpm,calibration,western-blot-03863,9ae5e45ae5161aa5
synth/ddpm/ddpm_img_03869.png,4e896f724953cd42d8d510e5452e54cedc014403bf9765bdbba062b716633865,generated,ddpm,calibration,western-blot-03869,807fff0000ffff00
synth/ddpm/ddpm_img_03883.png,87d7529b281ec52fddef990584b7bd03ed9f5b71535b8d48d5948a4e5e7e243e,generated,ddpm,calibration,western-blot-03883,baa6b525ca78c730
synth/ddpm/ddpm_img_03889.png,3f9ba17a61b92819135ecf576480992413ea7f9624dfc80f582f9c8349f74919,generated,ddpm,calibration,western-blot-03889,ff4e907a1f00e619
synth/ddpm/ddpm_img_03896.png,4c86c5f74ef5eaeeb65d2827456bf0d957ba0c1becd964137ea3c8ca06e676d5,generated,ddpm,calibration,western-blot-03896,9be41b1ea45b8c63
synth/ddpm/ddpm_img_03903.png,4ecf276d08cc8071327c8e9d9dd0229d8163da2b0af2f9f97f8fbaeaf1d26a83,generated,ddpm,calibration,western-blot-03903,efd0803f11c46f1e
synth/ddpm/ddpm_img_03904.png,bdaeec32be7b9fad0b3696db083e16ea13db64ff844d23ef57f6cfd8ea5be2b9,generated,ddpm,calibration,western-blot-03904,b42ac92d65d639b2
synth/ddpm/ddpm_img_03908.png,1606a35dda7e53ff5452d4dc849685fd4cf93e3266fe620b510f5da9b4beb6fb,generated,ddpm,calibration,western-blot-03908,ff7fa88080905d3b
synth/ddpm/ddpm_img_03909.png,d442d04320ec24747f2477fe4ba64f51b0983907f131cb9ea4387e194477ded5,generated,ddpm,calibration,western-blot-03909,ea6ad5941a5ae929
synth/ddpm/ddpm_img_03916.png,6f47fc0b49b492f41445894a99471d2aedd212918abe1ba7ba8367a0b9b59668,generated,ddpm,calibration,western-blot-03916,dba5e51c18a5e51a
synth/ddpm/ddpm_img_03921.png,f78c4d2baf60cddb88be9299b3686edee6b8e805fad125b2b443191cbf077065,generated,ddpm,calibration,western-blot-03921,ae54af54c9da51a2
synth/ddpm/ddpm_img_03932.png,8262a6242b8af92fb4fe80b9f3a49e82677403915856a56753f1e2542230c853,generated,ddpm,calibration,western-blot-03932,fc3c8383787e9d80
synth/ddpm/ddpm_img_03938.png,f601ce426d0175601986aed5423a7ee20f90de032a085ffdc2f20cd389737338,generated,ddpm,calibration,western-blot-03938,b654c9ab564631b5
synth/ddpm/ddpm_img_03967.png,1045eb4b914295c30d9ef038f03a1615243ae342162f7bcaf7fc08a7e2c96005,generated,ddpm,calibration,western-blot-03967,ea85853f954a6e94
synth/ddpm/ddpm_img_03969.png,453054cdfdc48ec1c85ae4ccc76f4a9417d4b4de30cceeaaf1d4c3577230ae87,generated,ddpm,calibration,western-blot-03969,f9ce27c461cc249e
synth/ddpm/ddpm_img_03993.png,605ce69b9670a155c1ac41213c6f1f49accc13ee9c144add3211212c68a8cad3,generated,ddpm,calibration,western-blot-03993,e08fcf701f47309c
synth/ddpm/ddpm_img_03994.png,ff27b0d5c44202ad7d0095d7c3b57dc2414db37b5119f1ce2ecde029d4cae401,generated,ddpm,calibration,western-blot-03994,d2c6ad1352adad52
synth/ddpm/ddpm_img_03995.png,ff106e0eb28f46e1c3bef56a0e7eb0045a2c243def9eb5c9f5e9b415f217be07,generated,ddpm,calibration,western-blot-03995,bb857a847a847bc1
synth/ddpm/ddpm_img_03996.png,eca9720e4673a4ab43b8aca81fbad2ed7b8d1a219062f1972aed5cfbe9640a07,generated,ddpm,calibration,western-blot-03996,fe7e621b31392458
synth/ddpm/ddpm_img_04005.png,cf392577c039d05ba7b49155744465dffecd411ae1d4f81fb85ededdc2ad51d4,generated,ddpm,calibration,western-blot-04005,921bed91536c7459
synth/ddpm/ddpm_img_04017.png,66f7e832becf6843811d3c05972c4a4270f4388918a6fa45cf6680e45a5eeb79,generated,ddpm,calibration,western-blot-04017,a93fc643c3c6383c
synth/ddpm/ddpm_img_04023.png,e80d8f169c69887b4090b0c2fd0dde173e5ceab0b36c6f1b42a4ddae415b15a2,generated,ddpm,calibration,western-blot-04023,c363bc8c473fd043
synth/ddpm/ddpm_img_04031.png,205dc866b63af862ff9c11113d98c937d842b7a0734eb070f1bcf01e6f7b3905,generated,ddpm,calibration,western-blot-04031,aa62d4bf2a50752b
synth/ddpm/ddpm_img_04036.png,7a6541eab2eee6c4f4d3235daa388e89316f1e6c85b2a35436ced4f38fa86189,generated,ddpm,calibration,western-blot-04036,aa2ad5d5462a2af5
synth/ddpm/ddpm_img_04046.png,01acb54cd4e1c1aef5a8a0c117b21268a0cb2d0c721040b073a3c2438102a035,generated,ddpm,calibration,western-blot-04046,9938e7cba68659a4
synth/ddpm/ddpm_img_04051.png,c27925988fc277ee81d443c46a7d9fd7922412ed44eb1139f1ab19bc9e6b3f82,generated,ddpm,calibration,western-blot-04051,c0d7bf0440f7bf04
synth/ddpm/ddpm_img_04052.png,225e1817c7ab4a1e46ab3ee8044992e5fd9dd825f26165536482b7176bb664ba,generated,ddpm,calibration,western-blot-04052,fee080e07d7e7c40
synth/ddpm/ddpm_img_04063.png,6a9f51e328e98a153ebedc21ead0078e9f8563fdb0febcc82bdbc8740650556a,generated,ddpm,calibration,western-blot-04063,cd4db2b048f9ddc0
synth/ddpm/ddpm_img_04071.png,2313885cb1f3f0efd11e943ffc34dae97f3e873d87ad30a9d9cf42e5e1ab3abd,generated,ddpm,calibration,western-blot-04071,c09d8574d2b93df0
synth/ddpm/ddpm_img_04073.png,14a055b4a036941b2d3d716fc867be7976998ca01581f9ea8fb82893f3a4c952,generated,ddpm,calibration,western-blot-04073,e2889d77926a9719
synth/ddpm/ddpm_img_04119.png,f131748863b1d0ace13bbbdccac3d56cd9e83794029c19ce2c5d28a81ef88401,generated,ddpm,calibration,western-blot-04119,a5c1da25da9a2dd2
synth/ddpm/ddpm_img_04135.png,3d500dd8f8066caeea87000ce8f8399c437455778d4c92aee92d58a201954525,generated,ddpm,calibration,western-blot-04135,9ab4a1e5a55ae136
synth/ddpm/ddpm_img_04142.png,0078e43a855afd822693edd7af22fde5366839d5668ccdc0ba2d8f07158f7d9f,generated,ddpm,calibration,western-blot-04142,e381bc639cee6311
synth/ddpm/ddpm_img_04167.png,cd4e93527c588908a458c7fa008dd12661ba3eff75e7bbadd728df49dbd20f42,generated,ddpm,calibration,western-blot-04167,cc4cb3b3d30d2c39
synth/ddpm/ddpm_img_04171.png,f8f5bd78e647b34e8be3bee90467c0a61cf4a35d3229833fb23a4c288f1dc3cb,generated,ddpm,calibration,western-blot-04171,b36c80d96c42bdec
synth/ddpm/ddpm_img_04181.png,b3d3d0975d4585ee0ee787fe01d1c61080b6d505cc768a615263504bc4d404df,generated,ddpm,calibration,western-blot-04181,bad9c06a2739e549
synth/ddpm/ddpm_img_04187.png,2404d025297b80d34a00db1c2540a5f94cc88154e547e6427afe10804905c208,generated,ddpm,calibration,western-blot-04187,937dad92524c543b
synth/ddpm/ddpm_img_04202.png,dbe2fa25c8aac09ab59371892d0f5fedbbbf0d768ed9029b55b195d2f0a75160,generated,ddpm,calibration,western-blot-04202,9229ad92535d595b
synth/ddpm/ddpm_img_04209.png,438f8d8fc8958b180993c44d6e8d099aef44be2c191f7f587b7980a3eb021198,generated,ddpm,calibration,western-blot-04209,ffd0811c7ee3801d
synth/ddpm/ddpm_img_04213.png,f2f0caaef7428e6e4bc2fe3c5b00508e54f257bda8e5b80ef86f1946684dcb17,generated,ddpm,calibration,western-blot-04213,a22b95e11e9f626a
synth/ddpm/ddpm_img_04216.png,abbc635706d7717511798562b582c253ba54fd0baa5c6ef2b1d952db7cafee28,generated,ddpm,calibration,western-blot-04216,9919e6a61a59699e
synth/ddpm/ddpm_img_04244.png,a69186c0f3cabdf3e37b2a15294d7aceb19362436827c747eb377984f8d7b6bf,generated,ddpm,calibration,western-blot-04244,f9d690247f50a4b5
synth/ddpm/ddpm_img_04260.png,f617de50045c1ca8f1905b4ca5c24115bc251c610021c73f49b71a5aeefdb024,generated,ddpm,calibration,western-blot-04260,d9a7a25934a25b95
synth/ddpm/ddpm_img_04265.png,eb4c0be81e6489da844c73832ec0de1cd5f52215f1515c090089671b33b6606c,generated,ddpm,calibration,western-blot-04265,b537ca54caca3534
synth/ddpm/ddpm_img_04278.png,7efee86aceffba24ccc0cc4448a27fb63143b74477aa8780f13b37ed22cf34c0,generated,ddpm,calibration,western-blot-04278,fa7e8480285ff9a2
synth/ddpm/ddpm_img_04288.png,e10d8e3c0769c0b03b8594724aa21343df48afd2940479dbab60ab6785c14372,generated,ddpm,calibration,western-blot-04288,fc0b83fc7a092279
synth/ddpm/ddpm_img_04292.png,2901448abd0d6c2f304926980c58d6544cc0cc616260744d64239cd5fa533052,generated,ddpm,calibration,western-blot-04292,d9a7a648a6a649b6
synth/ddpm/ddpm_img_04300.png,d1fa61c1ef2cb315073727a373a34d10197e393fe5651e94c95b5cf857c71828,generated,ddpm,calibration,western-blot-04300,bf80a8eb6a2a2f15
synth/ddpm/ddpm_img_04307.png,76669b99722b9df87c89fdd7197f7ae05c88ad20b779ae482f8532c2ac83a17a,generated,ddpm,calibration,western-blot-04307,95eaea1537eac814
synth/ddpm/ddpm_img_04309.png,8fe1f456c0bae52665b6a2fa188f735fb4807237c9cc2316199b3875c775e728,generated,ddpm,calibration,western-blot-04309,e08f9fe0607b7078
synth/ddpm/ddpm_img_04315.png,3c02212ca8680f2bf2f509c5f58a9c19323b7befa4f27cbe4f7eebcae68870b8,generated,ddpm,calibration,western-blot-04315,a168d5a15fde206b
synth/ddpm/ddpm_img_04317.png,1fb0e2b073160285b1543396ffa0d91eca297c0ae4bf3a7398c2d648dcd97136,generated,ddpm,calibration,western-blot-04317,bd83d2c0c23d2d3d
synth/ddpm/ddpm_img_04324.png,b455ba301ddd5aec1eaf5db1275e5c8f79d71b3d5306b5c8db7a9c0bdaaf8487,generated,ddpm,calibration,western-blot-04324,d494c75cc8cb61d5
synth/ddpm/ddpm_img_04329.png,ca1cd9a50461f293529efba1a6e4b51834b35f72749a0696da445d46ac4aee9e,generated,ddpm,calibration,western-blot-04329,8ef3e31c7c070f81
synth/ddpm/ddpm_img_04360.png,a5e4c71f5d21876a3b06d27110996a8d9bc2cb2b8ca93a3395489e3d2e0461f8,generated,ddpm,calibration,western-blot-04360,f0de902c7ed0e4f0
synth/ddpm/ddpm_img_04372.png,5e8e5e3e2fa96ce8c7d57faf9416ad86c4528c97172a5832ec00017474c3616a,generated,ddpm,calibration,western-blot-04372,ddd1a32c48d295ad
synth/ddpm/ddpm_img_04376.png,8f800cd27f28bfcc2d318f97bace4c34206572d67954e7328f6e223f23308dcd,generated,ddpm,calibration,western-blot-04376,9b53a4e4e47a1b13
synth/ddpm/ddpm_img_04377.png,0ea7680a8c0851e244fc986a26f67cb5337a988428bf1225bcf0c425f2be1bbe,generated,ddpm,calibration,western-blot-04377,90a9ed521bafec12
synth/ddpm/ddpm_img_04395.png,042b57b6d9c7624851c624613ca7e66181c5ae95cf1d16ba3e508e85beb61bba,generated,ddpm,calibration,western-blot-04395,b7c0c9c9c837c93a
synth/ddpm/ddpm_img_04400.png,bfa24faa4058faf66bd42a08bdbec6637f3ba2988aeaf3435902843578b921fb,generated,ddpm,calibration,western-blot-04400,f1a8fdc48ca29f11
synth/ddpm/ddpm_img_04401.png,5449cda03f50f85b575a27022bd2104ef3cbcdfcaf61b26bd5741845ee5d1fad,generated,ddpm,calibration,western-blot-04401,f0708f87707c9a63
synth/ddpm/ddpm_img_04423.png,f3b98f8c15eb18c708524e76c557b7f94d15277ab681db0380a35e6d63b12f81,generated,ddpm,calibration,western-blot-04423,ff41c0c0c07f296f
synth/ddpm/ddpm_img_04433.png,812efa408895eada6f422f3490315c5bae640f49ce0b2c67a37ab15efd393048,generated,ddpm,calibration,western-blot-04433,8b2b3c94b4b43c6b
synth/ddpm/ddpm_img_04434.png,452e5329fa5377e78188fac3278fe8b65e1959be3d21febe8cebe268ffd10472,generated,ddpm,calibration,western-blot-04434,ccb3b14cb3d04cb3
synth/ddpm/ddpm_img_04456.png,c0d40cfb3908053ab14e03a68457883d0afd0c4c891b924f9c5224335cdeaf75,generated,ddpm,calibration,western-blot-04456,b5c8ca3534c8fb34
synth/ddpm/ddpm_img_04462.png,45de5897d9793bb1a1270aef7da947338457b528ce5d0d62da2b528025b6b793,generated,ddpm,calibration,western-blot-04462,99e4e61a1be4e439
synth/ddpm/ddpm_img_04475.png,b21d71e899d566bae733da740335a4dde64e3ecbdc924fb51193193023b4dbe3,generated,ddpm,calibration,western-blot-04475,a4dadb24db1b24c9
synth/ddpm/ddpm_img_04477.png,47fa75a42e9345b8b37f1d5f186caae20cf825e0bc83a03be3541c08c6c55853,generated,ddpm,calibration,western-blot-04477,80657bfc12052cff
synth/ddpm/ddpm_img_04496.png,aa674ba85b57b7c7e7764179d6626d2995759848b19ff57c3356946102e7cc18,generated,ddpm,calibration,western-blot-04496,c747b8b8034747f8
synth/ddpm/ddpm_img_04508.png,16a82356cf895b45c9086e5bab0a56b02762506cecbe61027370312b7bbcbcab,generated,ddpm,calibration,western-blot-04508,c646f0c639b9464f
synth/ddpm/ddpm_img_04513.png,25904886b8a5b12c6724e264d9891a827c0441991444ed0df7e0ca916924ffd6,generated,ddpm,calibration,western-blot-04513,9de4e21218ceeab3
synth/ddpm/ddpm_img_04516.png,0d16a6c42609cca46a3f75f96ecdf6ddb38ef14241f89cb2d054c44825226160,generated,ddpm,calibration,western-blot-04516,c6b3b94406bbf846
synth/ddpm/ddpm_img_04517.png,c318c42af90c2e0dff16e4de1f2be2e85ad442cba580bb46e506522f19605a01,generated,ddpm,calibration,western-blot-04517,db09a4f1a4c65b39
synth/ddpm/ddpm_img_04519.png,88b166e51fc55d3f86fda2a7bd8758bfc649c977af1ca43765d05bb7379c759a,generated,ddpm,calibration,western-blot-04519,9902e6fd190ae6cd
synth/ddpm/ddpm_img_04534.png,e2c9dc777bcb05a713ca93e893f62017f2ef7316b64c5f35803c92f86bcaaa2f,generated,ddpm,calibration,western-blot-04534,bd8a92c2d22d9575
synth/ddpm/ddpm_img_04539.png,de8835b94a16686a3fb2848558f7c582c60a2071018c2ef3d44fe57dbf599eb8,generated,ddpm,calibration,western-blot-04539,a0dad829d4d62dd5
synth/ddpm/ddpm_img_04546.png,c7d09e08b939c40b1b8f82b39922ba09bf3fbf0fee4ad2d63cf71d6cd3b9e686,generated,ddpm,calibration,western-blot-04546,c4a7bb4046bfbc44
synth/ddpm/ddpm_img_04570.png,410e57dacd10bcd0a887992b66df1ef85e8296d9a3f74ec68939ccc6185b9dac,generated,ddpm,calibration,western-blot-04570,9343917ced1b528d
synth/ddpm/ddpm_img_04575.png,c85ce754a5df723699523d0b645ad36224bab03bb9bee82f459c3a7cff352bfe,generated,ddpm,calibration,western-blot-04575,96cdc9b63229345e
synth/ddpm/ddpm_img_04584.png,9581c854a354b37e798d569c3bb718bf4a01006d58f89686ae88ff134df95494,generated,ddpm,calibration,western-blot-04584,91eaeeeaec11c80d
synth/ddpm/ddpm_img_04595.png,5c25b5b7000006d7269489fec7660318efda38ff371c3a152571e359066e83a6,generated,ddpm,calibration,western-blot-04595,f47cb7a039138897
synth/ddpm/ddpm_img_04608.png,a51dd5fb46aa1282c876aa184acd0c26591d6079aad15d6e5eef53d601358a23,generated,ddpm,calibration,western-blot-04608,9de2e21911e3eb19
synth/ddpm/ddpm_img_04613.png,3200ef09a56a55f0c28f6ca9483350e442bbf5f50d1b4a9dc1a6f74dbbe1ad70,generated,ddpm,calibration,western-blot-04613,aac5d5206effa013
synth/ddpm/ddpm_img_04616.png,a363be0a030104d2e1bdfc83c266603146c67484e6f118186c81930ecff7ef63,generated,ddpm,calibration,western-blot-04616,9ba4e45ae41c1be3
synth/ddpm/ddpm_img_04648.png,919ce28e89825724f7769daac2432448f39eeb1b0fe9df4b380eeeac9bf03862,generated,ddpm,calibration,western-blot-04648,b7cac93436dbc424
synth/ddpm/ddpm_img_04655.png,6a5da2b7baddbbde851b9b35cc4d25b6b0c245a7d1cc54c11fff6282f726e5ec,generated,ddpm,calibration,western-blot-04655,b4dacdd83494dbc0
synth/ddpm/ddpm_img_04665.png,c5413c009917f2121d22884958df6295c0e5cdac1f45f5fcc64b0011ddf2077a,generated,ddpm,calibration,western-blot-04665,a565da8a27770527
synth/ddpm/ddpm_img_04679.png,1b981a3b1dfe585597018031450f1b303b597ede3ba486f04ae283d1a2a04dc7,generated,ddpm,calibration,western-blot-04679,fd81907ac8957de0
synth/ddpm/ddpm_img_04698.png,70b6e4a4eb98e010f538f0479c5df974e1d777504070327917c2fc124e5b793d,generated,ddpm,calibration,western-blot-04698,90e1e410e7ed13ee
synth/ddpm/ddpm_img_04708.png,6d1f5706bf5486c413070cc39651ea6ddeec8f8f4d3f55e939871d1c0f997cf2,generated,ddpm,calibration,western-blot-04708,b731c83ac714e31e
synth/ddpm/ddpm_img_04709.png,a7266ef14bdc9a0d41c057b93ebce7d911b1c5fc641e6bbfcabaa1b8894a812b,generated,ddpm,calibration,western-blot-04709,c782b87fb8c84707
synth/ddpm/ddpm_img_04726.png,d65a061f0fb7993b1fe0529ef154d23e2686cabe3f76d701e91f8a87be1c6215,generated,ddpm,calibration,western-blot-04726,f5548aaa61559eaa
synth/ddpm/ddpm_img_04727.png,64f4325a070386314b3b1ce13c95ec042731b08fdbcabc433f501d8493b3d4da,generated,ddpm,calibration,western-blot-04727,9d01e5f31883e673
synth/ddpm/ddpm_img_04728.png,98644552f83856582eb5c041015ac13f10f51fd8cf5aeb5d289f802b1ee5bce3,generated,ddpm,calibration,western-blot-04728,b0dcdccd2c6495c3
synth/ddpm/ddpm_img_04743.png,3da97e5c10163cbccf4e77b71c135f1d8369abc7485fe3d75d16fbd4e4205683,generated,ddpm,calibration,western-blot-04743,93b6ad84524a7f4c
synth/ddpm/ddpm_img_04760.png,04a03a92cb9cbdeec0d109c8bbc78989bf5f03677774717a9dcb0a22e811baad,generated,ddpm,calibration,western-blot-04760,aa80d42af9d46a3f
synth/ddpm/ddpm_img_04762.png,8e495d4df3252c4a76dbe509bde88f295839ddead20210d3cc186f7f5d8a3837,generated,ddpm,calibration,western-blot-04762,99b5a61ce45a19a7
synth/ddpm/ddpm_img_04782.png,1ed0b5633e52925072fe911cc22cfba54814d9b3a5d288cf707f4d939427ef5e,generated,ddpm,calibration,western-blot-04782,cc39b306f6970c3c
synth/ddpm/ddpm_img_04791.png,087c07d5613cda7ac61916048bf5d585910f85aa52e177a150c62bc42ef70cbf,generated,ddpm,calibration,western-blot-04791,c0bdbf4040bfbf40
synth/ddpm/ddpm_img_04806.png,6f03159dc9afa58c11fd242bb2b63f0844650acc0077bc8701b09f5b4460975e,generated,ddpm,calibration,western-blot-04806,ff0080ff7e08621f
synth/ddpm/ddpm_img_04809.png,0a4439dc6319e4e22d248d108d3c71030a2148b136d078a29483f8d16af21d1d,generated,ddpm,calibration,western-blot-04809,a3b3d86c8cdc6d90
synth/ddpm/ddpm_img_04810.png,9231dcbf5004f26adb51fcdcb8364c6b43300edbaef771cf100f8958c1af3c10,generated,ddpm,calibration,western-blot-04810,b454cbf18bab304d
synth/ddpm/ddpm_img_04820.png,7d6a427871506bdad5dacb531ec65fa26bca02db0fdda3ec575351dbd026bfbc,generated,ddpm,calibration,western-blot-04820,aaf5d12e2a0ab5cc
synth/ddpm/ddpm_img_04831.png,364f4caee24c81fdfccac7bbd063bd65f7c2b3ffa7b80cb1490c09f04fb9fc59,generated,ddpm,calibration,western-blot-04831,92a4ed53edbd1242
synth/ddpm/ddpm_img_04837.png,9bba8c4969269cf15de920594c1d9fc1eeb7d5f5d6be5ea074f4e36268f4f0a6,generated,ddpm,calibration,western-blot-04837,954ceac83817bee4
synth/ddpm/ddpm_img_04847.png,7de7c0997d3e060cc8254c643d84086065d0f0dad85a9d49312158a526f0c65a,generated,ddpm,calibration,western-blot-04847,abd4942bc4b42bd5
synth/ddpm/ddpm_img_04859.png,b6a9741fe5e1a41880750a84cea2e4fe3bc419454c71f46efee525f5a31ee6c4,generated,ddpm,calibration,western-blot-04859,fbc085177afa8885
synth/ddpm/ddpm_img_04861.png,1491c651c4e63aefd575657758793699b86f9358d6ef398de45991b78d43b73d,generated,ddpm,calibration,western-blot-04861,97d0e9e9e8171616
synth/ddpm/ddpm_img_04866.png,411a894bcfa7c8eee19fd57ecfe503c515c881adf18eac25f6e120e97e65cab8,generated,ddpm,calibration,western-blot-04866,bd00e8ef386a3e15
synth/ddpm/ddpm_img_04867.png,3dd286f8c07c8bcc70d883054506490ef250128dbeab865858d3715ea9806a13,generated,ddpm,calibration,western-blot-04867,c719b8c767786c03
synth/ddpm/ddpm_img_04871.png,6021f2f282504e50946a0dcc7e81201f812ea402ea4734444240906e9e9a3f82,generated,ddpm,calibration,western-blot-04871,aefcd5206aaab0c3
synth/ddpm/ddpm_img_04879.png,c286b0ce12dfc496a41a0adba1112e605509834bd99ce165a0db5ee542ea76a6,generated,ddpm,calibration,western-blot-04879,91cdda143496f5d2
synth/ddpm/ddpm_img_04900.png,7ce97a4c81139124161e7d9f3ac40308a0ef24dcd1400801921d9c9e64e57bab,generated,ddpm,calibration,western-blot-04900,ffc0807e7e808679
synth/ddpm/ddpm_img_04936.png,dc25742334258f5e285ad05640d8107d0ce0f24386ef1b57852afa761f8d31c1,generated,ddpm,calibration,western-blot-04936,ea8695786a879578
synth/ddpm/ddpm_img_04942.png,c324bb462b151d6f5c4aab24008da313ecb98858adc1f9c8f0e723caa3a1560e,generated,ddpm,calibration,western-blot-04942,dbb4e04ba4e25ba4
synth/ddpm/ddpm_img_04953.png,d124da07c9543dee3b911460bc679fec270e50f13ce9affc31a960db0e0fe6a5,generated,ddpm,calibration,western-blot-04953,8cb6e349f2e30cb2
synth/ddpm/ddpm_img_04974.png,c9d7edaacf0ce4e2ff3ea46d0f50b3fa2370da40e98ff154670cdfad7151df26,generated,ddpm,calibration,western-blot-04974,aa2590d55d2aa4bf
synth/ddpm/ddpm_img_04998.png,4a7266c46b9ceb2440674ef4be0ab620443402cfe62fea4f5107946aacb321fa,generated,ddpm,calibration,western-blot-04998,c64bb80d47f2b11d
synth/ddpm/ddpm_img_04999.png,11973dafdc8b1c25494d4967ad59b8442f3f79b8dd040c634f742b2ca96bdc81,generated,ddpm,calibration,western-blot-04999,cc4cb3cd4c73534c
synth/ddpm/ddpm_img_05008.png,5932fb60f0737cb2cbf0e7333bf051f7c0134b5982c4c6e5e5e261a12c9cd850,generated,ddpm,calibration,western-blot-05008,e0629f8f9eeb6210
synth/ddpm/ddpm_img_05022.png,7b7e4810445bdfe1b47faffd4e836b8e7f652eebd4efd6be5ce2e3c5cd11809f,generated,ddpm,calibration,western-blot-05022,92f5ec1813e6ad19
synth/ddpm/ddpm_img_05028.png,7e0411f2c18f80b2816ac51d9965e446f6b246ab72633488448e4c756040b956,generated,ddpm,calibration,western-blot-05028,c9579694af59046d
synth/ddpm/ddpm_img_05029.png,499a7def3076990cc78f1778fb3120aec8c7c4aa922c0f1fb377083d7ee1f53b,generated,ddpm,calibration,western-blot-05029,8ce1b7f1f106344d
synth/ddpm/ddpm_img_05032.png,22d2ebb92019989565fdec619d02062899f7667509fa453ae198b0190f464cdb,generated,ddpm,calibration,western-blot-05032,9831e75ae5e458ac
synth/ddpm/ddpm_img_05052.png,d52603fa1f3643e3cc7caf1f6635f8f3783f6ce8e0ce582d4e3b9ddffe3c0c16,generated,ddpm,calibration,western-blot-05052,ff80807f7e80897c
synth/ddpm/ddpm_img_05063.png,c471423851bcfa607723b9b25271d95bf8e05b34bbda1c3631bcd17fa60f96b9,generated,ddpm,calibration,western-blot-05063,8d1f05c74c09ad77
synth/ddpm/ddpm_img_05069.png,5529b39ded424576626e19a07f5119055ee615a3d414cb20dcd5ddaa7d319433,generated,ddpm,calibration,western-blot-05069,9d18ea82d65f4f41
synth/ddpm/ddpm_img_05076.png,cc7a33ddb954363f000a7c16bf8c3ad86e86bd87a252ffef5720cac73d12b385,generated,ddpm,calibration,western-blot-05076,adc9d2362dc9d234
synth/ddpm/ddpm_img_05094.png,3ae12f366edb39c9bbbd1fdb45ea8d3f786c2797be85eebf4eaf896814c79d80,generated,ddpm,calibration,western-blot-05094,9908e7f2e7a51859
synth/ddpm/ddpm_img_05097.png,d7d788badec2f1f8791b9a5a98260efa673d2845ce8834b61a6e53d86321acd4,generated,ddpm,calibration,western-blot-05097,a7d1da0e582525f3
synth/ddpm/ddpm_img_05104.png,37a5426655bef060128dcbeb22c393dca63aec8281361e2eaafa8628ff783624,generated,ddpm,calibration,western-blot-05104,9949a69967e61959
synth/ddpm/ddpm_img_05105.png,c816465cd69a311e8767f865c138ed35be2ab216bc552e181672ebb4558b3f4c,generated,ddpm,calibration,western-blot-05105,c3cebccc43197331
synth/ddpm/ddpm_img_05110.png,2b56477c911e10ee872ff15e1d1803f84b45a3682c377b2860a98602b2cdb232,generated,ddpm,calibration,western-blot-05110,92cae9eded135212
synth/ddpm/ddpm_img_05113.png,93fecab5627f63a421361a8d083ab9ab833d4d54d89d1b9eb5b05aadc8b1642b,generated,ddpm,calibration,western-blot-05113,99e7e658e60319a6
synth/ddpm/ddpm_img_05129.png,1bb4bfd480d903f05f87030eaa0023382053efe79c5539ec990582d7addd873f,generated,ddpm,calibration,western-blot-05129,9938861da71be11f
synth/ddpm/ddpm_img_05146.png,8f10b95888a291829bd5a59dd89b057515c1b4498b88cec63c22ff8394c94d4f,generated,ddpm,calibration,western-blot-05146,a9f2d6952a4a2d65
synth/ddpm/ddpm_img_05173.png,1f310f1fd15ddae5c7776e844a645f17e581b2156cef01e4b1b753dbe7fe9966,generated,ddpm,calibration,western-blot-05173,f4708bcb8b747434
synth/ddpm/ddpm_img_05175.png,c386525b8478d3cb19c277463f452373fc7406c280a0b256921dd8350d180176,generated,ddpm,calibration,western-blot-05175,9ad0d1719edb610d
synth/ddpm/ddpm_img_05214.png,1a0ad9758ac7a04bded82b19f24f8493e12cd146deaf68389acfad50ac99ad38,generated,ddpm,calibration,western-blot-05214,923be99712ed4156
synth/ddpm/ddpm_img_05219.png,909a99c17593b071e21cfaaa58030cecb47a2ab3f8e10e24f0c55fd779683971,generated,ddpm,calibration,western-blot-05219,f00787f87069793c
synth/ddpm/ddpm_img_05226.png,2e631f194b7e5efed773d5ce43127f55e779aa3ee09a4f620afc5015b3dff975,generated,ddpm,calibration,western-blot-05226,fdeeab04c22c1b19
synth/ddpm/ddpm_img_05240.png,540eb8f463af57ddb1480c0024f782af505893b8cdd5952cd388f1c086c16e65,generated,ddpm,calibration,western-blot-05240,991fe0e21c1d46e7
synth/ddpm/ddpm_img_05247.png,7f0eec8a2829f2d6bc59f63cc1cc16a37e42933e04aadd5e5b989025e793e233,generated,ddpm,calibration,western-blot-05247,e3e4f4728c994acc
synth/ddpm/ddpm_img_05248.png,6cc59e394220c065806e8d73e6a0862145dab8212205ceac246c5105977fee8e,generated,ddpm,calibration,western-blot-05248,93d08db26e497f0c
synth/ddpm/ddpm_img_05249.png,f747814ad3457d9e38a3e25f150fe56635e1f7ca260d0c5761ea0d1629c8517b,generated,ddpm,calibration,western-blot-05249,e0fe9e4061bf9641
synth/ddpm/ddpm_img_05260.png,be5cbe26bff5186b4d82797f19faaf6d2cbbd3b27d29449020e1084fa5b865a1,generated,ddpm,calibration,western-blot-05260,cc1cb3e7b2934c64
synth/ddpm/ddpm_img_05261.png,e9659398d9a80d96d5aa68430423dda64807f606d0f3152f17de7d5a2c76944b,generated,ddpm,calibration,western-blot-05261,93eaadecec125312
synth/ddpm/ddpm_img_05267.png,ff9064731a480ff1621a09bf015d089abce2beb68eebcf16e56169459d470364,generated,ddpm,calibration,western-blot-05267,9515eaea1111e9ee
synth/ddpm/ddpm_img_05270.png,7939506ab08662a00d8e212ac5937cec7d5a8ca8a5e757a858325b7f66732f9e,generated,ddpm,calibration,western-blot-05270,a798d82727d8d827
synth/ddpm/ddpm_img_05292.png,b47383c04cfb0113e5728072892e2820fab9fda82e7e2e8d4760e5fa7c04c998,generated,ddpm,calibration,western-blot-05292,f556c8b10baa3746
synth/ddpm/ddpm_img_05294.png,6c879ed91463de21936ae158226c88f5b7c2436d89b9f9782380859b3e6d17cf,generated,ddpm,calibration,western-blot-05294,9212ed52aded523a
synth/ddpm/ddpm_img_05296.png,134027ed632b3cfce2b35088df01ba862170c1caffb62b38467005267f578f28,generated,ddpm,calibration,western-blot-05296,db22e459aca41b5b
synth/ddpm/ddpm_img_05298.png,f00e81acb65750225a74cc88d52e196ea31924e773a2ce2a618706f16977e5a6,generated,ddpm,calibration,western-blot-05298,bdadc292c0f93d03
synth/ddpm/ddpm_img_05299.png,3381ec6bae1ca956df6debc4ddb525fa80c1b5882a7d697c290439a01d856e95,generated,ddpm,calibration,western-blot-05299,f0708f8f7060c79e
synth/ddpm/ddpm_img_05326.png,6b7dcf2b93aee42e8112be570340e302e3bff29bf26643631e40a47fbf1bb81d,generated,ddpm,calibration,western-blot-05326,e1cf9ec73d184138
synth/ddpm/ddpm_img_05327.png,1f3841ab86f7ec5d99759d519911b0d75de713045254a4b8428c6c864c4766ee,generated,ddpm,calibration,western-blot-05327,fef2801a7ee4811d
synth/ddpm/ddpm_img_05331.png,c849aac0617d3ead1b304cb0b276553eff197af572ecf8aaecc2515b694fc2bc,generated,ddpm,calibration,western-blot-05331,fbfa80097ffe8100
synth/ddpm/ddpm_img_05395.png,596e29e39763c316a66b041afcbfe45b2dcf420d5f04b3e62480b4c9fef92843,generated,ddpm,calibration,western-blot-05395,ccb3f38c4c674c64
synth/ddpm/ddpm_img_05419.png,14d8d35b983373f6b0f0e165603dc9814a61e0030b558a641f4495f892b2e011,generated,ddpm,calibration,western-blot-05419,faed91007cfd8611
synth/ddpm/ddpm_img_05431.png,df1ebaf7ed4a8e5a2835f6eccd22957333c3d7a5218b6a8bad178d1f2112213d,generated,ddpm,calibration,western-blot-05431,a2d1d46afc3cd0e2
synth/ddpm/ddpm_img_05458.png,07d39c73dd8d88d0d7fd05f51c7ee4f0dce4a37fe038cedf09f37679d78ad4c3,generated,ddpm,calibration,western-blot-05458,cbdcb8e483909cdc
synth/ddpm/ddpm_img_05481.png,1948a0b57b990dfb5a96acee546b15bfae15c6caa92e2bbe06fbb70e941f2c5a,generated,ddpm,calibration,western-blot-05481,a171dee1de9e2121
synth/ddpm/ddpm_img_05485.png,a2ce0840ebaf3114ef1ffe0419dc1c781c7d6905f728054fe583ee6600fb54ff,generated,ddpm,calibration,western-blot-05485,ce4eb1893eb20f4c
synth/ddpm/ddpm_img_05491.png,8421c62e628217238f199b4cfa3b287701f52b96ab990746f40582a2b6fc7f55,generated,ddpm,calibration,western-blot-05491,c6b9b946b99946a1
synth/ddpm/ddpm_img_05498.png,122cc32dd7a6e00a266d197d1f6027f6ded9786fd0f59f962515b70cc58063ba,generated,ddpm,calibration,western-blot-05498,b7888a3577c83475
synth/ddpm/ddpm_img_05517.png,27d1b97311b0757843ccab20bc8f3477f09ab6d3528d6da855094783df6b1c30,generated,ddpm,calibration,western-blot-05517,ba3a84e64c19facc
synth/ddpm/ddpm_img_05528.png,555050cf128b3000161611d3a1ffcbdfacc7abf2964f050e2af2cc0f5ee2a40c,generated,ddpm,calibration,western-blot-05528,e3bc9c4263bd9c42
synth/ddpm/ddpm_img_05544.png,d1098f03acf9f891535cf2fd0028c18e67bdf6c0012fdc186adbb5dfa687473f,generated,ddpm,calibration,western-blot-05544,9a09a552e7ae59e4
synth/ddpm/ddpm_img_05553.png,cc97b7f8cec715b0998e8b2607814316f30ce1f8bd55af0c5e986d4490d98aa4,generated,ddpm,calibration,western-blot-05553,aad6d52b6ad5212a
synth/ddpm/ddpm_img_05556.png,03c2d9a2f06bef0a40a67561dd93c5ebfe6c7db8140c7e8f53d4b5d0073fb7b1,generated,ddpm,calibration,western-blot-05556,c1bebe40b1b74859
synth/ddpm/ddpm_img_05563.png,46d7339b193c88fe43a93a97c9e02fad26936bdf60bfb90cb81bf36ba11e049c,generated,ddpm,calibration,western-blot-05563,ea8e9594956a9527
synth/ddpm/ddpm_img_05569.png,e1b91dfb968fb52191f0ecc59810117ff0e68f7834e714647001a82a01353bfb,generated,ddpm,calibration,western-blot-05569,e0808f7f9e6b609c
synth/ddpm/ddpm_img_05597.png,61f15602a6ddc8e6de6582ff4fa4f1cc6580c9b71f0fca56a8377630872e701e,generated,ddpm,calibration,western-blot-05597,d8fcf064c4e664f0
synth/ddpm/ddpm_img_05615.png,4277e16e2027d76d1ceca03abede6ee77802e92bc1bf732ee8fefc5076c946c9,generated,ddpm,calibration,western-blot-05615,962ae9ede9163234
synth/ddpm/ddpm_img_05622.png,5e963a0e9a081be50b2673f2971ba24f016cc6f5fdd18455e47bc3a0c2d6197e,generated,ddpm,calibration,western-blot-05622,bde699ea4a2a4235
synth/ddpm/ddpm_img_05627.png,4cc58a1c29ff66f9ad0cba3b7e712bbc7067bee7c2e58f64c564313f962c1b2b,generated,ddpm,calibration,western-blot-05627,9919e6e612191dee
synth/ddpm/ddpm_img_05632.png,14cf6b53757c4df72387e2cf86623e4a83945016e6373148a6eb95c5bd29205b,generated,ddpm,calibration,western-blot-05632,e1909c6c9e6f6199
synth/ddpm/ddpm_img_05646.png,75c652f48169bc79f3bc002a4264c95c055a9379ad5a73c216dd6818a00a4df3,generated,ddpm,calibration,western-blot-05646,a9c6d4ad8966562d
synth/ddpm/ddpm_img_05648.png,d974f97efb343edbab6b7a26dc89cc8993883c2b0945d09cbe5f058bce36178c,generated,ddpm,calibration,western-blot-05648,bd429fe01f70066d
synth/ddpm/ddpm_img_05649.png,e2baa430b15c71870ac991bf376bbad44feb5b6088f6f11a71dacc5579ebc3bc,generated,ddpm,calibration,western-blot-05649,875b007d0c7b7867
synth/ddpm/ddpm_img_05652.png,5ec80b9fb774f2594665afaa1fbdd27456ca4855814ce4a8719955e89567f4ab,generated,ddpm,calibration,western-blot-05652,daade55219a5e618
synth/ddpm/ddpm_img_05664.png,ba65e16aed62ad3988fd415354d33b8a38f04ce7044757330ea27ed137d2f2a1,generated,ddpm,calibration,western-blot-05664,ff6f80e07e00507e
synth/ddpm/ddpm_img_05685.png,3ab4b0f14d971f33f0e8357d890ab9a796708002a4ff3aa04005b4d10455c405,generated,ddpm,calibration,western-blot-05685,ad37c22965c39a3c
synth/ddpm/ddpm_img_05696.png,62c47e5b39fb127326d1a1254dd7c175dc41a7537b324a448ba9158e44133680,generated,ddpm,calibration,western-blot-05696,abadf16a1a85d8e0
synth/ddpm/ddpm_img_05713.png,66fe36dbaa92b29ce0376c018271907c35cbefdfac8f4a341a4c08d9673219c0,generated,ddpm,calibration,western-blot-05713,cf5fb098586ccf80
synth/ddpm/ddpm_img_05716.png,569cec40e4560758b389c61cd77fcf9fc91dfdc7c1379f4375d3810c54852bcd,generated,ddpm,calibration,western-blot-05716,bf8082fa7b286b15
synth/ddpm/ddpm_img_05723.png,e225bba8b8b446139b6679854e5541a131c8215bb20a7b6dbc11b16a86f394a8,generated,ddpm,calibration,western-blot-05723,99a6e61919e6e619
synth/ddpm/ddpm_img_05728.png,39d819e61707e0c6893ed627f9c502580ffa47864a9fa71c03a1e1c0c70ac0e8,generated,ddpm,calibration,western-blot-05728,9919e6d859665659
synth/ddpm/ddpm_img_05735.png,c2d985c746741516cc5f8fbfd9c6af6fd01da5335d4f3fdfda5c52be479ef32d,generated,ddpm,calibration,western-blot-05735,95e2eaeaea15ca09
synth/ddpm/ddpm_img_05785.png,0fbe199538cf455abd74288b0c2519d659cbeb149ebc0a75cf1a035756646790,generated,ddpm,calibration,western-blot-05785,a5d1daae239065f1
synth/ddpm/ddpm_img_05793.png,9e660f559a3ca2380083158039fc88c3ea84f0bf9b7ba410a091d25f7e97ff2a,generated,ddpm,calibration,western-blot-05793,f9b3d5826825b964
synth/ddpm/ddpm_img_05801.png,ba9dd2263c39bc0666a235c0a117d68874ecf326c5416aba662d7661e10e2273,generated,ddpm,calibration,western-blot-05801,d23aadc1523aadc5
synth/ddpm/ddpm_img_05844.png,bbfe67d93b17987a36b44b1fc6adc0ccae4d31dc7e7dcf85e3bb806382040286,generated,ddpm,calibration,western-blot-05844,ab91f66403eb7c24
synth/ddpm/ddpm_img_05858.png,4bdea6ea2d3cf44f88dee9eede6b80a6eda174d2d7bf71d6b963b9ae6c7f67fc,generated,ddpm,calibration,western-blot-05858,feafc0422cfcb601
synth/ddpm/ddpm_img_05861.png,887d626884cedfe3f019cdbaeca814c0d0f19586213d592823882f70cbe0c0b8,generated,ddpm,calibration,western-blot-05861,981cb649e7b6194d
synth/ddpm/ddpm_img_05879.png,fbcb6c1168db57851b1868919e8754c7167c928f6d538c4f3a87a8aebd289dea,generated,ddpm,calibration,western-blot-05879,d9a08deb5251a7c3
synth/ddpm/ddpm_img_05884.png,2be62e223948bb4aed628aba5e1b69bba2047a83942087a7da02b9250ff0e825,generated,ddpm,calibration,western-blot-05884,c311bc41bffe4143
synth/ddpm/ddpm_img_05886.png,02b6e00bb306796560df549cec7ca9e8a203d086dbd8e4818d131827bf88092a,generated,ddpm,calibration,western-blot-05886,9948a69967e61d59
synth/ddpm/ddpm_img_05894.png,1756b6ff733a46b28e7b534a90fdb947a8452c28e851313b23101d42c43ff3ee,generated,ddpm,calibration,western-blot-05894,ad2ccad4c0b63d4d
synth/ddpm/ddpm_img_05899.png,69788eef980370f738b378a5e0ded0628af7ba02650d920779529ca6ae293c93,generated,ddpm,calibration,western-blot-05899,ffb180ea5b2a2a15
synth/ddpm/ddpm_img_05927.png,e6ad852dbef6f5503cfee14bdac636da917b4fa5294d526dbff23a2f47bdd2e4,generated,ddpm,calibration,western-blot-05927,f0959e62709f8c78
synth/ddpm/ddpm_img_05934.png,206786ff88fda2477dc64606c004d0158b9becf17e6382f9be9701626b9afdbc,generated,ddpm,calibration,western-blot-05934,991fb1c767628d0a
synth/ddpm/ddpm_img_05944.png,2221c813475c44db9b76ffe0e54af38518d15e22cad545aa8eb4b187c07cb3b1,generated,ddpm,calibration,western-blot-05944,ea9c9595956a9523
synth/ddpm/ddpm_img_05949.png,ec70e03b2e05754f777190a44b687929e40635e9a54d3881de18b13598020ffa,generated,ddpm,calibration,western-blot-05949,c8f3f94a0aa4f278
synth/ddpm/ddpm_img_05953.png,db2a0fe65de1608f820ca107bd9608efcc1a5ca5010bc5369d0ab3659ff41110,generated,ddpm,calibration,western-blot-05953,f561cac8c875272b
synth/ddpm/ddpm_img_05956.png,ddfb0e01cf60098bf5655c335aac6e482264820b2f7904e01b21143e4b202913,generated,ddpm,calibration,western-blot-05956,80f9fe0f00f06e4f
synth/ddpm/ddpm_img_05961.png,1422d5bee6277e2d4847687a48c67f00ae037a1cb4c60dcd5e9a687a292d79ea,generated,ddpm,calibration,western-blot-05961,91eaea11eaed10ea
synth/ddpm/ddpm_img_05965.png,5d2606390b7159c9515541733e471965a077688ccd777103e883bb159e79f5a8,generated,ddpm,calibration,western-blot-05965,c07fbf2040dfbd02
synth/ddpm/ddpm_img_05967.png,41cd375b8625b055c6b2b312f6bc7e19f35745703ad0ecaf4f9746fa17552cfa,generated,ddpm,calibration,western-blot-05967,c2bdbc4643b8bc46
synth/ddpm/ddpm_img_05968.png,81ba6ca546a1886b16fb696e399da602f340952a5889d7ad91fe348d8e8d14d2,generated,ddpm,calibration,western-blot-05968,bd61c0c8c87d2f2b
synth/ddpm/ddpm_img_05998.png,22ece384bbc7bdc55534c138201624f373b0b0dd56fbb9746643a59893cb4e8c,generated,ddpm,calibration,western-blot-05998,f08f8f7863479498
synth/pix2pix/pix2pix_img_00006.png,3ec511f143a3139cccba604a53b00072d34ee37847f5d4bacf28b5cd116ea314,generated,pix2pix,calibration,western-blot-00006,e09f9f608ee7108e
synth/pix2pix/pix2pix_img_00008.png,af43c8e682c0a44afc55580133613cfaba1a1e8ed594103356c96edb018d5c61,generated,pix2pix,calibration,western-blot-00008,fe81807e8fe03d83
synth/pix2pix/pix2pix_img_00010.png,d6bf1948e2146203cf5ec86a4f35a66cb3dc101295ff3b32dd6e6aab73ef790b,generated,pix2pix,calibration,western-blot-00010,bac4d1837f1a84f8
synth/pix2pix/pix2pix_img_00026.png,0f32a05995f153b9b23c4ec541e74bb3d4366f5840eccad8e1ab6c0ccce95fbc,generated,pix2pix,calibration,western-blot-00026,b55cca8a3535cc9a
synth/pix2pix/pix2pix_img_00049.png,a9db00d06144ff552e1ac1d58f462242865d3a4e2cc67f3f642d3b87ddd229b7,generated,pix2pix,calibration,western-blot-00049,9313edececa4121b
synth/pix2pix/pix2pix_img_00054.png,9274c60de1de06271f390b005236f98c497b72cdea04f6a95b96fdc424656f7d,generated,pix2pix,calibration,western-blot-00054,96e9e916eacc3612
synth/pix2pix/pix2pix_img_00109.png,e01d4794127edcb563ef08a87a5eb3ffdf93eb1716cef0e1ab377666620b6049,generated,pix2pix,calibration,western-blot-00109,adc9d23529d2364d
synth/pix2pix/pix2pix_img_00111.png,fbb68e56d4fff8f63dd623af3ec3aa1049283a1ed0aed4e6a8cfdc6c31f0d326,generated,pix2pix,calibration,western-blot-00111,e09e9f61318e6699
synth/pix2pix/pix2pix_img_00139.png,92deab85427c46efa89d906fc21e7e3eee41ee7df9392d02f3a00f0ea7312c9c,generated,pix2pix,calibration,western-blot-00139,9bcfc430ccfe10cc
synth/pix2pix/pix2pix_img_00162.png,0e38ae881dd0b05d662faa9c044f5572688bb8712e019034412a320e69820ef9,generated,pix2pix,calibration,western-blot-00162,a071d7d8d9c2d8b4
synth/pix2pix/pix2pix_img_00193.png,cc3ef49b90284eb481b635e91e87d3525db9495b563f1fabb0ada8e7fd4a051d,generated,pix2pix,calibration,western-blot-00193,a07edfd0d0c3f0e0
synth/pix2pix/pix2pix_img_00204.png,e1ed6085f1b5ceccd5907ba1205479370a0685d06f94f13e70c9aff0539425ef,generated,pix2pix,calibration,western-blot-00204,a07cdfd2d1c3d0b0
synth/pix2pix/pix2pix_img_00208.png,8b2b5572066eb6f1080c7e8754a0b60dee9b9262a4316c6bb22d926f58394e90,generated,pix2pix,calibration,western-blot-00208,8707f8fc03f0f80e
synth/pix2pix/pix2pix_img_00237.png,07199fcaf42523da92d7204b06d673ffadbb59edce9be8947850b92621615356,generated,pix2pix,calibration,western-blot-00237,b2f0cd0c7007cbfc
synth/pix2pix/pix2pix_img_00258.png,e8bd05b75124b4e806dc5632862248a731155abcd808def5eeefb55df1da081c,generated,pix2pix,calibration,western-blot-00258,b2cd8c738f7083cc
synth/pix2pix/pix2pix_img_00277.png,64031310e11b358fd6970540bef24d4525dd1f40e5072d444074ccc9b04af44f,generated,pix2pix,calibration,western-blot-00277,a07eddc8d1c2d4b4
synth/pix2pix/pix2pix_img_00309.png,e577bd9d0e66e3d3d6e6654641268f0a65250fdc4c88949e771681981cf2bd38,generated,pix2pix,calibration,western-blot-00309,a648d9b4360fcbf0
synth/pix2pix/pix2pix_img_00311.png,50ebd6f5c80906a244ce27f949fe96b81ac3e9c8534bc9d9f5300844f62b3dec,generated,pix2pix,calibration,western-blot-00311,88cf68e70ebc43b4
synth/pix2pix/pix2pix_img_00331.png,c71aeab1d211313191a75d93b753721945ca9c5aeb2e83660469ada96ed6b905,generated,pix2pix,calibration,western-blot-00331,e56798985767a898
synth/pix2pix/pix2pix_img_00348.png,52a9f4ffc063b2a362230fa441ec1309f3918909165147aff66ee5423a0df051,generated,pix2pix,calibration,western-blot-00348,8c0cf1d7d3737128
synth/pix2pix/pix2pix_img_00402.png,b620fa5378eb2d4b822c986fc459655520b991c415fe6e988ff6e57694154c61,generated,pix2pix,calibration,western-blot-00402,d919a4e47b5b19a4
synth/pix2pix/pix2pix_img_00403.png,fd07fdf17f2bdf01b4c83297efdff0cc63b39d6f4ec8072a32ccda246b116871,generated,pix2pix,calibration,western-blot-00403,d959a6a6795918a6
synth/pix2pix/pix2pix_img_00405.png,12018d140926bb09e3b03e803b17a7312c6ee6d5d877008457c0f91329a01de5,generated,pix2pix,calibration,western-blot-00405,f8789797852468ea
synth/pix2pix/pix2pix_img_00408.png,299b3c6fd9fb6ad29609b3833ee3aa66cda063b53dc68a986db6e292d730eea8,generated,pix2pix,calibration,western-blot-00408,c62bb8b96e4723d0
synth/pix2pix/pix2pix_img_00410.png,5f076a2723ac07138e46a4198ef2d23d023bf3c64acdf2bf4f9f80689fcb201f,generated,pix2pix,calibration,western-blot-00410,f1718e8e8e717131
synth/pix2pix/pix2pix_img_00418.png,8c4cd788f9d8696ecce5cf68a9eaebc2f4c9522c51a66f429083220b4c34ff05,generated,pix2pix,calibration,western-blot-00418,f8788387877c7838
synth/pix2pix/pix2pix_img_00436.png,023308ffd82dbc6740ff36a42679430b91e71c8c6b94c991d03cdf8b93a49c3b,generated,pix2pix,calibration,western-blot-00436,a07fdfc0d2c2f0b0
synth/pix2pix/pix2pix_img_00440.png,a0ea6f13b40a9f4378c83815d5514177a4cc53896fe0c787db835da5c43e37d3,generated,pix2pix,calibration,western-blot-00440,8c85e39d1cf1e30e
synth/pix2pix/pix2pix_img_00448.png,d05d806179db7503ac407ba6c059e80b9c7e8eec54e66792ce468b4b24ba5bbe,generated,pix2pix,calibration,western-blot-00448,a2d8c9b536c9c936
synth/pix2pix/pix2pix_img_00464.png,00f02a4b2b08078c4b84d2cbdeb41592e8234b33575cf19ef1bdc716ae13867d,generated,pix2pix,calibration,western-blot-00464,a6d8d9b23488db36
synth/pix2pix/pix2pix_img_00476.png,b26426179ee7c5efdc54a2756daf21c85b7ead4dbb2c8c75f9ba903bde01a9a3,generated,pix2pix,calibration,western-blot-00476,a03fdfd0d1c2f0b0
synth/pix2pix/pix2pix_img_00509.png,b2dec5b4ef9dfeed00aa1245056add79947a7fa226079526222b9d9a1663e982,generated,pix2pix,calibration,western-blot-00509,a03edfc2d1c2f0f0
synth/pix2pix/pix2pix_img_00514.png,58b27bb5d3cf8bfe59b035b82e8c927c97b6a9ddc220da595bd8a38ee64312f8,generated,pix2pix,calibration,western-blot-00514,d4a5829b9bb1aa66
synth/pix2pix/pix2pix_img_00530.png,b6ad480d55243e55230a0d0243c208f843ecc83b169cd92308d2f83c4e0ba814,generated,pix2pix,calibration,western-blot-00530,8c0cf3f30c0cb3f3
synth/pix2pix/pix2pix_img_00531.png,ad14dca81de106231a7f6002649199b3f5bc830d9076cbd6cab1eddc32f9f2cc,generated,pix2pix,calibration,western-blot-00531,d5aca15a9bb1aa64
synth/pix2pix/pix2pix_img_00547.png,185aec83b2199e03949778558c0b7606e207556d3cf9c126ad75f259b6e5a370,generated,pix2pix,calibration,western-blot-00547,9303ecec1b33a4cd
synth/pix2pix/pix2pix_img_00560.png,ac9cdb7dc7cde4e559b3f964ac095201470a32e5b037f27b1b038ebb7dd79578,generated,pix2pix,calibration,western-blot-00560,aad1d5a7d12a12d5
synth/pix2pix/pix2pix_img_00561.png,996940f47509fe0bc02e990a8cd7b8703b2e3092004aa2fb6eb02da7d59d8cc4,generated,pix2pix,calibration,western-blot-00561,db8aa4a4ab5bd8a4
synth/pix2pix/pix2pix_img_00564.png,8327f10e538b2d370d7edd075a0073ad34f6593673e5d153b370ceaf506d04a0,generated,pix2pix,calibration,western-blot-00564,96aaa9c9ae1654e9
synth/pix2pix/pix2pix_img_00567.png,82e8f408a1d6a0d2562dc729abf6c32ce31df68533013a9da99a33b5538f79ae,generated,pix2pix,calibration,western-blot-00567,aaa8d5d5aa2a2ad5
synth/pix2pix/pix2pix_img_00595.png,57255471df13fc5fbe9cf381f89fcb44289902986fbfac23273f4191fdefe8c0,generated,pix2pix,calibration,western-blot-00595,df80a07f5d803a6d
synth/pix2pix/pix2pix_img_00605.png,54b091d8ea845f0c91b7e81dac34b963a3d9cda733a972ddb2c0f2d7693b6d7c,generated,pix2pix,calibration,western-blot-00605,ceb0b14ef0b14e74
synth/pix2pix/pix2pix_img_00626.png,10d847f3910e7c89c306ae0079f5cb213683143635756d0ad67e17320107f67d,generated,pix2pix,calibration,western-blot-00626,e19e9f61b08e6730
synth/pix2pix/pix2pix_img_00627.png,f63fc7ada78f5c0725d41ba34ed721c28f2dc69643cd11179e3e8d2e33e142d8,generated,pix2pix,calibration,western-blot-00627,e09f9e609f9e6019
synth/pix2pix/pix2pix_img_00642.png,ba7299904a4930a8095cbf09604287919bf88046fa78212c1677272017623e71,generated,pix2pix,calibration,western-blot-00642,a27edfd2d1c0d0b0
synth/pix2pix/pix2pix_img_00649.png,b4a264850c07af4ea42fd53fdc6f0474793bb5d24e638c5ec9a5cac70f0248b6,generated,pix2pix,calibration,western-blot-00649,a03edfcad8c2d1b0
synth/pix2pix/pix2pix_img_00650.png,423185e7cbfa307772db91848a7181d257d9ecab9258204cd0df6fbb83acd5fd,generated,pix2pix,calibration,western-blot-00650,a076dfc8d8c2d1f0
synth/pix2pix/pix2pix_img_00657.png,cc76031c2c9d9977e6bcb07798f7b33c8b139fa67229ac758010316d734f5302,generated,pix2pix,calibration,western-blot-00657,a47cddc0d2c3d1b4
synth/pix2pix/pix2pix_img_00658.png,1caeca12332b904662f62c8d2925276b56a7916b061b7ded7121b5e1d85f15aa,generated,pix2pix,calibration,western-blot-00658,a072dfc2d9c2d1b4
synth/pix2pix/pix2pix_img_00660.png,716dc067256e390c63663643886b647106eb71dc68a45e57a0bff5411601b9e6,generated,pix2pix,calibration,western-blot-00660,a07cdfd8d1c2d0b4
synth/pix2pix/pix2pix_img_00668.png,57f0170e0e5c5db8e43198389fe267ba0da5ac3ea59f503edbcfe53fba148b48,generated,pix2pix,calibration,western-blot-00668,a07cdfc2d1c3d0f0
synth/pix2pix/pix2pix_img_00684.png,e13d75028f780143056266cf160a6b7343c6478f195528cb4878ce1fb421e358,generated,pix2pix,calibration,western-blot-00684,e89fe05c25d7ec10
synth/pix2pix/pix2pix_img_00699.png,2dc3ecc332be9c5f61246bd06c06e501b6fe6807727b5ab23e9323a69d8dd642,generated,pix2pix,calibration,western-blot-00699,e19fa15e219ff060
synth/pix2pix/pix2pix_img_00705.png,6b38c8a2bdb029abe6c2882da502d0ff4f286f63765313588218ac2b247ca9bf,generated,pix2pix,calibration,western-blot-00705,e09fa05f2997fc40
synth/pix2pix/pix2pix_img_00716.png,ed6fcb17fba9973b579f47a0df7f2f25def1984c57b132086015886f9f012d48,generated,pix2pix,calibration,western-blot-00716,cd0e0769e34b4d0f
synth/pix2pix/pix2pix_img_00719.png,d919c190a9a210edc1e9a17a8b3b405ad17baa17e28ded38d630d168bf28cf85,generated,pix2pix,calibration,western-blot-00719,9633135f0a151d77
synth/pix2pix/pix2pix_img_00721.png,7cd56974ee9b9aa6a187a59da1ad544461859c64667573f2a77f5a6dc3778cee,generated,pix2pix,calibration,western-blot-00721,ff7d5e416a605141
synth/pix2pix/pix2pix_img_00752.png,6a18217824adf22bb10fa6dc9b22b601cb109188720e2c16dab555e158b18bc2,generated,pix2pix,calibration,western-blot-00752,ea786728456d2b2b
synth/pix2pix/pix2pix_img_00758.png,52a456450b293388a73846c72b9a58d6da1e7950beedf10f9000a6760eb4adba,generated,pix2pix,calibration,western-blot-00758,d456f2ab29af9150
synth/pix2pix/pix2pix_img_00761.png,b7f49fc2f3c41cd1922016809949aca71467b4dfbc8ee799669c693f18f93583,generated,pix2pix,calibration,western-blot-00761,d456f9a9292ba554
synth/pix2pix/pix2pix_img_00783.png,8b99bb1d6be8669ce59a6eb96660875d55a4101e879e172b4d53b7da422ff697,generated,pix2pix,calibration,western-blot-00783,aa2a8aea5495f17a
synth/pix2pix/pix2pix_img_00797.png,5ad07bf4319a00c75c6fcb026da322392c0d17a968231c51993460cf939fb672,generated,pix2pix,calibration,western-blot-00797,abd415947b14d46b
synth/pix2pix/pix2pix_img_00915.png,ae690ef83b3dc364080f3c07b3116239872edeb100d14185ec8f5f42e0953a6c,generated,pix2pix,calibration,western-blot-00915,cbb4b44b49b4b64a
synth/pix2pix/pix2pix_img_00916.png,d9a72401c364117ee577756208dae5dd9ed11bcf3ba7c78e331fed0c9a20eb71,generated,pix2pix,calibration,western-blot-00916,a07cdfc8d1c2f1b0
synth/pix2pix/pix2pix_img_00920.png,d27ef770fcca0f6df6b067f007a7d8a279ba9412f4f2ac8c26f8cc631bbd1a0b,generated,pix2pix,calibration,western-blot-00920,a274dfc8d1c3d0b4
synth/pix2pix/pix2pix_img_00929.png,9eb784997dddedf03535dd63359797499fb223b7306378420154a8279dc5492f,generated,pix2pix,calibration,western-blot-00929,a47cdfc0d1d2d0f0
synth/pix2pix/pix2pix_img_00933.png,c6747b2309f696b7df1f9307b7ec8fa8c256d7db6ed70117a33414cea46ef197,generated,pix2pix,calibration,western-blot-00933,b0dd533239cd3331
synth/pix2pix/pix2pix_img_00937.png,0018e1e3d6cb914ced4f5dfa31cc2d0876a655016ff916106a649e0ff44241d5,generated,pix2pix,calibration,western-blot-00937,a036dfc8d1c3d9b0
synth/pix2pix/pix2pix_img_00938.png,bc3a81c12190e516cd0346bc8cf28e9057cca5b8b20b1866507e7aaad3c632af,generated,pix2pix,calibration,western-blot-00938,cbb0b44b4bb4b64a
synth/pix2pix/pix2pix_img_00941.png,3efa37aca17afc610c5b083522455ab1b5be90b6b5c36369bbfd62f95b418ec3,generated,pix2pix,calibration,western-blot-00941,a07cdfc1d1c2dcb0
synth/pix2pix/pix2pix_img_00943.png,e715ef798b4dd9f0495fc0fbacd333ed49566ca1413f337d348ea2e7fda9a695,generated,pix2pix,calibration,western-blot-00943,a47cdfd0d8d2d0b0
synth/pix2pix/pix2pix_img_00951.png,18ac05b781d97a07483d1a290685e77e7ad6e69a5c36fdb7ad3237efc952d351,generated,pix2pix,calibration,western-blot-00951,8ef3711e0ff01e0a
synth/pix2pix/pix2pix_img_00958.png,39e6184af0dd909beec2c22cdb0c4b0090fb665f804586dd6384b42f4408e2e8,generated,pix2pix,calibration,western-blot-00958,b7a2c85dc8a837b2
synth/pix2pix/pix2pix_img_00961.png,510d553393b4922b5c864897d753577f0acd1d854a820eeb6e66b6eb6a5eca81,generated,pix2pix,calibration,western-blot-00961,e67c993199996686
synth/pix2pix/pix2pix_img_00965.png,06f65b35dfe25cd0795cd9e39b204d52b4dd0c5b4bfafabe04384055988ce9a1,generated,pix2pix,calibration,western-blot-00965,e2ec873999c662e4
synth/pix2pix/pix2pix_img_00966.png,e7e7efc0d81542e633a7a837575c77308f6513924652b07442d80d6ddfb23898,generated,pix2pix,calibration,western-blot-00966,ca62b56cb5b54a89
synth/pix2pix/pix2pix_img_00979.png,9472652d314c9f1793124441b6413ea62339e4f2ad0d2d87db9babfcf1e87f5d,generated,pix2pix,calibration,western-blot-00979,bf3fe00180c03faf
synth/pix2pix/pix2pix_img_01030.png,8aa340a9bbf874ec3b2bad96a9e7b55ff9831a874c689da86d6c5f4a336ae274,generated,pix2pix,calibration,western-blot-01030,c747b8b9414ea6b1
synth/pix2pix/pix2pix_img_01040.png,81ba50719aba015481079c5f4d963ba0c721b7dca89a5f58b5b6a398b00318c1,generated,pix2pix,calibration,western-blot-01040,eac4952a6ad59d1a
synth/pix2pix/pix2pix_img_01055.png,fad4ecc4f104eda7aa41b8359be048af47d438ff345ad283e7b5bdd1ebe153cb,generated,pix2pix,calibration,western-blot-01055,f87887877c3c6170
synth/pix2pix/pix2pix_img_01061.png,b52712704dbf04d312e7356e9a20b5182e3ff19c3d65ae8a033829fad46540c7,generated,pix2pix,calibration,western-blot-01061,aa2ad5d52a2ad8d5
synth/pix2pix/pix2pix_img_01069.png,915c8a16b35cc3b38ef1bfbc0e2652e2bd4deeb9fdc75fae25957bb25d7c5ed9,generated,pix2pix,calibration,western-blot-01069,96eae9151689c96e
synth/pix2pix/pix2pix_img_01080.png,1ca763230f3f730610e81ccf7bf1b0a050c4a0cedf398b8309090d47c5e548ec,generated,pix2pix,calibration,western-blot-01080,92e8ed1612e1ed2e
synth/pix2pix/pix2pix_img_01081.png,a094448267c23c290a7bb5f17a508589185fcf3b377786e71b021d3b1d13aaa8,generated,pix2pix,calibration,western-blot-01081,99e0e61a59eca761
synth/pix2pix/pix2pix_img_01083.png,cf3c2c1b7d31bfeb2433b821c9609ac94061c64acdccb64793a7885ca46ca0a2,generated,pix2pix,calibration,western-blot-01083,aa80d46d2aaef5d4
synth/pix2pix/pix2pix_img_01091.png,885c7906c8f0c0130f7c656313554ad56302ff76e1af1267be4f38edf29421af,generated,pix2pix,calibration,western-blot-01091,e39c9c63039a7c1d
synth/pix2pix/pix2pix_img_01096.png,257ffd9b80655da01c85019bf08dd8c98219d3da86081479fb632975f5fdb3d1,generated,pix2pix,calibration,western-blot-01096,b4cccb3414e3eb0e
synth/pix2pix/pix2pix_img_01105.png,c9a0ba740bebc4bd9575568d604e174cb558455558c705c8b7b2e9858a5b1aed,generated,pix2pix,calibration,western-blot-01105,94caeb35348bcb68
synth/pix2pix/pix2pix_img_01109.png,f15a6e5d835e45688472a8320f226d9347d5217725fd15d667c4a363285668fc,generated,pix2pix,calibration,western-blot-01109,ed92926d26926d2d
synth/pix2pix/pix2pix_img_01114.png,288f550616513fda2a4df94bd3e440e5fbdf8505c931495b71f68c26c6271ce4,generated,pix2pix,calibration,western-blot-01114,e6b1996693996652
synth/pix2pix/pix2pix_img_01129.png,94667e19332b606dc65b5a68367df6786a0eb9ad049c3c9e5d71d8c62de15bbe,generated,pix2pix,calibration,western-blot-01129,e99696693c964969
synth/pix2pix/pix2pix_img_01136.png,cbc0809011ad60c431e09321a114bdcbc456e7128575a99b16ab702fa8a3fd3a,generated,pix2pix,calibration,western-blot-01136,cfb0b04f96b04d4e
synth/pix2pix/pix2pix_img_01155.png,b6597702c59a14e63df2c0a64da51e7463b1a5cef487e0066d6ea40e2788386f,generated,pix2pix,calibration,western-blot-01155,a03ed7c1d8c3d1b4
synth/pix2pix/pix2pix_img_01164.png,d3f61cf42349a603549be815b8c0cfcdf2fa704cba19baccd41d3cf5eeaf35f6,generated,pix2pix,calibration,western-blot-01164,ff81807e1a807779
synth/pix2pix/pix2pix_img_01173.png,f611b4e63418e720cbbe251fa75b70860aeb077c7e8972495751f54ff59235b7,generated,pix2pix,calibration,western-blot-01173,fc8383787e81387c
synth/pix2pix/pix2pix_img_01180.png,b1aaf3e5715b60c9e258d0cdd1f44f6fbbffb9cd8131823d5378c3c4afa7bb1f,generated,pix2pix,calibration,western-blot-01180,ff80807f81d03f63
synth/pix2pix/pix2pix_img_01182.png,c29bd405158e0d609d6c45870174301513df24959d4621aa8afa5e41b59695f2,generated,pix2pix,calibration,western-blot-01182,a07ddfc2d5c2d0b0
synth/pix2pix/pix2pix_img_01202.png,b5a1c3080d98a414d246728f55b2f10d5be52af727c1f263d79b2fdc2ef48674,generated,pix2pix,calibration,western-blot-01202,a03cdfd3c1c2d0f4
synth/pix2pix/pix2pix_img_01203.png,0ead4182c976a3252a5a17c325fe1b6cfcb8dce01ee74474a28e0ceee3c42b9f,generated,pix2pix,calibration,western-blot-01203,a23cdfd2c1c2f4b0
synth/pix2pix/pix2pix_img_01235.png,1d8ae506be15575594c0d9134a1b5903cd056931dd40ce31e00252fcb9d3329f,generated,pix2pix,calibration,western-blot-01235,a07cd7c8d1c2d9b4
synth/pix2pix/pix2pix_img_01257.png,e210ef1f5b08bb7a4b8bd51f6ace4538731aa9da9ead8d1bbdabf0a1a98db4d1,generated,pix2pix,calibration,western-blot-01257,b8b4be53cb4b8928
synth/pix2pix/pix2pix_img_01261.png,1068a8da5f72bdba38f9596bc9bd494ae2904963901cb14233b5135979607127,generated,pix2pix,calibration,western-blot-01261,ee81907e6f80956b
synth/pix2pix/pix2pix_img_01298.png,97360f551b51026b0b0a1d3912fabc74001c11b041a1446fa297f86b4cee94a9,generated,pix2pix,calibration,western-blot-01298,a07cdfd0d1c2f0e4
synth/pix2pix/pix2pix_img_01308.png,b9167d71a8c1fc417cc81c0a28210c833dbfc44e94d2669aa5d12649875649ac,generated,pix2pix,calibration,western-blot-01308,aa572ad52ad54995
synth/pix2pix/pix2pix_img_01310.png,91c77ad8a81aadde4963cbc4deb3dae5ef7c0303f85859b2b2d861519bd8b54c,generated,pix2pix,calibration,western-blot-01310,8a5708d58cd5add5
synth/pix2pix/pix2pix_img_01317.png,9cdb85158d26a73f49322abd94bfe644f442337865c2171e108c49ce8c3fef19,generated,pix2pix,calibration,western-blot-01317,aa2b0fd5d5d13096
synth/pix2pix/pix2pix_img_01320.png,04811bf083370a9e6fa9039314b1092464dbb1eb3a9f9a2a723529b78056a1e3,generated,pix2pix,calibration,western-blot-01320,ee4f909090e26e6f
synth/pix2pix/pix2pix_img_01327.png,5ccdea465460b27a665bd160a83fe74cb4cac396c4b30a3328aa2f786e66bd0c,generated,pix2pix,calibration,western-blot-01327,a03cdfc2d3c2d1f0
synth/pix2pix/pix2pix_img_01332.png,0d45d258d16bd80a30e129a1eddffaf6ce75312b2ea35dffb48fbed62bbdf1cd,generated,pix2pix,calibration,western-blot-01332,b4cec93136cfc930
synth/pix2pix/pix2pix_img_01333.png,548a3da6dc3613e5402b38a13b000e831f41883da4aa101c62e486d11cd3eb83,generated,pix2pix,calibration,western-blot-01333,a3dd322fc832cd32
synth/pix2pix/pix2pix_img_01338.png,6184d12c79cd91441cc262d775bcbf17ff37713ba684079a6a7f6c63496d0204,generated,pix2pix,calibration,western-blot-01338,d698fd2600dd7e09
synth/pix2pix/pix2pix_img_01373.png,9918ebd872605239182e76097df04fc540e0721d53bb92008a7b415c1eaddc37,generated,pix2pix,calibration,western-blot-01373,91e3e817e49d06f1
synth/pix2pix/pix2pix_img_01383.png,b633494d9463f1550c8e7bfe1293a80b1c11229414d9649288437e522c76ea4d,generated,pix2pix,calibration,western-blot-01383,d2adaf52a1e552a8
synth/pix2pix/pix2pix_img_01389.png,511a030bdb3d38f7e3d60f3d8bc5571855651d7afd5022959809b196c57ead9e,generated,pix2pix,calibration,western-blot-01389,87f0fc07f00f07f0
synth/pix2pix/pix2pix_img_01390.png,4a203ef00d248ec3f4d1cfaf6af0162053f65f0b225923574d9a2ae9c7595e67,generated,pix2pix,calibration,western-blot-01390,80fffe00ff0000ff
synth/pix2pix/pix2pix_img_01392.png,b3121d6c2ca14f30614889488df1d8ae65ac3f7ad15e6d0b91b917a52d08d2d2,generated,pix2pix,calibration,western-blot-01392,e39c9c639cd0639c
synth/pix2pix/pix2pix_img_01397.png,ac03c6a0d3ee71e4b18f45974445e7e18b4a035b7f67f0b091093f9a19629b1d,generated,pix2pix,calibration,western-blot-01397,a8d7c62897cb2897
synth/pix2pix/pix2pix_img_01399.png,df1317b268e5a9f59dfeb94921489b6c5547c424930d3219960bf256223eb005,generated,pix2pix,calibration,western-blot-01399,81fafe05aafc058a
synth/pix2pix/pix2pix_img_01400.png,390f83961dc3076eb1184316c331f40a4672654f0787db2c8544a76f6b79d6ad,generated,pix2pix,calibration,western-blot-01400,bec1c33e09cb7621
synth/pix2pix/pix2pix_img_01411.png,c8779ee2b66837f1fe9c1ac03c25e2907de74a7e2237e25d930c3a1f79220396,generated,pix2pix,calibration,western-blot-01411,99e6ee19c63918c6
synth/pix2pix/pix2pix_img_01413.png,05bd79e3621294a338a65656973aa6c0acbf6cea98cf8ab83391b5f1bae9a4b8,generated,pix2pix,calibration,western-blot-01413,bdc2c03dd2653fc0
synth/pix2pix/pix2pix_img_01415.png,5ad399313128be177d24f9aae047754669ef7d6e1b5a08b99d9979fe71f2b755,generated,pix2pix,calibration,western-blot-01415,87f6f80f88f80786
synth/pix2pix/pix2pix_img_01421.png,429007d06ee6c17b675ac5c5514c39141c65a374cf000aa98367d116fe390896,generated,pix2pix,calibration,western-blot-01421,e39c98639cdc6398
synth/pix2pix/pix2pix_img_01422.png,d5f77543e911bfb96ab49c5ab2698be6e30c3b1e45a00931208242ecd5c52b25,generated,pix2pix,calibration,western-blot-01422,80ffdf00ff0000ff
synth/pix2pix/pix2pix_img_01427.png,3a4c6ce25a75c05ab5edf3c094e2e9dc9615a642e1b9e26ed59e6fc394f15533,generated,pix2pix,calibration,western-blot-01427,b461db924dc9a6e4
synth/pix2pix/pix2pix_img_01429.png,0f90056665a39c44ab797d1c6b4f3a97cdd6a7f440286a74717abdea4d762000,generated,pix2pix,calibration,western-blot-01429,e9699692216bdc95
synth/pix2pix/pix2pix_img_01434.png,48a08b0c84a1e242f281b0f31299c0981ce3dcf3d297f9e605827a5ef97cb0bf,generated,pix2pix,calibration,western-blot-01434,e96996922969dc9c
synth/pix2pix/pix2pix_img_01435.png,98f123a98cc7d00f3f9d3422b26d00c8d4b92659ba08f36204e29952a159467e,generated,pix2pix,calibration,western-blot-01435,c200befe6101dafe
synth/pix2pix/pix2pix_img_01445.png,b52399abe4c8250ee930d6c71837121a258d1ba5f9f0d95d9a5327a85f7cbfa5,generated,pix2pix,calibration,western-blot-01445,eb05d5d22a81e57a
synth/pix2pix/pix2pix_img_01450.png,e1c06f99f48eb72c38a3deac9579cd6f2f77a797393550417b01fb7cc6ceba1a,generated,pix2pix,calibration,western-blot-01450,a07cddd2dcc2d1b0
synth/pix2pix/pix2pix_img_01477.png,934869fa48cfc2bf841465bd2bb983bc195d2f8f82662b78f6139d7a54324c64,generated,pix2pix,calibration,western-blot-01477,9ab5e45a39e5823a
synth/pix2pix/pix2pix_img_01481.png,781b7d473409c2884f5905ce1fda4f09d8713a5116fbdb0f64c847e8e310f9d2,generated,pix2pix,calibration,western-blot-01481,bb3f7b2b6820f090
synth/pix2pix/pix2pix_img_01501.png,f984d0c85a43f797cd88bddf1a7346f572821f54134f60dcb15b0b9b461ac6fb,generated,pix2pix,calibration,western-blot-01501,bd92d02b34d25d3c
synth/pix2pix/pix2pix_img_01504.png,9db97010dd149580c944f2e4c75fac234440f0e6390616f6e4c73858c0346c4b,generated,pix2pix,calibration,western-blot-01504,e0bfbe411cbb1461
synth/pix2pix/pix2pix_img_01550.png,022dc54633b64f15b9c29fa6433b357b43d3e00dee1ee38641cbd1760f9e4e72,generated,pix2pix,calibration,western-blot-01550,e08e9e5163ac9f51
synth/pix2pix/pix2pix_img_01568.png,5fcd3aba5399503c82d8998aee5a44da8346d2f2471c74e3752b8caf5d068da4,generated,pix2pix,calibration,western-blot-01568,f8878778a5977824
synth/pix2pix/pix2pix_img_01570.png,1ed5870ed99b6b12c2c83829032fecbaf018da1f16eeb4811fb93b190770cc7f,generated,pix2pix,calibration,western-blot-01570,93adecd21308ecf2
synth/pix2pix/pix2pix_img_01604.png,835c5d03a6623198ae44d9232d2ee87fe39f9b6abfc4d4536fb7b9fe8781d7c8,generated,pix2pix,calibration,western-blot-01604,8101317b735179bf
synth/pix2pix/pix2pix_img_01612.png,166b15b0f282ef0641499a534c094be1c699b1f49986321a8482229a5901f6f3,generated,pix2pix,calibration,western-blot-01612,8121befcfcf84161
synth/pix2pix/pix2pix_img_01628.png,8fcef9d94a75b1ff03b9cee52cc40f80e92249bc521fc0a8c464973d2fd0de11,generated,pix2pix,calibration,western-blot-01628,b818c7e7fe383841
synth/pix2pix/pix2pix_img_01630.png,8663e700faca71e2f7c0a0df0ab4295f02381d9c0a44b6defb011bcba2270fd1,generated,pix2pix,calibration,western-blot-01630,a868f6d6802979fa
synth/pix2pix/pix2pix_img_01632.png,45dde46bd148bb6473ff28e017172800ed9412fe7ad38ce4362b53f5a11134ce,generated,pix2pix,calibration,western-blot-01632,8b41f4be0b41f4b6
synth/pix2pix/pix2pix_img_01655.png,47ff03fa542c5affd5d20200d3eac364b0fa60cc3e9f4184ba2422498b946782,generated,pix2pix,calibration,western-blot-01655,9d1de3e2aa1c1d45
synth/pix2pix/pix2pix_img_01666.png,ec813bd60df3760c03b010318be64b82178b0725cb39d7bd3898fa18713a82e1,generated,pix2pix,calibration,western-blot-01666,a3d595235cf71530
synth/pix2pix/pix2pix_img_01680.png,04e335edd9b304d8bbaf0e51a4b9acf1b5d264f9c17a1d2522eab9d809d2d6a1,generated,pix2pix,calibration,western-blot-01680,c07fbf4067a5845a
synth/pix2pix/pix2pix_img_01685.png,b72f94d9c23034603a8de9f2ef053aaf5e8d34397f9951f5c278202791e28d5c,generated,pix2pix,calibration,western-blot-01685,fe85817e0f80774c
synth/pix2pix/pix2pix_img_01695.png,a4079544aa4e8faae2f6d5e7db882af86ade4bd2fb6ccf93f4fa36cf6654332f,generated,pix2pix,calibration,western-blot-01695,a2dcdf2224dfe203
synth/pix2pix/pix2pix_img_01718.png,29530f8df8c2143cb8bde8408886303233d308fbbb09afd04c1a3c1a5715c3b3,generated,pix2pix,calibration,western-blot-01718,aeead0176fa89055
synth/pix2pix/pix2pix_img_01719.png,100e664883016b390463b71438201bec2631d9bb12c83b8fc27d923fe9f3206d,generated,pix2pix,calibration,western-blot-01719,bf60c11f1ee0c11f
synth/pix2pix/pix2pix_img_01722.png,a81f0c6ed886ae781225bfc55ec9efbac3695747807c3b1c6f9a60ae9ebac246,generated,pix2pix,calibration,western-blot-01722,ffd0802f7ed2a007
synth/pix2pix/pix2pix_img_01738.png,3efa1c15b84cb2b80196c0effd5414d4bed6e70c2b9ce145fa2d136e87363cb1,generated,pix2pix,calibration,western-blot-01738,ad29d0d20f0f75a5
synth/pix2pix/pix2pix_img_01740.png,12b5b1dd094668fe344e0c454a9f3de04f9cd7f31d080e5a3e5e139e9af65d48,generated,pix2pix,calibration,western-blot-01740,af2dd0c1477e78a0
synth/pix2pix/pix2pix_img_01745.png,448647702bcbf2ee7d046a6f92efaf5aa7dbebb4b24a3db8c1ff1e4f948bafcc,generated,pix2pix,calibration,western-blot-01745,9a1cece6e7313918
synth/pix2pix/pix2pix_img_01771.png,9093fa13ce07028d917813ef8f390c499249685732109c65c5e13e0f4002e39d,generated,pix2pix,calibration,western-blot-01771,9505eafaff170502
synth/pix2pix/pix2pix_img_01788.png,059e6a6e8ca4495ce988ce2700ad490af5124820598e1671b935d6b712d8faf9,generated,pix2pix,calibration,western-blot-01788,cf24b0994f26b4d9
synth/pix2pix/pix2pix_img_01792.png,2423016e56040b3c4ceac82ac321b5105604f919e87b6bb1cf36d5783829f7ba,generated,pix2pix,calibration,western-blot-01792,a82cd5d5522aaee5
synth/pix2pix/pix2pix_img_01793.png,bd2536a2986567006fdc648ac33e66ba11c3c5071336b56961f9d468d19973f5,generated,pix2pix,calibration,western-blot-01793,a525dada2d68d295
synth/pix2pix/pix2pix_img_01794.png,a4eca72ca5fadd45a1ffba23ad090eb95ab8ef9f5d0841ec9f45f1b8e271c108,generated,pix2pix,calibration,western-blot-01794,be3d85c26a0085ff
synth/pix2pix/pix2pix_img_01804.png,43f509108e6b9c56aef58ee6d06bd54982e39bfc6ca9aa0a9042468fed5f1930,generated,pix2pix,calibration,western-blot-01804,fc3e83c1703c8e8b
synth/pix2pix/pix2pix_img_01823.png,4ce805816a350a60411b7b3ad9088828fbd70b159a2748cbea6d443b5c500f13,generated,pix2pix,calibration,western-blot-01823,e3a29e9942cc7297
synth/pix2pix/pix2pix_img_01826.png,1f970397c6c9fe3af6376395e0efb56c8c8eb1365110d290292517d8536a98c1,generated,pix2pix,calibration,western-blot-01826,c7e0b8bb86d89b90
synth/pix2pix/pix2pix_img_01843.png,db935ee406738140fef4c960d604ce100c3ccbed19761da32fdee100f17c96de,generated,pix2pix,calibration,western-blot-01843,e0629fdf90536b60
synth/pix2pix/pix2pix_img_01869.png,f97ad09321b00c94e9ba9a62f5a3b89795c315bec675b89cc219ef0d2183def4,generated,pix2pix,calibration,western-blot-01869,bdc2823d45c23e6d
synth/pix2pix/pix2pix_img_01876.png,7972760909876316a7e6ae018c3c65fecd1adf4408291ee08bda4719bbdc1a42,generated,pix2pix,calibration,western-blot-01876,d9e5a612596da692
synth/pix2pix/pix2pix_img_01909.png,ed41814708d5868c702601af83cd741e7dea651207791451957d7766e1a70b38,generated,pix2pix,calibration,western-blot-01909,d32dec3312e83517
synth/pix2pix/pix2pix_img_01916.png,c2b0efff9896264ad4917ca6256b3ca6ab878ae1b91a14255f5d4b879603b0fc,generated,pix2pix,calibration,western-blot-01916,956ae83737c8c835
synth/pix2pix/pix2pix_img_01936.png,ed15b36f94d3d5ed72994c3575d93a21ed799cd0be386ef3e8ae537d3e3b1ed6,generated,pix2pix,calibration,western-blot-01936,c39dbc4241bcfe42
synth/pix2pix/pix2pix_img_01942.png,5f080def6d8635d1ba4537822557b1f40e747c9c98300479661dd568ca29fdea,generated,pix2pix,calibration,western-blot-01942,e89797686ad78528
synth/pix2pix/pix2pix_img_01966.png,8acec6b44119d8bfbff0f6079984dc4891024d1507f6ebcfe91858a17aa3c788,generated,pix2pix,calibration,western-blot-01966,99f5e60219fca21b
synth/pix2pix/pix2pix_img_01990.png,0ec87587fe6b93a7a009993285dcdfaba462ebf13e39e37051236dc74d50194f,generated,pix2pix,calibration,western-blot-01990,c7f8b8a34758b0e1
synth/pix2pix/pix2pix_img_01999.png,70c46c2d64337e288a7a570157251c7a39fc145c5f759488d58ec234e4b96404,generated,pix2pix,calibration,western-blot-01999,b614c9e93654d939
synth/pix2pix/pix2pix_img_02005.png,b7d437f0fa211782a905a4639d08f32c1e72a62199f2a4459645dbe7df9ae62a,generated,pix2pix,calibration,western-blot-02005,bb7b8484846b7b31
synth/pix2pix/pix2pix_img_02015.png,3fe45d4d6bbf4b48d7b95047c30394f2d981f1443185936fe4e4847bbf14e4fd,generated,pix2pix,calibration,western-blot-02015,bb4984847b7b3784
synth/pix2pix/pix2pix_img_02021.png,b707c303c040ac96d840cef922d4ac5969ddb7a2949679983b4998e675c673dc,generated,pix2pix,calibration,western-blot-02021,bbc484857b7bb484
synth/pix2pix/pix2pix_img_02026.png,e9ffd8eb7061ad0e5608fec7e08180c5a16823216105022238057a2bed597430,generated,pix2pix,calibration,western-blot-02026,bb7884844b7b35b4
synth/pix2pix/pix2pix_img_02041.png,82acbf51a59445bc4fba2b1a02476eb154b40db20ceb9317faaa31baa0c85fc9,generated,pix2pix,calibration,western-blot-02041,cb5bb4a44b5af0a4
synth/pix2pix/pix2pix_img_02043.png,2f75e010fd216b2594a46396d983a877a85a7be3e42388e156889f7bfbb96809,generated,pix2pix,calibration,western-blot-02043,cb5bb4a44b5af0a4
synth/pix2pix/pix2pix_img_02045.png,29b0aa6a4a0d3f3174005b1ba8d19dc03ea0ea81eae112b9bf4fb04bd5e201b0,generated,pix2pix,calibration,western-blot-02045,cb5ab4a44f5af0a4
synth/pix2pix/pix2pix_img_02046.png,33aea5fc3e901602f630bb52f00d06559665950ef5f4e84d0e434402120eae8d,generated,pix2pix,calibration,western-blot-02046,cb4bb4a44b5bf0a4
synth/pix2pix/pix2pix_img_02161.png,51e9f968e6709de3f88283dff1e6ae534aa86f252b6682c141217847c88bff03,generated,pix2pix,calibration,western-blot-02161,ce222c423e42b77f
synth/pix2pix/pix2pix_img_02162.png,a8d4001184da510d0c9d1bc9614ae33de3f614334945341836ae9334cc5600c5,generated,pix2pix,calibration,western-blot-02162,dfac7bc0c2d084b3
synth/pix2pix/pix2pix_img_02171.png,fbc5df60e0085764b42a76f63b7811d2a4edd7f421b30f2d08fed13dd7a61047,generated,pix2pix,calibration,western-blot-02171,db8c7bc0c2d3c0b3
synth/pix2pix/pix2pix_img_02180.png,2481bb84c9a3b7d96321c662eccd03e9855f028376cfd7f6205d44e3342a4d4e,generated,pix2pix,calibration,western-blot-02180,dea2b56d923d48c2
synth/pix2pix/pix2pix_img_02213.png,8be7adcd3162bf4cc849631170350b961b2a5ce48242a3f754ce61543454328a,generated,pix2pix,calibration,western-blot-02213,c368b8fef468312a
synth/pix2pix/pix2pix_img_02232.png,450247b9ce7d90d5e8be3c200f4686b159dd97f9ae7b7cac2bb2546921d20515,generated,pix2pix,calibration,western-blot-02232,c959b6b64b4915b4
synth/pix2pix/pix2pix_img_02272.png,32ab67fc1ca890e52788649273c2786932c1dc00a543e9bfad9454a379c9f40a,generated,pix2pix,calibration,western-blot-02272,d95959e6a6a6a6a0
synth/pix2pix/pix2pix_img_02293.png,b4307018d0a42be92bcfd989e25abb9fb82a5f6d91b10e7f1d7606487c58effe,generated,pix2pix,calibration,western-blot-02293,ff7f3f81808084d5
synth/pix2pix/pix2pix_img_02322.png,01333ed858b2c75df5b58ffaee19a5a8df24253cd3d80681423fb74ab66e730f,generated,pix2pix,calibration,western-blot-02322,e31c33619cb6ccd2
synth/pix2pix/pix2pix_img_02327.png,e44838c05cc1f85b063895493527e3848d3a43797f31eacbe28c7875182afe27,generated,pix2pix,calibration,western-blot-02327,ad60073dc2afa8cb
synth/pix2pix/pix2pix_img_02333.png,9ed29b5b5b4c02f491e6427ec59c1b58d7af9d7ec9ebcf74d1636eb1ee1e2091,generated,pix2pix,calibration,western-blot-02333,a27b401ed985b7e1
synth/pix2pix/pix2pix_img_02342.png,e278a1238e8e807c334304305ab4f259d3b23d80bf38bb4c43daeebc7a1dd7e5,generated,pix2pix,calibration,western-blot-02342,a36a4817dc95b7e0
synth/pix2pix/pix2pix_img_02363.png,f1470ad64958eaa152a71ab4923248b1ce18a6032ecc1703051fb092729c4e56,generated,pix2pix,calibration,western-blot-02363,d52955d2aed2a6a4
synth/pix2pix/pix2pix_img_02380.png,ca408e64fbbf034cbd7254ec1f520f852806a1db5a53c721e34360dc144d21fa,generated,pix2pix,calibration,western-blot-02380,ff636fc09c9490d0
synth/pix2pix/pix2pix_img_02410.png,1a709fecefa012b1b86cf321c0e3671467ac737cce77026738aca18c1813007b,generated,pix2pix,calibration,western-blot-02410,aaded5c5002a2ede
synth/pix2pix/pix2pix_img_02432.png,4baefd4c731ccefed3339ac4d7b1cf9057338deb07e15ef5c5f41a81393bcba6,generated,pix2pix,calibration,western-blot-02432,ff9080831f7e7c90
synth/pix2pix/pix2pix_img_02433.png,886d5b90638d09a4c9f623c0d2e0d9c3b95271c5a4b04a8cef0bfca1a979c0f9,generated,pix2pix,calibration,western-blot-02433,c360dcfef060617a
synth/pix2pix/pix2pix_img_02437.png,dd3b80a825a741c5db13142898ba718b3bdaff9ac5f2c0503d63fc17898df117,generated,pix2pix,calibration,western-blot-02437,ba8b95c5402b7a8f
synth/pix2pix/pix2pix_img_02439.png,a28fc6c8f866940a550c7cd39a2c384ef0e0247cbf53c16f7fcc770bf44e941a,generated,pix2pix,calibration,western-blot-02439,c466bb984067b3f8
synth/pix2pix/pix2pix_img_02461.png,b2f53aab8010113a9767d1044ad72e791807bb75d5c8ece0356be0c6d2c6f6ae,generated,pix2pix,calibration,western-blot-02461,d285a97a1785d07b
synth/pix2pix/pix2pix_img_02479.png,af5c2b5c302ff9f8ad084667ed51d68ddcefd279661b97f19a98124bf9a13ac1,generated,pix2pix,calibration,western-blot-02479,b5cad23d2d1a926c
synth/pix2pix/pix2pix_img_02541.png,d848581e3706af08a676f89bdcecad071b6c0bd7157f6ea6700a3c3d6d36d569,generated,pix2pix,calibration,western-blot-02541,95eae91567c81762
synth/pix2pix/pix2pix_img_02548.png,2da3c5e7fe247cb6975263405c0b03104d3940ae6098e2aa55ca7ee1af7cae0a,generated,pix2pix,calibration,western-blot-02548,d5c1be68c1f03f82
synth/pix2pix/pix2pix_img_02565.png,e1adaa9576e03a97a9adefd06d08153cd754cb24cbdcd28b36d02bd56b99c541,generated,pix2pix,calibration,western-blot-02565,fa82ff1723d49504
synth/pix2pix/pix2pix_img_02569.png,d448532a388cfdb46fa75022351ffa5c522694e9621ac4bc39d0fef3521d0c11,generated,pix2pix,calibration,western-blot-02569,cdb78820025d77d7
synth/pix2pix/pix2pix_img_02570.png,99111dc941220e4fa92cf5e7c3cfa15b8e167ca5383c30aae530056e01597e89,generated,pix2pix,calibration,western-blot-02570,cdb38822035977d7
synth/pix2pix/pix2pix_img_02580.png,c4d4c8bc1dc213459f706b6a6e942a211a76416bb80eb70bb445b822ebe3e807,generated,pix2pix,calibration,western-blot-02580,dda78820035d7757
synth/pix2pix/pix2pix_img_02594.png,fefab9f08fe65cdddd4c4daae227ded198fe8926ae86d4625d3997b855893500,generated,pix2pix,calibration,western-blot-02594,ced2b9e16a27258c
synth/pix2pix/pix2pix_img_02605.png,01571f5f0e6e0b8f2bae6f72fae597b7bb90c56f3ceb9517ac9c863126941a57,generated,pix2pix,calibration,western-blot-02605,c0d0b0c7cf6c3e93
synth/pix2pix/pix2pix_img_02606.png,48736522992d4608698cd7273b09434f42e5af27111719e5bcdb29b58acbc2c0,generated,pix2pix,calibration,western-blot-02606,838727dcfc7070b4
synth/pix2pix/pix2pix_img_02608.png,2ba33896547bc19d81acddf2184e0e1b6f6d0666dc3d5bc48d44444137f5e8a1,generated,pix2pix,calibration,western-blot-02608,c1c1a0c6df7c3ab2
synth/pix2pix/pix2pix_img_02613.png,1384ad65b13fe070ebab98117e73bb9cf76fbe385d04c1b35be500ded989690c,generated,pix2pix,calibration,western-blot-02613,878726dcf87071b4
synth/pix2pix/pix2pix_img_02615.png,862b8f3af49a0bbc9fd285ca5b7be10049417b2b02786ebc9ac63a6b85c29ee2,generated,pix2pix,calibration,western-blot-02615,cedabae162662d88
synth/pix2pix/pix2pix_img_02618.png,6147bd4c760c9200835bb60fdcadf2c763ffba5fb16153ac44eaab87923cef12,generated,pix2pix,calibration,western-blot-02618,c18123dcfe7878b2
synth/pix2pix/pix2pix_img_02621.png,7ed2d6252e1edf16f093a4cb5bef2582028d2a1056b496968e378924498bc3fd,generated,pix2pix,calibration,western-blot-02621,ced2bac1e2662d98
synth/pix2pix/pix2pix_img_02623.png,9e86179db410d996d06b067467e5b87efa365d880036d72e7afcc9ca2db1840f,generated,pix2pix,calibration,western-blot-02623,c18120dedf7978b2
synth/pix2pix/pix2pix_img_02664.png,d56844a63b7023d18b2d1aaf322484bce7d130484223a850bd3f1397c04c3d21,generated,pix2pix,calibration,western-blot-02664,96e1bd02fdad10e2
synth/pix2pix/pix2pix_img_02684.png,f5ad5070b26cfdf72e33e548a9f8a864f7fefc537f933557886915f2318261ac,generated,pix2pix,calibration,western-blot-02684,b7ccf027d539ca20
synth/pix2pix/pix2pix_img_02689.png,23944ff670eb725ebeeaa18e507e90eb5ef32a2a32476cd984718b6a17bec28a,generated,pix2pix,calibration,western-blot-02689,e4729b6693cb6192
synth/pix2pix/pix2pix_img_02699.png,e3ef273d35241861c739cce1469dd36bdfea1a13a6031d6bbe805ffc9e218855,generated,pix2pix,calibration,western-blot-02699,aa72aaeaf1aa8295
synth/pix2pix/pix2pix_img_02741.png,40065c4975c6153553b068d5946ad61370343dc74a289b785da4b5ea69c84f6a,generated,pix2pix,calibration,western-blot-02741,c4b6bf4026dfc0b1
synth/pix2pix/pix2pix_img_02757.png,385fb18653f935bc0622835fc863cfca77a69759088f8b69e99165d0f2855809,generated,pix2pix,calibration,western-blot-02757,b4dfda2464d922ca
synth/pix2pix/pix2pix_img_02772.png,a1046a025f8e0a8dce1d2a17aa802d8ce31c6f5bd64ed9467a735a2ac5be1ed8,generated,pix2pix,calibration,western-blot-02772,95a9eb5515afd110
synth/pix2pix/pix2pix_img_02783.png,401479d5c76b6d7346e2ac9d9f8f11771abedc62b3cd6e3fe75efc4a41abed61,generated,pix2pix,calibration,western-blot-02783,ff17950703959703
synth/pix2pix/pix2pix_img_02801.png,e1a336ddfa56d59bf12266021824ddfc189be0b1096fe5ec7e62a60016b62ff7,generated,pix2pix,calibration,western-blot-02801,a0a0a0979f5fdd58
synth/pix2pix/pix2pix_img_02802.png,eb91af61c5c19d51c8e01ecb629f2ab9e90f5384c4ca7491f22fe4457448c9fd,generated,pix2pix,calibration,western-blot-02802,a8dada6dc6b2c819
synth/pix2pix/pix2pix_img_02833.png,3261cdbb4742214bc8f2b7aa6c98828568673058412d91805c92e65c106e40ce,generated,pix2pix,calibration,western-blot-02833,aab5954ac9add606
synth/pix2pix/pix2pix_img_02872.png,854e6f11034316a10728bb828193038268af27a45cb34b8afc0b0f8235eb0014,generated,pix2pix,calibration,western-blot-02872,a9d66d00d629d66b
synth/pix2pix/pix2pix_img_02885.png,7f9818adf7d0a52e543a0b5a4131b696c8c72c6e4618e636e58cb0dfcbc05edb,generated,pix2pix,calibration,western-blot-02885,b030cf70303bcd7b
synth/pix2pix/pix2pix_img_02889.png,71d533279c53533c7558487e0e9c5ba4ba195b9a92a2649fa73a0873b0f309e3,generated,pix2pix,calibration,western-blot-02889,8707f80f070f9d0f
synth/pix2pix/pix2pix_img_02893.png,10f0f7fad9416d113ae756075ea1b4beafb0651f270e5ee38f1b7fea03b3e572,generated,pix2pix,calibration,western-blot-02893,8f0ff80f0f0f9c0a
synth/pix2pix/pix2pix_img_02898.png,2d74bcac7756146701aaae1e68b27a5b42d7553ba318c84597c38aefb3d34a33,generated,pix2pix,calibration,western-blot-02898,870ff80e0f0f9e0b
synth/pix2pix/pix2pix_img_02914.png,93eea04626b58e82f7a92546826e6ba0348bb9c505c7a603f44e7d3ac461047d,generated,pix2pix,calibration,western-blot-02914,bb3bc43b1b33b018
synth/pix2pix/pix2pix_img_02931.png,2e4946ad56b1b57be742b2cc99b4a9c169a53cacadf2f90117758e10c928abe2,generated,pix2pix,calibration,western-blot-02931,e368fcfed260091a
synth/pix2pix/pix2pix_img_02932.png,683181d79f2c029550a17744c8afce095879b30334b1fbcbcf8fc7b8c8e540b4,generated,pix2pix,calibration,western-blot-02932,e4649cd9bc92b2b1
synth/pix2pix/pix2pix_img_02954.png,d48e28408fc9c8c8a1a4cb2dc0a65e3111ace2cd3f46d1d0a806f54065694dc0,generated,pix2pix,calibration,western-blot-02954,aa68aaaae4a8f4f4
synth/pix2pix/pix2pix_img_02971.png,0b6f0b38f31e373e981236ce9be406daf36d034cfda2258918bc9412127b8910,generated,pix2pix,calibration,western-blot-02971,c2b4d12fad43a4d5
synth/pix2pix/pix2pix_img_02972.png,74bbf1f416693f509cb393ab7598cf857b6bbb86197d0b40297de05127dc07ea,generated,pix2pix,calibration,western-blot-02972,c2b4c12fad43b5d1
synth/pix2pix/pix2pix_img_02989.png,382f48204e2c61ca9d801448bf541a74e725449c495bb29b35657c2b4e8885eb,generated,pix2pix,calibration,western-blot-02989,a26f855d5d252da1
synth/pix2pix/pix2pix_img_03008.png,2ada23124af770c05eae3d86f23f7a6afd1585a1de8afac2c0f05e69eb71c532,generated,pix2pix,calibration,western-blot-03008,c2b4d12bad43b4d5
synth/pix2pix/pix2pix_img_03061.png,d8c5f1b5859355c5042caa5e4fffd022d28fbe1d120e7051f1300fbc4b12f999,generated,pix2pix,calibration,western-blot-03061,a996cf2992cf6d10
synth/pix2pix/pix2pix_img_03071.png,f73d88d882ac3a8bec2b06e76c80338045611b11110a5f662a3e00c46d7fcbcb,generated,pix2pix,calibration,western-blot-03071,f08f9e70c78c98a3
synth/pix2pix/pix2pix_img_03101.png,c049077df7064a881e3ffedb167709ad3215dc5d67a97db599d6e797d376d4d1,generated,pix2pix,calibration,western-blot-03101,f1628e8c77716362
synth/pix2pix/pix2pix_img_03111.png,4c608948b211631fc0c830ba34a104de3dda1dca494c1f30cf7f5c163a07ea8d,generated,pix2pix,calibration,western-blot-03111,f18c8f9970668f83
synth/pix2pix/pix2pix_img_03139.png,f95791b220820996e1a5a8680f2c637e6d9fac4caf97632d6ce01b1cc2a17af3,generated,pix2pix,calibration,western-blot-03139,b625c92236dfc934
synth/pix2pix/pix2pix_img_03143.png,5efe46f78c6f95ed0456a85f410941d62cb78dd1a4d4397855d88fbf54f6b773,generated,pix2pix,calibration,western-blot-03143,8207fffe01025cfc
synth/pix2pix/pix2pix_img_03144.png,3ccc9f9a9044a22de832853d252041ece3ad36dd19126410769189b7801bd2c1,generated,pix2pix,calibration,western-blot-03144,ae1dd33224cadf24
synth/pix2pix/pix2pix_img_03153.png,47467b632c8d8886b64467e531db3b97410255027c272c541d657d59851de016,generated,pix2pix,calibration,western-blot-03153,c041ffbe01405dfd
synth/pix2pix/pix2pix_img_03184.png,9c5cf4ab6c944ab3e6e51bf96d56e2d6595da8b67951a59782900cb5a832097a,generated,pix2pix,calibration,western-blot-03184,c1009cfc37ff4781
synth/pix2pix/pix2pix_img_03187.png,5ae26bad57dd3977b482608add03addeeff6ec8feda06ba27360ca261b36c4df,generated,pix2pix,calibration,western-blot-03187,96e9e81689c962f9
synth/pix2pix/pix2pix_img_03199.png,289dffb10ad194199a371a125924613c8268ab26d9a3991a429bda0e00169e94,generated,pix2pix,calibration,western-blot-03199,abc0956bc09ff21c
synth/pix2pix/pix2pix_img_03208.png,81f92a3bab354674052213450a3083f5dbbe821d05c9de9f4b5ac3fc2be3dc35,generated,pix2pix,calibration,western-blot-03208,f28d8c3270cf9e89
synth/pix2pix/pix2pix_img_03217.png,44b6fc39fab4fc1863fee3114bf2e08bc4ab8262e4cf6743eb3bad7a24ee3066,generated,pix2pix,calibration,western-blot-03217,c360f8fef2e0690a
synth/pix2pix/pix2pix_img_03219.png,d43f60621f2293b1dc9f43e74233b57ba3853dc364087e86d5d7152c29997493,generated,pix2pix,calibration,western-blot-03219,c368bcfef078290a
synth/pix2pix/pix2pix_img_03227.png,e1f161a1733eeef68a77883dab8b85e40b798d59532c6c568712cf49215e427a,generated,pix2pix,calibration,western-blot-03227,c849abb4b4b76691
synth/pix2pix/pix2pix_img_03317.png,be4942fd63ea6a62175a3d36fd3801b38e316249a7352446d3d776b95103c15b,generated,pix2pix,calibration,western-blot-03317,eee691186be6e450
synth/pix2pix/pix2pix_img_03322.png,d1e237d093c84ae40c52114c663160c716bd112ab2e3c57d7271a89b293b388f,generated,pix2pix,calibration,western-blot-03322,eec691196be6e411
synth/pix2pix/pix2pix_img_03331.png,f56d3798da0e5ca62f8ea1909d1172b9862f8f34b22e34d8dff5c02d250f7520,generated,pix2pix,calibration,western-blot-03331,ff1f80a07f0f80f0
synth/pix2pix/pix2pix_img_03332.png,6279c3ba55017cbf9c86fda023dc49dda4529fb07fdbdb9b69c0c57f5463169b,generated,pix2pix,calibration,western-blot-03332,eec691382be2ec15
synth/pix2pix/pix2pix_img_03342.png,d7578185fa3d1a419a549545cdc1d258d198139777e8672ec0ebb02cbd9b158a,generated,pix2pix,calibration,western-blot-03342,eec291192be6ec51
synth/pix2pix/pix2pix_img_03348.png,d1223e5f873233deb9da4f4e680fa2832dd1c9fd7f861a5887027cca5b00eeeb,generated,pix2pix,calibration,western-blot-03348,ff0280787f82a0fd
synth/pix2pix/pix2pix_img_03384.png,eb8b456b3b58c1bfe5572d5d8bb522efab58ab3a5e9995124fed6436daa6b339,generated,pix2pix,calibration,western-blot-03384,beafe5500a825e2d
synth/pix2pix/pix2pix_img_03427.png,ba7d79bd10fdbf407fd108fd667b3aa511f3b345fd801486d1c467e81b037014,generated,pix2pix,calibration,western-blot-03427,e361df9e9e8e2060
synth/pix2pix/pix2pix_img_03451.png,ab9de88334abcb97f21d4053c12b80a963e36dd13550f32c9f7e370926ea4f92,generated,pix2pix,calibration,western-blot-03451,f1cef14c807c8771
synth/pix2pix/pix2pix_img_03464.png,8d897a230941c353f42df1381ad84b6f18349d14f8c61ec86103d4d04c46ef8a,generated,pix2pix,calibration,western-blot-03464,f1ccf14c807c8779
synth/pix2pix/pix2pix_img_03477.png,e2b0f89411866825a2f1a6938b5e7b25e8e8b5bc70c7ac57e390f4661420f4b8,generated,pix2pix,calibration,western-blot-03477,9c1810f2e3e7e34d
synth/pix2pix/pix2pix_img_03480.png,54246bfa11f8074832c701e983d7bb950ef43bf29ba7981783f65a12e682bd6d,generated,pix2pix,calibration,western-blot-03480,b5aa31d9ca51ca36
synth/pix2pix/pix2pix_img_03500.png,2976ddbe92200f00d573655422144072282d599a85c6374614f40e0dd7c3f2c2,generated,pix2pix,calibration,western-blot-03500,860f4ff8b8f0b446
synth/pix2pix/pix2pix_img_03518.png,7decce53c08c6ccdd6ca36b23bd9fb9eb3ad8855f5ab40e495f7cba6b6556966,generated,pix2pix,calibration,western-blot-03518,e38c637f9e719c00
synth/pix2pix/pix2pix_img_03520.png,4caf7cd1b76e82c6d86dc38cc82034d88aff067d945e949847c87191a788fb45,generated,pix2pix,calibration,western-blot-03520,ad2d29d2d2d6c645
synth/pix2pix/pix2pix_img_03525.png,ad22cdffe4f73b9783ce72f37f6d63abd7f33631b22170cafdbdcad9a0fd4202,generated,pix2pix,calibration,western-blot-03525,9232a452edcd52ed
synth/pix2pix/pix2pix_img_03526.png,8fa6f1e06eb089e04f57121d4917dd73e87f5dad46dbc81ce3b6db4c30c0f25c,generated,pix2pix,calibration,western-blot-03526,e02000679d9fef9d
synth/pix2pix/pix2pix_img_03560.png,e1ed6fdc57fc4b3d476b61041eba1c1f2c4893c73ad7aa3c85367209bf3c3b76,generated,pix2pix,calibration,western-blot-03560,db1b2bd6a4a4c6a4
synth/pix2pix/pix2pix_img_03571.png,fc2cb2c499b6afc1afb940d0e21d854641dd5c1433b5c14bf1bded3ef395cf69,generated,pix2pix,calibration,western-blot-03571,bd3fc3c0c2c03c3e
synth/pix2pix/pix2pix_img_03592.png,c3c34c664aed25bc77476e2e869b87b01e82b5fd742dd4ffd94cb90c84c29c2b,generated,pix2pix,calibration,western-blot-03592,98e6e718e4e718e2
synth/pix2pix/pix2pix_img_03593.png,dbf2fc29a8be0392ed47b7023a2293a2c0c43fbeb38c0da696e038709c53ce51,generated,pix2pix,calibration,western-blot-03593,807cfc00fcfd017e
synth/pix2pix/pix2pix_img_03596.png,ced9a223061b75fc2fa28cbc05d4faae14ab12c8882df0d3f8b1a0be7ca93ff1,generated,pix2pix,calibration,western-blot-03596,807fff009cff0072
synth/pix2pix/pix2pix_img_03597.png,b0bb335b831decff12d9ac9e3fbc658098878d2a75e074c23d6158ba3f3e08c0,generated,pix2pix,calibration,western-blot-03597,807eff00fcfd0074
synth/pix2pix/pix2pix_img_03613.png,fe9762dc7d4695917d7329d32fd65836509a735a0e79e16421b4f2921cae5381,generated,pix2pix,calibration,western-blot-03613,9ee1eb16e21e14f0
synth/pix2pix/pix2pix_img_03617.png,6fea526e3a8cd8385d89222843c005ff86609738ce54afae3477114cb2203ca6,generated,pix2pix,calibration,western-blot-03617,e39cd5639c63218e
synth/pix2pix/pix2pix_img_03631.png,b762d670fb77561425292035a64a97d9377d42b46daa3e67d7a872d6833c7596,generated,pix2pix,calibration,western-blot-03631,b7ccec13c83332e4
synth/pix2pix/pix2pix_img_03667.png,036a5bf36f29b7693b49aa31db56e3f60547756ec6c6bd8dff42f8232d545a36,generated,pix2pix,calibration,western-blot-03667,cc0db1b2f05c4e2f
synth/pix2pix/pix2pix_img_03745.png,8c944d62e3e08f9b86d90445ebdc292bbf0a7b21311466af26b0f9ba3d63b0d9,generated,pix2pix,calibration,western-blot-03745,e09d9d629b9860be
synth/pix2pix/pix2pix_img_03756.png,b3ca7a1756e5b36b54e1e35a90b1eb7646ed36496dcb112514b04be5c291e2f8,generated,pix2pix,calibration,western-blot-03756,b5c9cb24cbd93464
synth/pix2pix/pix2pix_img_03777.png,843de76ac5974e62030921139c229bb9cf3ed1faecafdf27d491be5f841e85bd,generated,pix2pix,calibration,western-blot-03777,945acbb46baa364a
synth/pix2pix/pix2pix_img_03779.png,7dbbeb273999c5beace60fb580f59eaf133a1fecb262906e6deb79cc352b048f,generated,pix2pix,calibration,western-blot-03779,b45acbb46baa344a
synth/pix2pix/pix2pix_img_03782.png,5e38c2d2a9c5559b5cf267a76e8b8ee6e2b6f92836014ab339d9caeda372901d,generated,pix2pix,calibration,western-blot-03782,b45acbb46b8a3658
synth/pix2pix/pix2pix_img_03793.png,c5cc7b0b03a1cb7b7c73b4a2acbe3f83f0c552800839c3fc013971e726e26376,generated,pix2pix,calibration,western-blot-03793,aa95d55ab92a91cc
synth/pix2pix/pix2pix_img_03794.png,f7af62fcf7398729bd928ce067198f5c5dec9fb5fcfaae9ba1030d2501b85bb3,generated,pix2pix,calibration,western-blot-03794,945ac9b46baa365a
synth/pix2pix/pix2pix_img_03852.png,75e3ea02963d99caa9aecc67ce9a6ad7d157a5da638f022b003d60e92768e844,generated,pix2pix,calibration,western-blot-03852,dc50a3ab4c5c72f2
synth/pix2pix/pix2pix_img_03863.png,d7b89b2b549a2b0d3273b9633ffb3d3703af65fd371db600803221c77aeb2889,generated,pix2pix,calibration,western-blot-03863,dc54a3ab0c4c76f2
synth/pix2pix/pix2pix_img_03869.png,f133c0e7c5f135ef99705340ddb23cd09a446310c3592dc466aab7029b4189e0,generated,pix2pix,calibration,western-blot-03869,dc54a3ab0c4c76f2
synth/pix2pix/pix2pix_img_03883.png,bca1bafdc6a98b10dc917bc6e3f2400217ba638b5feb9d2a6f7d925b44750f5d,generated,pix2pix,calibration,western-blot-03883,dc50a3ab0c5c72f3
synth/pix2pix/pix2pix_img_03889.png,588e344403fa461d1a3a586f43844836036980bd8a0fc63d3d736f5c6a4ae2be,generated,pix2pix,calibration,western-blot-03889,d256adad525216b5
synth/pix2pix/pix2pix_img_03896.png,35fdd285bd25583c079a4962cf9c1465ada914ff5094a771cbc3ab9e043c84c0,generated,pix2pix,calibration,western-blot-03896,aa4ad4952b2adad9
synth/pix2pix/pix2pix_img_03903.png,35b262d57ee76647b69459c82be1b2801fb3d1b1279122a05c707c765a8347cc,generated,pix2pix,calibration,western-blot-03903,85e8da16352dcada
synth/pix2pix/pix2pix_img_03904.png,76acf3f46c21b80af730068e94ec7e132b8ee9ee380fcddbd8ebb071190d15c8,generated,pix2pix,calibration,western-blot-03904,fcb483c3747c8b82
synth/pix2pix/pix2pix_img_03908.png,c2f77d7773b57f80f8562f27e1d2a7b6a2478f96aea804abe234cc631c5e286f,generated,pix2pix,calibration,western-blot-03908,8c58f3e70c08f9ad
synth/pix2pix/pix2pix_img_03909.png,aadec1dea98d79f2b45bf2c7e6fbe11b1e5c3e8ef07abc2f6e5f1bb0635ceb89,generated,pix2pix,calibration,western-blot-03909,b1239edc6063b399
synth/pix2pix/pix2pix_img_03916.png,dfd9cb27790a2f49621d79c3a064d45269cd2ccd7dfd96ecee9c9e06f7314210,generated,pix2pix,calibration,western-blot-03916,a323fcdc032327dc
synth/pix2pix/pix2pix_img_03921.png,b97f329a358b080367a76d6a61755b7ae105f53e2a47a89d4e3ff9f59abb09bb,generated,pix2pix,calibration,western-blot-03921,c712b8fd67428aac
synth/pix2pix/pix2pix_img_03932.png,c289360c61554dafec2c6f9d047c25040e81619bcc3ac997bb8e0de64e08d7f1,generated,pix2pix,calibration,western-blot-03932,9de2ea1d61e69c11
synth/pix2pix/pix2pix_img_03938.png,074b63a96108ac43d7bfb5dc1f084ac85416b967a77a07c2503123cab7389e47,generated,pix2pix,calibration,western-blot-03938,9de6e21d60e69d11
synth/pix2pix/pix2pix_img_03967.png,5d246816f1ada4d21435e0311bad1765666a9a164ca367ad0e46873e362767c7,generated,pix2pix,calibration,western-blot-03967,b17ab5c21d24bd85
synth/pix2pix/pix2pix_img_03969.png,b5a89685a89f1cd6dd4dbd910c345be4ffa40ca2e869b3bf74d7c0afedcee704,generated,pix2pix,calibration,western-blot-03969,aa28d5d66a24b5ad
synth/pix2pix/pix2pix_img_03993.png,39d9b2e7b1d742a1a6561b8c6f983abf071fc8801bca1061ddd8c990120785b7,generated,pix2pix,calibration,western-blot-03993,f0608f977861878f
synth/pix2pix/pix2pix_img_03994.png,7329d7296cc54d56770dd67b9bdd5cc127ed1e07fd72839cd41e7538b8ad822a,generated,pix2pix,calibration,western-blot-03994,81ecf5823abd82e5
synth/pix2pix/pix2pix_img_03995.png,3517d3ea6feb632c67c49d4b6dcd80477f088159981f7cd6b0b3625f6439e9cb,generated,pix2pix,calibration,western-blot-03995,e0609e9b61679d99
synth/pix2pix/pix2pix_img_03996.png,f1fcfd005ccfc159ec280300c251135c5110149b4f3d87da7494bf2ed0987e8e,generated,pix2pix,calibration,western-blot-03996,ff6a80883d208bbf
synth/pix2pix/pix2pix_img_04005.png,94278f6b2f7cb5fd845bbee9a1c9da9d225bb59b328fe327dbbaf6f2e2f86668,generated,pix2pix,calibration,western-blot-04005,e3639c9463639c9c
synth/pix2pix/pix2pix_img_04017.png,a8497b8997d12420ee836e2d99f50e3e7638d78e257dcc5d75915fb172923886,generated,pix2pix,calibration,western-blot-04017,e1639eb4216bde90
synth/pix2pix/pix2pix_img_04023.png,9762e495399cd8fa7debb0a7ac52d1ddd17c8b8f3f424c8d3c2f43e852d2cedd,generated,pix2pix,calibration,western-blot-04023,a362dc942b6ae167
synth/pix2pix/pix2pix_img_04031.png,85cebb182845e606dc6882b3b6b0bd6879dd7f04d136fb79fa0c88684fc8072c,generated,pix2pix,calibration,western-blot-04031,e3129cef63129c65
synth/pix2pix/pix2pix_img_04036.png,7710a00496ab7a7f83702404cf73060cc3fd915db69a749b75ce7bd785fa8c35,generated,pix2pix,calibration,western-blot-04036,ee16b1e84e17b168
synth/pix2pix/pix2pix_img_04046.png,9c4721e958724aed615fbbf2c58d19f94cc52c377a7303f66252a38eec3f54fc,generated,pix2pix,calibration,western-blot-04046,c776b8b84343b8b8
synth/pix2pix/pix2pix_img_04051.png,4ae57e844152df8b5a766312753eb6a086da3956401b8590d8283886889c8570,generated,pix2pix,calibration,western-blot-04051,d958a6a61959e6a6
synth/pix2pix/pix2pix_img_04052.png,a4609eefec71437dfbe2225b00cab08fedf8af9df50d65b4fea9e5640ae7689b,generated,pix2pix,calibration,western-blot-04052,ba6ad594286ac795
synth/pix2pix/pix2pix_img_04063.png,26cdd3db31ccdd2c364cd94d120ae2580e008b0cd9d23af895d74adc53e4b31e,generated,pix2pix,calibration,western-blot-04063,9b52e4a41b5be4ac
synth/pix2pix/pix2pix_img_04071.png,6158df32d71f065061f458fdd94f3032ddf4bac2c2eab924ab7fc2d6e2a99b71,generated,pix2pix,calibration,western-blot-04071,d050bf8e4070fe9e
synth/pix2pix/pix2pix_img_04073.png,5d0ca9addc760d4402d1e5247faf075b8baf64482b0c73d86e5dec9a4102364a,generated,pix2pix,calibration,western-blot-04073,c67cb999464cb899
synth/pix2pix/pix2pix_img_04119.png,fca91bbee96cf51f13965a23eee97af3a07e020bbeed8d8f712be083ca11e959,generated,pix2pix,calibration,western-blot-04119,f53acac13536c2c9
synth/pix2pix/pix2pix_img_04135.png,67cc79bff6885737b2f86460cc7117e20056d54d80932441191dfb99bf1a6cf8,generated,pix2pix,calibration,western-blot-04135,db58a4a55b5aa6a4
synth/pix2pix/pix2pix_img_04142.png,83ec076f1207c1a751eb181f57b9422ac0681c11f272df8ce1fe5b475fcdce6c,generated,pix2pix,calibration,western-blot-04142,bf36c0c03f3fc2c0
synth/pix2pix/pix2pix_img_04167.png,97368e6621c62d1641d112903d2ac9fc435bad9e5a450f30c136ece1eabed156,generated,pix2pix,calibration,western-blot-04167,991da68e1933275d
synth/pix2pix/pix2pix_img_04171.png,1e794ea5a70d343b2aaccf2d5bdf3450beedc878fe7d8364851547cdb1d62f81,generated,pix2pix,calibration,western-blot-04171,c343bcfc43033f64
synth/pix2pix/pix2pix_img_04181.png,2a072c0a0e3af690b6cacb775e530a2c5aa0a42f2e3734751be547514a933ffa,generated,pix2pix,calibration,western-blot-04181,e8789787686814bf
synth/pix2pix/pix2pix_img_04187.png,447b5b8e41b1506d1aca63bae3589d382ff1c31d70738cfcefa85042c9c16e83,generated,pix2pix,calibration,western-blot-04187,e060dfe3625f6560
synth/pix2pix/pix2pix_img_04202.png,130e3cab09e891c7baa17686b6f087e89f7bff374dbb6b93d45c978d271bbd4c,generated,pix2pix,calibration,western-blot-04202,ce6cf1cc4c714b4c
synth/pix2pix/pix2pix_img_04209.png,f6cabac2ee5accacfaaf4f437973f65b822ff7d37e6d7f7b06f49de6c50e268e,generated,pix2pix,calibration,western-blot-04209,8ff0f00ff0920ff0
synth/pix2pix/pix2pix_img_04213.png,77fab92a9390820a029aaf86ea4d8f54233066fc43c1ceea3126606f806af359,generated,pix2pix,calibration,western-blot-04213,c0bbbf40bf2040bf
synth/pix2pix/pix2pix_img_04216.png,ce97c6f849df0ecce5d2cc2f9cdc2c531b9e114fe7b35f05881a05a74830c78b,generated,pix2pix,calibration,western-blot-04216,bdc3c23dc0c13dc3
synth/pix2pix/pix2pix_img_04244.png,1c9ceb3ec9f662fcad820ab06327cdf5683fa68643ccfdfec0e0f3771f8c3c1a,generated,pix2pix,calibration,western-blot-04244,c6feb90307f8480f
synth/pix2pix/pix2pix_img_04260.png,b21dad262382f66d30079b68cca840d40f09fde8bb13ea18cf083a154992c09e,generated,pix2pix,calibration,western-blot-04260,92c6ed3912ccd533
synth/pix2pix/pix2pix_img_04265.png,e7cbc384e143bbc0304e8c873c2ecfe3d5f45181adcf30a2ebb107b6bcb230bc,generated,pix2pix,calibration,western-blot-04265,e82d97d27a856178
synth/pix2pix/pix2pix_img_04278.png,18f95eaa7bb78ea78c718af380facc610d5b44cfb996eae53d685672c5ea883d,generated,pix2pix,calibration,western-blot-04278,8086bd0abe6cf0de
synth/pix2pix/pix2pix_img_04288.png,ed6fb0caab4b05b45299b594f1b953ade97cb8d416b1060eb073defa0cc58ea1,generated,pix2pix,calibration,western-blot-04288,e0608fef70186767
synth/pix2pix/pix2pix_img_04292.png,aca20cfee584b509799a60e5fbe6c56d29f208460ebca6fe6536959ab746f331,generated,pix2pix,calibration,western-blot-04292,fa7a81e87a1f6068
synth/pix2pix/pix2pix_img_04300.png,1d7837df8b95850779c7fa80759fbe21603611f136f2f1bac0415b1266724492,generated,pix2pix,calibration,western-blot-04300,9213eded5462e315
synth/pix2pix/pix2pix_img_04307.png,beb3ec43d6899bad58dc421fd730594c149aaac746b7f37799943df810972095,generated,pix2pix,calibration,western-blot-04307,ad25d2d62d29b43c
synth/pix2pix/pix2pix_img_04309.png,880d2851cb99bd88b744e9fd679e0d9fe1968987d41a524fdc9c4411c20cc4dd,generated,pix2pix,calibration,western-blot-04309,9b1ba49c5ae70d58
synth/pix2pix/pix2pix_img_04315.png,b14971e5e2a9bc4a8b9d2f4cc2117b4397dc5c9383398aff2f6bb73f04b8e821,generated,pix2pix,calibration,western-blot-04315,a525d2da2d49e837
synth/pix2pix/pix2pix_img_04317.png,2bdde4dcb9238639bf77183f3dfba30c6484334972225bfa0d22c40bbf840d5c,generated,pix2pix,calibration,western-blot-04317,ad2dd2d62f4ac035
synth/pix2pix/pix2pix_img_04324.png,1c075e2b7ed037cb6d8daa15f20fc922cc8bbdfb4d2e3b2e679b35a9a32f1693,generated,pix2pix,calibration,western-blot-04324,808ebd0abe5ad6d2
synth/pix2pix/pix2pix_img_04329.png,2d226b16ef9a709979884e05a5d3595905d97c0df3f2ba64067ad973322076af,generated,pix2pix,calibration,western-blot-04329,818ebd0abe42ceda
synth/pix2pix/pix2pix_img_04360.png,4413afc17d6a7ed54143b54dd1646de4a1639d98cee55bdfa06e50b83ab6f329,generated,pix2pix,calibration,western-blot-04360,818ebd0ebc3ac2da
synth/pix2pix/pix2pix_img_04372.png,695f2bc715bfeab1f7f1b550db8e3f15f949ff26dcd73132bb77f5968817389c,generated,pix2pix,calibration,western-blot-04372,e8b9956a9785683a
synth/pix2pix/pix2pix_img_04376.png,2f8042f0d6804c0371c0cfb8ac9e454e371059d55d1b29966632891403207f16,generated,pix2pix,calibration,western-blot-04376,e8b197689785687a
synth/pix2pix/pix2pix_img_04377.png,572df3da0e986e80404b7b248d5469a0d352274004d611c8917efe1b0817c6e8,generated,pix2pix,calibration,western-blot-04377,880cf769a3f35d0c
synth/pix2pix/pix2pix_img_04395.png,f0787a425009abe8e42bd340b682c58931a58baf7896a8093ad6ee06bdc21450,generated,pix2pix,calibration,western-blot-04395,add6d22de8d2242d
synth/pix2pix/pix2pix_img_04400.png,90ae41760ccc8c50ac589a7f40f2ddbc046907fb6bdf77989c88cca4721c6b68,generated,pix2pix,calibration,western-blot-04400,92e5ed12ecad1352
synth/pix2pix/pix2pix_img_04401.png,72d6ec024d413e4e7ab89bd867e9211674ad7be11045987bac9b34ce01491f23,generated,pix2pix,calibration,western-blot-04401,e0a09f759fef6010
synth/pix2pix/pix2pix_img_04423.png,e681e1616bcae09202fe27b33b281f1a6827860f3750b6a8000151a1cb319eab,generated,pix2pix,calibration,western-blot-04423,fe0580fa0501fa7f
synth/pix2pix/pix2pix_img_04433.png,31b8566c088d5ae8df3d3520af50a4e546c22c040abd2c93b7c9723b3875e1f4,generated,pix2pix,calibration,western-blot-04433,beb4c04f3cb0c34b
synth/pix2pix/pix2pix_img_04434.png,954dd087c36227a170c7d700521efda1bee41756e5ecd895fcb29a9ad878d419,generated,pix2pix,calibration,western-blot-04434,a5d5d22b2dd4922e
synth/pix2pix/pix2pix_img_04456.png,effcc7e02f7d3949b205acb7cbcfd27954cc0544eabb3f830d2e2eb83e065281,generated,pix2pix,calibration,western-blot-04456,8760f81e7cf94706
synth/pix2pix/pix2pix_img_04462.png,a95a9117c89d1837b8a73c2e35bda8909c335c1d0c1ee04c530c9cd32fc7f795,generated,pix2pix,calibration,western-blot-04462,f48ca8562eab5655
synth/pix2pix/pix2pix_img_04475.png,8d2b3787a3fa1ee01a3d8b533077c7d1e88a3dbe1262211b3e76f6641183b1c7,generated,pix2pix,calibration,western-blot-04475,9b0ce43706ed1b1b
synth/pix2pix/pix2pix_img_04477.png,1b244cb210b00bc19cba2155b8966cd0c9495fb39e2ffeb83bd623bc4cc74de9,generated,pix2pix,calibration,western-blot-04477,b712c86d2dc83637
synth/pix2pix/pix2pix_img_04496.png,28e60de97245cd60bd1a3506a0c43b425044c2191f1585813a73d21780dac032,generated,pix2pix,calibration,western-blot-04496,80f9ff4e01b0f607
synth/pix2pix/pix2pix_img_04508.png,50e7baca3d8b8bc3a159e2b45e20757ed79cb6b19ec08f26e289abbbe24fee72,generated,pix2pix,calibration,western-blot-04508,add5d04a2525d6da
synth/pix2pix/pix2pix_img_04513.png,eb33d56b655739334beb452d449593f2a8647f5ed46bad98bb7a7ad61817664f,generated,pix2pix,calibration,western-blot-04513,d8e6a6095cf6b1a4
synth/pix2pix/pix2pix_img_04516.png,f289ef4b3b82ae8691a5992e402f021429bd8ba4e76cda7c4017f905d7438aaa,generated,pix2pix,calibration,western-blot-04516,d980827b7d84937b
synth/pix2pix/pix2pix_img_04517.png,48cc22f1112dde68e5a474432bd68f0d1008fd911259228cb3b3c0199f8fbaab,generated,pix2pix,calibration,western-blot-04517,abd5d44a2d2dd4d0
synth/pix2pix/pix2pix_img_04519.png,95f895ea2943e1c34143c33ec6ea29e12213793cc0acf3631d2763f572335cfd,generated,pix2pix,calibration,western-blot-04519,dd80827b7c84a37b
synth/pix2pix/pix2pix_img_04534.png,0cc5def03d0a76f5cfb4a93eff17f5462d8344cc8433897fb57c1e562dc3540a,generated,pix2pix,calibration,western-blot-04534,a121dedeba7501aa
synth/pix2pix/pix2pix_img_04539.png,d8bb2e548b2b2831c8195dd62c4d6ee006fce1ee33ef7e447f7cc09680248b4b,generated,pix2pix,calibration,western-blot-04539,8c1df3e7b10c0cb3
synth/pix2pix/pix2pix_img_04546.png,10f6052b942a88b685f66cf5afadcebfddaf87dc9da576befb81783fe809847c,generated,pix2pix,calibration,western-blot-04546,a521dedeba6501aa
synth/pix2pix/pix2pix_img_04570.png,4d39212b045c2e3624c25c69348d686a71dd9415bc9f8b63d04d2054f5c94747,generated,pix2pix,calibration,western-blot-04570,bd4bc2343dcf50c2
synth/pix2pix/pix2pix_img_04575.png,ac626bcda0eb59cbd0cf28aed0514edb6fd17df84a01a80de31ff64bc68e08a1,generated,pix2pix,calibration,western-blot-04575,c5759a8b6564259b
synth/pix2pix/pix2pix_img_04584.png,5a04261cd5ca2b0b674f9556aa2adc79feff0048217c061608b67ecbf73f19a5,generated,pix2pix,calibration,western-blot-04584,b4c7ca3835d774a0
synth/pix2pix/pix2pix_img_04595.png,96df066f432526285df56702137f490e6149b275d8c0912857bf473c105f4bb9,generated,pix2pix,calibration,western-blot-04595,e1299e9e61212b6f
synth/pix2pix/pix2pix_img_04608.png,6887af847f07577a83f9da511dbf4206eba8a80a0290d75c7355e48bd795bfe3,generated,pix2pix,calibration,western-blot-04608,f01c8f428f8f505f
synth/pix2pix/pix2pix_img_04613.png,d236b85e513849403e71aa95ec722de70863e14344c5eadefb42c57c1b24b187,generated,pix2pix,calibration,western-blot-04613,ad48d237d2d32d52
synth/pix2pix/pix2pix_img_04616.png,32bb70edbaee177cdd84a988906606197facc0c22821b0baf1c7c24f9b7093b9,generated,pix2pix,calibration,western-blot-04616,dae1e41ea5561ae4
synth/pix2pix/pix2pix_img_04648.png,e927509c86e7467f97e69748a41a86879757f3a1ebd40cdec1b300e8d8461465,generated,pix2pix,calibration,western-blot-04648,cda4a25b16ca5ae5
synth/pix2pix/pix2pix_img_04655.png,8a3fc459adb545fc9543403e4ec602b3c9c5b385b1507ccfe5e04fb90c5ba6dc,generated,pix2pix,calibration,western-blot-04655,ba8cc572e3e131c5
synth/pix2pix/pix2pix_img_04665.png,1f091332715f81d40ed3b156dbfac95a836322ccab7f72a995a8f61c55817767,generated,pix2pix,calibration,western-blot-04665,daeaa45535a456a9
synth/pix2pix/pix2pix_img_04679.png,4f7793d65aa730e34b40c35faa96db2ce440c4ee331aac159682654936919620,generated,pix2pix,calibration,western-blot-04679,fd62829e87c16978
synth/pix2pix/pix2pix_img_04698.png,20beed501e70fc91d755825bdd89a3089b73419196e01f2c552aaf1d01ce7441,generated,pix2pix,calibration,western-blot-04698,9bb0a61de45a13e6
synth/pix2pix/pix2pix_img_04708.png,34f4167d15fa8de27d33b2c26e45e4c5b102b4390c6e1c8ba9614823fdb714d5,generated,pix2pix,calibration,western-blot-04708,9393e5cdac7212aa
synth/pix2pix/pix2pix_img_04709.png,70af4234cc07c3a718ce64daafd0cc92cb9b1572b2f2d361c624a8d7def15332,generated,pix2pix,calibration,western-blot-04709,a9d8d03df92429da
synth/pix2pix/pix2pix_img_04726.png,1e5527f68ac3c26b1aa5668dbd82245dc795807ebd7540b311f88518229d3d8e,generated,pix2pix,calibration,western-blot-04726,8e9bf164b90e46b1
synth/pix2pix/pix2pix_img_04727.png,9773e2d62ff5c9c72e1146b3c7a2afe9ea14b9da965b7dab37254f36c20e1cc9,generated,pix2pix,calibration,western-blot-04727,a880d7df8a282dd7
synth/pix2pix/pix2pix_img_04728.png,b4684edf9e294c57aa7dd79076955fadf9d1d8d8548c9586d2eb282dc08b4ffc,generated,pix2pix,calibration,western-blot-04728,c70ff8f086476398
synth/pix2pix/pix2pix_img_04743.png,dd26d34eaaed33525ae9502e687de0191f031990773c1bc5e299a69bb3989a6e,generated,pix2pix,calibration,western-blot-04743,b6a9c9d4a83616e9
synth/pix2pix/pix2pix_img_04760.png,4e260c5c47f9461355c2e2a81d190f61d3f59461a74fa2a2bd45b1e02ff7255e,generated,pix2pix,calibration,western-blot-04760,c5659a9a65676398
synth/pix2pix/pix2pix_img_04762.png,b52f7e915f4405e7fea79b4011ea8eea0061a36e628a12d41de527c24bc6853f,generated,pix2pix,calibration,western-blot-04762,f2728d8d72726887
synth/pix2pix/pix2pix_img_04782.png,483f460dc95577214948e58308afb16df59befe18258187efd98251bdd0db1c3,generated,pix2pix,calibration,western-blot-04782,b010cded32525ebb
synth/pix2pix/pix2pix_img_04791.png,8861dfb31c06c3c5d79f6a21e7b5459660ac8007b253605ca4d1a9a478a006b7,generated,pix2pix,calibration,western-blot-04791,808fbd0ebc5a529e
synth/pix2pix/pix2pix_img_04806.png,0a2cfe450c3ca31be0aa42d5883bf92995f01ce103f45636aeaa789e276faf17,generated,pix2pix,calibration,western-blot-04806,bff0dc20e403c3cd
synth/pix2pix/pix2pix_img_04809.png,8c9a4ab7abeefe61a96afcdcf80a041ef742d05f240cd1e29ee898a991f26757,generated,pix2pix,calibration,western-blot-04809,9fc1e11c1fe1e11c
synth/pix2pix/pix2pix_img_04810.png,5f95424f47051e6892ca6970ac36ae5b30b4b496082146a7abcc6a581c08e851,generated,pix2pix,calibration,western-blot-04810,d2adad52728c8c73
synth/pix2pix/pix2pix_img_04820.png,8aca7cca627e7ea28fd69bb1c4a91724241902c96733eb9c9eaed65741da8ec1,generated,pix2pix,calibration,western-blot-04820,c4abbb44649b9b64
synth/pix2pix/pix2pix_img_04831.png,b05ba1cb0614e79c8b95e570a1bcbf7b384e41575e550cb4facb3645d85a7fcc,generated,pix2pix,calibration,western-blot-04831,d689a97676898966
synth/pix2pix/pix2pix_img_04837.png,97456b38c9fcfedaef6200ace15895c70a52e35c23a1084832dd895f41e4cf0d,generated,pix2pix,calibration,western-blot-04837,818bbd06be7a4aca
synth/pix2pix/pix2pix_img_04847.png,e0f73c7aecaa0df5cf7691df41b39af16a2f62188f1c3ada744c201e447b5ac7,generated,pix2pix,calibration,western-blot-04847,c6b99966b9426699
synth/pix2pix/pix2pix_img_04859.png,ce89c57acfd3dc5272acec52fc34c21779bd546285be2be59b0a828e7eeac8c1,generated,pix2pix,calibration,western-blot-04859,d5aaaa55aaaa5554
synth/pix2pix/pix2pix_img_04861.png,3fa5f799f3f60a87d87b2ca46cced8c80c8ac2cd14caae37c60a9093c54b1337,generated,pix2pix,calibration,western-blot-04861,afd0802fd1ab503f
synth/pix2pix/pix2pix_img_04866.png,1c23da84731b311525464659b6c90139b2f9bbd4636217f222e714a5914d2ef9,generated,pix2pix,calibration,western-blot-04866,e699916699566e91
synth/pix2pix/pix2pix_img_04867.png,529188b3f7cb897ed4ade90b1666788b4b1b223af374788952b8f4b74a694b53,generated,pix2pix,calibration,western-blot-04867,80ffff00ff0200fc
synth/pix2pix/pix2pix_img_04871.png,925e481976f0c60ef7dcbd7918aa8bdfc94beefa6c903698803659dc35174bb7,generated,pix2pix,calibration,western-blot-04871,d9a6b649a4b64965
synth/pix2pix/pix2pix_img_04879.png,52a38f16e1ea86f4dd483aa1bdae4b9ebfa58fcb8fee20dd59b55f4604777f03,generated,pix2pix,calibration,western-blot-04879,e39c9c63519ca355
synth/pix2pix/pix2pix_img_04900.png,643a12d7d71c010a245d458c95f9f6586e51fb2d0e66cf0a560ba6bfbe95d44b,generated,pix2pix,calibration,western-blot-04900,ccf0b30c6cf38f0c
synth/pix2pix/pix2pix_img_04936.png,6d36b2c704841dcff112960d71583f078dd2cdf34022076e1ce62c99f7e07743,generated,pix2pix,calibration,western-blot-04936,ff80807f7c80833f
synth/pix2pix/pix2pix_img_04942.png,34e5bcc4a8136498eba7e49b9a18313f471526395978a2dd713e7bfbfcd3c752,generated,pix2pix,calibration,western-blot-04942,a5d2da2d25d2d82d
synth/pix2pix/pix2pix_img_04953.png,96088081785f6053ebe6fb84b88e854c32df7f2791237a6e6692ffa3aac23a5a,generated,pix2pix,calibration,western-blot-04953,af2cd0c32b2cf5d0
synth/pix2pix/pix2pix_img_04974.png,cd2ae105c84bd6a2c2d3075c248e72d41363f5c13d78ad44c8a26d8399554276,generated,pix2pix,calibration,western-blot-04974,8187bd02be566cda
synth/pix2pix/pix2pix_img_04998.png,80f72fe4589cb4e5c5708420f5ea036f055e86e1557a2734bbcef4dd67e97ee0,generated,pix2pix,calibration,western-blot-04998,add0d22f29d0d62b
synth/pix2pix/pix2pix_img_04999.png,fc7dd1f03cd5d03102af196e7aeb5e5f77bf3c19e9b75e080ea25d3f8996bbb0,generated,pix2pix,calibration,western-blot-04999,abd0d42b2bd4c51b
synth/pix2pix/pix2pix_img_05008.png,525c0c90d701492aa33504592c1e05a55314600a7fd3472df58e0a55525a93cf,generated,pix2pix,calibration,western-blot-05008,b512ca6dca9a3565
synth/pix2pix/pix2pix_img_05022.png,4c5f6a67c46626ff7fd3ea296ce900e94469b3ed3a419f10eb499dd0544df590,generated,pix2pix,calibration,western-blot-05022,ed76926c92926d68
synth/pix2pix/pix2pix_img_05028.png,eba26cf2719dde8395d2046fa29dcb4d155618085c540ac4ff88272dc2d105ea,generated,pix2pix,calibration,western-blot-05028,9bede41be0e41a38
synth/pix2pix/pix2pix_img_05029.png,1154419f781701ea137298ca7687894919430a2846dbb8d0b57627bdf3b505b6,generated,pix2pix,calibration,western-blot-05029,d907a658e6a65959
synth/pix2pix/pix2pix_img_05032.png,89a1847c3e6c648b43f4407ad641b429b6b642e33d5d529d14d888948555f20d,generated,pix2pix,calibration,western-blot-05032,e2199d62bf9d6242
synth/pix2pix/pix2pix_img_05052.png,96e020b28421d150f02f4e33742f8c1fb7063d018f027bab0a2aabda1f30ac69,generated,pix2pix,calibration,western-blot-05052,d4ceabab555548a8
synth/pix2pix/pix2pix_img_05063.png,9a331c5183128a35c0ee4639716acb09870955b11142558d2b7afab9878962d5,generated,pix2pix,calibration,western-blot-05063,90ecf8f60203b6fc
synth/pix2pix/pix2pix_img_05069.png,25dd831d724bbf14497a6dc3a6c3d891f783294d31a7b1e104ce52e7cd674d5d,generated,pix2pix,calibration,western-blot-05069,808ebd1ebe16d2b2
synth/pix2pix/pix2pix_img_05076.png,357a9995bf95e72db581648be28042773ec46398852b656b81b2861e5a5fd491,generated,pix2pix,calibration,western-blot-05076,d7cdaaef474500a8
synth/pix2pix/pix2pix_img_05094.png,4976b8971e2098fe14f5ee5dae2c5f6c1daa3f699ca3d43129348d9071c09711,generated,pix2pix,calibration,western-blot-05094,ae23d14e95f1660e
synth/pix2pix/pix2pix_img_05097.png,ca7e2e003c78d19954fa231aa0415f570e3fa5b59f6bf1a1b544b64ca58a8296,generated,pix2pix,calibration,western-blot-05097,8e62d1cef0910e7e
synth/pix2pix/pix2pix_img_05104.png,ff5c0d0fbad39c4895c046b96a0d8a29b84f000760a77e814b0339d8bd93cead,generated,pix2pix,calibration,western-blot-05104,f4748bf48f8b3034
synth/pix2pix/pix2pix_img_05105.png,112cde2f6b74f479e97b8ec3e6052bd7977592566b4eb6f29062b3f73044a826,generated,pix2pix,calibration,western-blot-05105,db2bc07ea4c45a27
synth/pix2pix/pix2pix_img_05110.png,b8db1a9f74b12262766adaae755e09c353556d47850a5a47247089697d99721f,generated,pix2pix,calibration,western-blot-05110,9b2de49ba4bc1b44
synth/pix2pix/pix2pix_img_05113.png,b0830fc47bfec9cc416d05cafbf7b13b51b682f5e4c5700753ef547f19251a01,generated,pix2pix,calibration,western-blot-05113,a315dce39c94235b
synth/pix2pix/pix2pix_img_05129.png,5a873f8197ec4d3883dd783056a426fef2a990c5cb5eca2924c903d39b085ee6,generated,pix2pix,calibration,western-blot-05129,818ebd06be96cac6
synth/pix2pix/pix2pix_img_05146.png,bceba683cd5a64093fb275f5218cbd092ad063e7a7f1588b63a44488fca1659e,generated,pix2pix,calibration,western-blot-05146,d556aa07deae5025
synth/pix2pix/pix2pix_img_05173.png,eb84c842cca64c3c016d7446af0177786162d93d52aaa6dee9b5f29c0cdc2c50,generated,pix2pix,calibration,western-blot-05173,b4af8b30348fcb70
synth/pix2pix/pix2pix_img_05175.png,37f48b163867035d371add983f9a25f4da2ffa876c98095b71366a366731fab4,generated,pix2pix,calibration,western-blot-05175,cde3b2094db2b24d
synth/pix2pix/pix2pix_img_05214.png,aa97c7b1bd30e1cfe371004d747e557f7cc91dd2cf99478ff378dd02768b92ab,generated,pix2pix,calibration,western-blot-05214,9949e6a61959e6a6
synth/pix2pix/pix2pix_img_05219.png,f0a762a9ad5b590b566a668259d1b0fe82e07820f59d0e2289fbaf81e47c57e3,generated,pix2pix,calibration,western-blot-05219,8561fa9a0565fa9a
synth/pix2pix/pix2pix_img_05226.png,eaad13ecc3bf2bb9384fbf02cbe2862f4dca64d04101bb84be9acd37ae4fac85,generated,pix2pix,calibration,western-blot-05226,ce4cb1b14e4eb1b1
synth/pix2pix/pix2pix_img_05240.png,0381973adbc94682765d28b0028a1fb92078aee72007e58c260d9064ae70d57f,generated,pix2pix,calibration,western-blot-05240,cc1cb3a34c5cb3a3
synth/pix2pix/pix2pix_img_05247.png,9b5ea09f1f57b50864676af2bb3ca6489d572a77713da0d3b3e2e59c80deb75e,generated,pix2pix,calibration,western-blot-05247,81feaa15deaa51c1
synth/pix2pix/pix2pix_img_05248.png,9a883b3af616e408b9879a3bbbb6b94c046eb16ff64b96ef48892283178cf635,generated,pix2pix,calibration,western-blot-05248,bec1ad52d1a552d2
synth/pix2pix/pix2pix_img_05249.png,8a93d6cb81a48a528dfb6be592ffafbe66f08fe9be2d1171491ba71f9c007a48,generated,pix2pix,calibration,western-blot-05249,bbc4a303d4aa51f5
synth/pix2pix/pix2pix_img_05260.png,e1934261c1519579ab2dc3bf78bd30eedd908cb0c82f63cca790f5a854012506,generated,pix2pix,calibration,western-blot-05260,a4dbd22dcf932452
synth/pix2pix/pix2pix_img_05261.png,1aadaf4fadb501a3d8fb9ba078e976cbb3ad2a8f31d42df9305815f3fcedf251,generated,pix2pix,calibration,western-blot-05261,a9d4962bceb22955
synth/pix2pix/pix2pix_img_05267.png,a72971d5268f728abc9afa1c018d98c92b1da3f7c28c285a19e193c91a24bc75,generated,pix2pix,calibration,western-blot-05267,81fea855deab41c1
synth/pix2pix/pix2pix_img_05270.png,481e89b1cc98834ad863ec6f463b83474d18d0fa92cc61f315319ecd8b260116,generated,pix2pix,calibration,western-blot-05270,bbd4a20bd4aa51f1
synth/pix2pix/pix2pix_img_05292.png,9861cc133a0c5cb3ff2cecf79fb6f811b5e9ec64378898e58d2015bec108dc90,generated,pix2pix,calibration,western-blot-05292,c4bbb3445d99266c
synth/pix2pix/pix2pix_img_05294.png,ba45be45adfb1eab11a57c285e03ee7bc1c5d03e79b021709c4013dabc1d7cfe,generated,pix2pix,calibration,western-blot-05294,91eeee1111ccca73
synth/pix2pix/pix2pix_img_05296.png,b638ff05c492442010eb63d31d9d9a747f6c6658e1d5495952a0ad357c42cb08,generated,pix2pix,calibration,western-blot-05296,ea94976a943b6196
synth/pix2pix/pix2pix_img_05298.png,94e84b6444deb6ad049497a177f90b84a21da91e5cb41cd155f89be006bd3c00,generated,pix2pix,calibration,western-blot-05298,f86a879738784387
synth/pix2pix/pix2pix_img_05299.png,971fe4ac7d336fe16c3ffdd2831becb24df6aa8407038cf0c3f51884fd5a7786,generated,pix2pix,calibration,western-blot-05299,c3f4bc0b4bf0b00f
synth/pix2pix/pix2pix_img_05326.png,591172a9cf3176120a519d707ccd3c6a78034b8417fa42ce5356af8069123183,generated,pix2pix,calibration,western-blot-05326,a9293ed692963c69
synth/pix2pix/pix2pix_img_05327.png,52e3e4f9991b36ad66912adbacf9de08082bf49816259c8d44484017b3e88ac4,generated,pix2pix,calibration,western-blot-05327,8c00e0ff1f81e37d
synth/pix2pix/pix2pix_img_05331.png,187ff0b5f1b87e46edfec10c6549cdc820479d579cbc8afaeed6dec05ed39793,generated,pix2pix,calibration,western-blot-05331,808fbd02be5fd09a
synth/pix2pix/pix2pix_img_05395.png,5139417dc8f726c4aa7b25c8aab984015eb0e1e1fc822197ac8e3b66a3d97b52,generated,pix2pix,calibration,western-blot-05395,b23ccad44a433e6b
synth/pix2pix/pix2pix_img_05419.png,8504e89a4550c7e5abfef7c2514ce5b507b254ff2aa332a2a3fa65ea432f4a0c,generated,pix2pix,calibration,western-blot-05419,db4fa4b8e04d125b
synth/pix2pix/pix2pix_img_05431.png,ebed943549df31cd24a3b7a2a1f5205cf4ccd0943bf98263dc178defc5f6a6f0,generated,pix2pix,calibration,western-blot-05431,a12afac58e7cce81
synth/pix2pix/pix2pix_img_05458.png,f0540d663fb08feb6365bd04576f2c76e7f1622311194e797d3b6245e4f7547d,generated,pix2pix,calibration,western-blot-05458,8cf3b30c7cb30c6c
synth/pix2pix/pix2pix_img_05481.png,c72f69f5337b7c359183754955506b47a827168dbe06909ca422459d8407c923,generated,pix2pix,calibration,western-blot-05481,afc2c03d2fc2d03d
synth/pix2pix/pix2pix_img_05485.png,64715c5c58cd69dc21f6d5e5eae9876b543b925dd38860631c7987d0822049e4,generated,pix2pix,calibration,western-blot-05485,d8a5e75a19a4d60b
synth/pix2pix/pix2pix_img_05491.png,04ac3969aacf26985d699d98e287f496682af94a3947dff5d792dd5ddc3f8c6c,generated,pix2pix,calibration,western-blot-05491,ccb2b34c4cb2bb4c
synth/pix2pix/pix2pix_img_05498.png,3fcaf5c3324362e6af325f210466cde7c81fcfe7d27eeccab096140a734c8aed,generated,pix2pix,calibration,western-blot-05498,fa8785787a872878
synth/pix2pix/pix2pix_img_05517.png,8f84c3623e7f4f0fc792ec75e07dd3c1cd81072ec43de53a823c465310c82a41,generated,pix2pix,calibration,western-blot-05517,fa9e85607a97816a
synth/pix2pix/pix2pix_img_05528.png,460dc46b6ff806b35ffa805ca22e79a3edd5fe38e9a0620030fb1ad83bdf328c,generated,pix2pix,calibration,western-blot-05528,fa9685237a87852b
synth/pix2pix/pix2pix_img_05544.png,0862d8407a821747163134cbc342aab31bd9c74115570dd37d08917ea20fc289,generated,pix2pix,calibration,western-blot-05544,e09e9f62609c8f63
synth/pix2pix/pix2pix_img_05553.png,48c5a1dee406a61efcfa131b8ad0c6b3c0152e3e9f030590ded97d35a9fc4123,generated,pix2pix,calibration,western-blot-05553,ead085787ad6817a
synth/pix2pix/pix2pix_img_05556.png,d712331fd6125bb1d8b50c32bffec958ea82555667f0e5533fdd9d73716fae2e,generated,pix2pix,calibration,western-blot-05556,99f9e61619e1a694
synth/pix2pix/pix2pix_img_05563.png,02005e421065f21f2a5d055b987853f408beaf8f2ec0cf1382adf27863478041,generated,pix2pix,calibration,western-blot-05563,9d05e2fa1d25c69a
synth/pix2pix/pix2pix_img_05569.png,06e5289abfb813595dd3c409b1915da20bcf66b6d200c27f972fcae210ba1f2b,generated,pix2pix,calibration,western-blot-05569,db84e89f1aa4a45b
synth/pix2pix/pix2pix_img_05597.png,82a76b1ed74bead8e5725e5154989430ebfed1e5e0fd78d41ea7955ae8bc707f,generated,pix2pix,calibration,western-blot-05597,9501eafa1d65c29e
synth/pix2pix/pix2pix_img_05615.png,046c33b5fc56bf6752479f533ba02bc1e2c2fee3267e37da6caa926dae00ff63,generated,pix2pix,calibration,western-blot-05615,d252aaadada55552
synth/pix2pix/pix2pix_img_05622.png,3ab99af6627c79de30351ca9b71e51fcb5cd548c5bfcf10a477d0e8d5258d4fc,generated,pix2pix,calibration,western-blot-05622,9442eb8debbe1452
synth/pix2pix/pix2pix_img_05627.png,5888f886751300d2370f08f758eb4a40ea6458e0f94da046fded267d64960e49,generated,pix2pix,calibration,western-blot-05627,c663b198b9aa4667
synth/pix2pix/pix2pix_img_05632.png,546268143ca5d916942eebdfc4a4a0ca9155187fc61fb5e4c4380254cf831858,generated,pix2pix,calibration,western-blot-05632,e3f898079ce863f0
synth/pix2pix/pix2pix_img_05646.png,3a25a5b94e17e8ae0d260697eaa659a1379bbf420bcf8ee56722bba2f499b465,generated,pix2pix,calibration,western-blot-05646,9b13a49a65e41b5b
synth/pix2pix/pix2pix_img_05648.png,0f9772bdeda04a90759df53ad08e15d3f3cbe15830445c8196654ab52c9150e1,generated,pix2pix,calibration,western-blot-05648,9b5be49a64e41b13
synth/pix2pix/pix2pix_img_05649.png,b186e8a7afab6eaaa1448f74c9702669614d49cd493fadd6732ec94de6686f2f,generated,pix2pix,calibration,western-blot-05649,d949e69b26e61919
synth/pix2pix/pix2pix_img_05652.png,953d6fbb052edff90740290f0d01a715ee20bad7183f61681c29cf514ee7c8fb,generated,pix2pix,calibration,western-blot-05652,a1399fa15ede2161
synth/pix2pix/pix2pix_img_05664.png,d16de8835de6cfbe2eb9e033fb13da1b8e89b2bbfeb1b40eb0a6a746bccb46bf,generated,pix2pix,calibration,western-blot-05664,bd7dcaa002c27c6d
synth/pix2pix/pix2pix_img_05685.png,f4991b4efa0780244176f4752fcfe44b2e7c916c05887980897d1e032e2773f1,generated,pix2pix,calibration,western-blot-05685,93e4e41b13e4ec1b
synth/pix2pix/pix2pix_img_05696.png,df9491a43c730659bc2b8125ec35e51962547338fe7c871cf21cdd9aed1bd7aa,generated,pix2pix,calibration,western-blot-05696,f087877870879f70
synth/pix2pix/pix2pix_img_05713.png,970d36a4866b54f34deb630f86f29ef7dc46ebb0e5f30004171ad17e865671be,generated,pix2pix,calibration,western-blot-05713,d9a6a61959e6a619
synth/pix2pix/pix2pix_img_05716.png,c387503ed9b936a0c1ce6b6599dc1eba42de2d7883aabbbd7f96c587449f28a2,generated,pix2pix,calibration,western-blot-05716,8cf3f30c0cb3e34c
synth/pix2pix/pix2pix_img_05723.png,6db60ab89871beb8e62cdaa3ca8961dfdb58599b9313e3852a9e494002dc69bd,generated,pix2pix,calibration,western-blot-05723,8000fff58000ffff
synth/pix2pix/pix2pix_img_05728.png,e8b9e9bdc803e20ed019f54fea1672000b764a532a263b4cac21e09c4704eae5,generated,pix2pix,calibration,western-blot-05728,fbc3802c7ed0852f
synth/pix2pix/pix2pix_img_05735.png,e07ac626798f8d12f58158e82cf6967541f16237145e5830d09b650103c97d20,generated,pix2pix,calibration,western-blot-05735,ec7092836c7dd583
synth/pix2pix/pix2pix_img_05785.png,e88a795465f22e9b8b0ea433cce308d19d292cc9deeaf4f61651e6210e45a6af,generated,pix2pix,calibration,western-blot-05785,9b03e4fc1b03e4dc
synth/pix2pix/pix2pix_img_05793.png,bc5eaf77eef7e1a37fed920eccf5be0a5a4e9424a063c79f723a75dcc7687827,generated,pix2pix,calibration,western-blot-05793,ce46b1b14e46b1b9
synth/pix2pix/pix2pix_img_05801.png,a4c24701729b6a1cc283e0aaf70187746cc1e62d5a4f88c188d4f9788551fc67,generated,pix2pix,calibration,western-blot-05801,cc8cb3f3bb4c4c50
synth/pix2pix/pix2pix_img_05844.png,25e8fb21306bc6d1da085dc97169a003aee36ed8362289bce8c2ee2c5c6587fd,generated,pix2pix,calibration,western-blot-05844,e9da94297aab1552
synth/pix2pix/pix2pix_img_05858.png,85b0ea61d94fae029953464bd2a874b8fad08f191ac2e74c8950f9afb87c42c9,generated,pix2pix,calibration,western-blot-05858,f98797708b9079e0
synth/pix2pix/pix2pix_img_05861.png,ec99e591f33ef5819e6661728210d91148b03ac5fe84a4231b9dae5189948f50,generated,pix2pix,calibration,western-blot-05861,aad5d52a2f95ca28
synth/pix2pix/pix2pix_img_05879.png,16f7092404292255a2382b175517dd51cc0893079e64addce76bef58ee0d10c1,generated,pix2pix,calibration,western-blot-05879,a9c1c42ae9953afa
synth/pix2pix/pix2pix_img_05884.png,13560604ed2a5b69538ec5512f05db279581723b8344f28eec41cf5881e22e3c,generated,pix2pix,calibration,western-blot-05884,fada90347ad59035
synth/pix2pix/pix2pix_img_05886.png,3803f9179b0fcf9ef572fced28bc1630e181fa2fa571b213ce4da30ad9c9c556,generated,pix2pix,calibration,western-blot-05886,809bbd0abc1ef0ce
synth/pix2pix/pix2pix_img_05894.png,863812f89310ab2d79af23a80a814ab5966de6fd9364b92a48dc1403d8582ae0,generated,pix2pix,calibration,western-blot-05894,bad0d03e2ac5907f
synth/pix2pix/pix2pix_img_05899.png,ef8773bc3addd34a22b5ea23d343a1084b0ec50402cfaa9628e2625d5a535b1a,generated,pix2pix,calibration,western-blot-05899,818ebd0eba18cade
synth/pix2pix/pix2pix_img_05927.png,404f07c7f37f20f59caf78a82a08944f18d2ee62e876ce6c1638508cdaa9c81d,generated,pix2pix,calibration,western-blot-05927,9bd48d924a4d7e46
synth/pix2pix/pix2pix_img_05934.png,cbff9cac6f996dbaf629a373b3816a55494a40451d545e126b84cbfb5daf18ad,generated,pix2pix,calibration,western-blot-05934,f84c8fe760074771
synth/pix2pix/pix2pix_img_05944.png,af2552cb2bb1148d3c595f5c5860de2d3c49c6c7c9f2c8147f7d28f2b66d55a5,generated,pix2pix,calibration,western-blot-05944,aa92d5ad2b353519
synth/pix2pix/pix2pix_img_05949.png,85e7fa74cc7f28545271077921f1ea3787a0c7d7c585c880b2b0088612e3ab2a,generated,pix2pix,calibration,western-blot-05949,c70fb8c747786407
synth/pix2pix/pix2pix_img_05953.png,4b4ea2d5950392fdd398d7f9454e8c88ffae04b11455e73890b6153a0cce32e7,generated,pix2pix,calibration,western-blot-05953,aa8bd4b52536354d
synth/pix2pix/pix2pix_img_05956.png,a274e2897cf7aebca06c1df2f58284a4aa811a4af17183cdce03cec204cd97c3,generated,pix2pix,calibration,western-blot-05956,8e33b1ce4e514f26
synth/pix2pix/pix2pix_img_05961.png,2b6cdc12f66e1187c2dec5b3ad0d598ad5f6ef7e4a2b9a1372baf2f3bd8de71b,generated,pix2pix,calibration,western-blot-05961,9b2da4db5b445a49
synth/pix2pix/pix2pix_img_05965.png,a3ac9c991689346928d20696b46451846b5063f3ea7ec0566876df9417cb417e,generated,pix2pix,calibration,western-blot-05965,ff7e80fa2e41007a
synth/pix2pix/pix2pix_img_05967.png,28d19b2bc2b716677ab9e5c5ac46ebb6ad45e41cb92e29686f2b23bd98e92ae0,generated,pix2pix,calibration,western-blot-05967,ba36d5c82a3595c3
synth/pix2pix/pix2pix_img_05968.png,baa2161505fc832a69534b95be456d73d8fbea6e6adb3794e0272776c4bc2865,generated,pix2pix,calibration,western-blot-05968,91a8ed5513afec12
synth/pix2pix/pix2pix_img_05998.png,78cd58e84c0bddbb919961b1cf4674ffb216b3b6ae6a23d18c81741438279d5d,generated,pix2pix,calibration,western-blot-05998,93e6ec1913e6ac19
synth/stylegan2ada/stylegan2ada_img_00006.png,a1e1af4ebaadcfac5e59e57226a56a1a58a9642b03c5e8c618318508d513bee2,generated,stylegan2ada,calibration,western-blot-00006,db1ba4e41b1ba4d4
synth/stylegan2ada/stylegan2ada_img_00008.png,4f84bb5f91562a32d8433fb3b5dfdc04cd337f2965ee60fff924c7346e0414bf,generated,stylegan2ada,calibration,western-blot-00008,b6c9c934c9d936a8
synth/stylegan2ada/stylegan2ada_img_00010.png,cd8cebcd2451c44f7fca6adefa311fe2ebe18a4d98def2bcd0b8d87da61b397c,generated,stylegan2ada,calibration,western-blot-00010,a9d2d62929d6c52b
synth/stylegan2ada/stylegan2ada_img_00026.png,295db33f5725dab1e2246fbb896fb4983e61122b666fcbd8e12338722ed7d47e,generated,stylegan2ada,calibration,western-blot-00026,95d56a5574b81ce2
synth/stylegan2ada/stylegan2ada_img_00049.png,bad44a8b18eb93dff5b687a96b71628111de169f68f21ccaaf417711c6a55924,generated,stylegan2ada,calibration,western-blot-00049,9616e8e9151636eb
synth/stylegan2ada/stylegan2ada_img_00054.png,f6442bad622903b78118591f4e714a87e9d762bcd1a7128bb8991133cb2bef24,generated,stylegan2ada,calibration,western-blot-00054,9352eded121272ec
synth/stylegan2ada/stylegan2ada_img_00109.png,f5dff26f11c39a870277e7d856e16d1916ea45430d7d31d82e5361426b00cd15,generated,stylegan2ada,calibration,western-blot-00109,9256edad1252cda9
synth/stylegan2ada/stylegan2ada_img_00111.png,5aa5c51cfc1aea161534f8d66499537f4eb3e9f79fa5a8a2faaa49a9a3c33664,generated,stylegan2ada,calibration,western-blot-00111,b636e9c9c51636a8
synth/stylegan2ada/stylegan2ada_img_00139.png,317d2f058f08c8a8080d3e46deabb41c752f1491580d0e64752f5b75321093fc,generated,stylegan2ada,calibration,western-blot-00139,9616e9e91636c9c9
synth/stylegan2ada/stylegan2ada_img_00162.png,19c130c6754e8e738ed478922e99c6b82e93b529f03e097b94e7c5cf318cd07a,generated,stylegan2ada,calibration,western-blot-00162,b434cbc33c2dc3d2
synth/stylegan2ada/stylegan2ada_img_00193.png,cc26b29834d128c2d2bbb76097becdb5432ccba5c1c6492c056183170d9ddec8,generated,stylegan2ada,calibration,western-blot-00193,bf36c8c83637c8c2
synth/stylegan2ada/stylegan2ada_img_00204.png,e49a0716798139bb893d067f62840c4a401e89044acee003eea731e22c4b217d,generated,stylegan2ada,calibration,western-blot-00204,96e9ed1212e9e916
synth/stylegan2ada/stylegan2ada_img_00208.png,74e5871d8972c39762801755ccff048cb10d8249263d07259eb010c74e185148,generated,stylegan2ada,calibration,western-blot-00208,bd3dc2c02d3dd2c2
synth/stylegan2ada/stylegan2ada_img_00237.png,a3f0cc0a6f273b46e62f193d6bc3f20278e700fea8f27d4ee594c1a714d4456a,generated,stylegan2ada,calibration,western-blot-00237,d850a7a75859e68e
synth/stylegan2ada/stylegan2ada_img_00258.png,d7169eb2ce814c972eccb5adbbf9e85091f1c545ed203faf33ead303de63248e,generated,stylegan2ada,calibration,western-blot-00258,db5ba4a41a5b53a4
synth/stylegan2ada/stylegan2ada_img_00277.png,634da9ede24d88c33a1c6749f4c14045ea9eafc782859cff94ce70d5f2d76257,generated,stylegan2ada,calibration,western-blot-00277,9212eded1232e59d
synth/stylegan2ada/stylegan2ada_img_00309.png,3e6bd278fb2fc9da5c5995420c0e7de85aaf75af280ecf4a669b0be1c96fbad3,generated,stylegan2ada,calibration,western-blot-00309,9353eddd460a1372
synth/stylegan2ada/stylegan2ada_img_00311.png,3094c6a63f354e1ea67c0cb80733c4e4f0d5b6dd5579cf582892baba57a406d0,generated,stylegan2ada,calibration,western-blot-00311,9232e9edad16127a
synth/stylegan2ada/stylegan2ada_img_00331.png,20c410fcfa585b1ce92c3c440aab7dcd7f49c5d106d333fb6972f626d80a88e1,generated,stylegan2ada,calibration,western-blot-00331,b636c9a90749cb36
synth/stylegan2ada/stylegan2ada_img_00348.png,102ebcd49f4a60bb8380f45d637202b96c40317f6c68217247733791d9fd1657,generated,stylegan2ada,calibration,western-blot-00348,d25aadad525215ad
synth/stylegan2ada/stylegan2ada_img_00402.png,2ea54afff58835b833121b7228db0beb446cd014e89612e20e490e69f982d47f,generated,stylegan2ada,calibration,western-blot-00402,ba3ec38665414ebc
synth/stylegan2ada/stylegan2ada_img_00403.png,f886c8cf1b09af09093c741509f052d0504f922a89b19f620d626f1a1714b603,generated,stylegan2ada,calibration,western-blot-00403,b232cdcd3232c9cd
synth/stylegan2ada/stylegan2ada_img_00405.png,896a63df1a7c8e0d7f2145ba138aa4e60c0dc55bc0246966b09d5e039054b833,generated,stylegan2ada,calibration,western-blot-00405,9716e8e9a91716aa
synth/stylegan2ada/stylegan2ada_img_00408.png,1f87628d20835d04cf3a066f8ff6aa031bb9bcc9da16749668980aa3911eb096,generated,stylegan2ada,calibration,western-blot-00408,9212cdec3617ccec
synth/stylegan2ada/stylegan2ada_img_00410.png,2c34b7f6eb0ae4c3623c2eef714a74f77c8a5c0473ad2ab211ac3717d4adfe9c,generated,stylegan2ada,calibration,western-blot-00410,b434c9cbcb3434f4
synth/stylegan2ada/stylegan2ada_img_00418.png,88e33750773a7c15575a7cc9d060d9ed9f323530756aaa1d76b528aabf32bc48,generated,stylegan2ada,calibration,western-blot-00418,f2c3ac85c57a53a8
synth/stylegan2ada/stylegan2ada_img_00436.png,be46749600ddb4ebd2aeb76fe580eb3199afce60d49005be48a74e2620fb4fce,generated,stylegan2ada,calibration,western-blot-00436,b436cbc82426dbd9
synth/stylegan2ada/stylegan2ada_img_00440.png,2226b69f61c3b510d3c8fec9c7c00e748c566b8c9100fedda835158d1050be05,generated,stylegan2ada,calibration,western-blot-00440,aa425c9eb439dc66
synth/stylegan2ada/stylegan2ada_img_00448.png,f85b387e330681000e015d0739ebc3de68a1bd191562b5e88acc4bbba0db5fd1,generated,stylegan2ada,calibration,western-blot-00448,aa6ad5952a5a352d
synth/stylegan2ada/stylegan2ada_img_00464.png,e48c27a0e0dd15dbc6f851433c8ae66b229310853f6ad07413d2388b4f4a9b6e,generated,stylegan2ada,calibration,western-blot-00464,d685897a895f56a1
synth/stylegan2ada/stylegan2ada_img_00476.png,803483af61eeb0e2b15ea5abd9e310af0bf455ad9d10b94d7c8cdcbc6263ee56,generated,stylegan2ada,calibration,western-blot-00476,b252cdad3232cdc9
synth/stylegan2ada/stylegan2ada_img_00509.png,cabfbfd44dc5b122886d1f18fe5139e1c339d5834655b57da8772e0ed58e2ddb,generated,stylegan2ada,calibration,western-blot-00509,db3ba4c0a45f5ba0
synth/stylegan2ada/stylegan2ada_img_00514.png,fbbb1c1b08c714f0d6aaa467570b11fb0afdeb2eaa6c672bc3c419a293c67af3,generated,stylegan2ada,calibration,western-blot-00514,80cfb73a6245c8bb
synth/stylegan2ada/stylegan2ada_img_00530.png,674289dccc1af6677fa15cef23311887f45412f9d89fac6ad94920735ce47487,generated,stylegan2ada,calibration,western-blot-00530,94e9eb5614ade11a
synth/stylegan2ada/stylegan2ada_img_00531.png,46c84dc1c78541ae9f3b490625d1dd61e480e7b887dad765e030d89b2665225e,generated,stylegan2ada,calibration,western-blot-00531,9717e8c81717a9e8
synth/stylegan2ada/stylegan2ada_img_00547.png,1943caf269e1de87f26af228c6537c9a893793c2f89bed821a29783395686988,generated,stylegan2ada,calibration,western-blot-00547,d959e4a4135be8e4
synth/stylegan2ada/stylegan2ada_img_00560.png,0509dfd1733662440f0c414936ebb1c7dbb55d4c8c728b5ed71bc2bfebcb0a7c,generated,stylegan2ada,calibration,western-blot-00560,b60bc93e3681363e
synth/stylegan2ada/stylegan2ada_img_00561.png,2d0c90ba2e1df4f8f0e1b5c5f54c08ba4a38784c8a61e9d1ce322090d7face34,generated,stylegan2ada,calibration,western-blot-00561,800dfffa62010dfe
synth/stylegan2ada/stylegan2ada_img_00564.png,005e88da6a94b2e72662c4288f5a26bce0fe8d1bf41cf905fb8b523bae61f9bb,generated,stylegan2ada,calibration,western-blot-00564,b636c9c93636c8c9
synth/stylegan2ada/stylegan2ada_img_00567.png,2373940d3270aaddaf8385687221c95d0672c4c7e3e04f5ff9f1701f5b150c1f,generated,stylegan2ada,calibration,western-blot-00567,aae2df7e20b11e06
synth/stylegan2ada/stylegan2ada_img_00595.png,5bacd57b03784066d8762d9264c76a25ab5ef1b960bf6e54f37685e5324617c7,generated,stylegan2ada,calibration,western-blot-00595,bf2fc0c02d3dd0d2
synth/stylegan2ada/stylegan2ada_img_00605.png,321c8389b8ed6b4aab7f7b9350e2584b15a5e5b25f21909d7a88107055269c60,generated,stylegan2ada,calibration,western-blot-00605,d353acacd45313a9
synth/stylegan2ada/stylegan2ada_img_00626.png,709e36fab8d36a41a7deaeb2c95b103d48f2403079e0be5d3d25d22ab7759fc5,generated,stylegan2ada,calibration,western-blot-00626,d0a7a95652a9ad56
synth/stylegan2ada/stylegan2ada_img_00627.png,4b1a4e79b1fda7170fab7a294f86ecd26275f3df58b432acb98089fbe861c493,generated,stylegan2ada,calibration,western-blot-00627,96e9c916c9d516a9
synth/stylegan2ada/stylegan2ada_img_00642.png,2947e3b93267aae3c31170039efc6a47d26d0248ee45913393280da673d9a718,generated,stylegan2ada,calibration,western-blot-00642,d9a6a659a4a65b51
synth/stylegan2ada/stylegan2ada_img_00649.png,3b019d4a0498396e38975d43000aec99f7b11dab33f92b08dd012db4a49e6759,generated,stylegan2ada,calibration,western-blot-00649,bcc2c3253dd2c22f
synth/stylegan2ada/stylegan2ada_img_00650.png,750fb2f926946bcd8719afdd33ab4fc5f9afdd761a3f69a932302e558516e2b3,generated,stylegan2ada,calibration,western-blot-00650,cd4cb2b24d4db2b2
synth/stylegan2ada/stylegan2ada_img_00657.png,9dcca81091e7019d9651aa2f10c3cda614093aa0c4af6810cb0c8a6d7534c29c,generated,stylegan2ada,calibration,western-blot-00657,d616e9ed1212cdc9
synth/stylegan2ada/stylegan2ada_img_00658.png,3483e1383702290c5a877d0c27889b3a68ccbbfdcb1b91537f8c467109e474c6,generated,stylegan2ada,calibration,western-blot-00658,9b8de67bac0418e3
synth/stylegan2ada/stylegan2ada_img_00660.png,10610e697e2410c227ae26a13594cbad949b80759dc538f0d8145841e849486f,generated,stylegan2ada,calibration,western-blot-00660,d2d3adcc525229ad
synth/stylegan2ada/stylegan2ada_img_00668.png,79e6afc9bfd22dd374b47230d2b761baf2763d9c0f6a0ccf8eed4113bbbb70f1,generated,stylegan2ada,calibration,western-blot-00668,97fdc84236bf8288
synth/stylegan2ada/stylegan2ada_img_00684.png,5c4c5e391b29d612156aa072d3f058059ddf874a53a78ee1930ed8a7512b35ed,generated,stylegan2ada,calibration,western-blot-00684,db4ba4a45b5be0a4
synth/stylegan2ada/stylegan2ada_img_00699.png,cc2e0d1bd1920355ebb32cb267f533c6dfeb8bd2bbed8b5aef9f21eac2955370,generated,stylegan2ada,calibration,western-blot-00699,fe85ab3e855a5412
synth/stylegan2ada/stylegan2ada_img_00705.png,1029022d876ecf4a2730bdf90fea88a95def16319d4a352b6c793f842d51f282,generated,stylegan2ada,calibration,western-blot-00705,98e5e51e18e55e1a
synth/stylegan2ada/stylegan2ada_img_00716.png,f6388c5fd476f273b2254be99340f108672be339f6f3e1008785018baf33536d,generated,stylegan2ada,calibration,western-blot-00716,b6c9c874c93635ca
synth/stylegan2ada/stylegan2ada_img_00719.png,9e624a02ae79e384c655499888d0afeeb9257382090c79d5217f1a3c99af7998,generated,stylegan2ada,calibration,western-blot-00719,db5aa4a41b5be4a4
synth/stylegan2ada/stylegan2ada_img_00721.png,4326f1e23b65d1685f167528fcf0334eb4499bd7a098241b709fcf8387593c08,generated,stylegan2ada,calibration,western-blot-00721,9aa9c476a4db1ba4
synth/stylegan2ada/stylegan2ada_img_00752.png,6e923713eea53fae125e007068e845429d4f0489b80ab5b1cba8eaa606d88c28,generated,stylegan2ada,calibration,western-blot-00752,96e9e91416e9f816
synth/stylegan2ada/stylegan2ada_img_00758.png,fc2732b1f6313ebe7c5696211aeb29f120374b25d9aa13661526dd59589ee0ef,generated,stylegan2ada,calibration,western-blot-00758,9216ede91216ed99
synth/stylegan2ada/stylegan2ada_img_00761.png,2efe3c823466d82a4272984cb74064b9a6b217ab019991025aa5fd94d83c208b,generated,stylegan2ada,calibration,western-blot-00761,dba4a41ba4d65ba4
synth/stylegan2ada/stylegan2ada_img_00783.png,d3f0612905f8ddf974ade7992766e97b9c758c0d825644ab797d0c3611153f49,generated,stylegan2ada,calibration,western-blot-00783,d689a976568da172
synth/stylegan2ada/stylegan2ada_img_00797.png,009ab0bec950dcb368b40e2c69bc7d47f0983de9641c49d5b1d5cc2471c17644,generated,stylegan2ada,calibration,western-blot-00797,db3ba4842a5b5ba4
synth/stylegan2ada/stylegan2ada_img_00915.png,da47f8e79269e0b6c17d96c23f7cd2ae23952d1663dc80990c801e551eb78075,generated,stylegan2ada,calibration,western-blot-00915,d052ada55058efa7
synth/stylegan2ada/stylegan2ada_img_00916.png,cdd3014d158b0de397c3b222d7d331d1532d5cd22965f475ed1bc7119482a372,generated,stylegan2ada,calibration,western-blot-00916,994be4b41b4dc49b
synth/stylegan2ada/stylegan2ada_img_00920.png,b3a62d25d9a12f511950d61f110775d0b50014f822eb89f2018e90ee97beb13b,generated,stylegan2ada,calibration,western-blot-00920,91eded1250adaa56
synth/stylegan2ada/stylegan2ada_img_00929.png,d2c84ab8c74ffa2383a0173a31a2e830e9b5cdcf4a3ff09c4ab8541215310739,generated,stylegan2ada,calibration,western-blot-00929,af6ac2da32254cdc
synth/stylegan2ada/stylegan2ada_img_00933.png,d3e35c4a449ca1ecf23dfe19ead01e982f991133159c3ed351751bc466d1a3b2,generated,stylegan2ada,calibration,western-blot-00933,9b51e4ee05007ddb
synth/stylegan2ada/stylegan2ada_img_00937.png,1cc0b0755f5bd7f1cf7752aad74216ea7125de247736bf036b708ee26ae96e58,generated,stylegan2ada,calibration,western-blot-00937,9b3be4c4a41b5be0
synth/stylegan2ada/stylegan2ada_img_00938.png,9692f4743c2c1c44ef4063f82bd4a6682cd15159866bf70e7ba339c866f7d021,generated,stylegan2ada,calibration,western-blot-00938,9964e49963669a9b
synth/stylegan2ada/stylegan2ada_img_00941.png,6eda72ac0aa27499c4a471f4ce5096ec2efd99bb9806e9e430a5c0e5d97b96b5,generated,stylegan2ada,calibration,western-blot-00941,97c5e81ae45517aa
synth/stylegan2ada/stylegan2ada_img_00943.png,624d4bbee053572443157642df00f30728df8833f1bab24e1511db5dc4602a41,generated,stylegan2ada,calibration,western-blot-00943,daa1a55a5aa5e54a
synth/stylegan2ada/stylegan2ada_img_00951.png,a34951ba1bec1cc4ad958f3cd803131766d10a89de1f42f836aba92d610ce7c2,generated,stylegan2ada,calibration,western-blot-00951,db5ba4a444535bac
synth/stylegan2ada/stylegan2ada_img_00958.png,778c7eba820ff5b81511bcc9d8a1dfcc65b9a0a0dc3d2dfea18755c0ce70f1c6,generated,stylegan2ada,calibration,western-blot-00958,9531eace1133eccc
synth/stylegan2ada/stylegan2ada_img_00961.png,423ea8ed7b86a49bf3d628bcf1eb4b7970ee19345c47de7ffcf0cb3936700a9e,generated,stylegan2ada,calibration,western-blot-00961,b7c8ca37c89237c8
synth/stylegan2ada/stylegan2ada_img_00965.png,51b76755fd999f0e960ee17bfc42eb382dad0d2aaabdf107a108adfc62126eb7,generated,stylegan2ada,calibration,western-blot-00965,bd2dd2c22d3d92c2
synth/stylegan2ada/stylegan2ada_img_00966.png,a23f75828ca831c541f1afd7bc0b6a0bf2a5a429da7d279a7132a3b0a571a042,generated,stylegan2ada,calibration,western-blot-00966,b634cabba8c94936
synth/stylegan2ada/stylegan2ada_img_00979.png,4662cfb9b48ffd2f16df18f75feb6d190560c69de371aca1705385b877e2d169,generated,stylegan2ada,calibration,western-blot-00979,9515e8e81617e9e9
synth/stylegan2ada/stylegan2ada_img_01030.png,2288fb93a196ba074bca68a4dcf1b72f2c1f34ba766a9ddf18c257871f9a00d2,generated,stylegan2ada,calibration,western-blot-01030,ffa0805f0ff07883
synth/stylegan2ada/stylegan2ada_img_01040.png,f4670b00c7c62c6cd5976bfd64432604f9d706b592bc607d270ca46d125a8798,generated,stylegan2ada,calibration,western-blot-01040,add2df2912d72d02
synth/stylegan2ada/stylegan2ada_img_01055.png,07fd53069d27a8750aea03face0c942708996b2e13496f5f15d81682543774ce,generated,stylegan2ada,calibration,western-blot-01055,fe8b95e06a7195c0
synth/stylegan2ada/stylegan2ada_img_01061.png,ae5ac8944be3e54a8196878871dae9c99a3a87ce63213470a11df21b712bec47,generated,stylegan2ada,calibration,western-blot-01061,ff80805f837c7f80
synth/stylegan2ada/stylegan2ada_img_01069.png,d9920845c7a81292dba80bf85aca16454be2cf71358fd887174b5ea2dcf2f2d0,generated,stylegan2ada,calibration,western-blot-01069,afc23f00c23fe319
synth/stylegan2ada/stylegan2ada_img_01080.png,c21fc0c2bd42eadae5e64162f2e540c65df73462909ac7d7d4d99621b2c34a84,generated,stylegan2ada,calibration,western-blot-01080,8301fcfe070379f4
synth/stylegan2ada/stylegan2ada_img_01081.png,aa4b54d532da0b18b660a2f1ac42fbf040e4e5f3c3195492baf1331d2d202826,generated,stylegan2ada,calibration,western-blot-01081,ff80d04f807fa1f0
synth/stylegan2ada/stylegan2ada_img_01083.png,7fb1a73de44fffbc6f9ecfb37194adab661acf4ff5b64e0885719f00b0c800aa,generated,stylegan2ada,calibration,western-blot-01083,e19b9e60619ec4b9
synth/stylegan2ada/stylegan2ada_img_01091.png,f7735dd5b02ae085f8429302ca7cc75853f93317f677fee7e073a8e76c0ca60b,generated,stylegan2ada,calibration,western-blot-01091,ff888b1710fce087
synth/stylegan2ada/stylegan2ada_img_01096.png,6540470950c675db72854b75681260f671420765812d98753fd79974719cd5d1,generated,stylegan2ada,calibration,western-blot-01096,acd2df2592906f26
synth/stylegan2ada/stylegan2ada_img_01105.png,5517e2c036bf4c1159c3ea294578d2f714c80c56c2cf4aaa22713dbcaa7d456f,generated,stylegan2ada,calibration,western-blot-01105,f0af8f5070add322
synth/stylegan2ada/stylegan2ada_img_01109.png,105fca649341377d8198704f2d1b1f8d0e08d6e49ca23134f0e8df2ed9824773,generated,stylegan2ada,calibration,western-blot-01109,fa7aaa95a4404f4b
synth/stylegan2ada/stylegan2ada_img_01114.png,5935de13aa1c8dbaea927260dc56168c6fd0d5997993e9b74b9500f932c01e51,generated,stylegan2ada,calibration,western-blot-01114,c03fbf4040bfbf40
synth/stylegan2ada/stylegan2ada_img_01129.png,81093c42ab29723210f9f31f924ada00f2ff1c08fc22700d1026130a36c5ceeb,generated,stylegan2ada,calibration,western-blot-01129,f8879f10f04f8e70
synth/stylegan2ada/stylegan2ada_img_01136.png,5990c7c2fdb22eae86af8904cf66930902eb872c5aec977f2a9c3263ec9909cc,generated,stylegan2ada,calibration,western-blot-01136,ff80d15f007e3f80
synth/stylegan2ada/stylegan2ada_img_01155.png,cf4bc124dc84cc66fda5aa24359f1322088ed5de4027e55b8afeb5f9a1654d45,generated,stylegan2ada,calibration,western-blot-01155,ffc0803e7fc0803f
synth/stylegan2ada/stylegan2ada_img_01164.png,4597269021daefb173026a407755a984ee47cc13740748727b0e4701de99d47b,generated,stylegan2ada,calibration,western-blot-01164,cb5ab4a54b4af0a5
synth/stylegan2ada/stylegan2ada_img_01173.png,56b6b72c0555844664033e3369c2f72d38113090139088b10935a893092e601e,generated,stylegan2ada,calibration,western-blot-01173,fe9e81c07e1e81e1
synth/stylegan2ada/stylegan2ada_img_01180.png,8ada045a21302b96cdda933a0356edeb0e8e4515cf5ddd4ef8e11c9152d48cdc,generated,stylegan2ada,calibration,western-blot-01180,ce4e5cb1b1a3e246
synth/stylegan2ada/stylegan2ada_img_01182.png,044b8999fd314c400c05e6aee0a244e2908bff194e1420fbbf650997a8c27ad3,generated,stylegan2ada,calibration,western-blot-01182,f08f8f703b8f5070
synth/stylegan2ada/stylegan2ada_img_01202.png,a18528cdffa5eed9757b55fc63b9a01c3dd76c64973d9e438b4b7ea96cb6346e,generated,stylegan2ada,calibration,western-blot-01202,fa8fc21086743de3
synth/stylegan2ada/stylegan2ada_img_01203.png,4070c05e0a1508b5255ec8b5dec2d98bcb39978f0ff0e153236a88bd4326d421,generated,stylegan2ada,calibration,western-blot-01203,f44d8bb2704dc1ba
synth/stylegan2ada/stylegan2ada_img_01235.png,83b2c64d011ae0721452d1e80d2fcd6235ae155dff21a641986200116a27b0c9,generated,stylegan2ada,calibration,western-blot-01235,c5b0cf1cba4e304f
synth/stylegan2ada/stylegan2ada_img_01257.png,1c847946de463fdf063e610e71584e52d0121daaf638b9a99cd392707586bb41,generated,stylegan2ada,calibration,western-blot-01257,afc2d07d2b00f4d3
synth/stylegan2ada/stylegan2ada_img_01261.png,35d20b22abad54ceb08a6e1d399cf5387d7c025f5af572532a69574e7913f686,generated,stylegan2ada,calibration,western-blot-01261,fbe0ea1c98708747
synth/stylegan2ada/stylegan2ada_img_01298.png,38630561a5045a0b26897526eb56d4fbd4db73f70c5a535903fed4e49948ae72,generated,stylegan2ada,calibration,western-blot-01298,fe0a4995bea76a40
synth/stylegan2ada/stylegan2ada_img_01308.png,89f7292ed86bf8e1422b6c21775e5e1213b6699622c5347672c69a24a1beee9c,generated,stylegan2ada,calibration,western-blot-01308,9ee1f11e48f51b0a
synth/stylegan2ada/stylegan2ada_img_01310.png,7a05a804b2001a65749688a9068f020c8876a450f11dee68c1337fe1262631d9,generated,stylegan2ada,calibration,western-blot-01310,c5be8b40950f21fd
synth/stylegan2ada/stylegan2ada_img_01317.png,c0e7f88e7d0fec6e0746d19798f8ab4134851670cd73ba5c058d8ff4924738ce,generated,stylegan2ada,calibration,western-blot-01317,fe0b897230c7d9b0
synth/stylegan2ada/stylegan2ada_img_01320.png,b4ce651afdd3e41c084bd676045551d671a18a5928051941e2c5e29aecb5fa36,generated,stylegan2ada,calibration,western-blot-01320,f88787787c83c07c
synth/stylegan2ada/stylegan2ada_img_01327.png,b5ec1ca55c383ae90319da0ad0a47094c524f1d8acb5f573679eaf1fa9f0e102,generated,stylegan2ada,calibration,western-blot-01327,b7c0c83f37c8c836
synth/stylegan2ada/stylegan2ada_img_01332.png,8d1b80fb3786fbd9c64ca64b70847ec29429a40287fffe0e5040f9fab0d43d1c,generated,stylegan2ada,calibration,western-blot-01332,d55588aaea7f1544
synth/stylegan2ada/stylegan2ada_img_01333.png,65f61c94114dafa4e69c27701d886d37c0d74e1ed7b6b05ef61501be44cf3f07,generated,stylegan2ada,calibration,western-blot-01333,ff80c05f007f3fa0
synth/stylegan2ada/stylegan2ada_img_01338.png,73757c030261b4733ccd8718c582c78cf9b14b4b33e4456cc4cd827cc8159e55,generated,stylegan2ada,calibration,western-blot-01338,c9b6b649b61449b6
synth/stylegan2ada/stylegan2ada_img_01373.png,dfc70e7c51d74e7e97e8258813ff39c0771896c4b41c71b4c64f20e2132874cd,generated,stylegan2ada,calibration,western-blot-01373,94aae9153ac5cd3a
synth/stylegan2ada/stylegan2ada_img_01383.png,6e9f94031f625c8d9e4ee94d032079eef547dabbdcb7b3d6aaba4fd08530cb2c,generated,stylegan2ada,calibration,western-blot-01383,ff38a0fc80c07e3a
synth/stylegan2ada/stylegan2ada_img_01389.png,1498341f09258b94b43d378a7f29a524c55bd2222a6b5208fc46eda2d6d76e39,generated,stylegan2ada,calibration,western-blot-01389,ac2e2b7e1ec31b48
synth/stylegan2ada/stylegan2ada_img_01390.png,885ea7de16708a02bfc3dfeeb1533415143df6b13837e1ec350fe9c1ee0fbc1b,generated,stylegan2ada,calibration,western-blot-01390,ff0880767f80b07e
synth/stylegan2ada/stylegan2ada_img_01392.png,e2d527fef95e1f2209713c28f57f6db2aa8987942336a067a3f694765a8e9ab7,generated,stylegan2ada,calibration,western-blot-01392,fa85857a7e85805e
synth/stylegan2ada/stylegan2ada_img_01397.png,86f0f11537b7a1f2d304947702597029159acd156566fc27ec731563e9c8d5f7,generated,stylegan2ada,calibration,western-blot-01397,d2afad522a85c1f8
synth/stylegan2ada/stylegan2ada_img_01399.png,c8b6d4346c21e948fe36e4703e2e0d137ebf688cf459b70179fa97055ff2f4ca,generated,stylegan2ada,calibration,western-blot-01399,bfaab75ac06e00a5
synth/stylegan2ada/stylegan2ada_img_01400.png,77e8f49eda3a492071719ece478071118ff1da545e60c07600ec146f3d00b330,generated,stylegan2ada,calibration,western-blot-01400,fe85817a7a81c17a
synth/stylegan2ada/stylegan2ada_img_01411.png,fee5bb05cc175635224ae76407d2a9fc81f51f41678b986fdb2e1a0d480dcc4e,generated,stylegan2ada,calibration,western-blot-01411,b038b078dace4eae
synth/stylegan2ada/stylegan2ada_img_01413.png,9af37df900e1cfce7eed66810a20ad1bf95d9ddc57048c1c5014b9f44b25a164,generated,stylegan2ada,calibration,western-blot-01413,b931e11ec4cecee0
synth/stylegan2ada/stylegan2ada_img_01415.png,fd836050fb94984631cf046f34caa5414b4748062074978ca3dc4c0dcbf50002,generated,stylegan2ada,calibration,western-blot-01415,fd00827e5d80eb1f
synth/stylegan2ada/stylegan2ada_img_01421.png,4310fa8f461484fcdec62e81dd8138e1adf9b6269d4c56344fed1baa4f9d4493,generated,stylegan2ada,calibration,western-blot-01421,cacab4a54b4ab4b5
synth/stylegan2ada/stylegan2ada_img_01422.png,11352e69eaaecee0eecd616fc1ed2df504618423f9b15c592f2c7bc0ef3e99b6,generated,stylegan2ada,calibration,western-blot-01422,cca649b3b358bc4c
synth/stylegan2ada/stylegan2ada_img_01427.png,58d4892c7fd0c7b4ae4606329caf1beba88836913da6b1d7291736196c3eee6e,generated,stylegan2ada,calibration,western-blot-01427,ff81c07a2b85d45a
synth/stylegan2ada/stylegan2ada_img_01429.png,76be8aaeb1aaf8a7dba25a91e9811a3344135a8dd0f3a26cfea7f7f32a60468f,generated,stylegan2ada,calibration,western-blot-01429,90eaef10b8ef02f8
synth/stylegan2ada/stylegan2ada_img_01434.png,5bdfe397d4d0b047c7618cf58d8feb404bf920dec6be64ed52e417bb32e606ed,generated,stylegan2ada,calibration,western-blot-01434,aa84d76f2890d55b
synth/stylegan2ada/stylegan2ada_img_01435.png,7269359e907f6a223f74dba64adf48e63338092849c23af34db4ea9758b5d4b1,generated,stylegan2ada,calibration,western-blot-01435,d5e88b3f60c0973a
synth/stylegan2ada/stylegan2ada_img_01445.png,064984db4a318713a75f45b6654afe7f03a0603ffae7beea8ee6a7ddbbee829e,generated,stylegan2ada,calibration,western-blot-01445,f896876878978768
synth/stylegan2ada/stylegan2ada_img_01450.png,2eb8d5a2541e0c46481c6ba96b6b4e5e523e9d46a533afb82dd5a6b823adcca4,generated,stylegan2ada,calibration,western-blot-01450,ff80807f5fa8e881
synth/stylegan2ada/stylegan2ada_img_01477.png,e07bbb13f515441ea50cbfbcb0eb9131ade8ceeb0bd1530abd849a8b302d41ea,generated,stylegan2ada,calibration,western-blot-01477,ff2881c65e787131
synth/stylegan2ada/stylegan2ada_img_01481.png,f3758f3fd1e1e4bb11fe918f75ba4824b915fe5f5fe94d3c3fee486ad6f8f01c,generated,stylegan2ada,calibration,western-blot-01481,afd0d62d29d0d629
synth/stylegan2ada/stylegan2ada_img_01501.png,6f3283d71758578bb3ebe565e5a7ddf2cfe86d8c97ec9318edc21132a121d219,generated,stylegan2ada,calibration,western-blot-01501,c464bb9f5461833e
synth/stylegan2ada/stylegan2ada_img_01504.png,22cf73ef0d358f1699f076f5bd345823fba724c65b1fb495dd92f05a37a2343d,generated,stylegan2ada,calibration,western-blot-01504,fe8385788a93d178
synth/stylegan2ada/stylegan2ada_img_01550.png,74f2992822023d434a62023a121709ba9fe9017a035e52bb1bfc7533a3982c64,generated,stylegan2ada,calibration,western-blot-01550,952aaf3468b5eb18
synth/stylegan2ada/stylegan2ada_img_01568.png,88bad8c6f9cf83c3f80a92ac8e9096aa64d5dc566a4c4f98c3bed4c838d30142,generated,stylegan2ada,calibration,western-blot-01568,eeb0ab5a54a3ab50
synth/stylegan2ada/stylegan2ada_img_01570.png,8a50b91af48da8238895f215b79fb1586005bee9e05fb2be7f934f771a5daa10,generated,stylegan2ada,calibration,western-blot-01570,e3489db72a48c3e3
synth/stylegan2ada/stylegan2ada_img_01604.png,6670ae89a4f2e110685544b9e67ca2a1e34710b3ba4d84ab33a8d5b81a61e81d,generated,stylegan2ada,calibration,western-blot-01604,e19e8e61719d8c9a
synth/stylegan2ada/stylegan2ada_img_01612.png,718c6ff95cd03d0cd4fb93e2b08a2d42c11cba403d9177fed73a30170119ce9b,generated,stylegan2ada,calibration,western-blot-01612,ff6a2b9496822359
synth/stylegan2ada/stylegan2ada_img_01628.png,f48ceba0d967b9d8cf3af2c6031e0828a3af54c4ce2a4ddff41e8031c2b276e6,generated,stylegan2ada,calibration,western-blot-01628,c077bd99476380dc
synth/stylegan2ada/stylegan2ada_img_01630.png,e08560fd7ce669e25782c1bd807fab3e3e8735b8c3aff7f1af9fe6faad35b0d1,generated,stylegan2ada,calibration,western-blot-01630,9ce3ea1ce31c14e3
synth/stylegan2ada/stylegan2ada_img_01632.png,4ebac902e70443e0374700b28ed1f6a630242e72c9aa39794e1100f8f49054a0,generated,stylegan2ada,calibration,western-blot-01632,c0ffbe0063be9c41
synth/stylegan2ada/stylegan2ada_img_01655.png,e7c6c02d34ee70e6abe03e368d92370521665ea86b059e570ad9a8f39d5788d0,generated,stylegan2ada,calibration,western-blot-01655,fc83807c3f812b3d
synth/stylegan2ada/stylegan2ada_img_01666.png,27c0fdcd3c4b512bc81658b3dc4754cccbc09440d5ae7c6b8d404a913a6cc3ce,generated,stylegan2ada,calibration,western-blot-01666,bf2f2bc0d0d03c2d
synth/stylegan2ada/stylegan2ada_img_01680.png,f315b18de4fad1979f86444a09f864d14707d242071419a93b9c049fce3e0ca5,generated,stylegan2ada,calibration,western-blot-01680,ffc0803f45c8ff01
synth/stylegan2ada/stylegan2ada_img_01685.png,ebbbe0d0bc6de518cc52de887606b9096a9be816b4425ae57197147854d02b86,generated,stylegan2ada,calibration,western-blot-01685,ad09d2f62d09d2f4
synth/stylegan2ada/stylegan2ada_img_01695.png,76616c1e9f0acc73e3fe51f86ebb8b38a6ae7dd175baba9fb1fdd1a4984ae77c,generated,stylegan2ada,calibration,western-blot-01695,94e3eb1c10e6af13
synth/stylegan2ada/stylegan2ada_img_01718.png,b8a315babb6d143bed2b5f90a1f1e868c83b5b2b6b52c282a33e79efe2cf3105,generated,stylegan2ada,calibration,western-blot-01718,d7a0d32b92152bd5
synth/stylegan2ada/stylegan2ada_img_01719.png,108fe65f4ebd26347aa4ec04456bdd7d3bec7fb4dd8c4ae8e19a4c86a08f637b,generated,stylegan2ada,calibration,western-blot-01719,c7b8b84347b8c43b
synth/stylegan2ada/stylegan2ada_img_01722.png,33a3deb48178cdcc654221f12db20b49ee2fa80e93b19c0aefca972a3a007f02,generated,stylegan2ada,calibration,western-blot-01722,c3bc8761be452bd0
synth/stylegan2ada/stylegan2ada_img_01738.png,061c40b5c6903ec7e7e8d285930cfbc5d4ee6066188a6bd537bf49020456d68e,generated,stylegan2ada,calibration,western-blot-01738,cba2b5454ab6b549
synth/stylegan2ada/stylegan2ada_img_01740.png,928a4835e601176fd0d951064dc93f3c305b95934949c67156cb6a2a3059d8f5,generated,stylegan2ada,calibration,western-blot-01740,e1bb9ec661309f48
synth/stylegan2ada/stylegan2ada_img_01745.png,6548911b602b666f7cecd9395599d97390c0b3ce95fc8ad085092c1ab94c02db,generated,stylegan2ada,calibration,western-blot-01745,ad92d22d2bd25d0b
synth/stylegan2ada/stylegan2ada_img_01771.png,02fe7d6ad1ed9e460b06e056d98f91ea8fa1f3401835c0556b7e7d3bc92558bb,generated,stylegan2ada,calibration,western-blot-01771,971756c8e8e9a931
synth/stylegan2ada/stylegan2ada_img_01788.png,fff25b9a0cbd050746bdb27be299a86327f0c51e89c0766a97c9f21ac8db0bf2,generated,stylegan2ada,calibration,western-blot-01788,99a6e61919e6e619
synth/stylegan2ada/stylegan2ada_img_01792.png,adbcaf75fbc77f9a937f6fa4d5ab37cf34137e7acf1a5a8f5cbc6156b8a837e6,generated,stylegan2ada,calibration,western-blot-01792,9978e6861969e69a
synth/stylegan2ada/stylegan2ada_img_01793.png,85f252d95fc1b1207f8ea2613ab8f460e11e46166f786dc5b9eff2823d66c03b,generated,stylegan2ada,calibration,western-blot-01793,ad35d2ca2d35b407
synth/stylegan2ada/stylegan2ada_img_01794.png,076f592d500038576edacd1e7fa4fccb5aadfc1a8da1b00f6f0a4b2bd1036fe9,generated,stylegan2ada,calibration,western-blot-01794,afcad5224a837978
synth/stylegan2ada/stylegan2ada_img_01804.png,806bb7350af1d185ee2dc92ab42792acfe94b8c7bea78d483c103024fc1a0454,generated,stylegan2ada,calibration,western-blot-01804,ff3e81c0c0773d30
synth/stylegan2ada/stylegan2ada_img_01823.png,356c2ffec7c79352fe9419633f187c8422e805ae40c9ecf8bb9e401a5a549971,generated,stylegan2ada,calibration,western-blot-01823,ff80b817a8758bd0
synth/stylegan2ada/stylegan2ada_img_01826.png,6573a51642a9ad76bc575bf4d7c7add09a36c838d4028ad2c22e7f52b487b6ec,generated,stylegan2ada,calibration,western-blot-01826,bf282dc0ca7d2935
synth/stylegan2ada/stylegan2ada_img_01843.png,60dcaeba65e5a35b6474e33f158894eed411dedf202e908b8398b2dacd7b57c3,generated,stylegan2ada,calibration,western-blot-01843,ff0080be7e00f87e
synth/stylegan2ada/stylegan2ada_img_01869.png,b03b513cb496e4ceda93e41ee541c380b31c3e3ddd9bc028f6100c98070f8834,generated,stylegan2ada,calibration,western-blot-01869,e1a2ff44be4510e5
synth/stylegan2ada/stylegan2ada_img_01876.png,0361ef0dcba191d33b206d207cfe09ccb37ebc14a1a0a9717a06658d87ba50fa,generated,stylegan2ada,calibration,western-blot-01876,f5758b8a62755588
synth/stylegan2ada/stylegan2ada_img_01909.png,e3fab595504ae014f7d32c1316e4173ce2d089bcd431b8984c33a77f56c43f76,generated,stylegan2ada,calibration,western-blot-01909,99ece61318ecc731
synth/stylegan2ada/stylegan2ada_img_01916.png,1306be8a502ac7f7a8444b6d8ada0dfc7d60b7f7d26bc9f997a2bbf95cbb64dd,generated,stylegan2ada,calibration,western-blot-01916,fe83817c7e81c05e
synth/stylegan2ada/stylegan2ada_img_01936.png,ea3d8fe7e93f015f543df6fa0e26de2b0260cd1f7b22db27fc156b525d7361c2,generated,stylegan2ada,calibration,western-blot-01936,cc0c0cf3b3f3cb0c
synth/stylegan2ada/stylegan2ada_img_01942.png,d3c1276b2c375e53c2d7d5fcf8f2257494ff12f0114f595e620743320ada6202,generated,stylegan2ada,calibration,western-blot-01942,b4cbcb2428db2579
synth/stylegan2ada/stylegan2ada_img_01966.png,d855df5bb47ee3bbc21a45a1bbfbc7355ba2d57be8ebcac32bb6c76022c69e29,generated,stylegan2ada,calibration,western-blot-01966,9b189a38eaaf61e2
synth/stylegan2ada/stylegan2ada_img_01990.png,d75ce7cae03374df3121efcc6d08d271a17029dc7843ef381106281b4e3dc8a8,generated,stylegan2ada,calibration,western-blot-01990,b6eccd36604333c9
synth/stylegan2ada/stylegan2ada_img_01999.png,4cf3d98c79b406365c3714a4d90d6b7611f31d62ccf045d18814526c4a258153,generated,stylegan2ada,calibration,western-blot-01999,cdb4b34db2504db2
synth/stylegan2ada/stylegan2ada_img_02005.png,6e555a4cdd26d2f7cd94cbad1776b7451a12f76136e18b232ee001cdead06703,generated,stylegan2ada,calibration,western-blot-02005,ad35d2c2296f3634
synth/stylegan2ada/stylegan2ada_img_02015.png,201ad478fa0d4a52ac251418697f38a149434ed513a9b4b3f84c1197c22ebf61,generated,stylegan2ada,calibration,western-blot-02015,a82edf5000eeaf33
synth/stylegan2ada/stylegan2ada_img_02021.png,4a8a7136f66cad8544b7faf26258d6d687bb52dbf2d84e54f4d3b7fa8ca9b51a,generated,stylegan2ada,calibration,western-blot-02021,a828d7d72b2883d7
synth/stylegan2ada/stylegan2ada_img_02026.png,df7619c3c1796e90fc977d5b70a7c964b31405774fa5e86bca024249b42f32f0,generated,stylegan2ada,calibration,western-blot-02026,b58aca3735c8ea15
synth/stylegan2ada/stylegan2ada_img_02041.png,f936d44cd74f0046e6cd3231dcc213981c6550661d55172bc0b0f870231beca0,generated,stylegan2ada,calibration,western-blot-02041,fd82827d7d804d5a
synth/stylegan2ada/stylegan2ada_img_02043.png,a870f263ab0ed31a6521118d2d490e7bbf0381974838c177e5c4f5d5c845347e,generated,stylegan2ada,calibration,western-blot-02043,9cebe3141ce7a518
synth/stylegan2ada/stylegan2ada_img_02045.png,5392b10701e76bff274097c9f1da30fd3bc317288af946e5f9b5e7e54f5c8cf6,generated,stylegan2ada,calibration,western-blot-02045,b488cb7636c9c936
synth/stylegan2ada/stylegan2ada_img_02046.png,4d360535fbe19b580015f7ff0062413bebff3ac29d88947ec46e52549bef229a,generated,stylegan2ada,calibration,western-blot-02046,9a39e5c61a39a4ce
synth/stylegan2ada/stylegan2ada_img_02161.png,13da0f176d6c424d6c33cbcf41ed1b9bd4213dbb40ef4a2dc7e837ae9361afa3,generated,stylegan2ada,calibration,western-blot-02161,8c3cb3c24c3db3ca
synth/stylegan2ada/stylegan2ada_img_02162.png,6ff5c02f67f98daa5a2434b0e1e1be33e7069108dd05c43486003bdff9dd4f50,generated,stylegan2ada,calibration,western-blot-02162,bac738b0c738c738
synth/stylegan2ada/stylegan2ada_img_02171.png,26b5b6eb9d3f5e9da8379b66944f907035f8415afe07cade1d8245f318d5fdb6,generated,stylegan2ada,calibration,western-blot-02171,94ebcb0477ca1475
synth/stylegan2ada/stylegan2ada_img_02180.png,ecb58657c1f52cad3f14d7313670bafe8164ddbf079282ff0c36b8da15fb12be,generated,stylegan2ada,calibration,western-blot-02180,e39cbd639c6318e0
synth/stylegan2ada/stylegan2ada_img_02213.png,fcda2aa0634c29f8b239548a45216096e976e0fd096e126f706b450972e39038,generated,stylegan2ada,calibration,western-blot-02213,b133cecccc313333
synth/stylegan2ada/stylegan2ada_img_02232.png,399075c58e295d959785f940dbdebb77259aee135673b9eae9f7e8bee49423f2,generated,stylegan2ada,calibration,western-blot-02232,d6ada95e0da15a0d
synth/stylegan2ada/stylegan2ada_img_02272.png,95b9f579b9dc68fb0750b41576b1c236544116de0c23f07e2305cfbc5b49b5c0,generated,stylegan2ada,calibration,western-blot-02272,e72798d8674398e4
synth/stylegan2ada/stylegan2ada_img_02293.png,d89682fa25a990916b737ab9dc8115e002240d0df72aa1b1c2779e1baef8cf1b,generated,stylegan2ada,calibration,western-blot-02293,ad28c2df5548ad35
synth/stylegan2ada/stylegan2ada_img_02322.png,179c4e13d86cd696aa8a0ca54efaba37339d172a47299b811afc87bc652d94cb,generated,stylegan2ada,calibration,western-blot-02322,b588ca3535ca5d35
synth/stylegan2ada/stylegan2ada_img_02327.png,4557a007c80a8e9987c4112fb5f7ba5a17ffcf0b31167fc39ac0aaf53922bb11,generated,stylegan2ada,calibration,western-blot-02327,cc9bb3440cb3f34c
synth/stylegan2ada/stylegan2ada_img_02333.png,e783958c7dd90f0eae5d2792fb43019c096b81811e05f2e45bbfd01974a05a8c,generated,stylegan2ada,calibration,western-blot-02333,d2a4a55a5aa5b55a
synth/stylegan2ada/stylegan2ada_img_02342.png,0b747cf0b80af80285dd8f2b3b59f2e11c1955be1fa1f2ecfd49aa9d5b1162fa,generated,stylegan2ada,calibration,western-blot-02342,cc4cf3b3144c4ceb
synth/stylegan2ada/stylegan2ada_img_02363.png,5c40ae11a8eeeb5b22a4fde0ccab1c372eaadcc43eed0e774cba6683c2e2ab22,generated,stylegan2ada,calibration,western-blot-02363,b63627c9c9f8b032
synth/stylegan2ada/stylegan2ada_img_02380.png,688b3ed790424ce187b0e4e4df30db045c98d7f2dc92c32393fc734fccf50272,generated,stylegan2ada,calibration,western-blot-02380,c6b9b14646b9f146
synth/stylegan2ada/stylegan2ada_img_02410.png,2e419d5429d25c0a70c09a5da4bbe1f74171c20a7f88a42d7c73810646e16f71,generated,stylegan2ada,calibration,western-blot-02410,a432dbc82537da8b
synth/stylegan2ada/stylegan2ada_img_02432.png,a62e8d7572707cde6928695abaa888a6a7b273c3ffbbfa91db2daf80819c72a3,generated,stylegan2ada,calibration,western-blot-02432,c550abba5555b1aa
synth/stylegan2ada/stylegan2ada_img_02433.png,634b10f9452026e6fb0c80f0e72f5d1f90bffe94ad0ddf103b7c5f01d41d3074,generated,stylegan2ada,calibration,western-blot-02433,d243adac5253a5ad
synth/stylegan2ada/stylegan2ada_img_02437.png,8a6d01f791d66ca6df5f633905ebc42e7e8469374880bacc038bb29ca8438b13,generated,stylegan2ada,calibration,western-blot-02437,c7629c9c43439cfc
synth/stylegan2ada/stylegan2ada_img_02439.png,2b5e39537b97beded3b5d9af28600e210b7277e82ec0179585a83af5bc1121d2,generated,stylegan2ada,calibration,western-blot-02439,ff80807f7f80a057
synth/stylegan2ada/stylegan2ada_img_02461.png,db73ada0471ab5c9993f6762b5e43f8f4a6c7856b83bdc2ebf48755c0f4efd4e,generated,stylegan2ada,calibration,western-blot-02461,ccb0b34c4cb3f34c
synth/stylegan2ada/stylegan2ada_img_02479.png,8d7014c67c7be39c78a208b9539642062854cd33a804eb3d62d4124f0da5f332,generated,stylegan2ada,calibration,western-blot-02479,d312aced511272ed
synth/stylegan2ada/stylegan2ada_img_02541.png,c204549bfb3d95ad65d9c5c5bc7e5c491d06dbc9141dcbb8316f8de2c09c4705,generated,stylegan2ada,calibration,western-blot-02541,c646b9b94646f8b8
synth/stylegan2ada/stylegan2ada_img_02548.png,7d5505373a475cfa06a0721ff0c0462bbe9af4d336679328c93be32bf4a08e6e,generated,stylegan2ada,calibration,western-blot-02548,f66c8992766d8992
synth/stylegan2ada/stylegan2ada_img_02565.png,738ccd822bd79de906a310c7ef0f7daefcc54b661e0c2b50361ce2081986b916,generated,stylegan2ada,calibration,western-blot-02565,ff6d80807f47a0b8
synth/stylegan2ada/stylegan2ada_img_02569.png,bc673d4e6b77614e58dd2cb4b092bcab50749bab19d5b9c7e6a3622d009d275f,generated,stylegan2ada,calibration,western-blot-02569,ccbbb34cb4bb5404
synth/stylegan2ada/stylegan2ada_img_02570.png,c31adeefaa8caf6cff421582262e90605943d3f1f568e6c602668d750fae6f35,generated,stylegan2ada,calibration,western-blot-02570,9818e7e7f4181d87
synth/stylegan2ada/stylegan2ada_img_02580.png,0afae05b37cf635532910be92c75d25907c5a0c74b07c644b4a88216efd90f40,generated,stylegan2ada,calibration,western-blot-02580,e1019ebe61419ebe
synth/stylegan2ada/stylegan2ada_img_02594.png,0890941aa5b9240e6962855dc55e647e16597b5b7590f701d6e7f5e7881e9758,generated,stylegan2ada,calibration,western-blot-02594,9998e6e6717b9890
synth/stylegan2ada/stylegan2ada_img_02605.png,7b55da286ddd39c2b8736577092b048dd85b429c91af19289483d10f3c0d8c3f,generated,stylegan2ada,calibration,western-blot-02605,c76fb8904667b198
synth/stylegan2ada/stylegan2ada_img_02606.png,7c9bc04084986afdca45bf210db153d67db343fecc5b3987c63249b610cf2a48,generated,stylegan2ada,calibration,western-blot-02606,860ffbf8f00f0f01
synth/stylegan2ada/stylegan2ada_img_02608.png,32f7cc0abdc7e79e9583d3c0e2469e350bab9f73f6762be884b2a50a2d6d9c6f,generated,stylegan2ada,calibration,western-blot-02608,c6b999466699dd22
synth/stylegan2ada/stylegan2ada_img_02613.png,54fe7b0414040bd0363ac032e6a40e6c5c6745c3cce4079641c9d3310e160cc3,generated,stylegan2ada,calibration,western-blot-02613,a536cbca3534caca
synth/stylegan2ada/stylegan2ada_img_02615.png,910e68bd0741aa21c41875079e0ac7ca9babf94ad91d47960072a1f13436f2eb,generated,stylegan2ada,calibration,western-blot-02615,daa4a55a5aa5e45a
synth/stylegan2ada/stylegan2ada_img_02618.png,51fdc1a0188681fa88eaa1b0573d8cf8fd4f07cee70e99ca3219292e9440250c,generated,stylegan2ada,calibration,western-blot-02618,ce4cb1934ee0b11f
synth/stylegan2ada/stylegan2ada_img_02621.png,1cb925322136ebe924115171da9c4869e9b0710eaf201a1eb84dd962dd866b7b,generated,stylegan2ada,calibration,western-blot-02621,ccb2b34c4cb2b34d
synth/stylegan2ada/stylegan2ada_img_02623.png,a4a5a9745701b76a9fdcc63633de40eefa797e858668359d7076bfcee50696a3,generated,stylegan2ada,calibration,western-blot-02623,cc6eb3934d69b290
synth/stylegan2ada/stylegan2ada_img_02664.png,76b43df71f2f3c772d2dae77acfbf330218c582a64ed776b813c23f8a892465b,generated,stylegan2ada,calibration,western-blot-02664,c646b9994646b9b9
synth/stylegan2ada/stylegan2ada_img_02684.png,891953cb48cbfc102328ec7f429ca41d58db055a0bc08392eb6806683107c143,generated,stylegan2ada,calibration,western-blot-02684,c9b6b64949b2b24d
synth/stylegan2ada/stylegan2ada_img_02689.png,6a4782ab2febee6f15c380f7f0e0002339355f1a7490763dc8b2677b04edb41e,generated,stylegan2ada,calibration,western-blot-02689,9625e9da1625e9d2
synth/stylegan2ada/stylegan2ada_img_02699.png,de4aefcf29f1866ff294d49f3b4fc0895e68a19b378fae8dcf20a9996d4ecce6,generated,stylegan2ada,calibration,western-blot-02699,cc0cb3f3574c0cb3
synth/stylegan2ada/stylegan2ada_img_02741.png,af20943b4ac687454811ad3d46c4a47b37402e767f696c569f77476cb8a3548d,generated,stylegan2ada,calibration,western-blot-02741,de3fa1c05e37a1c0
synth/stylegan2ada/stylegan2ada_img_02757.png,f1b2bd8941da3b0709084f88058510253aff8e81038a2ad8fd40140cca4de36a,generated,stylegan2ada,calibration,western-blot-02757,ff81807a7f85807a
synth/stylegan2ada/stylegan2ada_img_02772.png,2609a8a54e3b2dab02e534640d072067f0c8e898bbf4911994f4d73c6f7a79fb,generated,stylegan2ada,calibration,western-blot-02772,8e1ee1e1781e0ea7
synth/stylegan2ada/stylegan2ada_img_02783.png,39e5ec7cef857593c7661b3ef8fd12f5cd20f3842f02c7c0f7cacb1b85f73d4a,generated,stylegan2ada,calibration,western-blot-02783,c5bbbb4054ba5d50
synth/stylegan2ada/stylegan2ada_img_02801.png,91e9287167c930bbc314379ef414f8006693ee8a9bf0c4566f0c25e03ed28d1c,generated,stylegan2ada,calibration,western-blot-02801,d9b9a64219b5e64a
synth/stylegan2ada/stylegan2ada_img_02802.png,755cb1afc88c03e58c24815b3226dbce50959de4e28e865db0b49cde2be1087e,generated,stylegan2ada,calibration,western-blot-02802,e3439cb843436ebc
synth/stylegan2ada/stylegan2ada_img_02833.png,210eb0138650f50ea53975d0f6d76b86f0395e2e4075c4acad50f4fb1e038784,generated,stylegan2ada,calibration,western-blot-02833,ac95d26a6c94ba6a
synth/stylegan2ada/stylegan2ada_img_02872.png,a9a87eddecdf86d6b6bc20f265737aab424b934d7d1fd05291c207524d810635,generated,stylegan2ada,calibration,western-blot-02872,ca7ebb9f8040656a
synth/stylegan2ada/stylegan2ada_img_02885.png,26c08c13e2b7dfa95a1a8c8dcd433c536b2261cc0386628f8c521fd8e0ba68b1,generated,stylegan2ada,calibration,western-blot-02885,a584d2f92d16d2e9
synth/stylegan2ada/stylegan2ada_img_02889.png,b584d4f10e4dcdf18274271e4fbb16642ce2a3c5ecca747dbd396592c4087015,generated,stylegan2ada,calibration,western-blot-02889,ba3de1c7c73d1810
synth/stylegan2ada/stylegan2ada_img_02893.png,8f6fb3ba6364faf33f1973380497769cff69b9b989c0ffba37f905e52e90e3f6,generated,stylegan2ada,calibration,western-blot-02893,b636cbc92476da09
synth/stylegan2ada/stylegan2ada_img_02898.png,8df70f42e18067d82c64669ccd9d1e5f655dfe080190ac6d57201862d2573f6c,generated,stylegan2ada,calibration,western-blot-02898,c6b9b90646f8b117
synth/stylegan2ada/stylegan2ada_img_02914.png,6258c04b8f9ab9bac705f7de9cb5b1cc67d8aa8d76174704ea46694748bb9f7a,generated,stylegan2ada,calibration,western-blot-02914,afc0d42f40b5afd0
synth/stylegan2ada/stylegan2ada_img_02931.png,89ab730eb2acd11febe08e8cbe6a504bcd6797b0d4b3aeec4d3bd9a23acb8242,generated,stylegan2ada,calibration,western-blot-02931,c6b9b94699b94615
synth/stylegan2ada/stylegan2ada_img_02932.png,fdeec307a1cfe8b26799aa3b508238ddaf3d4b1ef1375f817eea9afd8451759e,generated,stylegan2ada,calibration,western-blot-02932,bf7bc08441443f2f
synth/stylegan2ada/stylegan2ada_img_02954.png,99471e16a18ecfea0e9d21429ba74aad1d425112a4979005e1fa008610e75079,generated,stylegan2ada,calibration,western-blot-02954,9c0ce3f31c1cb786
synth/stylegan2ada/stylegan2ada_img_02971.png,32a7fce7477fd85d4b6809395a2d9a9d03535c23385607042b2aa488065f00c7,generated,stylegan2ada,calibration,western-blot-02971,cfb1ba4cb12e4591
synth/stylegan2ada/stylegan2ada_img_02972.png,c406ae4abfd73def0d3bbef7cebb7ba002ddca19e7c0dfb5be18b727af908c18,generated,stylegan2ada,calibration,western-blot-02972,ce4cb3b3554c0eb1
synth/stylegan2ada/stylegan2ada_img_02989.png,0aa48efd0ab23fec601cee124d3593c0926c6b3b4cec3d3a4416b606417f021c,generated,stylegan2ada,calibration,western-blot-02989,c1b2ab5d5588aa5d
synth/stylegan2ada/stylegan2ada_img_03008.png,ab51b5f7bfce11dc002d0f048bbc7eac8ab6676cacd53a7ab68da9120841a085,generated,stylegan2ada,calibration,western-blot-03008,b6b3d934c9933622
synth/stylegan2ada/stylegan2ada_img_03061.png,9b5dd0cbca06be60d631f5bfc5ed87996ef9d48df0ee8189150d7c59d682c33b,generated,stylegan2ada,calibration,western-blot-03061,bac5e23ee55a40b8
synth/stylegan2ada/stylegan2ada_img_03071.png,d8e2bfe490299685553f3229daa8452ae78b09e2f5abecaf26196478a6e4e47a,generated,stylegan2ada,calibration,western-blot-03071,c948b6a74959f2e2
synth/stylegan2ada/stylegan2ada_img_03101.png,3d74d48591c90d4c728d79a9e758ef64428a57404dbbf9f74d88f3232dbefd0d,generated,stylegan2ada,calibration,western-blot-03101,9b1be4e6031b59e4
synth/stylegan2ada/stylegan2ada_img_03111.png,456d23dc4110c44650b31691336eb5966dc75530c2f6e8d703b1f5f4f51db5fe,generated,stylegan2ada,calibration,western-blot-03111,f63688c9c9363636
synth/stylegan2ada/stylegan2ada_img_03139.png,8ea2ffb58f51b8366eab53f1d7392078c6a07a900bd3e70382c617253dba9dc8,generated,stylegan2ada,calibration,western-blot-03139,b636c9c93634991b
synth/stylegan2ada/stylegan2ada_img_03143.png,9691a798076f4c030febab870cca0cb32726fb5a06f1880824c890b45debcef5,generated,stylegan2ada,calibration,western-blot-03143,93d5ec52553d12e2
synth/stylegan2ada/stylegan2ada_img_03144.png,da0b6060b565e344bba6bac24614a28772607dc58610f733aea6b5090a7019fa,generated,stylegan2ada,calibration,western-blot-03144,f0788f87707887a3
synth/stylegan2ada/stylegan2ada_img_03153.png,fc0cc6c01d93ab6ed577d2c31149f581e36f3ad64f06c4731563bb70ed7f1837,generated,stylegan2ada,calibration,western-blot-03153,b615c9fbed103452
synth/stylegan2ada/stylegan2ada_img_03184.png,5683104e39498309daab18973ba1e3413dcab903c8c6eb1e79648a31e21f95e6,generated,stylegan2ada,calibration,western-blot-03184,b6e9c9063ab936c4
synth/stylegan2ada/stylegan2ada_img_03187.png,53d0e47300d62db5cae6c13532b58dcedb9b80ee321a10c4e99aa33afef4d30f,generated,stylegan2ada,calibration,western-blot-03187,cf5eb1e502314d4e
synth/stylegan2ada/stylegan2ada_img_03199.png,ee290acf9291fa2337cd8be310f0a03346570947c7a2897aa1efee55542670c3,generated,stylegan2ada,calibration,western-blot-03199,baf5a52ad5da4e00
synth/stylegan2ada/stylegan2ada_img_03208.png,4b22f75bb203d996d8b7d405e867d731e4d801ef9d09d2b28b0d034cc1e08519,generated,stylegan2ada,calibration,western-blot-03208,bd3dc2c32d3cd2c0
synth/stylegan2ada/stylegan2ada_img_03217.png,33dea906fc55ecefc56558ddbbe5483fac686f1571ce6da1a79cf1a20c4ed1ad,generated,stylegan2ada,calibration,western-blot-03217,aa6ed19b545c2a4e
synth/stylegan2ada/stylegan2ada_img_03219.png,9d475a86c5142618eabfa5ce3a65d6ecaeb5f5b6a6cbe26c3c683ab144acb0b0,generated,stylegan2ada,calibration,western-blot-03219,bfc2d092c0373d36
synth/stylegan2ada/stylegan2ada_img_03227.png,6db9d5c68d47a834efc53c7ce661ae343309b2584b6901f923994ae3f9b5f9a0,generated,stylegan2ada,calibration,western-blot-03227,f6c989e089367669
synth/stylegan2ada/stylegan2ada_img_03317.png,ea865de1166c5cee9901e3b46ccf13d794e6f9814adb80bb696e50c326a6b515,generated,stylegan2ada,calibration,western-blot-03317,b737c8c8363735c0
synth/stylegan2ada/stylegan2ada_img_03322.png,9af33c131960f02e81c462a5cde716bcc6e595eb8cbc551d7070a8a4997adf50,generated,stylegan2ada,calibration,western-blot-03322,b7c2c93c3cf03cc2
synth/stylegan2ada/stylegan2ada_img_03331.png,2b87bd203d11ba7ddef7377a2f75ed61c9eefaec0824b5fc5772e8b975124e78,generated,stylegan2ada,calibration,western-blot-03331,b676c9a10dc9a936
synth/stylegan2ada/stylegan2ada_img_03332.png,3449e2d069e4fc72a1600f1d462884dd32e2377852382cf1ee0947d8e2308094,generated,stylegan2ada,calibration,western-blot-03332,9212eded1212cded
synth/stylegan2ada/stylegan2ada_img_03342.png,0236de2f385caf1ed6b228cb7dd99c598c58e066f2c40457077d44ed49c1cc66,generated,stylegan2ada,calibration,western-blot-03342,8fb0f04fb6d048b6
synth/stylegan2ada/stylegan2ada_img_03348.png,b971ec5838972beb051e5cebeb25c41c242a66fbfe81fbd8acc25c2acb6f4867,generated,stylegan2ada,calibration,western-blot-03348,d2eead1356c413a9
synth/stylegan2ada/stylegan2ada_img_03384.png,0bdd713d1a1c8423e9b9ab8129a37edbf81aeccfc2cba19050f6544c7eb60c33,generated,stylegan2ada,calibration,western-blot-03384,db5aa5a5425a1aad
synth/stylegan2ada/stylegan2ada_img_03427.png,b04af330cde0cf97c7596c7a99e0953ac182721e5975524b1b77f1951784b92f,generated,stylegan2ada,calibration,western-blot-03427,f681897e899b7624
synth/stylegan2ada/stylegan2ada_img_03451.png,00df77f2209a5042501177d2a9f4f9b1c2778e77d581f59ebadd70b38266450a,generated,stylegan2ada,calibration,western-blot-03451,95d5e25515fa152a
synth/stylegan2ada/stylegan2ada_img_03464.png,ce430729d1ec175a0ed94009850cb153b35b9bc02d9b6434b0addbb56f7970dd,generated,stylegan2ada,calibration,western-blot-03464,f681897e899976e0
synth/stylegan2ada/stylegan2ada_img_03477.png,103a751ed4e82263f82399e97720ce1a626049fa53cc3acdeb90667422eec2de,generated,stylegan2ada,calibration,western-blot-03477,aad07e5ea098dc66
synth/stylegan2ada/stylegan2ada_img_03480.png,464b349b6a3bcd6f1b6d186bdda8d3d7ebc36a992d1f2135ec2f28b460539aa7,generated,stylegan2ada,calibration,western-blot-03480,bd39c0872308ddf5
synth/stylegan2ada/stylegan2ada_img_03500.png,57efe4f93dd916ae9d70c690b72c48c06c06ba674cc8e67a789cfea0492dd726,generated,stylegan2ada,calibration,western-blot-03500,ce64b14b4ebcb981
synth/stylegan2ada/stylegan2ada_img_03518.png,c86ff5b53e7a5ab6b53e312d760b153c43e0891628f1dcfab81f1773f62eaebc,generated,stylegan2ada,calibration,western-blot-03518,d9a6a65969a61959
synth/stylegan2ada/stylegan2ada_img_03520.png,e0dace3abdd407f1675a978941efd34948d6a1691a5a97149d6c803044573177,generated,stylegan2ada,calibration,western-blot-03520,aa2cd2d62d696a36
synth/stylegan2ada/stylegan2ada_img_03525.png,b65811c18c445b19bdef57cb93959fb61d1354bd71cc984329c3c9c2df175e9e,generated,stylegan2ada,calibration,western-blot-03525,9573e85d2c3b5c06
synth/stylegan2ada/stylegan2ada_img_03526.png,46239f9f29bb51f69fcf7757941a1397daf190dfbeac917aa2ed8bb49fd7a257,generated,stylegan2ada,calibration,western-blot-03526,ab727e8ea4785c82
synth/stylegan2ada/stylegan2ada_img_03560.png,5cddb06d1595ff30a34614102013997935e360a1b0326f6528972a4265cf00dd,generated,stylegan2ada,calibration,western-blot-03560,b68bcb342c8a7437
synth/stylegan2ada/stylegan2ada_img_03571.png,06e43b6390dec5aee775e672d5fef0328bfc09bb7c5f871ace47c35190f32bf9,generated,stylegan2ada,calibration,western-blot-03571,92b3cd17ed9b1222
synth/stylegan2ada/stylegan2ada_img_03592.png,fd0e24a58efccda2d65cd4007e473eb9fb977b7dbf75a362e24422320fa24ae7,generated,stylegan2ada,calibration,western-blot-03592,aad5d52a6ad52a2a
synth/stylegan2ada/stylegan2ada_img_03593.png,a12bc4aafb313a548ac6a7de10a291dde57cd66fc83a0ba67c68d065b0ae6ae5,generated,stylegan2ada,calibration,western-blot-03593,9236edcd52661d13
synth/stylegan2ada/stylegan2ada_img_03596.png,9c595a45586253abadb6545bad701b75986c501e55a4359416b477e09e645b5a,generated,stylegan2ada,calibration,western-blot-03596,dd4ea2b341315d4e
synth/stylegan2ada/stylegan2ada_img_03597.png,f284011428985d19e36a0eb3c0fd91ad10bd027d3a46de69b39909aeefcc72a8,generated,stylegan2ada,calibration,western-blot-03597,db39a4c4a45b5ba4
synth/stylegan2ada/stylegan2ada_img_03613.png,b18d742bbb30954f5d15f9c35adde80ee91135b49eb59b8c2a2ac40a09d0722e,generated,stylegan2ada,calibration,western-blot-03613,a536dad22424db9b
synth/stylegan2ada/stylegan2ada_img_03617.png,612f63cf633a046410ed248285c665f9e8eadda088862f613d67f08787f9d937,generated,stylegan2ada,calibration,western-blot-03617,8e0ef1f560806f6e
synth/stylegan2ada/stylegan2ada_img_03631.png,41371504e20ffa6116722a42daf515f84e0cb4e8753f47e682887d5b5b865b5e,generated,stylegan2ada,calibration,western-blot-03631,91eea41959e4b45b
synth/stylegan2ada/stylegan2ada_img_03667.png,0f7f65e34f8a7079c851d91f3b600e8dac31169f9bfaeb4e8c60624a4d944d48,generated,stylegan2ada,calibration,western-blot-03667,85e1d22a6fd5b832
synth/stylegan2ada/stylegan2ada_img_03745.png,f56609e4b572777b6d22eb1e2ace4a39bcb60870bcb8696bfd73cd9ce5598851,generated,stylegan2ada,calibration,western-blot-03745,e4649b9b6464999b
synth/stylegan2ada/stylegan2ada_img_03756.png,06483c573d5d19b181e41a2a51ee8e2d732209436efdee58632f24b9ef5d5b44,generated,stylegan2ada,calibration,western-blot-03756,c16b0cbf34597c64
synth/stylegan2ada/stylegan2ada_img_03777.png,7047f72131ef98510b103cb42a50a3390c279a062ee2321f774ab1651a5818a4,generated,stylegan2ada,calibration,western-blot-03777,ad2dd2d42d2b4b34
synth/stylegan2ada/stylegan2ada_img_03779.png,f083d999b56e9c6b64aec298902f92ced6c250cb6132c58a59c822c269223c0c,generated,stylegan2ada,calibration,western-blot-03779,95edf01a29f5d482
synth/stylegan2ada/stylegan2ada_img_03782.png,6da9d96f99433bd72197ea8720c3131eda41a43a3057b19756719ae486897146,generated,stylegan2ada,calibration,western-blot-03782,925aedad3212c8ed
synth/stylegan2ada/stylegan2ada_img_03793.png,07dcf333f76090ce7026b5a27441589666f7dd8869c6dc7f915b35660f738dff,generated,stylegan2ada,calibration,western-blot-03793,b20bedffa00090fe
synth/stylegan2ada/stylegan2ada_img_03794.png,bbee9c706f35c1926d135055e6a095b389cdeeae9fa1c41c5880093d4af6ba08,generated,stylegan2ada,calibration,western-blot-03794,92ade912edd912b4
synth/stylegan2ada/stylegan2ada_img_03852.png,3bd7fa7e8cd3c32e6ded9ccd32834eca417072dd4d2f14cc8db518a11d04f032,generated,stylegan2ada,calibration,western-blot-03852,afd2c02e3fdad024
synth/stylegan2ada/stylegan2ada_img_03863.png,21efb5b06f99582754cb65d143884cf8b34ecc1fb53f969177018419a5d9fed7,generated,stylegan2ada,calibration,western-blot-03863,94bae85417abe856
synth/stylegan2ada/stylegan2ada_img_03869.png,72b8bfd5198e0462f352af595de4a968306fc62da6793477ee39b9875dbd7db8,generated,stylegan2ada,calibration,western-blot-03869,9353ecad1353c495
synth/stylegan2ada/stylegan2ada_img_03883.png,790c7992424a0f18697ee4f6b1117072bb3eab9c78f3861650a9f15291b275d3,generated,stylegan2ada,calibration,western-blot-03883,9647c92d36d3c9a2
synth/stylegan2ada/stylegan2ada_img_03889.png,b043164b96db57685140ece9a51963e3e4aee37c1942aeea2273b84e6c6a335c,generated,stylegan2ada,calibration,western-blot-03889,c949b6b649494db6
synth/stylegan2ada/stylegan2ada_img_03896.png,4b1ef82fb9638e1213f41ac36adef40373fc43ade2ed565f1fabe9805bffe0e0,generated,stylegan2ada,calibration,western-blot-03896,a434dbda2525dad2
synth/stylegan2ada/stylegan2ada_img_03903.png,722c25be1308cef2fedcbe1a60306323ac73f448a89a36833e2a206009cc0eb9,generated,stylegan2ada,calibration,western-blot-03903,d6d5ad5656a508aa
synth/stylegan2ada/stylegan2ada_img_03904.png,4cfb9c31c07694737bbda31c87eb52aa14bc444d3cc0f6f91c2031563c56b57d,generated,stylegan2ada,calibration,western-blot-03904,ec9393646c9b9364
synth/stylegan2ada/stylegan2ada_img_03908.png,47cc654ad9f9e34ee423fc3897619c31dc3a9ee2029d811a0fef2e4651ab3ac1,generated,stylegan2ada,calibration,western-blot-03908,a5d3d22425d3de26
synth/stylegan2ada/stylegan2ada_img_03909.png,b0ec6331dd28f566bddc55e070cfc2d56b61105d294785cb832a251f8b33209c,generated,stylegan2ada,calibration,western-blot-03909,97c5e815e8c817ea
synth/stylegan2ada/stylegan2ada_img_03916.png,73406704bcda4c1a9ab49a36f51b056c87a8f4b145eca547c42b5fc10fdac23e,generated,stylegan2ada,calibration,western-blot-03916,c94bb6b03b45d1aa
synth/stylegan2ada/stylegan2ada_img_03921.png,cd185d00108d2589ca01cf9fa34932458fb5230d8ed39a863a2a55cffd676345,generated,stylegan2ada,calibration,western-blot-03921,a4cddb3624cbda24
synth/stylegan2ada/stylegan2ada_img_03932.png,fdfc319cc2932d13fab8118c1fb46a9731bc15cbcb19662b7836a05fc555e36f,generated,stylegan2ada,calibration,western-blot-03932,8e0ef1f70e000f6f
synth/stylegan2ada/stylegan2ada_img_03938.png,d6a083a13f75649b149cc0c160e244c88410f7b4f573290ea4c87524e577a808,generated,stylegan2ada,calibration,western-blot-03938,aa2ed59966762a2a
synth/stylegan2ada/stylegan2ada_img_03967.png,6aacf55994e51ce24634b20b59f23271401228cb6963025954426002911cde15,generated,stylegan2ada,calibration,western-blot-03967,d252eded120367d8
synth/stylegan2ada/stylegan2ada_img_03969.png,1f4003b59fa73158abc62203221e9b263c8e477e8b2b99ba3687f5009c1f5c46,generated,stylegan2ada,calibration,western-blot-03969,aa0a5fdabcbcdc00
synth/stylegan2ada/stylegan2ada_img_03993.png,a16545115e0e3592f668c73d4e819b377c90777ffc26795773f7cf508ba76b4d,generated,stylegan2ada,calibration,western-blot-03993,806ae5ba136fed90
synth/stylegan2ada/stylegan2ada_img_03994.png,8092175ce694d0ca6105afb310ed886eeb3353faf4c7f12433f71efcf17cbea5,generated,stylegan2ada,calibration,western-blot-03994,9b85e45be4c41ba5
synth/stylegan2ada/stylegan2ada_img_03995.png,5e29c4fe82f54c3923eb9937f21403488e16fe7ef45c1ac9b4bdc9b8f62fd670,generated,stylegan2ada,calibration,western-blot-03995,b7c9c81433bb36c4
synth/stylegan2ada/stylegan2ada_img_03996.png,30c63b64454d0e3400252d6c081cc021ebb7612ad00c1d25511a7a58b91f1821,generated,stylegan2ada,calibration,western-blot-03996,af4a5e9ea8b8dc02
synth/stylegan2ada/stylegan2ada_img_04005.png,8ae1a8f7c3ea6e97712914cc169531b6a5e5211c3e7942e7743d3de8417b8a02,generated,stylegan2ada,calibration,western-blot-04005,b4c9cb3234cdcb34
synth/stylegan2ada/stylegan2ada_img_04017.png,c747b5a082c2057befc80150c1894b3b68ca8d3d8b68d63345c37647713bb62d,generated,stylegan2ada,calibration,western-blot-04017,ff59888e62719994
synth/stylegan2ada/stylegan2ada_img_04023.png,9bc507ad34575856560a004f347378974c1f8ebf73d4abd22e90a201a385490b,generated,stylegan2ada,calibration,western-blot-04023,aab4b55ada2dc494
synth/stylegan2ada/stylegan2ada_img_04031.png,05fd6c29f9013522a3b29f1c780274bc72597546a9ddc20304ffdb84b9a674f8,generated,stylegan2ada,calibration,western-blot-04031,c798b8674798a43d
synth/stylegan2ada/stylegan2ada_img_04036.png,39904b623f620746bc27dcc8cf6db45a41b88058b9445256865881003666f6d7,generated,stylegan2ada,calibration,western-blot-04036,9c55ebab15510acd
synth/stylegan2ada/stylegan2ada_img_04046.png,c74e6c55f3150b8962d703b1dd3cdb420680fc3b627cee0d749020fff5045f69,generated,stylegan2ada,calibration,western-blot-04046,aa58a98ad4abd0f5
synth/stylegan2ada/stylegan2ada_img_04051.png,344418fb9c24828c91ae94096719e0b645ab041739946a95122c97b9ddbeb31f,generated,stylegan2ada,calibration,western-blot-04051,bf3b1b3fc8c848c0
synth/stylegan2ada/stylegan2ada_img_04052.png,0846e84b0aa50836723479e6658e78f55c8524dd4df150e9ccc323a6ca27460a,generated,stylegan2ada,calibration,western-blot-04052,c85848e3a7a7b3b2
synth/stylegan2ada/stylegan2ada_img_04063.png,00a40d257d7c20642293f696841c73127c44a5201f80bfa2d38ff82f6867b241,generated,stylegan2ada,calibration,western-blot-04063,c4b6c936ca07fac1
synth/stylegan2ada/stylegan2ada_img_04071.png,367c6712e1a351f3226ed0d24d58c5ffbb046e5c1146ba05638acab166fb4d4c,generated,stylegan2ada,calibration,western-blot-04071,94cbb414cb341beb
synth/stylegan2ada/stylegan2ada_img_04073.png,15f7f96bf7b6777ea20c33dfc2d2d6b17121304dc05b27a0c1474c0c773131cc,generated,stylegan2ada,calibration,western-blot-04073,f918e8fd80e09f86
synth/stylegan2ada/stylegan2ada_img_04119.png,e10386beea7ce70f8355fa6c00e27615d714c97413009508588f49413773c263,generated,stylegan2ada,calibration,western-blot-04119,af28d2d3292cd6d2
synth/stylegan2ada/stylegan2ada_img_04135.png,42b09d90dc293b5d78a5a3a5059ad22399880a7b0fbe0ba5c4cbec8adaa16224,generated,stylegan2ada,calibration,western-blot-04135,af2f2ed0d0d0d06b
synth/stylegan2ada/stylegan2ada_img_04142.png,157455b11ff03f00f59014c7ff9091744b0e16243781683db5e30ac38c91275b,generated,stylegan2ada,calibration,western-blot-04142,c03eaf0ff0033b71
synth/stylegan2ada/stylegan2ada_img_04167.png,d7770686fb44429cfd138096eb964a9aa4d7f17f58b61a23337390bbcf642d1d,generated,stylegan2ada,calibration,western-blot-04167,bb500a3fc88fcbc8
synth/stylegan2ada/stylegan2ada_img_04171.png,0a7af4dd33bb7f06001cfd81bb2bd3424b894f93edbb3891edddd52779bcd0ee,generated,stylegan2ada,calibration,western-blot-04171,9b1ba0d6d4e03b3a
synth/stylegan2ada/stylegan2ada_img_04181.png,3bc1b5a80bc406309cdc6bc24104b0a20eb62577af64d3513f606d53c3df3269,generated,stylegan2ada,calibration,western-blot-04181,c8089bc82abbdde6
synth/stylegan2ada/stylegan2ada_img_04187.png,08bf220dcb3778be7dafdb2f7741ac5cb5b952cb282c0bc44b64dad468028039,generated,stylegan2ada,calibration,western-blot-04187,c0bfbf40aa952f50
synth/stylegan2ada/stylegan2ada_img_04202.png,3a10a1ed8aeb1ccd3a6f7da03d42b16e28b9dfb04bfcbb4b741ebf18d1436bfd,generated,stylegan2ada,calibration,western-blot-04202,f8b9e285861e1e71
synth/stylegan2ada/stylegan2ada_img_04209.png,15baecd1f6fa9cd16a90107682d8f551158a45992304204c20444edf09a51975,generated,stylegan2ada,calibration,western-blot-04209,c0be9f40bedf40b0
synth/stylegan2ada/stylegan2ada_img_04213.png,8d439b8a5256388e8eaccc9442ee3a2cb7aee9225c16708c7826c7c8311ccdd8,generated,stylegan2ada,calibration,western-blot-04213,94cdbd3a6ac0b54a
synth/stylegan2ada/stylegan2ada_img_04216.png,30f293c9e52c637f3308ac4a3978bbb4234efb01a27350a9290bb8d5c9884fbd,generated,stylegan2ada,calibration,western-blot-04216,999a9661e1daa8e6
synth/stylegan2ada/stylegan2ada_img_04244.png,cd8797c62d0df172e50f3cd940147ffe8a033e46ceec431ff411bbd1ceb0fcc8,generated,stylegan2ada,calibration,western-blot-04244,add0d02fd0d42bf4
synth/stylegan2ada/stylegan2ada_img_04260.png,f33b3f69cdeaf6a02c8e8ce816118d4756fb6fd1f4668e142d9dc896b16eb5f8,generated,stylegan2ada,calibration,western-blot-04260,99e6a6195ce61959
synth/stylegan2ada/stylegan2ada_img_04265.png,cd20320769a438468dbee98c2ba1f99df7fd9adffd9f9029fd4beb0eca75cf08,generated,stylegan2ada,calibration,western-blot-04265,f1d0b03ca84edf16
synth/stylegan2ada/stylegan2ada_img_04278.png,0744e410f343a07949027a6e74c75283dc2e44eead40e34d20b9e503fad8206a,generated,stylegan2ada,calibration,western-blot-04278,b636c9c864ec9936
synth/stylegan2ada/stylegan2ada_img_04288.png,693545c6abe3a329ce6e9d1cda126a6a454b50c2349bebfa1725d6008118d5e5,generated,stylegan2ada,calibration,western-blot-04288,ecb3934ca29768e1
synth/stylegan2ada/stylegan2ada_img_04292.png,1bb62e44746cbf6db9893327b82001b6197cd6046124601c388870082ce4a8c0,generated,stylegan2ada,calibration,western-blot-04292,e8978568c73897c5
synth/stylegan2ada/stylegan2ada_img_04300.png,214d2f27894a530c5164e48f19e4d8eb6903562d551b8073051262c9b240771a,generated,stylegan2ada,calibration,western-blot-04300,9b9a9c6ce067309b
synth/stylegan2ada/stylegan2ada_img_04307.png,5d56eeea2d3ae51d7c32378c026cec1931dbc657c6004f7c6616ad7bf04db657,generated,stylegan2ada,calibration,western-blot-04307,d85858a3a7a7c743
synth/stylegan2ada/stylegan2ada_img_04309.png,b38caea67c1dc5bc1ed2be36130ea55f624843e7e354da964fa2df746b55d3f3,generated,stylegan2ada,calibration,western-blot-04309,da4aa5b5524aada5
synth/stylegan2ada/stylegan2ada_img_04315.png,4a51142cb864b282d5a9102237cf765a46714dd50b258ee19310d7c9eda6d9ef,generated,stylegan2ada,calibration,western-blot-04315,fc301ae1c7e7c3c0
synth/stylegan2ada/stylegan2ada_img_04317.png,7e43c6a923f7f8ef3db6b55fc8ad0a46798fd1f0de8b09499bd8dfde1a7a8700,generated,stylegan2ada,calibration,western-blot-04317,de3b0bc214a57bd0
synth/stylegan2ada/stylegan2ada_img_04324.png,c9f51a5f94f0d7e6aac5e22e2d810a6be26922aa2cd4799761dc5ecddea4812e,generated,stylegan2ada,calibration,western-blot-04324,94eaef10f806bb83
synth/stylegan2ada/stylegan2ada_img_04329.png,7fdd411e989e30e6eec417989b81f06827f097be3902f6bd20e079b807ea2f00,generated,stylegan2ada,calibration,western-blot-04329,b5a5ad58ca4a5719
synth/stylegan2ada/stylegan2ada_img_04360.png,9ca8bf6c81b6ff13f6be69df945412df685c1d49be42c772159da058f23878c3,generated,stylegan2ada,calibration,western-blot-04360,e79c6a2999639961
synth/stylegan2ada/stylegan2ada_img_04372.png,c73f19ed8d473fadd9bc435d7b9b95fb6e08fd671eff6a2ab9898e65210d9242,generated,stylegan2ada,calibration,western-blot-04372,953da575e0e1291d
synth/stylegan2ada/stylegan2ada_img_04376.png,a161a50fc20541a2798abf84a641a2bc2189f1223c619b339510d5de9be6e13a,generated,stylegan2ada,calibration,western-blot-04376,f83e8f6838836b70
synth/stylegan2ada/stylegan2ada_img_04377.png,b5150b85e0489f653fd58be8ebacb16c74c23603c7ee351ee6de81c11f7f00f2,generated,stylegan2ada,calibration,western-blot-04377,c063be9c43738cce
synth/stylegan2ada/stylegan2ada_img_04395.png,1675f676d8816486f92cd1f0777a5f208511639af2b76ab41f14bf3afc2a3288,generated,stylegan2ada,calibration,western-blot-04395,9be49813e61be9d0
synth/stylegan2ada/stylegan2ada_img_04400.png,6d1eaa6551cbdc0ba7874b097c52bdb725bdee9b3c493b31f0c773e0e269422a,generated,stylegan2ada,calibration,western-blot-04400,fe81817e7a81817e
synth/stylegan2ada/stylegan2ada_img_04401.png,49d4bcf5e7b478521874bc8f9896748670ec29673f8b3361c1d465caf7adfe63,generated,stylegan2ada,calibration,western-blot-04401,ea864fb0aec037d8
synth/stylegan2ada/stylegan2ada_img_04423.png,3c2b69312d06df9fc2ef2040412451a0f043effd3b1074d6ac033f974bd0a283,generated,stylegan2ada,calibration,western-blot-04423,95c0cb9564ef1535
synth/stylegan2ada/stylegan2ada_img_04433.png,041fc97e83d180ae517f90aa95a4c17e63b2ff057f9c7c6835e6d6bc53edb79d,generated,stylegan2ada,calibration,western-blot-04433,dba4e45b19e4c41b
synth/stylegan2ada/stylegan2ada_img_04434.png,b8b06bd5597419c60d6849a22860ec83013a066649a2d7e88d18cd28545eb3d5,generated,stylegan2ada,calibration,western-blot-04434,aa90d56b2a94d55b
synth/stylegan2ada/stylegan2ada_img_04456.png,0509d15ac9484444f816a91b2cefcac835f78134afc6ee0cb1323c7e4f342ce9,generated,stylegan2ada,calibration,western-blot-04456,ac402a2ada2f6bdb
synth/stylegan2ada/stylegan2ada_img_04462.png,c03d37d5238d2baa82a51ec6139cbca1dcb4ec7096126aa1868803c19e057ca7,generated,stylegan2ada,calibration,western-blot-04462,bd8ac26da8d44aad
synth/stylegan2ada/stylegan2ada_img_04475.png,994bbf5d9e4d767ab0483bf60c2dad184202122d5cf534471a022a2bb3313718,generated,stylegan2ada,calibration,western-blot-04475,cd49b2b64d49b3b0
synth/stylegan2ada/stylegan2ada_img_04477.png,8f35caa991a56df0c1b7d917d5bfb1d78c7bf9a7020bdff453726b1e53507b98,generated,stylegan2ada,calibration,western-blot-04477,fe78818183787e78
synth/stylegan2ada/stylegan2ada_img_04496.png,005c39d9a7163b06566e696a62f7ed707198e7fd6df13c45fb6d548313bb815b,generated,stylegan2ada,calibration,western-blot-04496,a8d64923d729966d
synth/stylegan2ada/stylegan2ada_img_04508.png,077acf25cbe30cde86f7da0d5184a906c9f13807f32065e06d30896b2e752f52,generated,stylegan2ada,calibration,western-blot-04508,eb48baaf1426ed41
synth/stylegan2ada/stylegan2ada_img_04513.png,d01eded7075f31ba331ee6984e07538742d4378988c88d05c1e9a1fafae5978b,generated,stylegan2ada,calibration,western-blot-04513,ea4ab5b44a4ab5b4
synth/stylegan2ada/stylegan2ada_img_04516.png,8677102ae017ccbb16a03f9e585156fa7fddebfd22a75f006f098ee4627bd1e4,generated,stylegan2ada,calibration,western-blot-04516,ba6bc7921e227358
synth/stylegan2ada/stylegan2ada_img_04517.png,ace62d007bab2816043eb79538c663b1c72d35a4fd2bcf9a91315d86962a52b0,generated,stylegan2ada,calibration,western-blot-04517,9c6aa718ab5a8f58
synth/stylegan2ada/stylegan2ada_img_04519.png,8cd3764dad5287a5a67be700541146d09a93bfffe21c47e0198454e0436dd35f,generated,stylegan2ada,calibration,western-blot-04519,fe2a29c0d6f57a40
synth/stylegan2ada/stylegan2ada_img_04534.png,05e78c1c656b3faed888e73c4d8e7f74254e2a2964d6f119e75fb590040079b4,generated,stylegan2ada,calibration,western-blot-04534,cdb2b64d52b20d59
synth/stylegan2ada/stylegan2ada_img_04539.png,e9eb801e61a3e12cfb05f9a96038b91d33b588c09b7c4d2e4a2d7b51f9442343,generated,stylegan2ada,calibration,western-blot-04539,a8d7282cd728d72d
synth/stylegan2ada/stylegan2ada_img_04546.png,0f218075eb2ed8411f22377ec72a6245cfa594161a85c8b41a589982e5e7ae1f,generated,stylegan2ada,calibration,western-blot-04546,99a6e659b61909e6
synth/stylegan2ada/stylegan2ada_img_04570.png,6e98b40d790106d10379f49ec4acc5de007d5c5b21ae6580caa92de6ccd00f5c,generated,stylegan2ada,calibration,western-blot-04570,e343dcb53348c2b3
synth/stylegan2ada/stylegan2ada_img_04575.png,7e3b48d914a79e92a367b04436c960b1412ad9827692967b60bc80bc126ad1b8,generated,stylegan2ada,calibration,western-blot-04575,ed92926d65964969
synth/stylegan2ada/stylegan2ada_img_04584.png,1287366a092889f7ac2cf5a2d6e0a901df0bd29d146a639c5f6aacca07362715,generated,stylegan2ada,calibration,western-blot-04584,9ce1e31ee11c1ce3
synth/stylegan2ada/stylegan2ada_img_04595.png,97b486eb60b835e583147bef9e4a25e1c5d2aff721274db5484a8e29821b08ea,generated,stylegan2ada,calibration,western-blot-04595,b772c01d3fe4c033
synth/stylegan2ada/stylegan2ada_img_04608.png,5c8c2b0cab2687babb7f7484e3f68c0c5290582dc975c27e070f3e1a2bff7a68,generated,stylegan2ada,calibration,western-blot-04608,d5ab2b54ab5055a9
synth/stylegan2ada/stylegan2ada_img_04613.png,643700fbf67e86e07c71a930865bb91abb814ad2e3fe4930aef22b06f9b69eb8,generated,stylegan2ada,calibration,western-blot-04613,d53bf0ddb8e29880
synth/stylegan2ada/stylegan2ada_img_04616.png,cd3e211db09ec76f006cb8a5ec2da80e2669780b634b059029c25f234a45890b,generated,stylegan2ada,calibration,western-blot-04616,daa4af50b60af253
synth/stylegan2ada/stylegan2ada_img_04648.png,f79f6477e872326e0f96fe5736bd3b7901d2ba97f101df98f09364068cedb29e,generated,stylegan2ada,calibration,western-blot-04648,a626d9d9db3626c0
synth/stylegan2ada/stylegan2ada_img_04655.png,98084fec627cd14f7c7112ab12e920d5f49fac09b6910333d3caa7c80361b9c2,generated,stylegan2ada,calibration,western-blot-04655,f887817ccfa08778
synth/stylegan2ada/stylegan2ada_img_04665.png,fc24d276e998eec4eeac7ac1b7e5c8ad50770ba21a6ff2f7e209e3372f79d3c1,generated,stylegan2ada,calibration,western-blot-04665,c919c9c3b2f1263e
synth/stylegan2ada/stylegan2ada_img_04679.png,560cf93ca9475c409ef4715632ca58ea985607ffa785618a9212e4a9af53d08e,generated,stylegan2ada,calibration,western-blot-04679,e0bf9f003ee0609f
synth/stylegan2ada/stylegan2ada_img_04698.png,39b004bc403a557fd8f355148bc5de6f74247d574e9f26cfb62887c3fcb13a87,generated,stylegan2ada,calibration,western-blot-04698,8a40ebff1420f36b
synth/stylegan2ada/stylegan2ada_img_04708.png,c8ac41ee75fa4dcca7cb5174a9e1acc6d8406d8186fe0cb3dcfdd528f4b2abbc,generated,stylegan2ada,calibration,western-blot-04708,cb01b4f44b4bf4b4
synth/stylegan2ada/stylegan2ada_img_04709.png,568cfec72de7b71503328ba6db1081a0be719fbb08abbcea7230b0312e81f58d,generated,stylegan2ada,calibration,western-blot-04709,bfc0803f45c0bf4b
synth/stylegan2ada/stylegan2ada_img_04726.png,9fe89c85fc1ec5a58ce6f160457954e7ce04978d5f491703f2de4f43ded0f330,generated,stylegan2ada,calibration,western-blot-04726,9e1ee0e11f1ee0e1
synth/stylegan2ada/stylegan2ada_img_04727.png,0270a3271042aeb1d13a322ec4f1995094431e21e107d1b17c127b9d61f0f3ce,generated,stylegan2ada,calibration,western-blot-04727,b3cccc3332cccd32
synth/stylegan2ada/stylegan2ada_img_04728.png,971c5594443d748dafa7aede6b715b150c74fc761c6a3d2779290ee7f1120587,generated,stylegan2ada,calibration,western-blot-04728,9be4e41be4521be4
synth/stylegan2ada/stylegan2ada_img_04743.png,ffea54c5562d8f7b35bd90af94690ca3a305c3ed3b1e39a05396a76320ad22f3,generated,stylegan2ada,calibration,western-blot-04743,b4a075ebcb34b434
synth/stylegan2ada/stylegan2ada_img_04760.png,1f1ba296e0d7deeeeffde4cd47fad1b08efcbbaab1f8f7216817cd9c71d6e438,generated,stylegan2ada,calibration,western-blot-04760,9495a16afa5a9665
synth/stylegan2ada/stylegan2ada_img_04762.png,041c6141d56e9ca5cb2f91e4c5c92e572d1684572a825dcd7a2cc56106d44203,generated,stylegan2ada,calibration,western-blot-04762,fa7a958585c27878
synth/stylegan2ada/stylegan2ada_img_04782.png,deaa20abf61289b71da31620b429931371f1591d211c7e3fbec417024fddb710,generated,stylegan2ada,calibration,western-blot-04782,cc68e1ccb3914eb6
synth/stylegan2ada/stylegan2ada_img_04791.png,7086eab41234ce3047163f1895b1639fed2bbb67430c7b60b0871cff5bdee87f,generated,stylegan2ada,calibration,western-blot-04791,c1beb6494cb05b65
synth/stylegan2ada/stylegan2ada_img_04806.png,b99ab848c5ec89e423e31e5b444906a3db1d70ca82f90320fb0403f3472a4c95,generated,stylegan2ada,calibration,western-blot-04806,9540ca9f7cea8335
synth/stylegan2ada/stylegan2ada_img_04809.png,7258fda0f9984e143f06a9c4352e73ca00725a0856ede9675bb38ba87a5f215e,generated,stylegan2ada,calibration,western-blot-04809,dd80fc7d28ef1580
synth/stylegan2ada/stylegan2ada_img_04810.png,ce38ab04ffa255e28359495e6ceba6ef8fbc14e0f31793780e973ff935b29aca,generated,stylegan2ada,calibration,western-blot-04810,9f17e1f81e07c10e
synth/stylegan2ada/stylegan2ada_img_04820.png,9ec66647ee4a2cb1b89c0aac3b9170cb2319f3f170095e6dfff190a61383da53,generated,stylegan2ada,calibration,western-blot-04820,93680a1be49ff0ec
synth/stylegan2ada/stylegan2ada_img_04831.png,263d6a50b041fd9f286cd0e0bcfd78664fc41d21122eeff390f2156a4ffedf76,generated,stylegan2ada,calibration,western-blot-04831,95caea1518ee151f
synth/stylegan2ada/stylegan2ada_img_04837.png,85ad1eff278c7d930ab06ad82f4c5e44f27df090d0e5905dd55962527594ebab,generated,stylegan2ada,calibration,western-blot-04837,921a901cecadeeea
synth/stylegan2ada/stylegan2ada_img_04847.png,5f6bf646ddeb2aa7b842846f56c8045e36db8688c7c667b16ea67afc2a3eb01f,generated,stylegan2ada,calibration,western-blot-04847,9313a4cc79eb1e13
synth/stylegan2ada/stylegan2ada_img_04859.png,95538bd532112bc1c56d29b81d32510e77d63133c85e2568490db8d0a021c2bc,generated,stylegan2ada,calibration,western-blot-04859,8f0ff0f00b4af4b4
synth/stylegan2ada/stylegan2ada_img_04861.png,c7fcb5a7ce7e97a7a3de068c5d8c8413c64a331ba221987a80e4df35f647bf06,generated,stylegan2ada,calibration,western-blot-04861,8ff3b10c4ef0b10e
synth/stylegan2ada/stylegan2ada_img_04866.png,9ad3403d37ce581c89e5b57139b35aa9c358d43ce223221f7907b16394e078c9,generated,stylegan2ada,calibration,western-blot-04866,9515eaeaf3731111
synth/stylegan2ada/stylegan2ada_img_04867.png,fb57c453be3f493fc7aca37adec5bc6aff62ca56267a8e6c1ab4d5bd8191c65d,generated,stylegan2ada,calibration,western-blot-04867,ecd86ce393239326
synth/stylegan2ada/stylegan2ada_img_04871.png,8977a932aae5c1001e19d9f7862409e3934c50788d36eeee8ec14b1cd33e3bd6,generated,stylegan2ada,calibration,western-blot-04871,add2d62069d23f61
synth/stylegan2ada/stylegan2ada_img_04879.png,86aed14bd7e23092d0d873b3e739c696b1a4c05690f30305867b030c37f98381,generated,stylegan2ada,calibration,western-blot-04879,c9b0c93fbe4a30c9
synth/stylegan2ada/stylegan2ada_img_04900.png,71779d41d09931ccfe4251019424b02cccc15cc59b087b30d734c264554bb3b9,generated,stylegan2ada,calibration,western-blot-04900,afd0d02bd4da29d4
synth/stylegan2ada/stylegan2ada_img_04936.png,e147922431636c6690d445ffe0858106322629c92fb76e7948c639e4a9dcb17f,generated,stylegan2ada,calibration,western-blot-04936,cc0c38f1b2f3cb86
synth/stylegan2ada/stylegan2ada_img_04942.png,c56b3b144c53478cd8801e4471bde1d4f515ec0db559ee6e59e6a507e152ddb0,generated,stylegan2ada,calibration,western-blot-04942,b6c9cb24c8db24d9
synth/stylegan2ada/stylegan2ada_img_04953.png,06fae3d5f5ca8025983cab7f53bbcfa73b94d4d0ad5d749788ff99bb09a99dc2,generated,stylegan2ada,calibration,western-blot-04953,cc1345dab74ab26c
synth/stylegan2ada/stylegan2ada_img_04974.png,11b6d0006c8b55ff1ad4192390d1b55eb07e5adcb7b5f09fe6668c5234be8849,generated,stylegan2ada,calibration,western-blot-04974,bf3f3dc0c8c0c2d2
synth/stylegan2ada/stylegan2ada_img_04998.png,0f17bcdab98cd0627dccf1162d1eeab0e6998c546bc5cc17bcf5ea2a496ab2a8,generated,stylegan2ada,calibration,western-blot-04998,d5af8f6028d52f18
synth/stylegan2ada/stylegan2ada_img_04999.png,1602a778ff33cdf5b5c834ba9dd7dea3d717022abb9e53e545279ce7ac60b0c0,generated,stylegan2ada,calibration,western-blot-04999,cdb2b34db2414db2
synth/stylegan2ada/stylegan2ada_img_05008.png,67f8391d8dc0fb74ed7034a83163fc0941322f8ddf776bf87f90031c1d82982d,generated,stylegan2ada,calibration,western-blot-05008,a5d2da2dd2cac934
synth/stylegan2ada/stylegan2ada_img_05022.png,7252bc4c44cd106a1eb24a00773acd1547b6f64567584956fa0a895062e5543d,generated,stylegan2ada,calibration,western-blot-05022,94e8c91e6a1d36b3
synth/stylegan2ada/stylegan2ada_img_05028.png,5e4226a30fad8fce7ad81e5606fdadc1f097fcf66cb52819c1a190424b83c99b,generated,stylegan2ada,calibration,western-blot-05028,cc9ab3c14c2cb3f1
synth/stylegan2ada/stylegan2ada_img_05029.png,e80cef6260002cdb2e7f24530e14fa8f07b8f57843b646d2c151361256574cf7,generated,stylegan2ada,calibration,western-blot-05029,b8bb2cc0e82cd33b
synth/stylegan2ada/stylegan2ada_img_05032.png,e950850267d9343cf95a011aedd82ab57e0455ecda4b5cf511be2b51eab5d935,generated,stylegan2ada,calibration,western-blot-05032,f887877878813c57
synth/stylegan2ada/stylegan2ada_img_05052.png,a33829d2b506d2e555d9303b327875cd2f2a6d130c1a80898ce381c731b3262e,generated,stylegan2ada,calibration,western-blot-05052,c0bfbb44449b99a6
synth/stylegan2ada/stylegan2ada_img_05063.png,fe1cbaf6d35f6c3cc98af6ab8fcbccbaf1884802f8b5ad44bc43e3b331bf1c89,generated,stylegan2ada,calibration,western-blot-05063,f0c78d787085c778
synth/stylegan2ada/stylegan2ada_img_05069.png,9cc2dfce42993c4fe472197fcdfb7223288e849f252a7aa3b8e53f15e7c5d433,generated,stylegan2ada,calibration,western-blot-05069,c4bbeb44b3ea44b0
synth/stylegan2ada/stylegan2ada_img_05076.png,94d7b82ff199b07647db8c9d3bb96d57ce92101df4a9709c8cd6776236162858,generated,stylegan2ada,calibration,western-blot-05076,ff80807f7f80a01f
synth/stylegan2ada/stylegan2ada_img_05094.png,843a5a580125276558bafc5c1bf20918b069b63ff454fe9f55d22c58a21dea5a,generated,stylegan2ada,calibration,western-blot-05094,907aef9b50c48a3b
synth/stylegan2ada/stylegan2ada_img_05097.png,9c61f88f488a0aa50eb2c21a85bb72f68252f6fab8436db3d9e1adb0fb3c30e1,generated,stylegan2ada,calibration,western-blot-05097,ae3af18e44d1c70e
synth/stylegan2ada/stylegan2ada_img_05104.png,674dfc0bdc6bdcb964c37ae2e5d5ac70df5e221ac0b5517601c6ab557538dc61,generated,stylegan2ada,calibration,western-blot-05104,8cb9f3464cf1930e
synth/stylegan2ada/stylegan2ada_img_05105.png,e0dedf2b8154d3ad914195d7acaeb47241259044dbebaa973d6ba1e14953deff,generated,stylegan2ada,calibration,western-blot-05105,dc78b3d3081c6ce3
synth/stylegan2ada/stylegan2ada_img_05110.png,78839b3156a2233053021daa4bf582f78189e8de1b5fa80d8240fbaa521c91c2,generated,stylegan2ada,calibration,western-blot-05110,9313e4ecec1e1333
synth/stylegan2ada/stylegan2ada_img_05113.png,c989603ea6691ecf585b45a796b0727f8dc7682a269b51ef872e3cd2bacc70dc,generated,stylegan2ada,calibration,western-blot-05113,c9b6b64d4d49a4b4
synth/stylegan2ada/stylegan2ada_img_05129.png,fb73853f96d9580369799330e3f273d34e01f34a43ba53cdd60c0cf38883bc36,generated,stylegan2ada,calibration,western-blot-05129,fe8d81727f85801d
synth/stylegan2ada/stylegan2ada_img_05146.png,04f80c3f02dbad5f09a66fc25f93e88bc37672c46412d64be479ad7a398f38f1,generated,stylegan2ada,calibration,western-blot-05146,e6669d9963629c64
synth/stylegan2ada/stylegan2ada_img_05173.png,f1f0c85199248c9dd66ff7c527c38103a2eae538468074c0dcca1e06ad025d74,generated,stylegan2ada,calibration,western-blot-05173,c6b8b946d866b1f0
synth/stylegan2ada/stylegan2ada_img_05175.png,9ed40201df35b7d299093c5453f4c5ea80504834ffb65b5cea28090d7c861484,generated,stylegan2ada,calibration,western-blot-05175,c7153542f8f8d8a6
synth/stylegan2ada/stylegan2ada_img_05214.png,8679cb235c26e6617d65bcf28db4d0805f18df1c59cad94f15462d1d0d0fa266,generated,stylegan2ada,calibration,western-blot-05214,9475caca1a1475ee
synth/stylegan2ada/stylegan2ada_img_05219.png,cc37e4faf417f1d6b48b2a4564520d9ed87c8a4d2011cfbd359d713e02520482,generated,stylegan2ada,calibration,western-blot-05219,ffa28115ff6a800d
synth/stylegan2ada/stylegan2ada_img_05226.png,73c52011f127b3ffca2402b7363efe97f9bc47639f2311e5806d67449d3d2fc6,generated,stylegan2ada,calibration,western-blot-05226,c05bbf806ebf4948
synth/stylegan2ada/stylegan2ada_img_05240.png,a35b3fa62cd91f4af94c84c9ca0606ff0957f6f508fa43434b5c9bdbb65142ec,generated,stylegan2ada,calibration,western-blot-05240,bb7b41c4f4117343
synth/stylegan2ada/stylegan2ada_img_05247.png,c580df3acf666dcdbc533d4220042d849e77eb616e3dc7488d0b8cc367100623,generated,stylegan2ada,calibration,western-blot-05247,b5eccb1414eaeac8
synth/stylegan2ada/stylegan2ada_img_05248.png,2ec561534d0453d569cf54a543353e2c359e8d9543c6de0931d554a4e86c9099,generated,stylegan2ada,calibration,western-blot-05248,c60eb9f1d14e0eac
synth/stylegan2ada/stylegan2ada_img_05249.png,8a21a6538336fa4761768d451c53a22851b5469e20cc475090440f19e23c05f4,generated,stylegan2ada,calibration,western-blot-05249,f0c68f1870e76f18
synth/stylegan2ada/stylegan2ada_img_05260.png,31fcedad240d4557aefd518fe88569ddcfd53ffbdc958bfc47037b35c34491db,generated,stylegan2ada,calibration,western-blot-05260,e1609e9e4060eeef
synth/stylegan2ada/stylegan2ada_img_05261.png,ea60d49bf67d7bf4a5fdfd2828cd215a0fd433917507465e13bebdedd6dec9b7,generated,stylegan2ada,calibration,western-blot-05261,fa6a85853a7a6a38
synth/stylegan2ada/stylegan2ada_img_05267.png,67ddd7f51fab91adbb5c95b8caff0967f838e48eb10a6913c1d73d86b808ce90,generated,stylegan2ada,calibration,western-blot-05267,c37cbc804367e4bc
synth/stylegan2ada/stylegan2ada_img_05270.png,7bce41bbf5eb4ff0b5f555e77408daa20ce56b9ef2965438464f03523931fa20,generated,stylegan2ada,calibration,western-blot-05270,f1708e8e7171688f
synth/stylegan2ada/stylegan2ada_img_05292.png,c0252471b39d90eee58cbd3c5a6eb5b33fff59ebe09be561b81d7fe514d1c1a7,generated,stylegan2ada,calibration,western-blot-05292,963ee9c1163ca9c3
synth/stylegan2ada/stylegan2ada_img_05294.png,80d2ce363c959ccdd106ffbcdfedecf1ef72cd20951ce872ed25c18d7923c0ab,generated,stylegan2ada,calibration,western-blot-05294,b6c9d936c0db1934
synth/stylegan2ada/stylegan2ada_img_05296.png,a5745e0df0562994df646bf9dd8a79e8873d35a7cec40cbd183a040a4f31cd0f,generated,stylegan2ada,calibration,western-blot-05296,cc2eb3d14c26d9c9
synth/stylegan2ada/stylegan2ada_img_05298.png,e93c7abfebb668fb4d082b9f0a932b401234fbd8da060b2a0305472bffa31ab5,generated,stylegan2ada,calibration,western-blot-05298,ba3bf1c3c631d8c0
synth/stylegan2ada/stylegan2ada_img_05299.png,4813e2458e5f680c741f5b90e2b4e0a5fd8061954e1cf02a97ac82e53789cce9,generated,stylegan2ada,calibration,western-blot-05299,f689a97689ab5681
synth/stylegan2ada/stylegan2ada_img_05326.png,023519c57efb07e435f3e1b18d5b129f500ec393cc99131fffee276dd620a3a6,generated,stylegan2ada,calibration,western-blot-05326,a52fd2d22d2d25d2
synth/stylegan2ada/stylegan2ada_img_05327.png,f72d0f26e47e16eeaf93ece7179702ac86132efc098fe5dcf31532f95e90a9c7,generated,stylegan2ada,calibration,western-blot-05327,cc48b3663eb3e344
synth/stylegan2ada/stylegan2ada_img_05331.png,3ebcdd7d61e3055558cc3989a313a327433064651881c7f7789bed1cdd84a6e3,generated,stylegan2ada,calibration,western-blot-05331,be3ec1c1c03c3ec3
synth/stylegan2ada/stylegan2ada_img_05395.png,e49bb2cb3c322c0a14a216c2cc4072917f888e2847507fad4502dfd782791fab,generated,stylegan2ada,calibration,western-blot-05395,ff6f80903f41c0ba
synth/stylegan2ada/stylegan2ada_img_05419.png,71913ae082e84e83d45b28615227a7e10121fa3fca4ec918f52dfa06e34eab7f,generated,stylegan2ada,calibration,western-blot-05419,9a3a6aece5d19113
synth/stylegan2ada/stylegan2ada_img_05431.png,72230834e33a02b6d3d3e6ad7c9870f9c2f2aed236d928732d6c2e22d056d906,generated,stylegan2ada,calibration,western-blot-05431,8c4ff98297ff8005
synth/stylegan2ada/stylegan2ada_img_05458.png,e62707706ccd76f13166a7943b686e76af3dd962e258ddcee835cbeb1843fb94,generated,stylegan2ada,calibration,western-blot-05458,cdb6b2494c4cb3b2
synth/stylegan2ada/stylegan2ada_img_05481.png,36393bfb1be45c8f191da74cef05290dba8b9654fe0bd9bc150b474c715d8717,generated,stylegan2ada,calibration,western-blot-05481,8fe0f81f82f03f03
synth/stylegan2ada/stylegan2ada_img_05485.png,cfe8f986d8f1074b335c51b83cbc999fcb6974bc7e5e440b14e029673f10af7d,generated,stylegan2ada,calibration,western-blot-05485,883ef7c071e30a3e
synth/stylegan2ada/stylegan2ada_img_05491.png,274ba77794ffbb35d994c5ab39fc62d36d16b45e9ec3ea5c822787d303c94662,generated,stylegan2ada,calibration,western-blot-05491,ce6eb1914e6ee091
synth/stylegan2ada/stylegan2ada_img_05498.png,cfd70fd6207d79626c42554c22bc24cb66dcc7648f6355ce520a6aa602001546,generated,stylegan2ada,calibration,western-blot-05498,de36a45bd3e10133
synth/stylegan2ada/stylegan2ada_img_05517.png,2cf4ed77103d751e0a17c6f2cbced0cff8ebcdfbe7e9497ab5bcf18bbdfb216b,generated,stylegan2ada,calibration,western-blot-05517,e39a8e6171ce6698
synth/stylegan2ada/stylegan2ada_img_05528.png,7c802087a247457d9a90e0bf36f63351b0ea8bd83b366c9919ee288f4774928d,generated,stylegan2ada,calibration,western-blot-05528,ceb0b14e4641beb6
synth/stylegan2ada/stylegan2ada_img_05544.png,883f25ada0906f006b023c77ca727d31c5a4fb6907807b1b1226f862f1a86212,generated,stylegan2ada,calibration,western-blot-05544,d9a5a859a5a95a55
synth/stylegan2ada/stylegan2ada_img_05553.png,664ca677b6156890d160db7d193cc4678d7bf2347904d0a9e83fbe4c59e02323,generated,stylegan2ada,calibration,western-blot-05553,ccb2b34c4cb3f10e
synth/stylegan2ada/stylegan2ada_img_05556.png,58b070ded2fdc5b2c329e6b943e9d81638ea00d47bb841aa601487f20270daa9,generated,stylegan2ada,calibration,western-blot-05556,9f3f43c4ed007343
synth/stylegan2ada/stylegan2ada_img_05563.png,5c1d543d2c0486c53faa7daed67aa56fca3f6b81d11d268a44a1ea4875f19515,generated,stylegan2ada,calibration,western-blot-05563,8ad5fd0ad57a2ac0
synth/stylegan2ada/stylegan2ada_img_05569.png,c08e491581cc8f65f35da9e8731e88e8fde8f62646f46f59c18e655980d809d9,generated,stylegan2ada,calibration,western-blot-05569,ccbfbb44b1b191a0
synth/stylegan2ada/stylegan2ada_img_05597.png,559b12d815fca670c02a4cc11ad0c4d46df9e4589757384540c665c55ffa1554,generated,stylegan2ada,calibration,western-blot-05597,806ffeb8fe464700
synth/stylegan2ada/stylegan2ada_img_05615.png,b4710a61be6cf9488041f65cc6419cb05192904fb8b955f5ba0c2dc5d215a1a7,generated,stylegan2ada,calibration,western-blot-05615,daa5a55a5aa5525a
synth/stylegan2ada/stylegan2ada_img_05622.png,a01ba730a3ff3dbd2af5d20fca655ba2fa304246947b02d3eaf60cb923665beb,generated,stylegan2ada,calibration,western-blot-05622,d549ab5555ab2954
synth/stylegan2ada/stylegan2ada_img_05627.png,d09bab203ecd585c0a3dc048f9e6e819f466d93e59b26e473b7b4df052a1b3c8,generated,stylegan2ada,calibration,western-blot-05627,d9a9e64619f1c60d
synth/stylegan2ada/stylegan2ada_img_05632.png,b4359a07fb1c8d1ebbedb67e6da1b3aeb7fc106717b9bcc1e7a5d580132f012c,generated,stylegan2ada,calibration,western-blot-05632,e0fe9f0070ffa700
synth/stylegan2ada/stylegan2ada_img_05646.png,6089cf23c0585f58fe062b9da72e37092480c209b841fab66c1e416ffb691ff6,generated,stylegan2ada,calibration,western-blot-05646,c766b8984766f8e0
synth/stylegan2ada/stylegan2ada_img_05648.png,7de370817910857f664e5fdd4251526b8e87c45c7ce5da8ca7d93ed47de00b83,generated,stylegan2ada,calibration,western-blot-05648,d6daed5220adc932
synth/stylegan2ada/stylegan2ada_img_05649.png,85d8d915f5780d4b57a281211b65300e798fa45122f765e1840d0fe36d122016,generated,stylegan2ada,calibration,western-blot-05649,b23a32acbc383373
synth/stylegan2ada/stylegan2ada_img_05652.png,78332be0a9d75f22f008db88d3c793635c81441401fb89cd16cfa11ba091aaa5,generated,stylegan2ada,calibration,western-blot-05652,ceb1b14e4eb1e344
synth/stylegan2ada/stylegan2ada_img_05664.png,d88d4135d53526b64f982901bd139e1c6511a09425434943bba74b86bd83abdd,generated,stylegan2ada,calibration,western-blot-05664,c244bdb94246bdb9
synth/stylegan2ada/stylegan2ada_img_05685.png,af03ff8b5a9b6be07a0e384c149f56ebfa4638b9ee0f001866e60d642f33ca6f,generated,stylegan2ada,calibration,western-blot-05685,d46ceb5589cbd224
synth/stylegan2ada/stylegan2ada_img_05696.png,d3c1130c84dee68844238642db90b5b42eb053b4cea950a039624dfce0ee8353,generated,stylegan2ada,calibration,western-blot-05696,fe7e818138c79538
synth/stylegan2ada/stylegan2ada_img_05713.png,25357ea9beba6a1227b1f8963df4bd884c0660fc1ebb1ce192900d2f0a5e19b3,generated,stylegan2ada,calibration,western-blot-05713,c7fcb801474766b8
synth/stylegan2ada/stylegan2ada_img_05716.png,cd0e9d194dd3746dad4d80d9543c2f5da095c515e59beda65b005f625d25be72,generated,stylegan2ada,calibration,western-blot-05716,cc9bb34c44bbb944
synth/stylegan2ada/stylegan2ada_img_05723.png,f9d4be96208e55be65285231feafa366606a08fca29f223a7b0d584058448100,generated,stylegan2ada,calibration,western-blot-05723,a525dada2525dad2
synth/stylegan2ada/stylegan2ada_img_05728.png,16875123b30191bf604c8ec85204123d9faed7f674012353c9c72a8181e60d8a,generated,stylegan2ada,calibration,western-blot-05728,ff8e80717d82e078
synth/stylegan2ada/stylegan2ada_img_05735.png,41d4cebe356e633830f19814896f3df460ac7c30fccb827c510ea83448943ef6,generated,stylegan2ada,calibration,western-blot-05735,bfc1803f7f80c0d3
synth/stylegan2ada/stylegan2ada_img_05785.png,9f4434d086f83d567e80f1a90ccd60cef8577a1b7e335d82ea8ba3095c4264d7,generated,stylegan2ada,calibration,western-blot-05785,c66eb93a4e91066e
synth/stylegan2ada/stylegan2ada_img_05793.png,d013065fd7e07fc25c23b01eff5dda8397b285f07c3984bf374af22fcf096a69,generated,stylegan2ada,calibration,western-blot-05793,d0ad2950afab52ad
synth/stylegan2ada/stylegan2ada_img_05801.png,5542feb751e1c81a5bba05511b62940d24c8071947915bbf380d968f15851d78,generated,stylegan2ada,calibration,western-blot-05801,d9b9a64219b1e64e
synth/stylegan2ada/stylegan2ada_img_05844.png,699b86420466e20cf0483e9ba16dbcb9ef029186220c1ab75237119df73a67c6,generated,stylegan2ada,calibration,western-blot-05844,9236b589c5c54b67
synth/stylegan2ada/stylegan2ada_img_05858.png,823dd541a78023fd696eb7b9b9bba70d08c34b18587d7f07b2c1989a21899578,generated,stylegan2ada,calibration,western-blot-05858,ff7f0a8880f0f186
synth/stylegan2ada/stylegan2ada_img_05861.png,cfc30f70b09b4810f6c706d6bcf17f52fa7d3a459e9bba42013c2dc4d2eef90d,generated,stylegan2ada,calibration,western-blot-05861,c6b8b1620e1ef9b1
synth/stylegan2ada/stylegan2ada_img_05879.png,772e49f47d8fe5990f0728266f8b0722a9f1ff9a9ce93b417990023dbc5d92a6,generated,stylegan2ada,calibration,western-blot-05879,fc7883819f87781c
synth/stylegan2ada/stylegan2ada_img_05884.png,91cc43dde4d6d908b2ba9f38eb672d9729617b9c132b914c44df06fe0a137f5a,generated,stylegan2ada,calibration,western-blot-05884,8053ffef84acf140
synth/stylegan2ada/stylegan2ada_img_05886.png,13c9f2d0bfa9bbbeee6858af5be31d5ada7126d2fc99d2634164f183a9e9db20,generated,stylegan2ada,calibration,western-blot-05886,9b1bc4e43b33cc8c
synth/stylegan2ada/stylegan2ada_img_05894.png,42caf514a82559559f19d3c0b33488135342035cb7cbe45ccc54419ba448da55,generated,stylegan2ada,calibration,western-blot-05894,a86cd7960068ff95
synth/stylegan2ada/stylegan2ada_img_05899.png,f13443d630580e62384c3d599d6793fd7d7771e6014b2ae7885324a63ece2258,generated,stylegan2ada,calibration,western-blot-05899,ab2b85d5d5564a2a
synth/stylegan2ada/stylegan2ada_img_05927.png,ddc87c932e101d62383d910e1185d818911d86a1d0d8310c3c11ae53ec4255f4,generated,stylegan2ada,calibration,western-blot-05927,be7ff5ae00c58502
synth/stylegan2ada/stylegan2ada_img_05934.png,1f20382b03e10174be986aaa9629e6dfa5ded5973192ab63b7a3e41b1f59b124,generated,stylegan2ada,calibration,western-blot-05934,d252adad8dd65270
synth/stylegan2ada/stylegan2ada_img_05944.png,e12824805115aa3973808ba272c6194708bf3af82036e6bc2ee171096dffe304,generated,stylegan2ada,calibration,western-blot-05944,ad94d65ac52994f4
synth/stylegan2ada/stylegan2ada_img_05949.png,09cdead225ce047e75c1999608965d0a633591315984a146c28c72dbd02fc319,generated,stylegan2ada,calibration,western-blot-05949,b6edc912e9c912a9
synth/stylegan2ada/stylegan2ada_img_05953.png,70433555484d2aba9f5bdce4a3f8ea8747b50d23f8ddc0628554284afebea83c,generated,stylegan2ada,calibration,western-blot-05953,afc4d03f2fc0d039
synth/stylegan2ada/stylegan2ada_img_05956.png,547979d137afdd4ad2e5293f07c33b3cb2e19a980e5acd7f1790537b5a321d93,generated,stylegan2ada,calibration,western-blot-05956,ad2dd2d2d02d2dd2
synth/stylegan2ada/stylegan2ada_img_05961.png,02928d73824a1f0e213803f0e9a2489f5ed05f2af97b10b3e5bd7e83d3e9f7b7,generated,stylegan2ada,calibration,western-blot-05961,c6b5b146b9b94634
synth/stylegan2ada/stylegan2ada_img_05965.png,29a19cd59a2565e477cca9755871926f44be38660af73713b2f71927e34aa6ce,generated,stylegan2ada,calibration,western-blot-05965,dbb65059a4ad69a4
synth/stylegan2ada/stylegan2ada_img_05967.png,36cf436cf0df8fd3e12121c1dd4a52b02a24111aa9084114b441d8bfe406d390,generated,stylegan2ada,calibration,western-blot-05967,b424cbdb55653a32
synth/stylegan2ada/stylegan2ada_img_05968.png,cdb7236e9b4be789aef9318c07de9f052c25484512477ea3c72025ba67fc5d41,generated,stylegan2ada,calibration,western-blot-05968,b171713928797972
synth/stylegan2ada/stylegan2ada_img_05998.png,4c595c1f85cac99753088fa8ab137d84da10547dc983fbc8910b5cd02befeeec,generated,stylegan2ada,calibration,western-blot-05998,803aff4520ae9f59
